纬度,经度,SO2,NO2,PM10,CO,O31小时,O38小时,PM2.5,污染程度,日期,时间段,气温,风向编码,风力编码,降水强度,天气_多云,天气_晴,天气_阴,天气_雨,天气_雪,天气_雾霾沙尘
34.259781,108.856987,90,116,115,30.0,52.0,17.0,139.0,3,2013/1/1,0,5.0,6.0,1.0,0.0,0.0,1.0,0.0,0.0,0.0,0.0
34.259781,108.856987,90,116,115,30.0,52.0,17.0,139.0,3,2013/1/1,1,-5.0,6.0,1.0,0.0,1.0,0.0,0.0,0.0,0.0,0.0
34.261593,108.98996,62,43,144,33.0,43.0,17.0,103.0,3,2013/1/1,0,5.0,6.0,1.0,0.0,0.0,1.0,0.0,0.0,0.0,0.0
34.261593,108.98996,62,43,144,33.0,43.0,17.0,103.0,3,2013/1/1,1,-5.0,6.0,1.0,0.0,1.0,0.0,0.0,0.0,0.0,0.0
34.279709,109.07048,72,57,72,11.0,65.0,25.0,100.0,1,2013/1/1,0,5.0,6.0,1.0,0.0,0.0,1.0,0.0,0.0,0.0,0.0
34.279709,109.07048,72,57,72,11.0,65.0,25.0,100.0,1,2013/1/1,1,-5.0,6.0,1.0,0.0,1.0,0.0,0.0,0.0,0.0,0.0
34.22282,108.947144,97,64,148,104.0,47.0,12.0,127.0,3,2013/1/1,0,5.0,6.0,1.0,0.0,0.0,1.0,0.0,0.0,0.0,0.0
34.22282,108.947144,97,64,148,104.0,47.0,12.0,127.0,3,2013/1/1,1,-5.0,6.0,1.0,0.0,1.0,0.0,0.0,0.0,0.0,0.0
34.26955,108.95903,72,131,138,104.0,58.0,23.0,147.0,3,2013/1/1,0,5.0,6.0,1.0,0.0,0.0,1.0,0.0,0.0,0.0,0.0
34.26955,108.95903,72,131,138,104.0,58.0,23.0,147.0,3,2013/1/1,1,-5.0,6.0,1.0,0.0,1.0,0.0,0.0,0.0,0.0,0.0
34.233376,108.9049,38,39,141,83.0,65.0,25.0,156.0,4,2013/1/1,0,5.0,6.0,1.0,0.0,0.0,1.0,0.0,0.0,0.0,0.0
34.233376,108.9049,38,39,141,83.0,65.0,25.0,156.0,4,2013/1/1,1,-5.0,6.0,1.0,0.0,1.0,0.0,0.0,0.0,0.0,0.0
34.35886,108.929192,47,113,151,77.0,38.0,12.0,218.0,6,2013/1/1,0,5.0,6.0,1.0,0.0,0.0,1.0,0.0,0.0,0.0,0.0
34.35886,108.929192,47,113,151,77.0,38.0,12.0,218.0,6,2013/1/1,1,-5.0,6.0,1.0,0.0,1.0,0.0,0.0,0.0,0.0,0.0
34.158932,108.90696,68,37,138,37.0,71.0,30.0,138.0,3,2013/1/1,0,5.0,6.0,1.0,0.0,0.0,1.0,0.0,0.0,0.0,0.0
34.158932,108.90696,68,37,138,37.0,71.0,30.0,138.0,3,2013/1/1,1,-5.0,6.0,1.0,0.0,1.0,0.0,0.0,0.0,0.0,0.0
34.662251,109.226196,67,27,85,46.0,45.0,19.0,90.0,1,2013/1/1,0,5.0,6.0,1.0,0.0,0.0,1.0,0.0,0.0,0.0,0.0
34.662251,109.226196,67,27,85,46.0,45.0,19.0,90.0,1,2013/1/1,1,-5.0,6.0,1.0,0.0,1.0,0.0,0.0,0.0,0.0,0.0
34.366699,109.214211,66,87,107,66.0,54.0,18.0,97.0,3,2013/1/1,0,5.0,6.0,1.0,0.0,0.0,1.0,0.0,0.0,0.0,0.0
34.366699,109.214211,66,87,107,66.0,54.0,18.0,97.0,3,2013/1/1,1,-5.0,6.0,1.0,0.0,1.0,0.0,0.0,0.0,0.0,0.0
34.209648,108.977669,8,121,166,56.0,6.0,3.0,149.0,4,2013/1/1,0,5.0,6.0,1.0,0.0,0.0,1.0,0.0,0.0,0.0,0.0
34.209648,108.977669,8,121,166,56.0,6.0,3.0,149.0,4,2013/1/1,1,-5.0,6.0,1.0,0.0,1.0,0.0,0.0,0.0,0.0,0.0
34.354256,109.011482,37,94,64,33.0,60.0,23.0,104.0,3,2013/1/1,0,5.0,6.0,1.0,0.0,0.0,1.0,0.0,0.0,0.0,0.0
34.354256,109.011482,37,94,64,33.0,60.0,23.0,104.0,3,2013/1/1,1,-5.0,6.0,1.0,0.0,1.0,0.0,0.0,0.0,0.0,0.0
34.259781,108.856987,86,92,73,23.0,40.0,18.0,69.0,1,2013/1/2,0,2.0,2.0,1.0,0.0,1.0,0.0,0.0,0.0,0.0,0.0
34.259781,108.856987,86,92,73,23.0,40.0,18.0,69.0,1,2013/1/2,1,-5.0,2.0,1.0,0.0,1.0,0.0,0.0,0.0,0.0,0.0
34.261593,108.98996,61,27,105,21.0,34.0,15.0,87.0,3,2013/1/2,0,2.0,2.0,1.0,0.0,1.0,0.0,0.0,0.0,0.0,0.0
34.261593,108.98996,61,27,105,21.0,34.0,15.0,87.0,3,2013/1/2,1,-5.0,2.0,1.0,0.0,1.0,0.0,0.0,0.0,0.0,0.0
34.279709,109.07048,67,42,65,5.0,49.0,22.0,82.0,1,2013/1/2,0,2.0,2.0,1.0,0.0,1.0,0.0,0.0,0.0,0.0,0.0
34.279709,109.07048,67,42,65,5.0,49.0,22.0,82.0,1,2013/1/2,1,-5.0,2.0,1.0,0.0,1.0,0.0,0.0,0.0,0.0,0.0
34.22282,108.947144,88,35,103,84.0,33.0,11.0,77.0,3,2013/1/2,0,2.0,2.0,1.0,0.0,1.0,0.0,0.0,0.0,0.0,0.0
34.22282,108.947144,88,35,103,84.0,33.0,11.0,77.0,3,2013/1/2,1,-5.0,2.0,1.0,0.0,1.0,0.0,0.0,0.0,0.0,0.0
34.26955,108.95903,61,37,96,70.0,52.0,25.0,63.0,1,2013/1/2,0,2.0,2.0,1.0,0.0,1.0,0.0,0.0,0.0,0.0,0.0
34.26955,108.95903,61,37,96,70.0,52.0,25.0,63.0,1,2013/1/2,1,-5.0,2.0,1.0,0.0,1.0,0.0,0.0,0.0,0.0,0.0
34.233376,108.9049,33,25,98,60.0,51.0,23.0,84.0,1,2013/1/2,0,2.0,2.0,1.0,0.0,1.0,0.0,0.0,0.0,0.0,0.0
34.233376,108.9049,33,25,98,60.0,51.0,23.0,84.0,1,2013/1/2,1,-5.0,2.0,1.0,0.0,1.0,0.0,0.0,0.0,0.0,0.0
34.35886,108.929192,32,54,74,53.0,31.0,13.0,74.0,1,2013/1/2,0,2.0,2.0,1.0,0.0,1.0,0.0,0.0,0.0,0.0,0.0
34.35886,108.929192,32,54,74,53.0,31.0,13.0,74.0,1,2013/1/2,1,-5.0,2.0,1.0,0.0,1.0,0.0,0.0,0.0,0.0,0.0
34.158932,108.90696,77,38,135,33.0,66.0,29.0,118.0,3,2013/1/2,0,2.0,2.0,1.0,0.0,1.0,0.0,0.0,0.0,0.0,0.0
34.158932,108.90696,77,38,135,33.0,66.0,29.0,118.0,3,2013/1/2,1,-5.0,2.0,1.0,0.0,1.0,0.0,0.0,0.0,0.0,0.0
34.662251,109.226196,60,23,61,24.0,42.0,20.0,46.0,1,2013/1/2,0,2.0,2.0,1.0,0.0,1.0,0.0,0.0,0.0,0.0,0.0
34.662251,109.226196,60,23,61,24.0,42.0,20.0,46.0,1,2013/1/2,1,-5.0,2.0,1.0,0.0,1.0,0.0,0.0,0.0,0.0,0.0
34.366699,109.214211,55,50,79,30.0,54.0,18.0,65.0,1,2013/1/2,0,2.0,2.0,1.0,0.0,1.0,0.0,0.0,0.0,0.0,0.0
34.366699,109.214211,55,50,79,30.0,54.0,18.0,65.0,1,2013/1/2,1,-5.0,2.0,1.0,0.0,1.0,0.0,0.0,0.0,0.0,0.0
34.209648,108.977669,11,60,103,42.0,5.0,3.0,98.0,3,2013/1/2,0,2.0,2.0,1.0,0.0,1.0,0.0,0.0,0.0,0.0,0.0
34.209648,108.977669,11,60,103,42.0,5.0,3.0,98.0,3,2013/1/2,1,-5.0,2.0,1.0,0.0,1.0,0.0,0.0,0.0,0.0,0.0
34.354256,109.011482,38,68,46,29.0,41.0,17.0,82.0,1,2013/1/2,0,2.0,2.0,1.0,0.0,1.0,0.0,0.0,0.0,0.0,0.0
34.354256,109.011482,38,68,46,29.0,41.0,17.0,82.0,1,2013/1/2,1,-5.0,2.0,1.0,0.0,1.0,0.0,0.0,0.0,0.0,0.0
34.259781,108.856987,76,84,68,21.0,58.0,24.0,39.0,1,2013/1/3,0,0.0,0.0,1.0,0.0,0.0,0.0,1.0,0.0,0.0,0.0
34.259781,108.856987,76,84,68,21.0,58.0,24.0,39.0,1,2013/1/3,1,-7.0,2.0,1.0,0.0,1.0,0.0,0.0,0.0,0.0,0.0
34.261593,108.98996,46,23,63,13.0,46.0,21.0,42.0,1,2013/1/3,0,0.0,0.0,1.0,0.0,0.0,0.0,1.0,0.0,0.0,0.0
34.261593,108.98996,46,23,63,13.0,46.0,21.0,42.0,1,2013/1/3,1,-7.0,2.0,1.0,0.0,1.0,0.0,0.0,0.0,0.0,0.0
34.279709,109.07048,44,35,61,45.0,66.0,29.0,70.0,1,2013/1/3,0,0.0,0.0,1.0,0.0,0.0,0.0,1.0,0.0,0.0,0.0
34.279709,109.07048,44,35,61,45.0,66.0,29.0,70.0,1,2013/1/3,1,-7.0,2.0,1.0,0.0,1.0,0.0,0.0,0.0,0.0,0.0
34.22282,108.947144,85,33,69,77.0,50.0,19.0,42.0,1,2013/1/3,0,0.0,0.0,1.0,0.0,0.0,0.0,1.0,0.0,0.0,0.0
34.22282,108.947144,85,33,69,77.0,50.0,19.0,42.0,1,2013/1/3,1,-7.0,2.0,1.0,0.0,1.0,0.0,0.0,0.0,0.0,0.0
34.26955,108.95903,50,15,63,62.0,71.0,32.0,69.0,1,2013/1/3,0,0.0,0.0,1.0,0.0,0.0,0.0,1.0,0.0,0.0,0.0
34.26955,108.95903,50,15,63,62.0,71.0,32.0,69.0,1,2013/1/3,1,-7.0,2.0,1.0,0.0,1.0,0.0,0.0,0.0,0.0,0.0
34.233376,108.9049,24,18,57,53.0,71.0,30.0,40.0,1,2013/1/3,0,0.0,0.0,1.0,0.0,0.0,0.0,1.0,0.0,0.0,0.0
34.233376,108.9049,24,18,57,53.0,71.0,30.0,40.0,1,2013/1/3,1,-7.0,2.0,1.0,0.0,1.0,0.0,0.0,0.0,0.0,0.0
34.35886,108.929192,22,44,48,48.0,40.0,18.0,48.0,0,2013/1/3,0,0.0,0.0,1.0,0.0,0.0,0.0,1.0,0.0,0.0,0.0
34.35886,108.929192,22,44,48,48.0,40.0,18.0,48.0,0,2013/1/3,1,-7.0,2.0,1.0,0.0,1.0,0.0,0.0,0.0,0.0,0.0
34.662251,109.226196,61,23,61,24.0,46.0,22.0,57.0,1,2013/1/3,0,0.0,0.0,1.0,0.0,0.0,0.0,1.0,0.0,0.0,0.0
34.662251,109.226196,61,23,61,24.0,46.0,22.0,57.0,1,2013/1/3,1,-7.0,2.0,1.0,0.0,1.0,0.0,0.0,0.0,0.0,0.0
34.366699,109.214211,41,39,55,18.0,116.0,39.0,45.0,1,2013/1/3,0,0.0,0.0,1.0,0.0,0.0,0.0,1.0,0.0,0.0,0.0
34.366699,109.214211,41,39,55,18.0,116.0,39.0,45.0,1,2013/1/3,1,-7.0,2.0,1.0,0.0,1.0,0.0,0.0,0.0,0.0,0.0
34.209648,108.977669,9,52,64,33.0,6.0,3.0,49.0,1,2013/1/3,0,0.0,0.0,1.0,0.0,0.0,0.0,1.0,0.0,0.0,0.0
34.209648,108.977669,9,52,64,33.0,6.0,3.0,49.0,1,2013/1/3,1,-7.0,2.0,1.0,0.0,1.0,0.0,0.0,0.0,0.0,0.0
34.354256,109.011482,14,54,27,21.0,57.0,25.0,43.0,1,2013/1/3,0,0.0,0.0,1.0,0.0,0.0,0.0,1.0,0.0,0.0,0.0
34.354256,109.011482,14,54,27,21.0,57.0,25.0,43.0,1,2013/1/3,1,-7.0,2.0,1.0,0.0,1.0,0.0,0.0,0.0,0.0,0.0
34.259781,108.856987,110,111,131,35.0,25.0,9.0,143.0,3,2013/1/4,0,2.0,2.0,1.0,0.0,1.0,0.0,0.0,0.0,0.0,0.0
34.259781,108.856987,110,111,131,35.0,25.0,9.0,143.0,3,2013/1/4,1,-6.0,6.0,1.0,0.0,1.0,0.0,0.0,0.0,0.0,0.0
34.261593,108.98996,107,44,126,41.0,21.0,10.0,156.0,4,2013/1/4,0,2.0,2.0,1.0,0.0,1.0,0.0,0.0,0.0,0.0,0.0
34.261593,108.98996,107,44,126,41.0,21.0,10.0,156.0,4,2013/1/4,1,-6.0,6.0,1.0,0.0,1.0,0.0,0.0,0.0,0.0,0.0
34.279709,109.07048,93,63,142,25.0,29.0,14.0,148.0,3,2013/1/4,0,2.0,2.0,1.0,0.0,1.0,0.0,0.0,0.0,0.0,0.0
34.279709,109.07048,93,63,142,25.0,29.0,14.0,148.0,3,2013/1/4,1,-6.0,6.0,1.0,0.0,1.0,0.0,0.0,0.0,0.0,0.0
34.22282,108.947144,122,52,124,102.0,12.0,5.0,149.0,3,2013/1/4,0,2.0,2.0,1.0,0.0,1.0,0.0,0.0,0.0,0.0,0.0
34.22282,108.947144,122,52,124,102.0,12.0,5.0,149.0,3,2013/1/4,1,-6.0,6.0,1.0,0.0,1.0,0.0,0.0,0.0,0.0,0.0
34.26955,108.95903,85,59,104,94.0,68.0,30.0,147.0,3,2013/1/4,0,2.0,2.0,1.0,0.0,1.0,0.0,0.0,0.0,0.0,0.0
34.26955,108.95903,85,59,104,94.0,68.0,30.0,147.0,3,2013/1/4,1,-6.0,6.0,1.0,0.0,1.0,0.0,0.0,0.0,0.0,0.0
34.233376,108.9049,75,35,124,87.0,39.0,16.0,183.0,4,2013/1/4,0,2.0,2.0,1.0,0.0,1.0,0.0,0.0,0.0,0.0,0.0
34.233376,108.9049,75,35,124,87.0,39.0,16.0,183.0,4,2013/1/4,1,-6.0,6.0,1.0,0.0,1.0,0.0,0.0,0.0,0.0,0.0
34.35886,108.929192,61,85,95,69.0,17.0,5.0,150.0,3,2013/1/4,0,2.0,2.0,1.0,0.0,1.0,0.0,0.0,0.0,0.0,0.0
34.35886,108.929192,61,85,95,69.0,17.0,5.0,150.0,3,2013/1/4,1,-6.0,6.0,1.0,0.0,1.0,0.0,0.0,0.0,0.0,0.0
34.158932,108.90696,115,37,132,63.0,62.0,25.0,185.0,4,2013/1/4,0,2.0,2.0,1.0,0.0,1.0,0.0,0.0,0.0,0.0,0.0
34.158932,108.90696,115,37,132,63.0,62.0,25.0,185.0,4,2013/1/4,1,-6.0,6.0,1.0,0.0,1.0,0.0,0.0,0.0,0.0,0.0
34.662251,109.226196,83,27,95,48.0,27.0,11.0,130.0,3,2013/1/4,0,2.0,2.0,1.0,0.0,1.0,0.0,0.0,0.0,0.0,0.0
34.662251,109.226196,83,27,95,48.0,27.0,11.0,130.0,3,2013/1/4,1,-6.0,6.0,1.0,0.0,1.0,0.0,0.0,0.0,0.0,0.0
34.366699,109.214211,74,78,96,50.0,21.0,8.0,138.0,3,2013/1/4,0,2.0,2.0,1.0,0.0,1.0,0.0,0.0,0.0,0.0,0.0
34.366699,109.214211,74,78,96,50.0,21.0,8.0,138.0,3,2013/1/4,1,-6.0,6.0,1.0,0.0,1.0,0.0,0.0,0.0,0.0,0.0
34.209648,108.977669,49,102,128,65.0,6.0,3.0,170.0,4,2013/1/4,0,2.0,2.0,1.0,0.0,1.0,0.0,0.0,0.0,0.0,0.0
34.209648,108.977669,49,102,128,65.0,6.0,3.0,170.0,4,2013/1/4,1,-6.0,6.0,1.0,0.0,1.0,0.0,0.0,0.0,0.0,0.0
34.354256,109.011482,65,88,102,43.0,26.0,10.0,144.0,3,2013/1/4,0,2.0,2.0,1.0,0.0,1.0,0.0,0.0,0.0,0.0,0.0
34.354256,109.011482,65,88,102,43.0,26.0,10.0,144.0,3,2013/1/4,1,-6.0,6.0,1.0,0.0,1.0,0.0,0.0,0.0,0.0,0.0
34.259781,108.856987,114,117,182,45.0,9.0,13.0,320.0,7,2013/1/5,0,2.0,6.0,1.0,0.0,1.0,0.0,0.0,0.0,0.0,0.0
34.259781,108.856987,114,117,182,45.0,9.0,13.0,320.0,7,2013/1/5,1,-6.0,6.0,1.0,0.0,1.0,0.0,0.0,0.0,0.0,0.0
34.261593,108.98996,120,70,258,71.0,7.0,10.0,278.0,6,2013/1/5,0,2.0,6.0,1.0,0.0,1.0,0.0,0.0,0.0,0.0,0.0
34.261593,108.98996,120,70,258,71.0,7.0,10.0,278.0,6,2013/1/5,1,-6.0,6.0,1.0,0.0,1.0,0.0,0.0,0.0,0.0,0.0
34.279709,109.07048,91,89,181,65.0,9.0,13.0,251.0,6,2013/1/5,0,2.0,6.0,1.0,0.0,1.0,0.0,0.0,0.0,0.0,0.0
34.279709,109.07048,91,89,181,65.0,9.0,13.0,251.0,6,2013/1/5,1,-6.0,6.0,1.0,0.0,1.0,0.0,0.0,0.0,0.0,0.0
34.22282,108.947144,121,78,184,109.0,3.0,4.0,228.0,6,2013/1/5,0,2.0,6.0,1.0,0.0,1.0,0.0,0.0,0.0,0.0,0.0
34.22282,108.947144,121,78,184,109.0,3.0,4.0,228.0,6,2013/1/5,1,-6.0,6.0,1.0,0.0,1.0,0.0,0.0,0.0,0.0,0.0
34.26955,108.95903,113,161,169,108.0,14.0,20.0,271.0,6,2013/1/5,0,2.0,6.0,1.0,0.0,1.0,0.0,0.0,0.0,0.0,0.0
34.26955,108.95903,113,161,169,108.0,14.0,20.0,271.0,6,2013/1/5,1,-6.0,6.0,1.0,0.0,1.0,0.0,0.0,0.0,0.0,0.0
34.233376,108.9049,61,52,169,103.0,11.0,15.0,258.0,6,2013/1/5,0,2.0,6.0,1.0,0.0,1.0,0.0,0.0,0.0,0.0,0.0
34.233376,108.9049,61,52,169,103.0,11.0,15.0,258.0,6,2013/1/5,1,-6.0,6.0,1.0,0.0,1.0,0.0,0.0,0.0,0.0,0.0
34.35886,108.929192,87,101,182,68.0,9.0,14.0,312.0,7,2013/1/5,0,2.0,6.0,1.0,0.0,1.0,0.0,0.0,0.0,0.0,0.0
34.35886,108.929192,87,101,182,68.0,9.0,14.0,312.0,7,2013/1/5,1,-6.0,6.0,1.0,0.0,1.0,0.0,0.0,0.0,0.0,0.0
34.158932,108.90696,99,37,126,69.0,21.0,29.0,210.0,6,2013/1/5,0,2.0,6.0,1.0,0.0,1.0,0.0,0.0,0.0,0.0,0.0
34.158932,108.90696,99,37,126,69.0,21.0,29.0,210.0,6,2013/1/5,1,-6.0,6.0,1.0,0.0,1.0,0.0,0.0,0.0,0.0,0.0
34.662251,109.226196,93,29,157,69.0,13.0,16.0,257.0,6,2013/1/5,0,2.0,6.0,1.0,0.0,1.0,0.0,0.0,0.0,0.0,0.0
34.662251,109.226196,93,29,157,69.0,13.0,16.0,257.0,6,2013/1/5,1,-6.0,6.0,1.0,0.0,1.0,0.0,0.0,0.0,0.0,0.0
34.366699,109.214211,102,119,135,87.0,4.0,6.0,229.0,6,2013/1/5,0,2.0,6.0,1.0,0.0,1.0,0.0,0.0,0.0,0.0,0.0
34.366699,109.214211,102,119,135,87.0,4.0,6.0,229.0,6,2013/1/5,1,-6.0,6.0,1.0,0.0,1.0,0.0,0.0,0.0,0.0,0.0
34.209648,108.977669,57,127,189,95.0,27.0,12.0,286.0,6,2013/1/5,0,2.0,6.0,1.0,0.0,1.0,0.0,0.0,0.0,0.0,0.0
34.209648,108.977669,57,127,189,95.0,27.0,12.0,286.0,6,2013/1/5,1,-6.0,6.0,1.0,0.0,1.0,0.0,0.0,0.0,0.0,0.0
34.354256,109.011482,103,113,186,67.0,8.0,9.0,239.0,6,2013/1/5,0,2.0,6.0,1.0,0.0,1.0,0.0,0.0,0.0,0.0,0.0
34.354256,109.011482,103,113,186,67.0,8.0,9.0,239.0,6,2013/1/5,1,-6.0,6.0,1.0,0.0,1.0,0.0,0.0,0.0,0.0,0.0
34.382896,108.88327,68,59,167,76.0,9.0,11.0,303.0,7,2013/1/5,0,2.0,6.0,1.0,0.0,1.0,0.0,0.0,0.0,0.0,0.0
34.382896,108.88327,68,59,167,76.0,9.0,11.0,303.0,7,2013/1/5,1,-6.0,6.0,1.0,0.0,1.0,0.0,0.0,0.0,0.0,0.0
34.261593,108.98996,104,82,185,95.0,8.0,11.0,376.0,3,2013/1/6,0,2.0,5.0,1.0,0.0,0.0,0.0,1.0,0.0,0.0,0.0
34.261593,108.98996,104,82,185,95.0,8.0,11.0,376.0,3,2013/1/6,1,-6.0,5.0,1.0,0.0,0.0,0.0,1.0,0.0,0.0,0.0
34.279709,109.07048,73,105,395,92.0,9.0,13.0,372.0,7,2013/1/6,0,2.0,5.0,1.0,0.0,0.0,0.0,1.0,0.0,0.0,0.0
34.279709,109.07048,73,105,395,92.0,9.0,13.0,372.0,7,2013/1/6,1,-6.0,5.0,1.0,0.0,0.0,0.0,1.0,0.0,0.0,0.0
34.22282,108.947144,107,77,293,112.0,3.0,4.0,288.0,6,2013/1/6,0,2.0,5.0,1.0,0.0,0.0,0.0,1.0,0.0,0.0,0.0
34.22282,108.947144,107,77,293,112.0,3.0,4.0,288.0,6,2013/1/6,1,-6.0,5.0,1.0,0.0,0.0,0.0,1.0,0.0,0.0,0.0
34.26955,108.95903,90,199,410,106.0,12.0,13.0,416.0,7,2013/1/6,0,2.0,5.0,1.0,0.0,0.0,0.0,1.0,0.0,0.0,0.0
34.26955,108.95903,90,199,410,106.0,12.0,13.0,416.0,7,2013/1/6,1,-6.0,5.0,1.0,0.0,0.0,0.0,1.0,0.0,0.0,0.0
34.233376,108.9049,55,60,292,107.0,10.0,14.0,371.0,7,2013/1/6,0,2.0,5.0,1.0,0.0,0.0,0.0,1.0,0.0,0.0,0.0
34.233376,108.9049,55,60,292,107.0,10.0,14.0,371.0,7,2013/1/6,1,-6.0,5.0,1.0,0.0,0.0,0.0,1.0,0.0,0.0,0.0
34.35886,108.929192,63,57,380,74.0,10.0,14.0,466.0,7,2013/1/6,0,2.0,5.0,1.0,0.0,0.0,0.0,1.0,0.0,0.0,0.0
34.35886,108.929192,63,57,380,74.0,10.0,14.0,466.0,7,2013/1/6,1,-6.0,5.0,1.0,0.0,0.0,0.0,1.0,0.0,0.0,0.0
34.158932,108.90696,71,39,150,86.0,18.0,25.0,284.0,6,2013/1/6,0,2.0,5.0,1.0,0.0,0.0,0.0,1.0,0.0,0.0,0.0
34.158932,108.90696,71,39,150,86.0,18.0,25.0,284.0,6,2013/1/6,1,-6.0,5.0,1.0,0.0,0.0,0.0,1.0,0.0,0.0,0.0
34.662251,109.226196,99,32,183,75.0,9.0,13.0,287.0,6,2013/1/6,0,2.0,5.0,1.0,0.0,0.0,0.0,1.0,0.0,0.0,0.0
34.662251,109.226196,99,32,183,75.0,9.0,13.0,287.0,6,2013/1/6,1,-6.0,5.0,1.0,0.0,0.0,0.0,1.0,0.0,0.0,0.0
34.366699,109.214211,94,154,188,105.0,4.0,5.0,328.0,7,2013/1/6,0,2.0,5.0,1.0,0.0,0.0,0.0,1.0,0.0,0.0,0.0
34.366699,109.214211,94,154,188,105.0,4.0,5.0,328.0,7,2013/1/6,1,-6.0,5.0,1.0,0.0,0.0,0.0,1.0,0.0,0.0,0.0
34.209648,108.977669,23,144,285,103.0,5.0,7.0,363.0,7,2013/1/6,0,2.0,5.0,1.0,0.0,0.0,0.0,1.0,0.0,0.0,0.0
34.209648,108.977669,23,144,285,103.0,5.0,7.0,363.0,7,2013/1/6,1,-6.0,5.0,1.0,0.0,0.0,0.0,1.0,0.0,0.0,0.0
34.354256,109.011482,81,127,354,97.0,6.0,8.0,370.0,7,2013/1/6,0,2.0,5.0,1.0,0.0,0.0,0.0,1.0,0.0,0.0,0.0
34.354256,109.011482,81,127,354,97.0,6.0,8.0,370.0,7,2013/1/6,1,-6.0,5.0,1.0,0.0,0.0,0.0,1.0,0.0,0.0,0.0
34.382896,108.88327,71,73,240,99.0,6.0,8.0,419.0,7,2013/1/6,0,2.0,5.0,1.0,0.0,0.0,0.0,1.0,0.0,0.0,0.0
34.382896,108.88327,71,73,240,99.0,6.0,8.0,419.0,7,2013/1/6,1,-6.0,5.0,1.0,0.0,0.0,0.0,1.0,0.0,0.0,0.0
34.261593,108.98996,108,121,256,101.0,7.0,10.0,389.0,3,2013/1/7,0,4.0,2.0,1.0,0.0,1.0,0.0,0.0,0.0,0.0,0.0
34.261593,108.98996,108,121,256,101.0,7.0,10.0,389.0,3,2013/1/7,1,-4.0,6.0,1.0,0.0,1.0,0.0,0.0,0.0,0.0,0.0
34.279709,109.07048,75,106,253,79.0,9.0,13.0,316.0,7,2013/1/7,0,4.0,2.0,1.0,0.0,1.0,0.0,0.0,0.0,0.0,0.0
34.279709,109.07048,75,106,253,79.0,9.0,13.0,316.0,7,2013/1/7,1,-4.0,6.0,1.0,0.0,1.0,0.0,0.0,0.0,0.0,0.0
34.22282,108.947144,110,102,344,112.0,7.0,7.0,309.0,7,2013/1/7,0,4.0,2.0,1.0,0.0,1.0,0.0,0.0,0.0,0.0,0.0
34.22282,108.947144,110,102,344,112.0,7.0,7.0,309.0,7,2013/1/7,1,-4.0,6.0,1.0,0.0,1.0,0.0,0.0,0.0,0.0,0.0
34.26955,108.95903,86,169,393,90.0,20.0,22.0,393.0,7,2013/1/7,0,4.0,2.0,1.0,0.0,1.0,0.0,0.0,0.0,0.0,0.0
34.26955,108.95903,86,169,393,90.0,20.0,22.0,393.0,7,2013/1/7,1,-4.0,6.0,1.0,0.0,1.0,0.0,0.0,0.0,0.0,0.0
34.233376,108.9049,56,72,295,111.0,11.0,15.0,353.0,7,2013/1/7,0,4.0,2.0,1.0,0.0,1.0,0.0,0.0,0.0,0.0,0.0
34.233376,108.9049,56,72,295,111.0,11.0,15.0,353.0,7,2013/1/7,1,-4.0,6.0,1.0,0.0,1.0,0.0,0.0,0.0,0.0,0.0
34.35886,108.929192,83,69,333,70.0,10.0,14.0,440.0,7,2013/1/7,0,4.0,2.0,1.0,0.0,1.0,0.0,0.0,0.0,0.0,0.0
34.35886,108.929192,83,69,333,70.0,10.0,14.0,440.0,7,2013/1/7,1,-4.0,6.0,1.0,0.0,1.0,0.0,0.0,0.0,0.0,0.0
34.158932,108.90696,83,40,150,89.0,19.0,26.0,300.0,6,2013/1/7,0,4.0,2.0,1.0,0.0,1.0,0.0,0.0,0.0,0.0,0.0
34.158932,108.90696,83,40,150,89.0,19.0,26.0,300.0,6,2013/1/7,1,-4.0,6.0,1.0,0.0,1.0,0.0,0.0,0.0,0.0,0.0
34.662251,109.226196,103,38,324,99.0,16.0,18.0,406.0,7,2013/1/7,0,4.0,2.0,1.0,0.0,1.0,0.0,0.0,0.0,0.0,0.0
34.662251,109.226196,103,38,324,99.0,16.0,18.0,406.0,7,2013/1/7,1,-4.0,6.0,1.0,0.0,1.0,0.0,0.0,0.0,0.0,0.0
34.366699,109.214211,103,147,196,107.0,4.0,5.0,342.0,7,2013/1/7,0,4.0,2.0,1.0,0.0,1.0,0.0,0.0,0.0,0.0,0.0
34.366699,109.214211,103,147,196,107.0,4.0,5.0,342.0,7,2013/1/7,1,-4.0,6.0,1.0,0.0,1.0,0.0,0.0,0.0,0.0,0.0
34.209648,108.977669,21,157,398,109.0,4.0,6.0,409.0,7,2013/1/7,0,4.0,2.0,1.0,0.0,1.0,0.0,0.0,0.0,0.0,0.0
34.209648,108.977669,21,157,398,109.0,4.0,6.0,409.0,7,2013/1/7,1,-4.0,6.0,1.0,0.0,1.0,0.0,0.0,0.0,0.0,0.0
34.354256,109.011482,82,131,340,96.0,6.0,8.0,342.0,7,2013/1/7,0,4.0,2.0,1.0,0.0,1.0,0.0,0.0,0.0,0.0,0.0
34.354256,109.011482,82,131,340,96.0,6.0,8.0,342.0,7,2013/1/7,1,-4.0,6.0,1.0,0.0,1.0,0.0,0.0,0.0,0.0,0.0
34.382896,108.88327,68,84,307,104.0,7.0,10.0,373.0,7,2013/1/7,0,4.0,2.0,1.0,0.0,1.0,0.0,0.0,0.0,0.0,0.0
34.382896,108.88327,68,84,307,104.0,7.0,10.0,373.0,7,2013/1/7,1,-4.0,6.0,1.0,0.0,1.0,0.0,0.0,0.0,0.0,0.0
34.259781,108.856987,116,138,273,105.0,10.0,13.0,383.0,7,2013/1/8,0,4.0,6.0,1.0,0.0,1.0,0.0,0.0,0.0,0.0,0.0
34.259781,108.856987,116,138,273,105.0,10.0,13.0,383.0,7,2013/1/8,1,-5.0,0.0,1.0,0.0,0.0,1.0,0.0,0.0,0.0,0.0
34.261593,108.98996,106,125,407,87.0,6.0,9.0,373.0,7,2013/1/8,0,4.0,6.0,1.0,0.0,1.0,0.0,0.0,0.0,0.0,0.0
34.261593,108.98996,106,125,407,87.0,6.0,9.0,373.0,7,2013/1/8,1,-5.0,0.0,1.0,0.0,0.0,1.0,0.0,0.0,0.0,0.0
34.279709,109.07048,66,105,286,79.0,9.0,13.0,326.0,7,2013/1/8,0,4.0,6.0,1.0,0.0,1.0,0.0,0.0,0.0,0.0,0.0
34.279709,109.07048,66,105,286,79.0,9.0,13.0,326.0,7,2013/1/8,1,-5.0,0.0,1.0,0.0,0.0,1.0,0.0,0.0,0.0,0.0
34.22282,108.947144,111,101,434,100.0,4.0,5.0,358.0,7,2013/1/8,0,4.0,6.0,1.0,0.0,1.0,0.0,0.0,0.0,0.0,0.0
34.22282,108.947144,111,101,434,100.0,4.0,5.0,358.0,7,2013/1/8,1,-5.0,0.0,1.0,0.0,0.0,1.0,0.0,0.0,0.0,0.0
34.26955,108.95903,81,124,354,84.0,19.0,23.0,365.0,7,2013/1/8,0,4.0,6.0,1.0,0.0,1.0,0.0,0.0,0.0,0.0,0.0
34.26955,108.95903,81,124,354,84.0,19.0,23.0,365.0,7,2013/1/8,1,-5.0,0.0,1.0,0.0,0.0,1.0,0.0,0.0,0.0,0.0
34.233376,108.9049,61,78,378,114.0,10.0,14.0,407.0,7,2013/1/8,0,4.0,6.0,1.0,0.0,1.0,0.0,0.0,0.0,0.0,0.0
34.233376,108.9049,61,78,378,114.0,10.0,14.0,407.0,7,2013/1/8,1,-5.0,0.0,1.0,0.0,0.0,1.0,0.0,0.0,0.0,0.0
34.35886,108.929192,62,60,344,79.0,10.0,15.0,444.0,7,2013/1/8,0,4.0,6.0,1.0,0.0,1.0,0.0,0.0,0.0,0.0,0.0
34.35886,108.929192,62,60,344,79.0,10.0,15.0,444.0,7,2013/1/8,1,-5.0,0.0,1.0,0.0,0.0,1.0,0.0,0.0,0.0,0.0
34.158932,108.90696,105,60,161,102.0,26.0,36.0,322.0,7,2013/1/8,0,4.0,6.0,1.0,0.0,1.0,0.0,0.0,0.0,0.0,0.0
34.158932,108.90696,105,60,161,102.0,26.0,36.0,322.0,7,2013/1/8,1,-5.0,0.0,1.0,0.0,0.0,1.0,0.0,0.0,0.0,0.0
34.662251,109.226196,87,35,191,86.0,24.0,29.0,311.0,7,2013/1/8,0,4.0,6.0,1.0,0.0,1.0,0.0,0.0,0.0,0.0,0.0
34.662251,109.226196,87,35,191,86.0,24.0,29.0,311.0,7,2013/1/8,1,-5.0,0.0,1.0,0.0,0.0,1.0,0.0,0.0,0.0,0.0
34.366699,109.214211,85,152,171,101.0,44.0,52.0,288.0,6,2013/1/8,0,4.0,6.0,1.0,0.0,1.0,0.0,0.0,0.0,0.0,0.0
34.366699,109.214211,85,152,171,101.0,44.0,52.0,288.0,6,2013/1/8,1,-5.0,0.0,1.0,0.0,0.0,1.0,0.0,0.0,0.0,0.0
34.209648,108.977669,19,83,432,109.0,4.0,6.0,438.0,7,2013/1/8,0,4.0,6.0,1.0,0.0,1.0,0.0,0.0,0.0,0.0,0.0
34.209648,108.977669,19,83,432,109.0,4.0,6.0,438.0,7,2013/1/8,1,-5.0,0.0,1.0,0.0,0.0,1.0,0.0,0.0,0.0,0.0
34.354256,109.011482,71,122,270,85.0,4.0,5.0,310.0,7,2013/1/8,0,4.0,6.0,1.0,0.0,1.0,0.0,0.0,0.0,0.0,0.0
34.354256,109.011482,71,122,270,85.0,4.0,5.0,310.0,7,2013/1/8,1,-5.0,0.0,1.0,0.0,0.0,1.0,0.0,0.0,0.0,0.0
34.382896,108.88327,57,70,299,107.0,8.0,11.0,446.0,7,2013/1/8,0,4.0,6.0,1.0,0.0,1.0,0.0,0.0,0.0,0.0,0.0
34.382896,108.88327,57,70,299,107.0,8.0,11.0,446.0,7,2013/1/8,1,-5.0,0.0,1.0,0.0,0.0,1.0,0.0,0.0,0.0,0.0
34.259781,108.856987,110,115,149,89.0,16.0,22.0,216.0,6,2013/1/9,0,4.0,1.0,1.0,0.0,0.0,1.0,0.0,0.0,0.0,0.0
34.259781,108.856987,110,115,149,89.0,16.0,22.0,216.0,6,2013/1/9,1,-5.0,1.0,1.0,0.0,0.0,1.0,0.0,0.0,0.0,0.0
34.261593,108.98996,105,104,176,65.0,4.0,5.0,236.0,6,2013/1/9,0,4.0,1.0,1.0,0.0,0.0,1.0,0.0,0.0,0.0,0.0
34.261593,108.98996,105,104,176,65.0,4.0,5.0,236.0,6,2013/1/9,1,-5.0,1.0,1.0,0.0,0.0,1.0,0.0,0.0,0.0,0.0
34.279709,109.07048,61,89,178,69.0,10.0,14.0,250.0,6,2013/1/9,0,4.0,1.0,1.0,0.0,0.0,1.0,0.0,0.0,0.0,0.0
34.279709,109.07048,61,89,178,69.0,10.0,14.0,250.0,6,2013/1/9,1,-5.0,1.0,1.0,0.0,0.0,1.0,0.0,0.0,0.0,0.0
34.22282,108.947144,102,85,300,81.0,28.0,33.0,282.0,6,2013/1/9,0,4.0,1.0,1.0,0.0,0.0,1.0,0.0,0.0,0.0,0.0
34.22282,108.947144,102,85,300,81.0,28.0,33.0,282.0,6,2013/1/9,1,-5.0,1.0,1.0,0.0,0.0,1.0,0.0,0.0,0.0,0.0
34.26955,108.95903,74,90,164,34.0,32.0,43.0,202.0,6,2013/1/9,0,4.0,1.0,1.0,0.0,0.0,1.0,0.0,0.0,0.0,0.0
34.26955,108.95903,74,90,164,34.0,32.0,43.0,202.0,6,2013/1/9,1,-5.0,1.0,1.0,0.0,0.0,1.0,0.0,0.0,0.0,0.0
34.233376,108.9049,62,74,286,114.0,9.0,14.0,326.0,7,2013/1/9,0,4.0,1.0,1.0,0.0,0.0,1.0,0.0,0.0,0.0,0.0
34.233376,108.9049,62,74,286,114.0,9.0,14.0,326.0,7,2013/1/9,1,-5.0,1.0,1.0,0.0,0.0,1.0,0.0,0.0,0.0,0.0
34.35886,108.929192,48,54,137,37.0,13.0,17.0,211.0,6,2013/1/9,0,4.0,1.0,1.0,0.0,0.0,1.0,0.0,0.0,0.0,0.0
34.35886,108.929192,48,54,137,37.0,13.0,17.0,211.0,6,2013/1/9,1,-5.0,1.0,1.0,0.0,0.0,1.0,0.0,0.0,0.0,0.0
34.158932,108.90696,101,65,151,103.0,23.0,34.0,239.0,6,2013/1/9,0,4.0,1.0,1.0,0.0,0.0,1.0,0.0,0.0,0.0,0.0
34.158932,108.90696,101,65,151,103.0,23.0,34.0,239.0,6,2013/1/9,1,-5.0,1.0,1.0,0.0,0.0,1.0,0.0,0.0,0.0,0.0
34.662251,109.226196,75,30,112,69.0,26.0,36.0,162.0,4,2013/1/9,0,4.0,1.0,1.0,0.0,0.0,1.0,0.0,0.0,0.0,0.0
34.662251,109.226196,75,30,112,69.0,26.0,36.0,162.0,4,2013/1/9,1,-5.0,1.0,1.0,0.0,0.0,1.0,0.0,0.0,0.0,0.0
34.366699,109.214211,62,117,111,64.0,6.0,7.0,159.0,4,2013/1/9,0,4.0,1.0,1.0,0.0,0.0,1.0,0.0,0.0,0.0,0.0
34.366699,109.214211,62,117,111,64.0,6.0,7.0,159.0,4,2013/1/9,1,-5.0,1.0,1.0,0.0,0.0,1.0,0.0,0.0,0.0,0.0
34.354256,109.011482,62,103,167,74.0,10.0,12.0,219.0,6,2013/1/9,0,4.0,1.0,1.0,0.0,0.0,1.0,0.0,0.0,0.0,0.0
34.354256,109.011482,62,103,167,74.0,10.0,12.0,219.0,6,2013/1/9,1,-5.0,1.0,1.0,0.0,0.0,1.0,0.0,0.0,0.0,0.0
34.382896,108.88327,33,30,113,93.0,5.0,6.0,216.0,6,2013/1/9,0,4.0,1.0,1.0,0.0,0.0,1.0,0.0,0.0,0.0,0.0
34.382896,108.88327,33,30,113,93.0,5.0,6.0,216.0,6,2013/1/9,1,-5.0,1.0,1.0,0.0,0.0,1.0,0.0,0.0,0.0,0.0
34.259781,108.856987,124,133,198,102.0,14.0,18.0,333.0,7,2013/1/10,0,5.0,2.0,1.0,0.0,1.0,0.0,0.0,0.0,0.0,0.0
34.259781,108.856987,124,133,198,102.0,14.0,18.0,333.0,7,2013/1/10,1,-5.0,6.0,1.0,0.0,1.0,0.0,0.0,0.0,0.0,0.0
34.261593,108.98996,116,129,416,84.0,6.0,9.0,389.0,7,2013/1/10,0,5.0,2.0,1.0,0.0,1.0,0.0,0.0,0.0,0.0,0.0
34.261593,108.98996,116,129,416,84.0,6.0,9.0,389.0,7,2013/1/10,1,-5.0,6.0,1.0,0.0,1.0,0.0,0.0,0.0,0.0,0.0
34.279709,109.07048,81,105,279,76.0,9.0,13.0,332.0,7,2013/1/10,0,5.0,2.0,1.0,0.0,1.0,0.0,0.0,0.0,0.0,0.0
34.279709,109.07048,81,105,279,76.0,9.0,13.0,332.0,7,2013/1/10,1,-5.0,6.0,1.0,0.0,1.0,0.0,0.0,0.0,0.0,0.0
34.22282,108.947144,101,88,290,81.0,4.0,5.0,288.0,6,2013/1/10,0,5.0,2.0,1.0,0.0,1.0,0.0,0.0,0.0,0.0,0.0
34.22282,108.947144,101,88,290,81.0,4.0,5.0,288.0,6,2013/1/10,1,-5.0,6.0,1.0,0.0,1.0,0.0,0.0,0.0,0.0,0.0
34.26955,108.95903,101,128,302,69.0,19.0,23.0,325.0,7,2013/1/10,0,5.0,2.0,1.0,0.0,1.0,0.0,0.0,0.0,0.0,0.0
34.26955,108.95903,101,128,302,69.0,19.0,23.0,325.0,7,2013/1/10,1,-5.0,6.0,1.0,0.0,1.0,0.0,0.0,0.0,0.0,0.0
34.35886,108.929192,82,64,449,67.0,10.0,14.0,389.0,7,2013/1/10,0,5.0,2.0,1.0,0.0,1.0,0.0,0.0,0.0,0.0,0.0
34.35886,108.929192,82,64,449,67.0,10.0,14.0,389.0,7,2013/1/10,1,-5.0,6.0,1.0,0.0,1.0,0.0,0.0,0.0,0.0,0.0
34.158932,108.90696,96,52,191,101.0,27.0,35.0,309.0,7,2013/1/10,0,5.0,2.0,1.0,0.0,1.0,0.0,0.0,0.0,0.0,0.0
34.158932,108.90696,96,52,191,101.0,27.0,35.0,309.0,7,2013/1/10,1,-5.0,6.0,1.0,0.0,1.0,0.0,0.0,0.0,0.0,0.0
34.662251,109.226196,96,32,158,79.0,12.0,16.0,244.0,6,2013/1/10,0,5.0,2.0,1.0,0.0,1.0,0.0,0.0,0.0,0.0,0.0
34.662251,109.226196,96,32,158,79.0,12.0,16.0,244.0,6,2013/1/10,1,-5.0,6.0,1.0,0.0,1.0,0.0,0.0,0.0,0.0,0.0
34.366699,109.214211,102,138,171,101.0,3.0,4.0,303.0,7,2013/1/10,0,5.0,2.0,1.0,0.0,1.0,0.0,0.0,0.0,0.0,0.0
34.366699,109.214211,102,138,171,101.0,3.0,4.0,303.0,7,2013/1/10,1,-5.0,6.0,1.0,0.0,1.0,0.0,0.0,0.0,0.0,0.0
34.209648,108.977669,34,165,379,112.0,5.0,7.0,392.0,7,2013/1/10,0,5.0,2.0,1.0,0.0,1.0,0.0,0.0,0.0,0.0,0.0
34.209648,108.977669,34,165,379,112.0,5.0,7.0,392.0,7,2013/1/10,1,-5.0,6.0,1.0,0.0,1.0,0.0,0.0,0.0,0.0,0.0
34.354256,109.011482,101,125,263,90.0,7.0,8.0,315.0,7,2013/1/10,0,5.0,2.0,1.0,0.0,1.0,0.0,0.0,0.0,0.0,0.0
34.354256,109.011482,101,125,263,90.0,7.0,8.0,315.0,7,2013/1/10,1,-5.0,6.0,1.0,0.0,1.0,0.0,0.0,0.0,0.0,0.0
34.382896,108.88327,38,40,159,105.0,5.0,8.0,317.0,7,2013/1/10,0,5.0,2.0,1.0,0.0,1.0,0.0,0.0,0.0,0.0,0.0
34.382896,108.88327,38,40,159,105.0,5.0,8.0,317.0,7,2013/1/10,1,-5.0,6.0,1.0,0.0,1.0,0.0,0.0,0.0,0.0,0.0
34.259781,108.856987,112,122,171,104.0,33.0,37.0,269.0,6,2013/1/11,0,7.0,0.0,1.0,0.0,0.0,1.0,0.0,0.0,0.0,0.0
34.259781,108.856987,112,122,171,104.0,33.0,37.0,269.0,6,2013/1/11,1,-4.0,4.0,1.0,0.0,0.0,1.0,0.0,0.0,0.0,0.0
34.261593,108.98996,102,114,200,80.0,13.0,14.0,250.0,6,2013/1/11,0,7.0,0.0,1.0,0.0,0.0,1.0,0.0,0.0,0.0,0.0
34.261593,108.98996,102,114,200,80.0,13.0,14.0,250.0,6,2013/1/11,1,-4.0,4.0,1.0,0.0,0.0,1.0,0.0,0.0,0.0,0.0
34.279709,109.07048,64,89,168,64.0,19.0,21.0,228.0,6,2013/1/11,0,7.0,0.0,1.0,0.0,0.0,1.0,0.0,0.0,0.0,0.0
34.279709,109.07048,64,89,168,64.0,19.0,21.0,228.0,6,2013/1/11,1,-4.0,4.0,1.0,0.0,0.0,1.0,0.0,0.0,0.0,0.0
34.22282,108.947144,90,69,180,66.0,28.0,25.0,212.0,6,2013/1/11,0,7.0,0.0,1.0,0.0,0.0,1.0,0.0,0.0,0.0,0.0
34.22282,108.947144,90,69,180,66.0,28.0,25.0,212.0,6,2013/1/11,1,-4.0,4.0,1.0,0.0,0.0,1.0,0.0,0.0,0.0,0.0
34.26955,108.95903,83,131,190,87.0,45.0,53.0,236.0,6,2013/1/11,0,7.0,0.0,1.0,0.0,0.0,1.0,0.0,0.0,0.0,0.0
34.26955,108.95903,83,131,190,87.0,45.0,53.0,236.0,6,2013/1/11,1,-4.0,4.0,1.0,0.0,0.0,1.0,0.0,0.0,0.0,0.0
34.233376,108.9049,42,58,175,86.0,30.0,33.0,248.0,6,2013/1/11,0,7.0,0.0,1.0,0.0,0.0,1.0,0.0,0.0,0.0,0.0
34.233376,108.9049,42,58,175,86.0,30.0,33.0,248.0,6,2013/1/11,1,-4.0,4.0,1.0,0.0,0.0,1.0,0.0,0.0,0.0,0.0
34.35886,108.929192,65,57,252,51.0,21.0,22.0,272.0,6,2013/1/11,0,7.0,0.0,1.0,0.0,0.0,1.0,0.0,0.0,0.0,0.0
34.35886,108.929192,65,57,252,51.0,21.0,22.0,272.0,6,2013/1/11,1,-4.0,4.0,1.0,0.0,0.0,1.0,0.0,0.0,0.0,0.0
34.158932,108.90696,70,39,140,79.0,38.0,48.0,195.0,4,2013/1/11,0,7.0,0.0,1.0,0.0,0.0,1.0,0.0,0.0,0.0,0.0
34.158932,108.90696,70,39,140,79.0,38.0,48.0,195.0,4,2013/1/11,1,-4.0,4.0,1.0,0.0,0.0,1.0,0.0,0.0,0.0,0.0
34.662251,109.226196,84,32,170,79.0,30.0,37.0,266.0,6,2013/1/11,0,7.0,0.0,1.0,0.0,0.0,1.0,0.0,0.0,0.0,0.0
34.662251,109.226196,84,32,170,79.0,30.0,37.0,266.0,6,2013/1/11,1,-4.0,4.0,1.0,0.0,0.0,1.0,0.0,0.0,0.0,0.0
34.366699,109.214211,85,125,137,68.0,11.0,12.0,212.0,6,2013/1/11,0,7.0,0.0,1.0,0.0,0.0,1.0,0.0,0.0,0.0,0.0
34.366699,109.214211,85,125,137,68.0,11.0,12.0,212.0,6,2013/1/11,1,-4.0,4.0,1.0,0.0,0.0,1.0,0.0,0.0,0.0,0.0
34.209648,108.977669,13,133,215,109.0,4.0,6.0,279.0,6,2013/1/11,0,7.0,0.0,1.0,0.0,0.0,1.0,0.0,0.0,0.0,0.0
34.209648,108.977669,13,133,215,109.0,4.0,6.0,279.0,6,2013/1/11,1,-4.0,4.0,1.0,0.0,0.0,1.0,0.0,0.0,0.0,0.0
34.354256,109.011482,86,115,184,80.0,26.0,23.0,232.0,6,2013/1/11,0,7.0,0.0,1.0,0.0,0.0,1.0,0.0,0.0,0.0,0.0
34.354256,109.011482,86,115,184,80.0,26.0,23.0,232.0,6,2013/1/11,1,-4.0,4.0,1.0,0.0,0.0,1.0,0.0,0.0,0.0,0.0
34.382896,108.88327,52,45,145,102.0,11.0,11.0,272.0,6,2013/1/11,0,7.0,0.0,1.0,0.0,0.0,1.0,0.0,0.0,0.0,0.0
34.382896,108.88327,52,45,145,102.0,11.0,11.0,272.0,6,2013/1/11,1,-4.0,4.0,1.0,0.0,0.0,1.0,0.0,0.0,0.0,0.0
34.259781,108.856987,115,144,298,108.0,12.0,15.0,399.0,7,2013/1/13,0,7.0,1.0,1.0,0.0,0.0,1.0,0.0,0.0,0.0,0.0
34.259781,108.856987,115,144,298,108.0,12.0,15.0,399.0,7,2013/1/13,1,-4.0,2.0,1.0,0.0,0.0,1.0,0.0,0.0,0.0,0.0
34.261593,108.98996,107,120,275,69.0,5.0,5.0,337.0,6,2013/1/13,0,7.0,1.0,1.0,0.0,0.0,1.0,0.0,0.0,0.0,0.0
34.261593,108.98996,107,120,275,69.0,5.0,5.0,337.0,6,2013/1/13,1,-4.0,2.0,1.0,0.0,0.0,1.0,0.0,0.0,0.0,0.0
34.279709,109.07048,65,103,195,78.0,10.0,14.0,294.0,6,2013/1/13,0,7.0,1.0,1.0,0.0,0.0,1.0,0.0,0.0,0.0,0.0
34.279709,109.07048,65,103,195,78.0,10.0,14.0,294.0,6,2013/1/13,1,-4.0,2.0,1.0,0.0,0.0,1.0,0.0,0.0,0.0,0.0
34.26955,108.95903,84,116,270,102.0,30.0,37.0,319.0,7,2013/1/13,0,7.0,1.0,1.0,0.0,0.0,1.0,0.0,0.0,0.0,0.0
34.26955,108.95903,84,116,270,102.0,30.0,37.0,319.0,7,2013/1/13,1,-4.0,2.0,1.0,0.0,0.0,1.0,0.0,0.0,0.0,0.0
34.233376,108.9049,62,87,463,110.0,10.0,13.0,430.0,7,2013/1/13,0,7.0,1.0,1.0,0.0,0.0,1.0,0.0,0.0,0.0,0.0
34.233376,108.9049,62,87,463,110.0,10.0,13.0,430.0,7,2013/1/13,1,-4.0,2.0,1.0,0.0,0.0,1.0,0.0,0.0,0.0,0.0
34.35886,108.929192,87,59,479,77.0,9.0,12.0,403.0,7,2013/1/13,0,7.0,1.0,1.0,0.0,0.0,1.0,0.0,0.0,0.0,0.0
34.35886,108.929192,87,59,479,77.0,9.0,12.0,403.0,7,2013/1/13,1,-4.0,2.0,1.0,0.0,0.0,1.0,0.0,0.0,0.0,0.0
34.662251,109.226196,107,34,186,99.0,31.0,39.0,289.0,6,2013/1/13,0,7.0,1.0,1.0,0.0,0.0,1.0,0.0,0.0,0.0,0.0
34.662251,109.226196,107,34,186,99.0,31.0,39.0,289.0,6,2013/1/13,1,-4.0,2.0,1.0,0.0,0.0,1.0,0.0,0.0,0.0,0.0
34.366699,109.214211,94,171,177,104.0,3.0,4.0,305.0,7,2013/1/13,0,7.0,1.0,1.0,0.0,0.0,1.0,0.0,0.0,0.0,0.0
34.366699,109.214211,94,171,177,104.0,3.0,4.0,305.0,7,2013/1/13,1,-4.0,2.0,1.0,0.0,0.0,1.0,0.0,0.0,0.0,0.0
34.209648,108.977669,21,85,408,118.0,4.0,6.0,410.0,7,2013/1/13,0,7.0,1.0,1.0,0.0,0.0,1.0,0.0,0.0,0.0,0.0
34.209648,108.977669,21,85,408,118.0,4.0,6.0,410.0,7,2013/1/13,1,-4.0,2.0,1.0,0.0,0.0,1.0,0.0,0.0,0.0,0.0
34.354256,109.011482,70,119,220,96.0,12.0,11.0,316.0,7,2013/1/13,0,7.0,1.0,1.0,0.0,0.0,1.0,0.0,0.0,0.0,0.0
34.354256,109.011482,70,119,220,96.0,12.0,11.0,316.0,7,2013/1/13,1,-4.0,2.0,1.0,0.0,0.0,1.0,0.0,0.0,0.0,0.0
34.382896,108.88327,38,40,199,110.0,5.0,7.0,390.0,7,2013/1/13,0,7.0,1.0,1.0,0.0,0.0,1.0,0.0,0.0,0.0,0.0
34.382896,108.88327,38,40,199,110.0,5.0,7.0,390.0,7,2013/1/13,1,-4.0,2.0,1.0,0.0,0.0,1.0,0.0,0.0,0.0,0.0
34.259781,108.856987,126,155,500,114.0,11.0,5.0,500.0,7,2013/1/14,0,7.0,4.0,1.0,0.0,1.0,0.0,0.0,0.0,0.0,0.0
34.259781,108.856987,126,155,500,114.0,11.0,5.0,500.0,7,2013/1/14,1,-4.0,4.0,1.0,0.0,0.0,0.0,1.0,0.0,0.0,0.0
34.261593,108.98996,116,139,449,90.0,4.0,5.0,469.0,7,2013/1/14,0,7.0,4.0,1.0,0.0,1.0,0.0,0.0,0.0,0.0,0.0
34.261593,108.98996,116,139,449,90.0,4.0,5.0,469.0,7,2013/1/14,1,-4.0,4.0,1.0,0.0,0.0,0.0,1.0,0.0,0.0,0.0
34.279709,109.07048,74,113,339,90.0,9.0,13.0,382.0,7,2013/1/14,0,7.0,4.0,1.0,0.0,1.0,0.0,0.0,0.0,0.0,0.0
34.279709,109.07048,74,113,339,90.0,9.0,13.0,382.0,7,2013/1/14,1,-4.0,4.0,1.0,0.0,0.0,0.0,1.0,0.0,0.0,0.0
34.22282,108.947144,114,97,484,99.0,11.0,15.0,386.0,7,2013/1/14,0,7.0,4.0,1.0,0.0,1.0,0.0,0.0,0.0,0.0,0.0
34.22282,108.947144,114,97,484,99.0,11.0,15.0,386.0,7,2013/1/14,1,-4.0,4.0,1.0,0.0,0.0,0.0,1.0,0.0,0.0,0.0
34.26955,108.95903,90,127,481,106.0,30.0,31.0,438.0,7,2013/1/14,0,7.0,4.0,1.0,0.0,1.0,0.0,0.0,0.0,0.0,0.0
34.26955,108.95903,90,127,481,106.0,30.0,31.0,438.0,7,2013/1/14,1,-4.0,4.0,1.0,0.0,0.0,0.0,1.0,0.0,0.0,0.0
34.233376,108.9049,52,83,467,103.0,15.0,13.0,462.0,7,2013/1/14,0,7.0,4.0,1.0,0.0,1.0,0.0,0.0,0.0,0.0,0.0
34.233376,108.9049,52,83,467,103.0,15.0,13.0,462.0,7,2013/1/14,1,-4.0,4.0,1.0,0.0,0.0,0.0,1.0,0.0,0.0,0.0
34.35886,108.929192,77,77,479,92.0,8.0,11.0,462.0,7,2013/1/14,0,7.0,4.0,1.0,0.0,1.0,0.0,0.0,0.0,0.0,0.0
34.35886,108.929192,77,77,479,92.0,8.0,11.0,462.0,7,2013/1/14,1,-4.0,4.0,1.0,0.0,0.0,0.0,1.0,0.0,0.0,0.0
34.662251,109.226196,118,35,253,102.0,30.0,41.0,334.0,7,2013/1/14,0,7.0,4.0,1.0,0.0,1.0,0.0,0.0,0.0,0.0,0.0
34.662251,109.226196,118,35,253,102.0,30.0,41.0,334.0,7,2013/1/14,1,-4.0,4.0,1.0,0.0,0.0,0.0,1.0,0.0,0.0,0.0
34.366699,109.214211,91,167,210,103.0,6.0,5.0,362.0,7,2013/1/14,0,7.0,4.0,1.0,0.0,1.0,0.0,0.0,0.0,0.0,0.0
34.366699,109.214211,91,167,210,103.0,6.0,5.0,362.0,7,2013/1/14,1,-4.0,4.0,1.0,0.0,0.0,0.0,1.0,0.0,0.0,0.0
34.209648,108.977669,20,101,447,122.0,4.0,6.0,445.0,7,2013/1/14,0,7.0,4.0,1.0,0.0,1.0,0.0,0.0,0.0,0.0,0.0
34.209648,108.977669,20,101,447,122.0,4.0,6.0,445.0,7,2013/1/14,1,-4.0,4.0,1.0,0.0,0.0,0.0,1.0,0.0,0.0,0.0
34.354256,109.011482,57,117,372,104.0,108.0,25.0,411.0,7,2013/1/14,0,7.0,4.0,1.0,0.0,1.0,0.0,0.0,0.0,0.0,0.0
34.354256,109.011482,57,117,372,104.0,108.0,25.0,411.0,7,2013/1/14,1,-4.0,4.0,1.0,0.0,0.0,0.0,1.0,0.0,0.0,0.0
34.382896,108.88327,57,60,248,111.0,6.0,8.0,404.0,7,2013/1/14,0,7.0,4.0,1.0,0.0,1.0,0.0,0.0,0.0,0.0,0.0
34.382896,108.88327,57,60,248,111.0,6.0,8.0,404.0,7,2013/1/14,1,-4.0,4.0,1.0,0.0,0.0,0.0,1.0,0.0,0.0,0.0
34.259781,108.856987,109,103,151,89.0,25.0,31.0,148.0,4,2013/1/15,0,7.0,2.0,1.0,0.0,1.0,0.0,0.0,0.0,0.0,0.0
34.259781,108.856987,109,103,151,89.0,25.0,31.0,148.0,4,2013/1/15,1,-2.0,2.0,1.0,0.0,0.0,1.0,0.0,0.0,0.0,0.0
34.261593,108.98996,104,84,160,41.0,13.0,14.0,120.0,4,2013/1/15,0,7.0,2.0,1.0,0.0,1.0,0.0,0.0,0.0,0.0,0.0
34.261593,108.98996,104,84,160,41.0,13.0,14.0,120.0,4,2013/1/15,1,-2.0,2.0,1.0,0.0,0.0,1.0,0.0,0.0,0.0,0.0
34.279709,109.07048,61,68,149,39.0,20.0,23.0,85.0,3,2013/1/15,0,7.0,2.0,1.0,0.0,1.0,0.0,0.0,0.0,0.0,0.0
34.279709,109.07048,61,68,149,39.0,20.0,23.0,85.0,3,2013/1/15,1,-2.0,2.0,1.0,0.0,0.0,1.0,0.0,0.0,0.0,0.0
34.22282,108.947144,70,44,141,42.0,20.0,22.0,83.0,3,2013/1/15,0,7.0,2.0,1.0,0.0,1.0,0.0,0.0,0.0,0.0,0.0
34.22282,108.947144,70,44,141,42.0,20.0,22.0,83.0,3,2013/1/15,1,-2.0,2.0,1.0,0.0,0.0,1.0,0.0,0.0,0.0,0.0
34.26955,108.95903,72,68,166,40.0,70.0,65.0,78.0,4,2013/1/15,0,7.0,2.0,1.0,0.0,1.0,0.0,0.0,0.0,0.0,0.0
34.26955,108.95903,72,68,166,40.0,70.0,65.0,78.0,4,2013/1/15,1,-2.0,2.0,1.0,0.0,0.0,1.0,0.0,0.0,0.0,0.0
34.233376,108.9049,51,59,145,51.0,27.0,35.0,92.0,3,2013/1/15,0,7.0,2.0,1.0,0.0,1.0,0.0,0.0,0.0,0.0,0.0
34.233376,108.9049,51,59,145,51.0,27.0,35.0,92.0,3,2013/1/15,1,-2.0,2.0,1.0,0.0,0.0,1.0,0.0,0.0,0.0,0.0
34.35886,108.929192,53,54,130,35.0,21.0,23.0,127.0,3,2013/1/15,0,7.0,2.0,1.0,0.0,1.0,0.0,0.0,0.0,0.0,0.0
34.35886,108.929192,53,54,130,35.0,21.0,23.0,127.0,3,2013/1/15,1,-2.0,2.0,1.0,0.0,0.0,1.0,0.0,0.0,0.0,0.0
34.158932,108.90696,54,34,132,42.0,38.0,55.0,92.0,3,2013/1/15,0,7.0,2.0,1.0,0.0,1.0,0.0,0.0,0.0,0.0,0.0
34.158932,108.90696,54,34,132,42.0,38.0,55.0,92.0,3,2013/1/15,1,-2.0,2.0,1.0,0.0,0.0,1.0,0.0,0.0,0.0,0.0
34.662251,109.226196,97,39,155,73.0,30.0,38.0,196.0,4,2013/1/15,0,7.0,2.0,1.0,0.0,1.0,0.0,0.0,0.0,0.0,0.0
34.662251,109.226196,97,39,155,73.0,30.0,38.0,196.0,4,2013/1/15,1,-2.0,2.0,1.0,0.0,0.0,1.0,0.0,0.0,0.0,0.0
34.366699,109.214211,72,110,135,35.0,14.0,13.0,90.0,3,2013/1/15,0,7.0,2.0,1.0,0.0,1.0,0.0,0.0,0.0,0.0,0.0
34.366699,109.214211,72,110,135,35.0,14.0,13.0,90.0,3,2013/1/15,1,-2.0,2.0,1.0,0.0,0.0,1.0,0.0,0.0,0.0,0.0
34.209648,108.977669,44,63,145,110.0,4.0,5.0,104.0,3,2013/1/15,0,7.0,2.0,1.0,0.0,1.0,0.0,0.0,0.0,0.0,0.0
34.209648,108.977669,44,63,145,110.0,4.0,5.0,104.0,3,2013/1/15,1,-2.0,2.0,1.0,0.0,0.0,1.0,0.0,0.0,0.0,0.0
34.354256,109.011482,51,99,163,63.0,43.0,41.0,99.0,4,2013/1/15,0,7.0,2.0,1.0,0.0,1.0,0.0,0.0,0.0,0.0,0.0
34.354256,109.011482,51,99,163,63.0,43.0,41.0,99.0,4,2013/1/15,1,-2.0,2.0,1.0,0.0,0.0,1.0,0.0,0.0,0.0,0.0
34.382896,108.88327,51,49,127,101.0,10.0,10.0,200.0,4,2013/1/15,0,7.0,2.0,1.0,0.0,1.0,0.0,0.0,0.0,0.0,0.0
34.382896,108.88327,51,49,127,101.0,10.0,10.0,200.0,4,2013/1/15,1,-2.0,2.0,1.0,0.0,0.0,1.0,0.0,0.0,0.0,0.0
34.259781,108.856987,107,122,235,107.0,24.0,20.0,300.0,6,2013/1/16,0,10.0,6.0,1.0,0.0,0.0,1.0,0.0,0.0,0.0,0.0
34.259781,108.856987,107,122,235,107.0,24.0,20.0,300.0,6,2013/1/16,1,-3.0,2.0,1.0,0.0,0.0,1.0,0.0,0.0,0.0,0.0
34.261593,108.98996,100,104,167,50.0,8.0,8.0,193.0,4,2013/1/16,0,10.0,6.0,1.0,0.0,0.0,1.0,0.0,0.0,0.0,0.0
34.261593,108.98996,100,104,167,50.0,8.0,8.0,193.0,4,2013/1/16,1,-3.0,2.0,1.0,0.0,0.0,1.0,0.0,0.0,0.0,0.0
34.279709,109.07048,51,77,152,46.0,18.0,22.0,139.0,4,2013/1/16,0,10.0,6.0,1.0,0.0,0.0,1.0,0.0,0.0,0.0,0.0
34.279709,109.07048,51,77,152,46.0,18.0,22.0,139.0,4,2013/1/16,1,-3.0,2.0,1.0,0.0,0.0,1.0,0.0,0.0,0.0,0.0
34.22282,108.947144,101,63,178,92.0,15.0,16.0,153.0,4,2013/1/16,0,10.0,6.0,1.0,0.0,0.0,1.0,0.0,0.0,0.0,0.0
34.22282,108.947144,101,63,178,92.0,15.0,16.0,153.0,4,2013/1/16,1,-3.0,2.0,1.0,0.0,0.0,1.0,0.0,0.0,0.0,0.0
34.26955,108.95903,67,103,253,77.0,42.0,45.0,200.0,6,2013/1/16,0,10.0,6.0,1.0,0.0,0.0,1.0,0.0,0.0,0.0,0.0
34.26955,108.95903,67,103,253,77.0,42.0,45.0,200.0,6,2013/1/16,1,-3.0,2.0,1.0,0.0,0.0,1.0,0.0,0.0,0.0,0.0
34.233376,108.9049,87,104,230,110.0,20.0,17.0,251.0,6,2013/1/16,0,10.0,6.0,1.0,0.0,0.0,1.0,0.0,0.0,0.0,0.0
34.233376,108.9049,87,104,230,110.0,20.0,17.0,251.0,6,2013/1/16,1,-3.0,2.0,1.0,0.0,0.0,1.0,0.0,0.0,0.0,0.0
34.35886,108.929192,71,53,145,63.0,13.0,15.0,213.0,6,2013/1/16,0,10.0,6.0,1.0,0.0,0.0,1.0,0.0,0.0,0.0,0.0
34.35886,108.929192,71,53,145,63.0,13.0,15.0,213.0,6,2013/1/16,1,-3.0,2.0,1.0,0.0,0.0,1.0,0.0,0.0,0.0,0.0
34.158932,108.90696,62,37,137,65.0,43.0,52.0,156.0,4,2013/1/16,0,10.0,6.0,1.0,0.0,0.0,1.0,0.0,0.0,0.0,0.0
34.158932,108.90696,62,37,137,65.0,43.0,52.0,156.0,4,2013/1/16,1,-3.0,2.0,1.0,0.0,0.0,1.0,0.0,0.0,0.0,0.0
34.662251,109.226196,92,58,173,77.0,20.0,26.0,189.0,4,2013/1/16,0,10.0,6.0,1.0,0.0,0.0,1.0,0.0,0.0,0.0,0.0
34.662251,109.226196,92,58,173,77.0,20.0,26.0,189.0,4,2013/1/16,1,-3.0,2.0,1.0,0.0,0.0,1.0,0.0,0.0,0.0,0.0
34.366699,109.214211,64,127,126,64.0,32.0,26.0,145.0,3,2013/1/16,0,10.0,6.0,1.0,0.0,0.0,1.0,0.0,0.0,0.0,0.0
34.366699,109.214211,64,127,126,64.0,32.0,26.0,145.0,3,2013/1/16,1,-3.0,2.0,1.0,0.0,0.0,1.0,0.0,0.0,0.0,0.0
34.209648,108.977669,57,65,157,115.0,4.0,5.0,200.0,4,2013/1/16,0,10.0,6.0,1.0,0.0,0.0,1.0,0.0,0.0,0.0,0.0
34.209648,108.977669,57,65,157,115.0,4.0,5.0,200.0,4,2013/1/16,1,-3.0,2.0,1.0,0.0,0.0,1.0,0.0,0.0,0.0,0.0
34.354256,109.011482,58,111,161,79.0,32.0,27.0,169.0,4,2013/1/16,0,10.0,6.0,1.0,0.0,0.0,1.0,0.0,0.0,0.0,0.0
34.354256,109.011482,58,111,161,79.0,32.0,27.0,169.0,4,2013/1/16,1,-3.0,2.0,1.0,0.0,0.0,1.0,0.0,0.0,0.0,0.0
34.382896,108.88327,65,78,158,106.0,12.0,10.0,222.0,6,2013/1/16,0,10.0,6.0,1.0,0.0,0.0,1.0,0.0,0.0,0.0,0.0
34.382896,108.88327,65,78,158,106.0,12.0,10.0,222.0,6,2013/1/16,1,-3.0,2.0,1.0,0.0,0.0,1.0,0.0,0.0,0.0,0.0
34.259781,108.856987,107,117,143,101.0,12.0,14.0,214.0,6,2013/1/17,0,8.0,2.0,1.0,0.0,0.0,1.0,0.0,0.0,0.0,0.0
34.259781,108.856987,107,117,143,101.0,12.0,14.0,214.0,6,2013/1/17,1,-3.0,2.0,1.0,0.0,0.0,1.0,0.0,0.0,0.0,0.0
34.261593,108.98996,91,105,185,61.0,6.0,7.0,242.0,6,2013/1/17,0,8.0,2.0,1.0,0.0,0.0,1.0,0.0,0.0,0.0,0.0
34.261593,108.98996,91,105,185,61.0,6.0,7.0,242.0,6,2013/1/17,1,-3.0,2.0,1.0,0.0,0.0,1.0,0.0,0.0,0.0,0.0
34.279709,109.07048,54,93,192,68.0,12.0,16.0,219.0,6,2013/1/17,0,8.0,2.0,1.0,0.0,0.0,1.0,0.0,0.0,0.0,0.0
34.279709,109.07048,54,93,192,68.0,12.0,16.0,219.0,6,2013/1/17,1,-3.0,2.0,1.0,0.0,0.0,1.0,0.0,0.0,0.0,0.0
34.22282,108.947144,115,70,199,102.0,8.0,9.0,204.0,6,2013/1/17,0,8.0,2.0,1.0,0.0,0.0,1.0,0.0,0.0,0.0,0.0
34.22282,108.947144,115,70,199,102.0,8.0,9.0,204.0,6,2013/1/17,1,-3.0,2.0,1.0,0.0,0.0,1.0,0.0,0.0,0.0,0.0
34.26955,108.95903,69,80,194,60.0,49.0,75.0,206.0,6,2013/1/17,0,8.0,2.0,1.0,0.0,0.0,1.0,0.0,0.0,0.0,0.0
34.26955,108.95903,69,80,194,60.0,49.0,75.0,206.0,6,2013/1/17,1,-3.0,2.0,1.0,0.0,0.0,1.0,0.0,0.0,0.0,0.0
34.233376,108.9049,107,104,180,89.0,13.0,15.0,231.0,6,2013/1/17,0,8.0,2.0,1.0,0.0,0.0,1.0,0.0,0.0,0.0,0.0
34.233376,108.9049,107,104,180,89.0,13.0,15.0,231.0,6,2013/1/17,1,-3.0,2.0,1.0,0.0,0.0,1.0,0.0,0.0,0.0,0.0
34.35886,108.929192,61,62,116,62.0,13.0,17.0,188.0,4,2013/1/17,0,8.0,2.0,1.0,0.0,0.0,1.0,0.0,0.0,0.0,0.0
34.35886,108.929192,61,62,116,62.0,13.0,17.0,188.0,4,2013/1/17,1,-3.0,2.0,1.0,0.0,0.0,1.0,0.0,0.0,0.0,0.0
34.158932,108.90696,86,45,137,84.0,18.0,25.0,208.0,6,2013/1/17,0,8.0,2.0,1.0,0.0,0.0,1.0,0.0,0.0,0.0,0.0
34.158932,108.90696,86,45,137,84.0,18.0,25.0,208.0,6,2013/1/17,1,-3.0,2.0,1.0,0.0,0.0,1.0,0.0,0.0,0.0,0.0
34.662251,109.226196,82,50,131,79.0,24.0,33.0,159.0,4,2013/1/17,0,8.0,2.0,1.0,0.0,0.0,1.0,0.0,0.0,0.0,0.0
34.662251,109.226196,82,50,131,79.0,24.0,33.0,159.0,4,2013/1/17,1,-3.0,2.0,1.0,0.0,0.0,1.0,0.0,0.0,0.0,0.0
34.366699,109.214211,67,116,127,69.0,22.0,24.0,189.0,4,2013/1/17,0,8.0,2.0,1.0,0.0,0.0,1.0,0.0,0.0,0.0,0.0
34.366699,109.214211,67,116,127,69.0,22.0,24.0,189.0,4,2013/1/17,1,-3.0,2.0,1.0,0.0,0.0,1.0,0.0,0.0,0.0,0.0
34.209648,108.977669,74,102,177,114.0,20.0,8.0,259.0,6,2013/1/17,0,8.0,2.0,1.0,0.0,0.0,1.0,0.0,0.0,0.0,0.0
34.209648,108.977669,74,102,177,114.0,20.0,8.0,259.0,6,2013/1/17,1,-3.0,2.0,1.0,0.0,0.0,1.0,0.0,0.0,0.0,0.0
34.354256,109.011482,66,111,188,98.0,39.0,27.0,231.0,6,2013/1/17,0,8.0,2.0,1.0,0.0,0.0,1.0,0.0,0.0,0.0,0.0
34.354256,109.011482,66,111,188,98.0,39.0,27.0,231.0,6,2013/1/17,1,-3.0,2.0,1.0,0.0,0.0,1.0,0.0,0.0,0.0,0.0
34.382896,108.88327,66,69,119,112.0,9.0,12.0,196.0,4,2013/1/17,0,8.0,2.0,1.0,0.0,0.0,1.0,0.0,0.0,0.0,0.0
34.382896,108.88327,66,69,119,112.0,9.0,12.0,196.0,4,2013/1/17,1,-3.0,2.0,1.0,0.0,0.0,1.0,0.0,0.0,0.0,0.0
34.259781,108.856987,132,140,205,109.0,8.0,8.0,329.0,7,2013/1/18,0,6.0,4.0,1.0,0.0,1.0,0.0,0.0,0.0,0.0,0.0
34.259781,108.856987,132,140,205,109.0,8.0,8.0,329.0,7,2013/1/18,1,-2.0,6.0,1.0,0.0,1.0,0.0,0.0,0.0,0.0,0.0
34.261593,108.98996,108,125,325,92.0,4.0,4.0,349.0,7,2013/1/18,0,6.0,4.0,1.0,0.0,1.0,0.0,0.0,0.0,0.0,0.0
34.261593,108.98996,108,125,325,92.0,4.0,4.0,349.0,7,2013/1/18,1,-2.0,6.0,1.0,0.0,1.0,0.0,0.0,0.0,0.0,0.0
34.279709,109.07048,72,108,302,97.0,10.0,13.0,307.0,7,2013/1/18,0,6.0,4.0,1.0,0.0,1.0,0.0,0.0,0.0,0.0,0.0
34.279709,109.07048,72,108,302,97.0,10.0,13.0,307.0,7,2013/1/18,1,-2.0,6.0,1.0,0.0,1.0,0.0,0.0,0.0,0.0,0.0
34.22282,108.947144,123,79,328,106.0,8.0,10.0,273.0,7,2013/1/18,0,6.0,4.0,1.0,0.0,1.0,0.0,0.0,0.0,0.0,0.0
34.22282,108.947144,123,79,328,106.0,8.0,10.0,273.0,7,2013/1/18,1,-2.0,6.0,1.0,0.0,1.0,0.0,0.0,0.0,0.0,0.0
34.26955,108.95903,83,107,373,101.0,32.0,36.0,310.0,7,2013/1/18,0,6.0,4.0,1.0,0.0,1.0,0.0,0.0,0.0,0.0,0.0
34.26955,108.95903,83,107,373,101.0,32.0,36.0,310.0,7,2013/1/18,1,-2.0,6.0,1.0,0.0,1.0,0.0,0.0,0.0,0.0,0.0
34.233376,108.9049,112,113,286,102.0,10.0,12.0,316.0,7,2013/1/18,0,6.0,4.0,1.0,0.0,1.0,0.0,0.0,0.0,0.0,0.0
34.233376,108.9049,112,113,286,102.0,10.0,12.0,316.0,7,2013/1/18,1,-2.0,6.0,1.0,0.0,1.0,0.0,0.0,0.0,0.0,0.0
34.35886,108.929192,64,72,174,98.0,9.0,12.0,293.0,6,2013/1/18,0,6.0,4.0,1.0,0.0,1.0,0.0,0.0,0.0,0.0,0.0
34.35886,108.929192,64,72,174,98.0,9.0,12.0,293.0,6,2013/1/18,1,-2.0,6.0,1.0,0.0,1.0,0.0,0.0,0.0,0.0,0.0
34.158932,108.90696,101,50,170,102.0,21.0,30.0,285.0,6,2013/1/18,0,6.0,4.0,1.0,0.0,1.0,0.0,0.0,0.0,0.0,0.0
34.158932,108.90696,101,50,170,102.0,21.0,30.0,285.0,6,2013/1/18,1,-2.0,6.0,1.0,0.0,1.0,0.0,0.0,0.0,0.0,0.0
34.662251,109.226196,96,58,180,102.0,23.0,33.0,258.0,6,2013/1/18,0,6.0,4.0,1.0,0.0,1.0,0.0,0.0,0.0,0.0,0.0
34.662251,109.226196,96,58,180,102.0,23.0,33.0,258.0,6,2013/1/18,1,-2.0,6.0,1.0,0.0,1.0,0.0,0.0,0.0,0.0,0.0
34.366699,109.214211,78,142,220,107.0,11.0,17.0,328.0,7,2013/1/18,0,6.0,4.0,1.0,0.0,1.0,0.0,0.0,0.0,0.0,0.0
34.366699,109.214211,78,142,220,107.0,11.0,17.0,328.0,7,2013/1/18,1,-2.0,6.0,1.0,0.0,1.0,0.0,0.0,0.0,0.0,0.0
34.209648,108.977669,107,125,226,108.0,37.0,44.0,331.0,7,2013/1/18,0,6.0,4.0,1.0,0.0,1.0,0.0,0.0,0.0,0.0,0.0
34.209648,108.977669,107,125,226,108.0,37.0,44.0,331.0,7,2013/1/18,1,-2.0,6.0,1.0,0.0,1.0,0.0,0.0,0.0,0.0,0.0
34.354256,109.011482,88,139,299,108.0,6.0,9.0,321.0,7,2013/1/18,0,6.0,4.0,1.0,0.0,1.0,0.0,0.0,0.0,0.0,0.0
34.354256,109.011482,88,139,299,108.0,6.0,9.0,321.0,7,2013/1/18,1,-2.0,6.0,1.0,0.0,1.0,0.0,0.0,0.0,0.0,0.0
34.382896,108.88327,88,102,172,123.0,5.0,7.0,300.0,6,2013/1/18,0,6.0,4.0,1.0,0.0,1.0,0.0,0.0,0.0,0.0,0.0
34.382896,108.88327,88,102,172,123.0,5.0,7.0,300.0,6,2013/1/18,1,-2.0,6.0,1.0,0.0,1.0,0.0,0.0,0.0,0.0,0.0
34.259781,108.856987,121,146,407,115.0,4.0,6.0,458.0,7,2013/1/19,0,5.0,4.0,1.0,0.0,0.0,0.0,1.0,0.0,0.0,0.0
34.259781,108.856987,121,146,407,115.0,4.0,6.0,458.0,7,2013/1/19,1,-1.0,4.0,1.0,2.0,0.0,0.0,0.0,0.0,1.0,0.0
34.261593,108.98996,113,131,478,103.0,3.0,4.0,458.0,7,2013/1/19,0,5.0,4.0,1.0,0.0,0.0,0.0,1.0,0.0,0.0,0.0
34.261593,108.98996,113,131,478,103.0,3.0,4.0,458.0,7,2013/1/19,1,-1.0,4.0,1.0,2.0,0.0,0.0,0.0,0.0,1.0,0.0
34.279709,109.07048,70,111,422,105.0,8.0,12.0,420.0,7,2013/1/19,0,5.0,4.0,1.0,0.0,0.0,0.0,1.0,0.0,0.0,0.0
34.279709,109.07048,70,111,422,105.0,8.0,12.0,420.0,7,2013/1/19,1,-1.0,4.0,1.0,2.0,0.0,0.0,0.0,0.0,1.0,0.0
34.22282,108.947144,116,101,500,113.0,10.0,12.0,402.0,7,2013/1/19,0,5.0,4.0,1.0,0.0,0.0,0.0,1.0,0.0,0.0,0.0
34.22282,108.947144,116,101,500,113.0,10.0,12.0,402.0,7,2013/1/19,1,-1.0,4.0,1.0,2.0,0.0,0.0,0.0,0.0,1.0,0.0
34.26955,108.95903,91,109,479,106.0,18.0,24.0,415.0,7,2013/1/19,0,5.0,4.0,1.0,0.0,0.0,0.0,1.0,0.0,0.0,0.0
34.26955,108.95903,91,109,479,106.0,18.0,24.0,415.0,7,2013/1/19,1,-1.0,4.0,1.0,2.0,0.0,0.0,0.0,0.0,1.0,0.0
34.233376,108.9049,113,118,500,112.0,8.0,11.0,463.0,7,2013/1/19,0,5.0,4.0,1.0,0.0,0.0,0.0,1.0,0.0,0.0,0.0
34.233376,108.9049,113,118,500,112.0,8.0,11.0,463.0,7,2013/1/19,1,-1.0,4.0,1.0,2.0,0.0,0.0,0.0,0.0,1.0,0.0
34.35886,108.929192,41,70,226,104.0,7.0,10.0,339.0,6,2013/1/19,0,5.0,4.0,1.0,0.0,0.0,0.0,1.0,0.0,0.0,0.0
34.35886,108.929192,41,70,226,104.0,7.0,10.0,339.0,6,2013/1/19,1,-1.0,4.0,1.0,2.0,0.0,0.0,0.0,0.0,1.0,0.0
34.158932,108.90696,87,57,230,108.0,14.0,18.0,389.0,7,2013/1/19,0,5.0,4.0,1.0,0.0,0.0,0.0,1.0,0.0,0.0,0.0
34.158932,108.90696,87,57,230,108.0,14.0,18.0,389.0,7,2013/1/19,1,-1.0,4.0,1.0,2.0,0.0,0.0,0.0,0.0,1.0,0.0
34.662251,109.226196,106,62,299,107.0,22.0,29.0,365.0,7,2013/1/19,0,5.0,4.0,1.0,0.0,0.0,0.0,1.0,0.0,0.0,0.0
34.662251,109.226196,106,62,299,107.0,22.0,29.0,365.0,7,2013/1/19,1,-1.0,4.0,1.0,2.0,0.0,0.0,0.0,0.0,1.0,0.0
34.366699,109.214211,88,150,444,114.0,10.0,16.0,442.0,7,2013/1/19,0,5.0,4.0,1.0,0.0,0.0,0.0,1.0,0.0,0.0,0.0
34.366699,109.214211,88,150,444,114.0,10.0,16.0,442.0,7,2013/1/19,1,-1.0,4.0,1.0,2.0,0.0,0.0,0.0,0.0,1.0,0.0
34.209648,108.977669,113,136,403,112.0,3.0,4.0,444.0,7,2013/1/19,0,5.0,4.0,1.0,0.0,0.0,0.0,1.0,0.0,0.0,0.0
34.209648,108.977669,113,136,403,112.0,3.0,4.0,444.0,7,2013/1/19,1,-1.0,4.0,1.0,2.0,0.0,0.0,0.0,0.0,1.0,0.0
34.354256,109.011482,91,138,437,114.0,5.0,7.0,426.0,7,2013/1/19,0,5.0,4.0,1.0,0.0,0.0,0.0,1.0,0.0,0.0,0.0
34.354256,109.011482,91,138,437,114.0,5.0,7.0,426.0,7,2013/1/19,1,-1.0,4.0,1.0,2.0,0.0,0.0,0.0,0.0,1.0,0.0
34.382896,108.88327,84,102,279,135.0,5.0,6.0,410.0,7,2013/1/19,0,5.0,4.0,1.0,0.0,0.0,0.0,1.0,0.0,0.0,0.0
34.382896,108.88327,84,102,279,135.0,5.0,6.0,410.0,7,2013/1/19,1,-1.0,4.0,1.0,2.0,0.0,0.0,0.0,0.0,1.0,0.0
34.259781,108.856987,103,116,183,107.0,17.0,21.0,319.0,7,2013/1/20,0,3.0,4.0,1.0,1.0,0.0,0.0,0.0,0.0,1.0,0.0
34.259781,108.856987,103,116,183,107.0,17.0,21.0,319.0,7,2013/1/20,1,-2.0,5.0,1.0,0.0,0.0,0.0,1.0,0.0,0.0,0.0
34.261593,108.98996,76,111,250,83.0,4.0,3.0,368.0,7,2013/1/20,0,3.0,4.0,1.0,1.0,0.0,0.0,0.0,0.0,1.0,0.0
34.261593,108.98996,76,111,250,83.0,4.0,3.0,368.0,7,2013/1/20,1,-2.0,5.0,1.0,0.0,0.0,0.0,1.0,0.0,0.0,0.0
34.279709,109.07048,48,97,208,89.0,8.0,12.0,333.0,7,2013/1/20,0,3.0,4.0,1.0,1.0,0.0,0.0,0.0,0.0,1.0,0.0
34.279709,109.07048,48,97,208,89.0,8.0,12.0,333.0,7,2013/1/20,1,-2.0,5.0,1.0,0.0,0.0,0.0,1.0,0.0,0.0,0.0
34.22282,108.947144,97,55,292,102.0,11.0,12.0,271.0,6,2013/1/20,0,3.0,4.0,1.0,1.0,0.0,0.0,0.0,0.0,1.0,0.0
34.22282,108.947144,97,55,292,102.0,11.0,12.0,271.0,6,2013/1/20,1,-2.0,5.0,1.0,0.0,0.0,0.0,1.0,0.0,0.0,0.0
34.26955,108.95903,67,84,302,87.0,33.0,41.0,307.0,7,2013/1/20,0,3.0,4.0,1.0,1.0,0.0,0.0,0.0,0.0,1.0,0.0
34.26955,108.95903,67,84,302,87.0,33.0,41.0,307.0,7,2013/1/20,1,-2.0,5.0,1.0,0.0,0.0,0.0,1.0,0.0,0.0,0.0
34.233376,108.9049,90,84,209,102.0,18.0,21.0,310.0,7,2013/1/20,0,3.0,4.0,1.0,1.0,0.0,0.0,0.0,0.0,1.0,0.0
34.233376,108.9049,90,84,209,102.0,18.0,21.0,310.0,7,2013/1/20,1,-2.0,5.0,1.0,0.0,0.0,0.0,1.0,0.0,0.0,0.0
34.35886,108.929192,36,67,283,101.0,8.0,10.0,386.0,7,2013/1/20,0,3.0,4.0,1.0,1.0,0.0,0.0,0.0,0.0,1.0,0.0
34.35886,108.929192,36,67,283,101.0,8.0,10.0,386.0,7,2013/1/20,1,-2.0,5.0,1.0,0.0,0.0,0.0,1.0,0.0,0.0,0.0
34.158932,108.90696,58,40,133,100.0,35.0,45.0,227.0,6,2013/1/20,0,3.0,4.0,1.0,1.0,0.0,0.0,0.0,0.0,1.0,0.0
34.158932,108.90696,58,40,133,100.0,35.0,45.0,227.0,6,2013/1/20,1,-2.0,5.0,1.0,0.0,0.0,0.0,1.0,0.0,0.0,0.0
34.662251,109.226196,75,64,401,108.0,15.0,22.0,424.0,7,2013/1/20,0,3.0,4.0,1.0,1.0,0.0,0.0,0.0,0.0,1.0,0.0
34.662251,109.226196,75,64,401,108.0,15.0,22.0,424.0,7,2013/1/20,1,-2.0,5.0,1.0,0.0,0.0,0.0,1.0,0.0,0.0,0.0
34.366699,109.214211,54,122,355,104.0,15.0,20.0,355.0,7,2013/1/20,0,3.0,4.0,1.0,1.0,0.0,0.0,0.0,0.0,1.0,0.0
34.366699,109.214211,54,122,355,104.0,15.0,20.0,355.0,7,2013/1/20,1,-2.0,5.0,1.0,0.0,0.0,0.0,1.0,0.0,0.0,0.0
34.209648,108.977669,103,111,190,105.0,3.0,3.0,326.0,7,2013/1/20,0,3.0,4.0,1.0,1.0,0.0,0.0,0.0,0.0,1.0,0.0
34.209648,108.977669,103,111,190,105.0,3.0,3.0,326.0,7,2013/1/20,1,-2.0,5.0,1.0,0.0,0.0,0.0,1.0,0.0,0.0,0.0
34.354256,109.011482,63,124,300,110.0,4.0,6.0,376.0,7,2013/1/20,0,3.0,4.0,1.0,1.0,0.0,0.0,0.0,0.0,1.0,0.0
34.354256,109.011482,63,124,300,110.0,4.0,6.0,376.0,7,2013/1/20,1,-2.0,5.0,1.0,0.0,0.0,0.0,1.0,0.0,0.0,0.0
34.382896,108.88327,71,89,205,135.0,6.0,6.0,398.0,7,2013/1/20,0,3.0,4.0,1.0,1.0,0.0,0.0,0.0,0.0,1.0,0.0
34.382896,108.88327,71,89,205,135.0,6.0,6.0,398.0,7,2013/1/20,1,-2.0,5.0,1.0,0.0,0.0,0.0,1.0,0.0,0.0,0.0
34.259781,108.856987,102,91,82,88.0,26.0,33.0,94.0,3,2013/1/21,0,6.0,4.0,1.0,0.0,0.0,0.0,1.0,0.0,0.0,0.0
34.259781,108.856987,102,91,82,88.0,26.0,33.0,94.0,3,2013/1/21,1,-3.0,2.0,1.0,0.0,1.0,0.0,0.0,0.0,0.0,0.0
34.261593,108.98996,87,84,79,36.0,16.0,18.0,78.0,1,2013/1/21,0,6.0,4.0,1.0,0.0,0.0,0.0,1.0,0.0,0.0,0.0
34.261593,108.98996,87,84,79,36.0,16.0,18.0,78.0,1,2013/1/21,1,-3.0,2.0,1.0,0.0,1.0,0.0,0.0,0.0,0.0,0.0
34.279709,109.07048,47,59,71,38.0,20.0,24.0,79.0,1,2013/1/21,0,6.0,4.0,1.0,0.0,0.0,0.0,1.0,0.0,0.0,0.0
34.279709,109.07048,47,59,71,38.0,20.0,24.0,79.0,1,2013/1/21,1,-3.0,2.0,1.0,0.0,1.0,0.0,0.0,0.0,0.0,0.0
34.22282,108.947144,61,34,87,63.0,19.0,24.0,74.0,1,2013/1/21,0,6.0,4.0,1.0,0.0,0.0,0.0,1.0,0.0,0.0,0.0
34.22282,108.947144,61,34,87,63.0,19.0,24.0,74.0,1,2013/1/21,1,-3.0,2.0,1.0,0.0,1.0,0.0,0.0,0.0,0.0,0.0
34.26955,108.95903,62,49,91,43.0,60.0,78.0,80.0,1,2013/1/21,0,6.0,4.0,1.0,0.0,0.0,0.0,1.0,0.0,0.0,0.0
34.26955,108.95903,62,49,91,43.0,60.0,78.0,80.0,1,2013/1/21,1,-3.0,2.0,1.0,0.0,1.0,0.0,0.0,0.0,0.0,0.0
34.35886,108.929192,54,45,78,54.0,20.0,26.0,110.0,3,2013/1/21,0,6.0,4.0,1.0,0.0,0.0,0.0,1.0,0.0,0.0,0.0
34.35886,108.929192,54,45,78,54.0,20.0,26.0,110.0,3,2013/1/21,1,-3.0,2.0,1.0,0.0,1.0,0.0,0.0,0.0,0.0,0.0
34.158932,108.90696,42,29,58,53.0,39.0,60.0,75.0,1,2013/1/21,0,6.0,4.0,1.0,0.0,0.0,0.0,1.0,0.0,0.0,0.0
34.158932,108.90696,42,29,58,53.0,39.0,60.0,75.0,1,2013/1/21,1,-3.0,2.0,1.0,0.0,1.0,0.0,0.0,0.0,0.0,0.0
34.662251,109.226196,52,51,106,82.0,22.0,29.0,149.0,3,2013/1/21,0,6.0,4.0,1.0,0.0,0.0,0.0,1.0,0.0,0.0,0.0
34.662251,109.226196,52,51,106,82.0,22.0,29.0,149.0,3,2013/1/21,1,-3.0,2.0,1.0,0.0,1.0,0.0,0.0,0.0,0.0,0.0
34.366699,109.214211,62,96,53,53.0,25.0,32.0,77.0,1,2013/1/21,0,6.0,4.0,1.0,0.0,0.0,0.0,1.0,0.0,0.0,0.0
34.366699,109.214211,62,96,53,53.0,25.0,32.0,77.0,1,2013/1/21,1,-3.0,2.0,1.0,0.0,1.0,0.0,0.0,0.0,0.0,0.0
34.354256,109.011482,65,86,88,90.0,25.0,30.0,83.0,1,2013/1/21,0,6.0,4.0,1.0,0.0,0.0,0.0,1.0,0.0,0.0,0.0
34.354256,109.011482,65,86,88,90.0,25.0,30.0,83.0,1,2013/1/21,1,-3.0,2.0,1.0,0.0,1.0,0.0,0.0,0.0,0.0,0.0
34.382896,108.88327,52,47,63,114.0,14.0,17.0,75.0,3,2013/1/21,0,6.0,4.0,1.0,0.0,0.0,0.0,1.0,0.0,0.0,0.0
34.382896,108.88327,52,47,63,114.0,14.0,17.0,75.0,3,2013/1/21,1,-3.0,2.0,1.0,0.0,1.0,0.0,0.0,0.0,0.0,0.0
34.261593,108.98996,68,89,98,44.0,20.0,22.0,124.0,3,2013/1/22,0,10.0,2.0,1.0,0.0,0.0,1.0,0.0,0.0,0.0,0.0
34.261593,108.98996,68,89,98,44.0,20.0,22.0,124.0,3,2013/1/22,1,-2.0,5.0,1.0,0.0,0.0,1.0,0.0,0.0,0.0,0.0
34.279709,109.07048,42,69,119,46.0,23.0,26.0,173.0,4,2013/1/22,0,10.0,2.0,1.0,0.0,0.0,1.0,0.0,0.0,0.0,0.0
34.279709,109.07048,42,69,119,46.0,23.0,26.0,173.0,4,2013/1/22,1,-2.0,5.0,1.0,0.0,0.0,1.0,0.0,0.0,0.0,0.0
34.22282,108.947144,99,63,124,87.0,13.0,14.0,147.0,3,2013/1/22,0,10.0,2.0,1.0,0.0,0.0,1.0,0.0,0.0,0.0,0.0
34.22282,108.947144,99,63,124,87.0,13.0,14.0,147.0,3,2013/1/22,1,-2.0,5.0,1.0,0.0,0.0,1.0,0.0,0.0,0.0,0.0
34.26955,108.95903,54,77,142,69.0,70.0,90.0,34.0,3,2013/1/22,0,10.0,2.0,1.0,0.0,0.0,1.0,0.0,0.0,0.0,0.0
34.26955,108.95903,54,77,142,69.0,70.0,90.0,34.0,3,2013/1/22,1,-2.0,5.0,1.0,0.0,0.0,1.0,0.0,0.0,0.0,0.0
34.233376,108.9049,102,102,142,90.0,22.0,23.0,204.0,6,2013/1/22,0,10.0,2.0,1.0,0.0,0.0,1.0,0.0,0.0,0.0,0.0
34.233376,108.9049,102,102,142,90.0,22.0,23.0,204.0,6,2013/1/22,1,-2.0,5.0,1.0,0.0,0.0,1.0,0.0,0.0,0.0,0.0
34.35886,108.929192,55,31,115,67.0,20.0,22.0,225.0,6,2013/1/22,0,10.0,2.0,1.0,0.0,0.0,1.0,0.0,0.0,0.0,0.0
34.35886,108.929192,55,31,115,67.0,20.0,22.0,225.0,6,2013/1/22,1,-2.0,5.0,1.0,0.0,0.0,1.0,0.0,0.0,0.0,0.0
34.158932,108.90696,67,46,111,84.0,24.0,28.0,144.0,3,2013/1/22,0,10.0,2.0,1.0,0.0,0.0,1.0,0.0,0.0,0.0,0.0
34.158932,108.90696,67,46,111,84.0,24.0,28.0,144.0,3,2013/1/22,1,-2.0,5.0,1.0,0.0,0.0,1.0,0.0,0.0,0.0,0.0
34.662251,109.226196,56,50,103,85.0,24.0,34.0,143.0,3,2013/1/22,0,10.0,2.0,1.0,0.0,0.0,1.0,0.0,0.0,0.0,0.0
34.662251,109.226196,56,50,103,85.0,24.0,34.0,143.0,3,2013/1/22,1,-2.0,5.0,1.0,0.0,0.0,1.0,0.0,0.0,0.0,0.0
34.366699,109.214211,58,118,112,85.0,19.0,24.0,202.0,6,2013/1/22,0,10.0,2.0,1.0,0.0,0.0,1.0,0.0,0.0,0.0,0.0
34.366699,109.214211,58,118,112,85.0,19.0,24.0,202.0,6,2013/1/22,1,-2.0,5.0,1.0,0.0,0.0,1.0,0.0,0.0,0.0,0.0
34.382896,108.88327,57,61,98,106.0,13.0,17.0,123.0,3,2013/1/22,0,10.0,2.0,1.0,0.0,0.0,1.0,0.0,0.0,0.0,0.0
34.382896,108.88327,57,61,98,106.0,13.0,17.0,123.0,3,2013/1/22,1,-2.0,5.0,1.0,0.0,0.0,1.0,0.0,0.0,0.0,0.0
34.259781,108.856987,114,128,176,106.0,20.0,22.0,312.0,7,2013/1/23,0,10.0,6.0,1.0,0.0,0.0,1.0,0.0,0.0,0.0,0.0
34.259781,108.856987,114,128,176,106.0,20.0,22.0,312.0,7,2013/1/23,1,-2.0,7.0,1.0,0.0,0.0,1.0,0.0,0.0,0.0,0.0
34.259781,108.856987,101,119,128,104.0,23.0,20.0,219.0,6,2013/1/23,0,10.0,6.0,1.0,0.0,0.0,1.0,0.0,0.0,0.0,0.0
34.259781,108.856987,101,119,128,104.0,23.0,20.0,219.0,6,2013/1/23,1,-2.0,7.0,1.0,0.0,0.0,1.0,0.0,0.0,0.0,0.0
34.261593,108.98996,81,131,199,79.0,4.0,5.0,299.0,6,2013/1/23,0,10.0,6.0,1.0,0.0,0.0,1.0,0.0,0.0,0.0,0.0
34.261593,108.98996,81,131,199,79.0,4.0,5.0,299.0,6,2013/1/23,1,-2.0,7.0,1.0,0.0,0.0,1.0,0.0,0.0,0.0,0.0
34.279709,109.07048,64,102,164,65.0,12.0,15.0,254.0,6,2013/1/23,0,10.0,6.0,1.0,0.0,0.0,1.0,0.0,0.0,0.0,0.0
34.279709,109.07048,64,102,164,65.0,12.0,15.0,254.0,6,2013/1/23,1,-2.0,7.0,1.0,0.0,0.0,1.0,0.0,0.0,0.0,0.0
34.22282,108.947144,85,64,178,98.0,15.0,18.0,229.0,6,2013/1/23,0,10.0,6.0,1.0,0.0,0.0,1.0,0.0,0.0,0.0,0.0
34.22282,108.947144,85,64,178,98.0,15.0,18.0,229.0,6,2013/1/23,1,-2.0,7.0,1.0,0.0,0.0,1.0,0.0,0.0,0.0,0.0
34.26955,108.95903,67,104,250,102.0,29.0,32.0,294.0,6,2013/1/23,0,10.0,6.0,1.0,0.0,0.0,1.0,0.0,0.0,0.0,0.0
34.26955,108.95903,67,104,250,102.0,29.0,32.0,294.0,6,2013/1/23,1,-2.0,7.0,1.0,0.0,0.0,1.0,0.0,0.0,0.0,0.0
34.233376,108.9049,61,96,157,73.0,30.0,35.0,263.0,6,2013/1/23,0,10.0,6.0,1.0,0.0,0.0,1.0,0.0,0.0,0.0,0.0
34.233376,108.9049,61,96,157,73.0,30.0,35.0,263.0,6,2013/1/23,1,-2.0,7.0,1.0,0.0,0.0,1.0,0.0,0.0,0.0,0.0
34.35886,108.929192,62,51,188,91.0,11.0,13.0,367.0,7,2013/1/23,0,10.0,6.0,1.0,0.0,0.0,1.0,0.0,0.0,0.0,0.0
34.35886,108.929192,62,51,188,91.0,11.0,13.0,367.0,7,2013/1/23,1,-2.0,7.0,1.0,0.0,0.0,1.0,0.0,0.0,0.0,0.0
34.158932,108.90696,54,39,111,80.0,49.0,55.0,172.0,4,2013/1/23,0,10.0,6.0,1.0,0.0,0.0,1.0,0.0,0.0,0.0,0.0
34.158932,108.90696,54,39,111,80.0,49.0,55.0,172.0,4,2013/1/23,1,-2.0,7.0,1.0,0.0,0.0,1.0,0.0,0.0,0.0,0.0
34.662251,109.226196,64,53,156,95.0,20.0,25.0,264.0,6,2013/1/23,0,10.0,6.0,1.0,0.0,0.0,1.0,0.0,0.0,0.0,0.0
34.662251,109.226196,64,53,156,95.0,20.0,25.0,264.0,6,2013/1/23,1,-2.0,7.0,1.0,0.0,0.0,1.0,0.0,0.0,0.0,0.0
34.366699,109.214211,71,138,152,100.0,13.0,18.0,289.0,6,2013/1/23,0,10.0,6.0,1.0,0.0,0.0,1.0,0.0,0.0,0.0,0.0
34.366699,109.214211,71,138,152,100.0,13.0,18.0,289.0,6,2013/1/23,1,-2.0,7.0,1.0,0.0,0.0,1.0,0.0,0.0,0.0,0.0
34.209648,108.977669,68,145,156,104.0,4.0,5.0,268.0,6,2013/1/23,0,10.0,6.0,1.0,0.0,0.0,1.0,0.0,0.0,0.0,0.0
34.209648,108.977669,68,145,156,104.0,4.0,5.0,268.0,6,2013/1/23,1,-2.0,7.0,1.0,0.0,0.0,1.0,0.0,0.0,0.0,0.0
34.382896,108.88327,59,85,161,109.0,12.0,16.0,286.0,6,2013/1/23,0,10.0,6.0,1.0,0.0,0.0,1.0,0.0,0.0,0.0,0.0
34.382896,108.88327,59,85,161,109.0,12.0,16.0,286.0,6,2013/1/23,1,-2.0,7.0,1.0,0.0,0.0,1.0,0.0,0.0,0.0,0.0
34.259781,108.856987,99,97,83,86.0,31.0,39.0,65.0,1,2013/1/24,0,10.0,1.0,1.0,0.0,0.0,1.0,0.0,0.0,0.0,0.0
34.259781,108.856987,99,97,83,86.0,31.0,39.0,65.0,1,2013/1/24,1,-1.0,1.0,1.0,0.0,0.0,1.0,0.0,0.0,0.0,0.0
34.261593,108.98996,68,77,87,36.0,18.0,23.0,54.0,1,2013/1/24,0,10.0,1.0,1.0,0.0,0.0,1.0,0.0,0.0,0.0,0.0
34.261593,108.98996,68,77,87,36.0,18.0,23.0,54.0,1,2013/1/24,1,-1.0,1.0,1.0,0.0,0.0,1.0,0.0,0.0,0.0,0.0
34.279709,109.07048,42,59,78,32.0,25.0,31.0,57.0,1,2013/1/24,0,10.0,1.0,1.0,0.0,0.0,1.0,0.0,0.0,0.0,0.0
34.279709,109.07048,42,59,78,32.0,25.0,31.0,57.0,1,2013/1/24,1,-1.0,1.0,1.0,0.0,0.0,1.0,0.0,0.0,0.0,0.0
34.22282,108.947144,49,30,84,59.0,24.0,32.0,49.0,1,2013/1/24,0,10.0,1.0,1.0,0.0,0.0,1.0,0.0,0.0,0.0,0.0
34.22282,108.947144,49,30,84,59.0,24.0,32.0,49.0,1,2013/1/24,1,-1.0,1.0,1.0,0.0,0.0,1.0,0.0,0.0,0.0,0.0
34.26955,108.95903,51,49,81,47.0,94.0,98.0,54.0,1,2013/1/24,0,10.0,1.0,1.0,0.0,0.0,1.0,0.0,0.0,0.0,0.0
34.26955,108.95903,51,49,81,47.0,94.0,98.0,54.0,1,2013/1/24,1,-1.0,1.0,1.0,0.0,0.0,1.0,0.0,0.0,0.0,0.0
34.233376,108.9049,34,48,81,33.0,34.0,48.0,54.0,1,2013/1/24,0,10.0,1.0,1.0,0.0,0.0,1.0,0.0,0.0,0.0,0.0
34.233376,108.9049,34,48,81,33.0,34.0,48.0,54.0,1,2013/1/24,1,-1.0,1.0,1.0,0.0,0.0,1.0,0.0,0.0,0.0,0.0
34.35886,108.929192,45,21,71,51.0,27.0,40.0,69.0,1,2013/1/24,0,10.0,1.0,1.0,0.0,0.0,1.0,0.0,0.0,0.0,0.0
34.35886,108.929192,45,21,71,51.0,27.0,40.0,69.0,1,2013/1/24,1,-1.0,1.0,1.0,0.0,0.0,1.0,0.0,0.0,0.0,0.0
34.158932,108.90696,23,26,66,51.0,40.0,64.0,60.0,1,2013/1/24,0,10.0,1.0,1.0,0.0,0.0,1.0,0.0,0.0,0.0,0.0
34.158932,108.90696,23,26,66,51.0,40.0,64.0,60.0,1,2013/1/24,1,-1.0,1.0,1.0,0.0,0.0,1.0,0.0,0.0,0.0,0.0
34.662251,109.226196,52,48,72,78.0,25.0,37.0,72.0,1,2013/1/24,0,10.0,1.0,1.0,0.0,0.0,1.0,0.0,0.0,0.0,0.0
34.662251,109.226196,52,48,72,78.0,25.0,37.0,72.0,1,2013/1/24,1,-1.0,1.0,1.0,0.0,0.0,1.0,0.0,0.0,0.0,0.0
34.366699,109.214211,56,100,71,53.0,25.0,36.0,63.0,1,2013/1/24,0,10.0,1.0,1.0,0.0,0.0,1.0,0.0,0.0,0.0,0.0
34.366699,109.214211,56,100,71,53.0,25.0,36.0,63.0,1,2013/1/24,1,-1.0,1.0,1.0,0.0,0.0,1.0,0.0,0.0,0.0,0.0
34.209648,108.977669,61,75,73,85.0,7.0,8.0,59.0,1,2013/1/24,0,10.0,1.0,1.0,0.0,0.0,1.0,0.0,0.0,0.0,0.0
34.209648,108.977669,61,75,73,85.0,7.0,8.0,59.0,1,2013/1/24,1,-1.0,1.0,1.0,0.0,0.0,1.0,0.0,0.0,0.0,0.0
34.354256,109.011482,45,81,94,78.0,30.0,38.0,58.0,1,2013/1/24,0,10.0,1.0,1.0,0.0,0.0,1.0,0.0,0.0,0.0,0.0
34.354256,109.011482,45,81,94,78.0,30.0,38.0,58.0,1,2013/1/24,1,-1.0,1.0,1.0,0.0,0.0,1.0,0.0,0.0,0.0,0.0
34.382896,108.88327,38,40,58,100.0,17.0,23.0,67.0,1,2013/1/24,0,10.0,1.0,1.0,0.0,0.0,1.0,0.0,0.0,0.0,0.0
34.382896,108.88327,38,40,58,100.0,17.0,23.0,67.0,1,2013/1/24,1,-1.0,1.0,1.0,0.0,0.0,1.0,0.0,0.0,0.0,0.0
34.259781,108.856987,80,109,117,102.0,25.0,28.0,169.0,4,2013/1/25,0,12.0,1.0,1.0,0.0,0.0,1.0,0.0,0.0,0.0,0.0
34.259781,108.856987,80,109,117,102.0,25.0,28.0,169.0,4,2013/1/25,1,-2.0,6.0,1.0,0.0,0.0,1.0,0.0,0.0,0.0,0.0
34.261593,108.98996,72,106,136,56.0,11.0,13.0,137.0,3,2013/1/25,0,12.0,1.0,1.0,0.0,0.0,1.0,0.0,0.0,0.0,0.0
34.261593,108.98996,72,106,136,56.0,11.0,13.0,137.0,3,2013/1/25,1,-2.0,6.0,1.0,0.0,0.0,1.0,0.0,0.0,0.0,0.0
34.279709,109.07048,40,69,99,51.0,19.0,26.0,93.0,1,2013/1/25,0,12.0,1.0,1.0,0.0,0.0,1.0,0.0,0.0,0.0,0.0
34.279709,109.07048,40,69,99,51.0,19.0,26.0,93.0,1,2013/1/25,1,-2.0,6.0,1.0,0.0,0.0,1.0,0.0,0.0,0.0,0.0
34.22282,108.947144,61,50,118,91.0,18.0,20.0,124.0,3,2013/1/25,0,12.0,1.0,1.0,0.0,0.0,1.0,0.0,0.0,0.0,0.0
34.22282,108.947144,61,50,118,91.0,18.0,20.0,124.0,3,2013/1/25,1,-2.0,6.0,1.0,0.0,0.0,1.0,0.0,0.0,0.0,0.0
34.26955,108.95903,55,81,110,85.0,114.0,100.0,156.0,4,2013/1/25,0,12.0,1.0,1.0,0.0,0.0,1.0,0.0,0.0,0.0,0.0
34.26955,108.95903,55,81,110,85.0,114.0,100.0,156.0,4,2013/1/25,1,-2.0,6.0,1.0,0.0,0.0,1.0,0.0,0.0,0.0,0.0
34.233376,108.9049,54,77,139,71.0,27.0,31.0,185.0,4,2013/1/25,0,12.0,1.0,1.0,0.0,0.0,1.0,0.0,0.0,0.0,0.0
34.233376,108.9049,54,77,139,71.0,27.0,31.0,185.0,4,2013/1/25,1,-2.0,6.0,1.0,0.0,0.0,1.0,0.0,0.0,0.0,0.0
34.158932,108.90696,39,33,75,65.0,33.0,43.0,78.0,1,2013/1/25,0,12.0,1.0,1.0,0.0,0.0,1.0,0.0,0.0,0.0,0.0
34.158932,108.90696,39,33,75,65.0,33.0,43.0,78.0,1,2013/1/25,1,-2.0,6.0,1.0,0.0,0.0,1.0,0.0,0.0,0.0,0.0
34.662251,109.226196,75,55,119,90.0,23.0,32.0,153.0,4,2013/1/25,0,12.0,1.0,1.0,0.0,0.0,1.0,0.0,0.0,0.0,0.0
34.662251,109.226196,75,55,119,90.0,23.0,32.0,153.0,4,2013/1/25,1,-2.0,6.0,1.0,0.0,0.0,1.0,0.0,0.0,0.0,0.0
34.366699,109.214211,60,108,80,73.0,26.0,37.0,87.0,3,2013/1/25,0,12.0,1.0,1.0,0.0,0.0,1.0,0.0,0.0,0.0,0.0
34.366699,109.214211,60,108,80,73.0,26.0,37.0,87.0,3,2013/1/25,1,-2.0,6.0,1.0,0.0,0.0,1.0,0.0,0.0,0.0,0.0
34.209648,108.977669,58,101,91,102.0,10.0,7.0,127.0,3,2013/1/25,0,12.0,1.0,1.0,0.0,0.0,1.0,0.0,0.0,0.0,0.0
34.209648,108.977669,58,101,91,102.0,10.0,7.0,127.0,3,2013/1/25,1,-2.0,6.0,1.0,0.0,0.0,1.0,0.0,0.0,0.0,0.0
34.354256,109.011482,57,106,107,98.0,17.0,20.0,108.0,3,2013/1/25,0,12.0,1.0,1.0,0.0,0.0,1.0,0.0,0.0,0.0,0.0
34.354256,109.011482,57,106,107,98.0,17.0,20.0,108.0,3,2013/1/25,1,-2.0,6.0,1.0,0.0,0.0,1.0,0.0,0.0,0.0,0.0
34.382896,108.88327,30,67,122,105.0,16.0,20.0,185.0,4,2013/1/25,0,12.0,1.0,1.0,0.0,0.0,1.0,0.0,0.0,0.0,0.0
34.382896,108.88327,30,67,122,105.0,16.0,20.0,185.0,4,2013/1/25,1,-2.0,6.0,1.0,0.0,0.0,1.0,0.0,0.0,0.0,0.0
34.259781,108.856987,117,119,114,103.0,17.0,20.0,172.0,4,2013/1/26,0,13.0,1.0,1.0,0.0,0.0,1.0,0.0,0.0,0.0,0.0
34.259781,108.856987,117,119,114,103.0,17.0,20.0,172.0,4,2013/1/26,1,-1.0,7.0,1.0,0.0,0.0,1.0,0.0,0.0,0.0,0.0
34.261593,108.98996,108,113,170,58.0,8.0,9.0,183.0,4,2013/1/26,0,13.0,1.0,1.0,0.0,0.0,1.0,0.0,0.0,0.0,0.0
34.261593,108.98996,108,113,170,58.0,8.0,9.0,183.0,4,2013/1/26,1,-1.0,7.0,1.0,0.0,0.0,1.0,0.0,0.0,0.0,0.0
34.22282,108.947144,70,60,129,95.0,16.0,19.0,135.0,3,2013/1/26,0,13.0,1.0,1.0,0.0,0.0,1.0,0.0,0.0,0.0,0.0
34.22282,108.947144,70,60,129,95.0,16.0,19.0,135.0,3,2013/1/26,1,-1.0,7.0,1.0,0.0,0.0,1.0,0.0,0.0,0.0,0.0
34.26955,108.95903,70,87,118,80.0,82.0,85.0,190.0,4,2013/1/26,0,13.0,1.0,1.0,0.0,0.0,1.0,0.0,0.0,0.0,0.0
34.26955,108.95903,70,87,118,80.0,82.0,85.0,190.0,4,2013/1/26,1,-1.0,7.0,1.0,0.0,0.0,1.0,0.0,0.0,0.0,0.0
34.233376,108.9049,66,85,118,81.0,27.0,34.0,144.0,3,2013/1/26,0,13.0,1.0,1.0,0.0,0.0,1.0,0.0,0.0,0.0,0.0
34.233376,108.9049,66,85,118,81.0,27.0,34.0,144.0,3,2013/1/26,1,-1.0,7.0,1.0,0.0,0.0,1.0,0.0,0.0,0.0,0.0
34.35886,108.929192,68,45,132,77.0,15.0,15.0,242.0,6,2013/1/26,0,13.0,1.0,1.0,0.0,0.0,1.0,0.0,0.0,0.0,0.0
34.35886,108.929192,68,45,132,77.0,15.0,15.0,242.0,6,2013/1/26,1,-1.0,7.0,1.0,0.0,0.0,1.0,0.0,0.0,0.0,0.0
34.35886,108.929192,104,33,122,68.0,19.0,20.0,196.0,4,2013/1/26,0,13.0,1.0,1.0,0.0,0.0,1.0,0.0,0.0,0.0,0.0
34.35886,108.929192,104,33,122,68.0,19.0,20.0,196.0,4,2013/1/26,1,-1.0,7.0,1.0,0.0,0.0,1.0,0.0,0.0,0.0,0.0
34.158932,108.90696,42,35,85,72.0,32.0,42.0,82.0,1,2013/1/26,0,13.0,1.0,1.0,0.0,0.0,1.0,0.0,0.0,0.0,0.0
34.158932,108.90696,42,35,85,72.0,32.0,42.0,82.0,1,2013/1/26,1,-1.0,7.0,1.0,0.0,0.0,1.0,0.0,0.0,0.0,0.0
34.662251,109.226196,76,32,117,101.0,29.0,38.0,159.0,4,2013/1/26,0,13.0,1.0,1.0,0.0,0.0,1.0,0.0,0.0,0.0,0.0
34.662251,109.226196,76,32,117,101.0,29.0,38.0,159.0,4,2013/1/26,1,-1.0,7.0,1.0,0.0,0.0,1.0,0.0,0.0,0.0,0.0
34.366699,109.214211,79,137,118,89.0,15.0,20.0,186.0,4,2013/1/26,0,13.0,1.0,1.0,0.0,0.0,1.0,0.0,0.0,0.0,0.0
34.366699,109.214211,79,137,118,89.0,15.0,20.0,186.0,4,2013/1/26,1,-1.0,7.0,1.0,0.0,0.0,1.0,0.0,0.0,0.0,0.0
34.209648,108.977669,62,104,116,104.0,3.0,4.0,176.0,4,2013/1/26,0,13.0,1.0,1.0,0.0,0.0,1.0,0.0,0.0,0.0,0.0
34.209648,108.977669,62,104,116,104.0,3.0,4.0,176.0,4,2013/1/26,1,-1.0,7.0,1.0,0.0,0.0,1.0,0.0,0.0,0.0,0.0
34.354256,109.011482,89,116,144,101.0,12.0,13.0,173.0,4,2013/1/26,0,13.0,1.0,1.0,0.0,0.0,1.0,0.0,0.0,0.0,0.0
34.354256,109.011482,89,116,144,101.0,12.0,13.0,173.0,4,2013/1/26,1,-1.0,7.0,1.0,0.0,0.0,1.0,0.0,0.0,0.0,0.0
34.382896,108.88327,30,83,156,109.0,10.0,14.0,272.0,6,2013/1/26,0,13.0,1.0,1.0,0.0,0.0,1.0,0.0,0.0,0.0,0.0
34.382896,108.88327,30,83,156,109.0,10.0,14.0,272.0,6,2013/1/26,1,-1.0,7.0,1.0,0.0,0.0,1.0,0.0,0.0,0.0,0.0
34.259781,108.856987,118,138,182,109.0,8.0,8.0,266.0,6,2013/1/27,0,14.0,0.0,1.0,0.0,0.0,1.0,0.0,0.0,0.0,0.0
34.259781,108.856987,118,138,182,109.0,8.0,8.0,266.0,6,2013/1/27,1,-1.0,5.0,1.0,0.0,0.0,1.0,0.0,0.0,0.0,0.0
34.261593,108.98996,94,121,170,59.0,5.0,6.0,219.0,6,2013/1/27,0,14.0,0.0,1.0,0.0,0.0,1.0,0.0,0.0,0.0,0.0
34.261593,108.98996,94,121,170,59.0,5.0,6.0,219.0,6,2013/1/27,1,-1.0,5.0,1.0,0.0,0.0,1.0,0.0,0.0,0.0,0.0
34.22282,108.947144,103,83,194,103.0,8.0,9.0,223.0,6,2013/1/27,0,14.0,0.0,1.0,0.0,0.0,1.0,0.0,0.0,0.0,0.0
34.22282,108.947144,103,83,194,103.0,8.0,9.0,223.0,6,2013/1/27,1,-1.0,5.0,1.0,0.0,0.0,1.0,0.0,0.0,0.0,0.0
34.26955,108.95903,66,102,146,89.0,45.0,56.0,219.0,6,2013/1/27,0,14.0,0.0,1.0,0.0,0.0,1.0,0.0,0.0,0.0,0.0
34.26955,108.95903,66,102,146,89.0,45.0,56.0,219.0,6,2013/1/27,1,-1.0,5.0,1.0,0.0,0.0,1.0,0.0,0.0,0.0,0.0
34.233376,108.9049,107,113,256,108.0,12.0,16.0,301.0,7,2013/1/27,0,14.0,0.0,1.0,0.0,0.0,1.0,0.0,0.0,0.0,0.0
34.233376,108.9049,107,113,256,108.0,12.0,16.0,301.0,7,2013/1/27,1,-1.0,5.0,1.0,0.0,0.0,1.0,0.0,0.0,0.0,0.0
34.35886,108.929192,66,45,28,75.0,10.0,14.0,207.0,6,2013/1/27,0,14.0,0.0,1.0,0.0,0.0,1.0,0.0,0.0,0.0,0.0
34.35886,108.929192,66,45,28,75.0,10.0,14.0,207.0,6,2013/1/27,1,-1.0,5.0,1.0,0.0,0.0,1.0,0.0,0.0,0.0,0.0
34.158932,108.90696,80,49,146,88.0,25.0,25.0,212.0,6,2013/1/27,0,14.0,0.0,1.0,0.0,0.0,1.0,0.0,0.0,0.0,0.0
34.158932,108.90696,80,49,146,88.0,25.0,25.0,212.0,6,2013/1/27,1,-1.0,5.0,1.0,0.0,0.0,1.0,0.0,0.0,0.0,0.0
34.662251,109.226196,71,53,111,96.0,30.0,45.0,143.0,3,2013/1/27,0,14.0,0.0,1.0,0.0,0.0,1.0,0.0,0.0,0.0,0.0
34.662251,109.226196,71,53,111,96.0,30.0,45.0,143.0,3,2013/1/27,1,-1.0,5.0,1.0,0.0,0.0,1.0,0.0,0.0,0.0,0.0
34.366699,109.214211,70,131,128,95.0,14.0,19.0,210.0,6,2013/1/27,0,14.0,0.0,1.0,0.0,0.0,1.0,0.0,0.0,0.0,0.0
34.366699,109.214211,70,131,128,95.0,14.0,19.0,210.0,6,2013/1/27,1,-1.0,5.0,1.0,0.0,0.0,1.0,0.0,0.0,0.0,0.0
34.209648,108.977669,101,124,152,108.0,2.0,3.0,245.0,6,2013/1/27,0,14.0,0.0,1.0,0.0,0.0,1.0,0.0,0.0,0.0,0.0
34.209648,108.977669,101,124,152,108.0,2.0,3.0,245.0,6,2013/1/27,1,-1.0,5.0,1.0,0.0,0.0,1.0,0.0,0.0,0.0,0.0
34.354256,109.011482,79,111,150,101.0,15.0,15.0,196.0,4,2013/1/27,0,14.0,0.0,1.0,0.0,0.0,1.0,0.0,0.0,0.0,0.0
34.354256,109.011482,79,111,150,101.0,15.0,15.0,196.0,4,2013/1/27,1,-1.0,5.0,1.0,0.0,0.0,1.0,0.0,0.0,0.0,0.0
34.382896,108.88327,35,73,107,108.0,2.0,3.0,192.0,4,2013/1/27,0,14.0,0.0,1.0,0.0,0.0,1.0,0.0,0.0,0.0,0.0
34.382896,108.88327,35,73,107,108.0,2.0,3.0,192.0,4,2013/1/27,1,-1.0,5.0,1.0,0.0,0.0,1.0,0.0,0.0,0.0,0.0
34.259781,108.856987,135,132,169,109.0,14.0,14.0,293.0,6,2013/1/28,0,13.0,5.0,1.0,0.0,1.0,0.0,0.0,0.0,0.0,0.0
34.259781,108.856987,135,132,169,109.0,14.0,14.0,293.0,6,2013/1/28,1,0.0,2.0,1.0,0.0,1.0,0.0,0.0,0.0,0.0,0.0
34.261593,108.98996,102,80,289,81.0,3.0,4.0,321.0,7,2013/1/28,0,13.0,5.0,1.0,0.0,1.0,0.0,0.0,0.0,0.0,0.0
34.261593,108.98996,102,80,289,81.0,3.0,4.0,321.0,7,2013/1/28,1,0.0,2.0,1.0,0.0,1.0,0.0,0.0,0.0,0.0,0.0
34.22282,108.947144,104,74,205,103.0,10.0,11.0,261.0,6,2013/1/28,0,13.0,5.0,1.0,0.0,1.0,0.0,0.0,0.0,0.0,0.0
34.22282,108.947144,104,74,205,103.0,10.0,11.0,261.0,6,2013/1/28,1,0.0,2.0,1.0,0.0,1.0,0.0,0.0,0.0,0.0,0.0
34.26955,108.95903,84,106,185,103.0,35.0,43.0,304.0,7,2013/1/28,0,13.0,5.0,1.0,0.0,1.0,0.0,0.0,0.0,0.0,0.0
34.26955,108.95903,84,106,185,103.0,35.0,43.0,304.0,7,2013/1/28,1,0.0,2.0,1.0,0.0,1.0,0.0,0.0,0.0,0.0,0.0
34.233376,108.9049,108,107,181,106.0,17.0,20.0,284.0,6,2013/1/28,0,13.0,5.0,1.0,0.0,1.0,0.0,0.0,0.0,0.0,0.0
34.233376,108.9049,108,107,181,106.0,17.0,20.0,284.0,6,2013/1/28,1,0.0,2.0,1.0,0.0,1.0,0.0,0.0,0.0,0.0,0.0
34.35886,108.929192,87,50,172,101.0,8.0,11.0,401.0,7,2013/1/28,0,13.0,5.0,1.0,0.0,1.0,0.0,0.0,0.0,0.0,0.0
34.35886,108.929192,87,50,172,101.0,8.0,11.0,401.0,7,2013/1/28,1,0.0,2.0,1.0,0.0,1.0,0.0,0.0,0.0,0.0,0.0
34.158932,108.90696,79,49,159,97.0,23.0,27.0,268.0,6,2013/1/28,0,13.0,5.0,1.0,0.0,1.0,0.0,0.0,0.0,0.0,0.0
34.158932,108.90696,79,49,159,97.0,23.0,27.0,268.0,6,2013/1/28,1,0.0,2.0,1.0,0.0,1.0,0.0,0.0,0.0,0.0,0.0
34.662251,109.226196,85,59,158,103.0,22.0,29.0,236.0,6,2013/1/28,0,13.0,5.0,1.0,0.0,1.0,0.0,0.0,0.0,0.0,0.0
34.662251,109.226196,85,59,158,103.0,22.0,29.0,236.0,6,2013/1/28,1,0.0,2.0,1.0,0.0,1.0,0.0,0.0,0.0,0.0,0.0
34.366699,109.214211,83,120,152,108.0,12.0,16.0,272.0,6,2013/1/28,0,13.0,5.0,1.0,0.0,1.0,0.0,0.0,0.0,0.0,0.0
34.366699,109.214211,83,120,152,108.0,12.0,16.0,272.0,6,2013/1/28,1,0.0,2.0,1.0,0.0,1.0,0.0,0.0,0.0,0.0,0.0
34.209648,108.977669,102,125,162,111.0,2.0,3.0,303.0,7,2013/1/28,0,13.0,5.0,1.0,0.0,1.0,0.0,0.0,0.0,0.0,0.0
34.209648,108.977669,102,125,162,111.0,2.0,3.0,303.0,7,2013/1/28,1,0.0,2.0,1.0,0.0,1.0,0.0,0.0,0.0,0.0,0.0
34.354256,109.011482,81,127,268,106.0,8.0,9.0,306.0,7,2013/1/28,0,13.0,5.0,1.0,0.0,1.0,0.0,0.0,0.0,0.0,0.0
34.354256,109.011482,81,127,268,106.0,8.0,9.0,306.0,7,2013/1/28,1,0.0,2.0,1.0,0.0,1.0,0.0,0.0,0.0,0.0,0.0
34.382896,108.88327,83,99,222,113.0,11.0,15.0,349.0,7,2013/1/28,0,13.0,5.0,1.0,0.0,1.0,0.0,0.0,0.0,0.0,0.0
34.382896,108.88327,83,99,222,113.0,11.0,15.0,349.0,7,2013/1/28,1,0.0,2.0,1.0,0.0,1.0,0.0,0.0,0.0,0.0,0.0
34.259781,108.856987,108,142,319,116.0,13.0,12.0,413.0,7,2013/1/29,0,11.0,5.0,1.0,0.0,0.0,0.0,1.0,0.0,0.0,0.0
34.259781,108.856987,108,142,319,116.0,13.0,12.0,413.0,7,2013/1/29,1,2.0,4.0,1.0,0.0,1.0,0.0,0.0,0.0,0.0,0.0
34.261593,108.98996,93,28,269,78.0,10.0,10.0,346.0,7,2013/1/29,0,11.0,5.0,1.0,0.0,0.0,0.0,1.0,0.0,0.0,0.0
34.261593,108.98996,93,28,269,78.0,10.0,10.0,346.0,7,2013/1/29,1,2.0,4.0,1.0,0.0,1.0,0.0,0.0,0.0,0.0,0.0
34.279709,109.07048,61,103,205,73.0,16.0,19.0,324.0,7,2013/1/29,0,11.0,5.0,1.0,0.0,0.0,0.0,1.0,0.0,0.0,0.0
34.279709,109.07048,61,103,205,73.0,16.0,19.0,324.0,7,2013/1/29,1,2.0,4.0,1.0,0.0,1.0,0.0,0.0,0.0,0.0,0.0
34.22282,108.947144,104,93,332,105.0,10.0,12.0,331.0,7,2013/1/29,0,11.0,5.0,1.0,0.0,0.0,0.0,1.0,0.0,0.0,0.0
34.22282,108.947144,104,93,332,105.0,10.0,12.0,331.0,7,2013/1/29,1,2.0,4.0,1.0,0.0,1.0,0.0,0.0,0.0,0.0,0.0
34.26955,108.95903,96,109,199,108.0,68.0,80.0,327.0,7,2013/1/29,0,11.0,5.0,1.0,0.0,0.0,0.0,1.0,0.0,0.0,0.0
34.26955,108.95903,96,109,199,108.0,68.0,80.0,327.0,7,2013/1/29,1,2.0,4.0,1.0,0.0,1.0,0.0,0.0,0.0,0.0,0.0
34.233376,108.9049,92,117,309,105.0,17.0,20.0,374.0,7,2013/1/29,0,11.0,5.0,1.0,0.0,0.0,0.0,1.0,0.0,0.0,0.0
34.233376,108.9049,92,117,309,105.0,17.0,20.0,374.0,7,2013/1/29,1,2.0,4.0,1.0,0.0,1.0,0.0,0.0,0.0,0.0,0.0
34.35886,108.929192,67,47,179,101.0,14.0,16.0,304.0,7,2013/1/29,0,11.0,5.0,1.0,0.0,0.0,0.0,1.0,0.0,0.0,0.0
34.35886,108.929192,67,47,179,101.0,14.0,16.0,304.0,7,2013/1/29,1,2.0,4.0,1.0,0.0,1.0,0.0,0.0,0.0,0.0,0.0
34.158932,108.90696,80,60,215,101.0,30.0,43.0,362.0,7,2013/1/29,0,11.0,5.0,1.0,0.0,0.0,0.0,1.0,0.0,0.0,0.0
34.158932,108.90696,80,60,215,101.0,30.0,43.0,362.0,7,2013/1/29,1,2.0,4.0,1.0,0.0,1.0,0.0,0.0,0.0,0.0,0.0
34.662251,109.226196,82,59,188,106.0,31.0,44.0,291.0,6,2013/1/29,0,11.0,5.0,1.0,0.0,0.0,0.0,1.0,0.0,0.0,0.0
34.662251,109.226196,82,59,188,106.0,31.0,44.0,291.0,6,2013/1/29,1,2.0,4.0,1.0,0.0,1.0,0.0,0.0,0.0,0.0,0.0
34.366699,109.214211,76,105,184,108.0,13.0,17.0,352.0,7,2013/1/29,0,11.0,5.0,1.0,0.0,0.0,0.0,1.0,0.0,0.0,0.0
34.366699,109.214211,76,105,184,108.0,13.0,17.0,352.0,7,2013/1/29,1,2.0,4.0,1.0,0.0,1.0,0.0,0.0,0.0,0.0,0.0
34.209648,108.977669,91,129,314,116.0,36.0,43.0,364.0,7,2013/1/29,0,11.0,5.0,1.0,0.0,0.0,0.0,1.0,0.0,0.0,0.0
34.209648,108.977669,91,129,314,116.0,36.0,43.0,364.0,7,2013/1/29,1,2.0,4.0,1.0,0.0,1.0,0.0,0.0,0.0,0.0,0.0
34.354256,109.011482,68,116,275,108.0,22.0,23.0,343.0,7,2013/1/29,0,11.0,5.0,1.0,0.0,0.0,0.0,1.0,0.0,0.0,0.0
34.354256,109.011482,68,116,275,108.0,22.0,23.0,343.0,7,2013/1/29,1,2.0,4.0,1.0,0.0,1.0,0.0,0.0,0.0,0.0,0.0
34.382896,108.88327,104,83,170,114.0,24.0,26.0,327.0,7,2013/1/29,0,11.0,5.0,1.0,0.0,0.0,0.0,1.0,0.0,0.0,0.0
34.382896,108.88327,104,83,170,114.0,24.0,26.0,327.0,7,2013/1/29,1,2.0,4.0,1.0,0.0,1.0,0.0,0.0,0.0,0.0,0.0
34.259781,108.856987,118,148,322,115.0,10.0,10.0,429.0,7,2013/1/30,0,11.0,2.0,1.0,0.0,1.0,0.0,0.0,0.0,0.0,0.0
34.259781,108.856987,118,148,322,115.0,10.0,10.0,429.0,7,2013/1/30,1,2.0,5.0,1.0,0.0,1.0,0.0,0.0,0.0,0.0,0.0
34.261593,108.98996,106,30,438,94.0,6.0,6.0,447.0,7,2013/1/30,0,11.0,2.0,1.0,0.0,1.0,0.0,0.0,0.0,0.0,0.0
34.261593,108.98996,106,30,438,94.0,6.0,6.0,447.0,7,2013/1/30,1,2.0,5.0,1.0,0.0,1.0,0.0,0.0,0.0,0.0,0.0
34.279709,109.07048,68,114,328,89.0,12.0,15.0,414.0,7,2013/1/30,0,11.0,2.0,1.0,0.0,1.0,0.0,0.0,0.0,0.0,0.0
34.279709,109.07048,68,114,328,89.0,12.0,15.0,414.0,7,2013/1/30,1,2.0,5.0,1.0,0.0,1.0,0.0,0.0,0.0,0.0,0.0
34.22282,108.947144,105,87,500,102.0,7.0,10.0,389.0,7,2013/1/30,0,11.0,2.0,1.0,0.0,1.0,0.0,0.0,0.0,0.0,0.0
34.22282,108.947144,105,87,500,102.0,7.0,10.0,389.0,7,2013/1/30,1,2.0,5.0,1.0,0.0,1.0,0.0,0.0,0.0,0.0,0.0
34.26955,108.95903,85,108,364,107.0,50.0,55.0,341.0,7,2013/1/30,0,11.0,2.0,1.0,0.0,1.0,0.0,0.0,0.0,0.0,0.0
34.26955,108.95903,85,108,364,107.0,50.0,55.0,341.0,7,2013/1/30,1,2.0,5.0,1.0,0.0,1.0,0.0,0.0,0.0,0.0,0.0
34.233376,108.9049,107,118,328,82.0,15.0,19.0,408.0,7,2013/1/30,0,11.0,2.0,1.0,0.0,1.0,0.0,0.0,0.0,0.0,0.0
34.233376,108.9049,107,118,328,82.0,15.0,19.0,408.0,7,2013/1/30,1,2.0,5.0,1.0,0.0,1.0,0.0,0.0,0.0,0.0,0.0
34.35886,108.929192,64,72,338,105.0,9.0,11.0,379.0,7,2013/1/30,0,11.0,2.0,1.0,0.0,1.0,0.0,0.0,0.0,0.0,0.0
34.35886,108.929192,64,72,338,105.0,9.0,11.0,379.0,7,2013/1/30,1,2.0,5.0,1.0,0.0,1.0,0.0,0.0,0.0,0.0,0.0
34.158932,108.90696,96,60,262,93.0,24.0,26.0,410.0,7,2013/1/30,0,11.0,2.0,1.0,0.0,1.0,0.0,0.0,0.0,0.0,0.0
34.158932,108.90696,96,60,262,93.0,24.0,26.0,410.0,7,2013/1/30,1,2.0,5.0,1.0,0.0,1.0,0.0,0.0,0.0,0.0,0.0
34.662251,109.226196,83,60,292,109.0,26.0,38.0,371.0,7,2013/1/30,0,11.0,2.0,1.0,0.0,1.0,0.0,0.0,0.0,0.0,0.0
34.662251,109.226196,83,60,292,109.0,26.0,38.0,371.0,7,2013/1/30,1,2.0,5.0,1.0,0.0,1.0,0.0,0.0,0.0,0.0,0.0
34.366699,109.214211,89,125,250,107.0,11.0,15.0,410.0,7,2013/1/30,0,11.0,2.0,1.0,0.0,1.0,0.0,0.0,0.0,0.0,0.0
34.366699,109.214211,89,125,250,107.0,11.0,15.0,410.0,7,2013/1/30,1,2.0,5.0,1.0,0.0,1.0,0.0,0.0,0.0,0.0,0.0
34.209648,108.977669,113,141,338,111.0,9.0,10.0,414.0,7,2013/1/30,0,11.0,2.0,1.0,0.0,1.0,0.0,0.0,0.0,0.0,0.0
34.209648,108.977669,113,141,338,111.0,9.0,10.0,414.0,7,2013/1/30,1,2.0,5.0,1.0,0.0,1.0,0.0,0.0,0.0,0.0,0.0
34.354256,109.011482,84,132,405,111.0,14.0,15.0,422.0,7,2013/1/30,0,11.0,2.0,1.0,0.0,1.0,0.0,0.0,0.0,0.0,0.0
34.354256,109.011482,84,132,405,111.0,14.0,15.0,422.0,7,2013/1/30,1,2.0,5.0,1.0,0.0,1.0,0.0,0.0,0.0,0.0,0.0
34.382896,108.88327,108,105,368,114.0,14.0,18.0,460.0,7,2013/1/30,0,11.0,2.0,1.0,0.0,1.0,0.0,0.0,0.0,0.0,0.0
34.382896,108.88327,108,105,368,114.0,14.0,18.0,460.0,7,2013/1/30,1,2.0,5.0,1.0,0.0,1.0,0.0,0.0,0.0,0.0,0.0
34.259781,108.856987,107,134,172,114.0,10.0,10.0,318.0,7,2013/1/31,0,11.0,5.0,1.0,0.0,0.0,1.0,0.0,0.0,0.0,0.0
34.259781,108.856987,107,134,172,114.0,10.0,10.0,318.0,7,2013/1/31,1,1.0,2.0,1.0,0.0,0.0,1.0,0.0,0.0,0.0,0.0
34.261593,108.98996,84,25,246,87.0,6.0,6.0,370.0,7,2013/1/31,0,11.0,5.0,1.0,0.0,0.0,1.0,0.0,0.0,0.0,0.0
34.261593,108.98996,84,25,246,87.0,6.0,6.0,370.0,7,2013/1/31,1,1.0,2.0,1.0,0.0,0.0,1.0,0.0,0.0,0.0,0.0
34.279709,109.07048,44,102,213,86.0,15.0,16.0,333.0,7,2013/1/31,0,11.0,5.0,1.0,0.0,0.0,1.0,0.0,0.0,0.0,0.0
34.279709,109.07048,44,102,213,86.0,15.0,16.0,333.0,7,2013/1/31,1,1.0,2.0,1.0,0.0,0.0,1.0,0.0,0.0,0.0,0.0
34.22282,108.947144,71,65,370,101.0,11.0,12.0,312.0,7,2013/1/31,0,11.0,5.0,1.0,0.0,0.0,1.0,0.0,0.0,0.0,0.0
34.22282,108.947144,71,65,370,101.0,11.0,12.0,312.0,7,2013/1/31,1,1.0,2.0,1.0,0.0,0.0,1.0,0.0,0.0,0.0,0.0
34.26955,108.95903,82,88,262,103.0,43.0,46.0,341.0,7,2013/1/31,0,11.0,5.0,1.0,0.0,0.0,1.0,0.0,0.0,0.0,0.0
34.26955,108.95903,82,88,262,103.0,43.0,46.0,341.0,7,2013/1/31,1,1.0,2.0,1.0,0.0,0.0,1.0,0.0,0.0,0.0,0.0
34.233376,108.9049,82,108,226,79.0,16.0,18.0,339.0,7,2013/1/31,0,11.0,5.0,1.0,0.0,0.0,1.0,0.0,0.0,0.0,0.0
34.233376,108.9049,82,108,226,79.0,16.0,18.0,339.0,7,2013/1/31,1,1.0,2.0,1.0,0.0,0.0,1.0,0.0,0.0,0.0,0.0
34.35886,108.929192,35,57,392,102.0,9.0,12.0,474.0,7,2013/1/31,0,11.0,5.0,1.0,0.0,0.0,1.0,0.0,0.0,0.0,0.0
34.35886,108.929192,35,57,392,102.0,9.0,12.0,474.0,7,2013/1/31,1,1.0,2.0,1.0,0.0,0.0,1.0,0.0,0.0,0.0,0.0
34.158932,108.90696,57,52,183,90.0,17.0,19.0,338.0,7,2013/1/31,0,11.0,5.0,1.0,0.0,0.0,1.0,0.0,0.0,0.0,0.0
34.158932,108.90696,57,52,183,90.0,17.0,19.0,338.0,7,2013/1/31,1,1.0,2.0,1.0,0.0,0.0,1.0,0.0,0.0,0.0,0.0
34.662251,109.226196,68,58,263,108.0,23.0,33.0,344.0,7,2013/1/31,0,11.0,5.0,1.0,0.0,0.0,1.0,0.0,0.0,0.0,0.0
34.662251,109.226196,68,58,263,108.0,23.0,33.0,344.0,7,2013/1/31,1,1.0,2.0,1.0,0.0,0.0,1.0,0.0,0.0,0.0,0.0
34.366699,109.214211,56,111,176,106.0,14.0,17.0,336.0,7,2013/1/31,0,11.0,5.0,1.0,0.0,0.0,1.0,0.0,0.0,0.0,0.0
34.366699,109.214211,56,111,176,106.0,14.0,17.0,336.0,7,2013/1/31,1,1.0,2.0,1.0,0.0,0.0,1.0,0.0,0.0,0.0,0.0
34.209648,108.977669,93,120,308,102.0,14.0,12.0,288.0,7,2013/1/31,0,11.0,5.0,1.0,0.0,0.0,1.0,0.0,0.0,0.0,0.0
34.209648,108.977669,93,120,308,102.0,14.0,12.0,288.0,7,2013/1/31,1,1.0,2.0,1.0,0.0,0.0,1.0,0.0,0.0,0.0,0.0
34.354256,109.011482,56,116,215,111.0,12.0,12.0,334.0,7,2013/1/31,0,11.0,5.0,1.0,0.0,0.0,1.0,0.0,0.0,0.0,0.0
34.354256,109.011482,56,116,215,111.0,12.0,12.0,334.0,7,2013/1/31,1,1.0,2.0,1.0,0.0,0.0,1.0,0.0,0.0,0.0,0.0
34.382896,108.88327,107,93,159,103.0,11.0,15.0,315.0,7,2013/1/31,0,11.0,5.0,1.0,0.0,0.0,1.0,0.0,0.0,0.0,0.0
34.382896,108.88327,107,93,159,103.0,11.0,15.0,315.0,7,2013/1/31,1,1.0,2.0,1.0,0.0,0.0,1.0,0.0,0.0,0.0,0.0
34.259781,108.856987,63,63,145,10.0,27.0,40.0,67.0,3,2013/3/1,0,8.0,0.0,2.0,1.0,0.0,0.0,0.0,0.0,1.0,0.0
34.259781,108.856987,63,63,145,10.0,27.0,40.0,67.0,3,2013/3/1,1,2.0,0.0,1.0,0.0,0.0,0.0,1.0,0.0,0.0,0.0
34.261593,108.98996,45,59,164,38.0,22.0,31.0,65.0,4,2013/3/1,0,8.0,0.0,2.0,1.0,0.0,0.0,0.0,0.0,1.0,0.0
34.261593,108.98996,45,59,164,38.0,22.0,31.0,65.0,4,2013/3/1,1,2.0,0.0,1.0,0.0,0.0,0.0,1.0,0.0,0.0,0.0
34.279709,109.07048,47,69,137,21.0,20.0,27.0,90.0,3,2013/3/1,0,8.0,0.0,2.0,1.0,0.0,0.0,0.0,0.0,1.0,0.0
34.279709,109.07048,47,69,137,21.0,20.0,27.0,90.0,3,2013/3/1,1,2.0,0.0,1.0,0.0,0.0,0.0,1.0,0.0,0.0,0.0
34.22282,108.947144,58,55,163,30.0,18.0,25.0,54.0,4,2013/3/1,0,8.0,0.0,2.0,1.0,0.0,0.0,0.0,0.0,1.0,0.0
34.22282,108.947144,58,55,163,30.0,18.0,25.0,54.0,4,2013/3/1,1,2.0,0.0,1.0,0.0,0.0,0.0,1.0,0.0,0.0,0.0
34.233376,108.9049,55,84,164,58.0,26.0,35.0,70.0,4,2013/3/1,0,8.0,0.0,2.0,1.0,0.0,0.0,0.0,0.0,1.0,0.0
34.233376,108.9049,55,84,164,58.0,26.0,35.0,70.0,4,2013/3/1,1,2.0,0.0,1.0,0.0,0.0,0.0,1.0,0.0,0.0,0.0
34.35886,108.929192,15,29,139,13.0,23.0,35.0,55.0,3,2013/3/1,0,8.0,0.0,2.0,1.0,0.0,0.0,0.0,0.0,1.0,0.0
34.35886,108.929192,15,29,139,13.0,23.0,35.0,55.0,3,2013/3/1,1,2.0,0.0,1.0,0.0,0.0,0.0,1.0,0.0,0.0,0.0
34.158932,108.90696,33,29,162,24.0,23.0,34.0,80.0,4,2013/3/1,0,8.0,0.0,2.0,1.0,0.0,0.0,0.0,0.0,1.0,0.0
34.158932,108.90696,33,29,162,24.0,23.0,34.0,80.0,4,2013/3/1,1,2.0,0.0,1.0,0.0,0.0,0.0,1.0,0.0,0.0,0.0
34.662251,109.226196,29,14,118,11.0,48.0,90.0,52.0,3,2013/3/1,0,8.0,0.0,2.0,1.0,0.0,0.0,0.0,0.0,1.0,0.0
34.662251,109.226196,29,14,118,11.0,48.0,90.0,52.0,3,2013/3/1,1,2.0,0.0,1.0,0.0,0.0,0.0,1.0,0.0,0.0,0.0
34.209648,108.977669,33,79,155,37.0,19.0,26.0,63.0,4,2013/3/1,0,8.0,0.0,2.0,1.0,0.0,0.0,0.0,0.0,1.0,0.0
34.209648,108.977669,33,79,155,37.0,19.0,26.0,63.0,4,2013/3/1,1,2.0,0.0,1.0,0.0,0.0,0.0,1.0,0.0,0.0,0.0
34.354256,109.011482,34,58,157,24.0,23.0,35.0,67.0,4,2013/3/1,0,8.0,0.0,2.0,1.0,0.0,0.0,0.0,0.0,1.0,0.0
34.354256,109.011482,34,58,157,24.0,23.0,35.0,67.0,4,2013/3/1,1,2.0,0.0,1.0,0.0,0.0,0.0,1.0,0.0,0.0,0.0
34.382896,108.88327,35,29,82,9.0,14.0,20.0,58.0,1,2013/3/1,0,8.0,0.0,2.0,1.0,0.0,0.0,0.0,0.0,1.0,0.0
34.382896,108.88327,35,29,82,9.0,14.0,20.0,58.0,1,2013/3/1,1,2.0,0.0,1.0,0.0,0.0,0.0,1.0,0.0,0.0,0.0
34.259781,108.856987,94,88,144,20.0,30.0,35.0,103.0,3,2013/3/2,0,12.0,2.0,1.0,0.0,0.0,1.0,0.0,0.0,0.0,0.0
34.259781,108.856987,94,88,144,20.0,30.0,35.0,103.0,3,2013/3/2,1,1.0,0.0,1.0,0.0,0.0,1.0,0.0,0.0,0.0,0.0
34.261593,108.98996,65,94,168,50.0,36.0,43.0,112.0,4,2013/3/2,0,12.0,2.0,1.0,0.0,0.0,1.0,0.0,0.0,0.0,0.0
34.261593,108.98996,65,94,168,50.0,36.0,43.0,112.0,4,2013/3/2,1,1.0,0.0,1.0,0.0,0.0,1.0,0.0,0.0,0.0,0.0
34.279709,109.07048,67,103,157,40.0,16.0,19.0,137.0,4,2013/3/2,0,12.0,2.0,1.0,0.0,0.0,1.0,0.0,0.0,0.0,0.0
34.279709,109.07048,67,103,157,40.0,16.0,19.0,137.0,4,2013/3/2,1,1.0,0.0,1.0,0.0,0.0,1.0,0.0,0.0,0.0,0.0
34.22282,108.947144,69,64,148,18.0,21.0,27.0,78.0,3,2013/3/2,0,12.0,2.0,1.0,0.0,0.0,1.0,0.0,0.0,0.0,0.0
34.22282,108.947144,69,64,148,18.0,21.0,27.0,78.0,3,2013/3/2,1,1.0,0.0,1.0,0.0,0.0,1.0,0.0,0.0,0.0,0.0
34.26955,108.95903,75,85,192,48.0,24.0,27.0,100.0,4,2013/3/2,0,12.0,2.0,1.0,0.0,0.0,1.0,0.0,0.0,0.0,0.0
34.26955,108.95903,75,85,192,48.0,24.0,27.0,100.0,4,2013/3/2,1,1.0,0.0,1.0,0.0,0.0,1.0,0.0,0.0,0.0,0.0
34.233376,108.9049,58,93,152,64.0,31.0,42.0,95.0,4,2013/3/2,0,12.0,2.0,1.0,0.0,0.0,1.0,0.0,0.0,0.0,0.0
34.233376,108.9049,58,93,152,64.0,31.0,42.0,95.0,4,2013/3/2,1,1.0,0.0,1.0,0.0,0.0,1.0,0.0,0.0,0.0,0.0
34.35886,108.929192,22,57,157,25.0,25.0,32.0,100.0,4,2013/3/2,0,12.0,2.0,1.0,0.0,0.0,1.0,0.0,0.0,0.0,0.0
34.35886,108.929192,22,57,157,25.0,25.0,32.0,100.0,4,2013/3/2,1,1.0,0.0,1.0,0.0,0.0,1.0,0.0,0.0,0.0,0.0
34.158932,108.90696,52,38,153,36.0,24.0,31.0,97.0,4,2013/3/2,0,12.0,2.0,1.0,0.0,0.0,1.0,0.0,0.0,0.0,0.0
34.158932,108.90696,52,38,153,36.0,24.0,31.0,97.0,4,2013/3/2,1,1.0,0.0,1.0,0.0,0.0,1.0,0.0,0.0,0.0,0.0
34.662251,109.226196,53,29,172,21.0,70.0,107.0,110.0,4,2013/3/2,0,12.0,2.0,1.0,0.0,0.0,1.0,0.0,0.0,0.0,0.0
34.662251,109.226196,53,29,172,21.0,70.0,107.0,110.0,4,2013/3/2,1,1.0,0.0,1.0,0.0,0.0,1.0,0.0,0.0,0.0,0.0
34.209648,108.977669,37,92,151,9.0,22.0,25.0,100.0,4,2013/3/2,0,12.0,2.0,1.0,0.0,0.0,1.0,0.0,0.0,0.0,0.0
34.209648,108.977669,37,92,151,9.0,22.0,25.0,100.0,4,2013/3/2,1,1.0,0.0,1.0,0.0,0.0,1.0,0.0,0.0,0.0,0.0
34.354256,109.011482,90,105,171,40.0,20.0,23.0,120.0,4,2013/3/2,0,12.0,2.0,1.0,0.0,0.0,1.0,0.0,0.0,0.0,0.0
34.354256,109.011482,90,105,171,40.0,20.0,23.0,120.0,4,2013/3/2,1,1.0,0.0,1.0,0.0,0.0,1.0,0.0,0.0,0.0,0.0
34.382896,108.88327,48,52,131,29.0,15.0,20.0,117.0,3,2013/3/2,0,12.0,2.0,1.0,0.0,0.0,1.0,0.0,0.0,0.0,0.0
34.382896,108.88327,48,52,131,29.0,15.0,20.0,117.0,3,2013/3/2,1,1.0,0.0,1.0,0.0,0.0,1.0,0.0,0.0,0.0,0.0
34.259781,108.856987,60,88,153,32.0,38.0,48.0,127.0,4,2013/3/3,0,16.0,0.0,1.0,0.0,0.0,1.0,0.0,0.0,0.0,0.0
34.259781,108.856987,60,88,153,32.0,38.0,48.0,127.0,4,2013/3/3,1,3.0,2.0,1.0,0.0,0.0,1.0,0.0,0.0,0.0,0.0
34.261593,108.98996,50,93,205,57.0,34.0,40.0,130.0,6,2013/3/3,0,16.0,0.0,1.0,0.0,0.0,1.0,0.0,0.0,0.0,0.0
34.261593,108.98996,50,93,205,57.0,34.0,40.0,130.0,6,2013/3/3,1,3.0,2.0,1.0,0.0,0.0,1.0,0.0,0.0,0.0,0.0
34.279709,109.07048,47,100,162,44.0,24.0,28.0,152.0,4,2013/3/3,0,16.0,0.0,1.0,0.0,0.0,1.0,0.0,0.0,0.0,0.0
34.279709,109.07048,47,100,162,44.0,24.0,28.0,152.0,4,2013/3/3,1,3.0,2.0,1.0,0.0,0.0,1.0,0.0,0.0,0.0,0.0
34.22282,108.947144,46,70,162,45.0,26.0,34.0,95.0,4,2013/3/3,0,16.0,0.0,1.0,0.0,0.0,1.0,0.0,0.0,0.0,0.0
34.22282,108.947144,46,70,162,45.0,26.0,34.0,95.0,4,2013/3/3,1,3.0,2.0,1.0,0.0,0.0,1.0,0.0,0.0,0.0,0.0
34.26955,108.95903,56,89,193,57.0,30.0,36.0,125.0,4,2013/3/3,0,16.0,0.0,1.0,0.0,0.0,1.0,0.0,0.0,0.0,0.0
34.26955,108.95903,56,89,193,57.0,30.0,36.0,125.0,4,2013/3/3,1,3.0,2.0,1.0,0.0,0.0,1.0,0.0,0.0,0.0,0.0
34.233376,108.9049,38,93,158,63.0,39.0,55.0,115.0,4,2013/3/3,0,16.0,0.0,1.0,0.0,0.0,1.0,0.0,0.0,0.0,0.0
34.233376,108.9049,38,93,158,63.0,39.0,55.0,115.0,4,2013/3/3,1,3.0,2.0,1.0,0.0,0.0,1.0,0.0,0.0,0.0,0.0
34.35886,108.929192,27,60,164,29.0,32.0,41.0,123.0,4,2013/3/3,0,16.0,0.0,1.0,0.0,0.0,1.0,0.0,0.0,0.0,0.0
34.35886,108.929192,27,60,164,29.0,32.0,41.0,123.0,4,2013/3/3,1,3.0,2.0,1.0,0.0,0.0,1.0,0.0,0.0,0.0,0.0
34.158932,108.90696,28,35,150,36.0,33.0,45.0,107.0,3,2013/3/3,0,16.0,0.0,1.0,0.0,0.0,1.0,0.0,0.0,0.0,0.0
34.158932,108.90696,28,35,150,36.0,33.0,45.0,107.0,3,2013/3/3,1,3.0,2.0,1.0,0.0,0.0,1.0,0.0,0.0,0.0,0.0
34.662251,109.226196,32,141,180,21.0,106.0,130.0,109.0,4,2013/3/3,0,16.0,0.0,1.0,0.0,0.0,1.0,0.0,0.0,0.0,0.0
34.662251,109.226196,32,141,180,21.0,106.0,130.0,109.0,4,2013/3/3,1,3.0,2.0,1.0,0.0,0.0,1.0,0.0,0.0,0.0,0.0
34.209648,108.977669,43,97,179,23.0,29.0,35.0,123.0,4,2013/3/3,0,16.0,0.0,1.0,0.0,0.0,1.0,0.0,0.0,0.0,0.0
34.209648,108.977669,43,97,179,23.0,29.0,35.0,123.0,4,2013/3/3,1,3.0,2.0,1.0,0.0,0.0,1.0,0.0,0.0,0.0,0.0
34.354256,109.011482,55,95,172,40.0,34.0,41.0,117.0,4,2013/3/3,0,16.0,0.0,1.0,0.0,0.0,1.0,0.0,0.0,0.0,0.0
34.354256,109.011482,55,95,172,40.0,34.0,41.0,117.0,4,2013/3/3,1,3.0,2.0,1.0,0.0,0.0,1.0,0.0,0.0,0.0,0.0
34.382896,108.88327,50,57,175,49.0,21.0,25.0,192.0,4,2013/3/3,0,16.0,0.0,1.0,0.0,0.0,1.0,0.0,0.0,0.0,0.0
34.382896,108.88327,50,57,175,49.0,21.0,25.0,192.0,4,2013/3/3,1,3.0,2.0,1.0,0.0,0.0,1.0,0.0,0.0,0.0,0.0
34.259781,108.856987,69,81,171,43.0,33.0,37.0,169.0,4,2013/3/4,0,20.0,1.0,1.0,0.0,0.0,1.0,0.0,0.0,0.0,0.0
34.259781,108.856987,69,81,171,43.0,33.0,37.0,169.0,4,2013/3/4,1,4.0,2.0,1.0,0.0,1.0,0.0,0.0,0.0,0.0,0.0
34.261593,108.98996,41,98,177,53.0,33.0,40.0,125.0,4,2013/3/4,0,20.0,1.0,1.0,0.0,0.0,1.0,0.0,0.0,0.0,0.0
34.261593,108.98996,41,98,177,53.0,33.0,40.0,125.0,4,2013/3/4,1,4.0,2.0,1.0,0.0,1.0,0.0,0.0,0.0,0.0,0.0
34.279709,109.07048,53,104,171,43.0,23.0,28.0,153.0,4,2013/3/4,0,20.0,1.0,1.0,0.0,0.0,1.0,0.0,0.0,0.0,0.0
34.279709,109.07048,53,104,171,43.0,23.0,28.0,153.0,4,2013/3/4,1,4.0,2.0,1.0,0.0,1.0,0.0,0.0,0.0,0.0,0.0
34.22282,108.947144,87,101,161,44.0,23.0,24.0,108.0,4,2013/3/4,0,20.0,1.0,1.0,0.0,0.0,1.0,0.0,0.0,0.0,0.0
34.22282,108.947144,87,101,161,44.0,23.0,24.0,108.0,4,2013/3/4,1,4.0,2.0,1.0,0.0,1.0,0.0,0.0,0.0,0.0,0.0
34.26955,108.95903,59,101,199,62.0,31.0,35.0,133.0,4,2013/3/4,0,20.0,1.0,1.0,0.0,0.0,1.0,0.0,0.0,0.0,0.0
34.26955,108.95903,59,101,199,62.0,31.0,35.0,133.0,4,2013/3/4,1,4.0,2.0,1.0,0.0,1.0,0.0,0.0,0.0,0.0,0.0
34.233376,108.9049,68,112,194,69.0,34.0,41.0,176.0,4,2013/3/4,0,20.0,1.0,1.0,0.0,0.0,1.0,0.0,0.0,0.0,0.0
34.233376,108.9049,68,112,194,69.0,34.0,41.0,176.0,4,2013/3/4,1,4.0,2.0,1.0,0.0,1.0,0.0,0.0,0.0,0.0,0.0
34.35886,108.929192,31,66,188,36.0,31.0,38.0,144.0,4,2013/3/4,0,20.0,1.0,1.0,0.0,0.0,1.0,0.0,0.0,0.0,0.0
34.35886,108.929192,31,66,188,36.0,31.0,38.0,144.0,4,2013/3/4,1,4.0,2.0,1.0,0.0,1.0,0.0,0.0,0.0,0.0,0.0
34.158932,108.90696,68,54,169,64.0,48.0,77.0,138.0,4,2013/3/4,0,20.0,1.0,1.0,0.0,0.0,1.0,0.0,0.0,0.0,0.0
34.158932,108.90696,68,54,169,64.0,48.0,77.0,138.0,4,2013/3/4,1,4.0,2.0,1.0,0.0,1.0,0.0,0.0,0.0,0.0,0.0
34.662251,109.226196,35,165,156,29.0,116.0,161.0,107.0,4,2013/3/4,0,20.0,1.0,1.0,0.0,0.0,1.0,0.0,0.0,0.0,0.0
34.662251,109.226196,35,165,156,29.0,116.0,161.0,107.0,4,2013/3/4,1,4.0,2.0,1.0,0.0,1.0,0.0,0.0,0.0,0.0,0.0
34.366699,109.214211,74,69,126,60.0,23.0,27.0,123.0,3,2013/3/4,0,20.0,1.0,1.0,0.0,0.0,1.0,0.0,0.0,0.0,0.0
34.366699,109.214211,74,69,126,60.0,23.0,27.0,123.0,3,2013/3/4,1,4.0,2.0,1.0,0.0,1.0,0.0,0.0,0.0,0.0,0.0
34.209648,108.977669,46,104,172,22.0,31.0,37.0,124.0,4,2013/3/4,0,20.0,1.0,1.0,0.0,0.0,1.0,0.0,0.0,0.0,0.0
34.209648,108.977669,46,104,172,22.0,31.0,37.0,124.0,4,2013/3/4,1,4.0,2.0,1.0,0.0,1.0,0.0,0.0,0.0,0.0,0.0
34.354256,109.011482,47,95,157,40.0,33.0,44.0,125.0,4,2013/3/4,0,20.0,1.0,1.0,0.0,0.0,1.0,0.0,0.0,0.0,0.0
34.354256,109.011482,47,95,157,40.0,33.0,44.0,125.0,4,2013/3/4,1,4.0,2.0,1.0,0.0,1.0,0.0,0.0,0.0,0.0,0.0
34.382896,108.88327,51,53,155,61.0,22.0,28.0,173.0,4,2013/3/4,0,20.0,1.0,1.0,0.0,0.0,1.0,0.0,0.0,0.0,0.0
34.382896,108.88327,51,53,155,61.0,22.0,28.0,173.0,4,2013/3/4,1,4.0,2.0,1.0,0.0,1.0,0.0,0.0,0.0,0.0,0.0
34.259781,108.856987,85,87,192,60.0,33.0,35.0,252.0,6,2013/3/5,0,21.0,2.0,1.0,0.0,1.0,0.0,0.0,0.0,0.0,0.0
34.259781,108.856987,85,87,192,60.0,33.0,35.0,252.0,6,2013/3/5,1,6.0,7.0,1.0,0.0,1.0,0.0,0.0,0.0,0.0,0.0
34.261593,108.98996,69,111,345,74.0,32.0,41.0,223.0,7,2013/3/5,0,21.0,2.0,1.0,0.0,1.0,0.0,0.0,0.0,0.0,0.0
34.261593,108.98996,69,111,345,74.0,32.0,41.0,223.0,7,2013/3/5,1,6.0,7.0,1.0,0.0,1.0,0.0,0.0,0.0,0.0,0.0
34.279709,109.07048,64,111,191,52.0,28.0,34.0,203.0,6,2013/3/5,0,21.0,2.0,1.0,0.0,1.0,0.0,0.0,0.0,0.0,0.0
34.279709,109.07048,64,111,191,52.0,28.0,34.0,203.0,6,2013/3/5,1,6.0,7.0,1.0,0.0,1.0,0.0,0.0,0.0,0.0,0.0
34.22282,108.947144,97,111,209,52.0,22.0,24.0,193.0,6,2013/3/5,0,21.0,2.0,1.0,0.0,1.0,0.0,0.0,0.0,0.0,0.0
34.22282,108.947144,97,111,209,52.0,22.0,24.0,193.0,6,2013/3/5,1,6.0,7.0,1.0,0.0,1.0,0.0,0.0,0.0,0.0,0.0
34.26955,108.95903,59,115,304,88.0,31.0,38.0,227.0,7,2013/3/5,0,21.0,2.0,1.0,0.0,1.0,0.0,0.0,0.0,0.0,0.0
34.26955,108.95903,59,115,304,88.0,31.0,38.0,227.0,7,2013/3/5,1,6.0,7.0,1.0,0.0,1.0,0.0,0.0,0.0,0.0,0.0
34.233376,108.9049,81,123,195,61.0,29.0,37.0,222.0,6,2013/3/5,0,21.0,2.0,1.0,0.0,1.0,0.0,0.0,0.0,0.0,0.0
34.233376,108.9049,81,123,195,61.0,29.0,37.0,222.0,6,2013/3/5,1,6.0,7.0,1.0,0.0,1.0,0.0,0.0,0.0,0.0,0.0
34.35886,108.929192,44,101,226,46.0,32.0,42.0,211.0,6,2013/3/5,0,21.0,2.0,1.0,0.0,1.0,0.0,0.0,0.0,0.0,0.0
34.35886,108.929192,44,101,226,46.0,32.0,42.0,211.0,6,2013/3/5,1,6.0,7.0,1.0,0.0,1.0,0.0,0.0,0.0,0.0,0.0
34.158932,108.90696,81,64,185,100.0,95.0,122.0,213.0,6,2013/3/5,0,21.0,2.0,1.0,0.0,1.0,0.0,0.0,0.0,0.0,0.0
34.158932,108.90696,81,64,185,100.0,95.0,122.0,213.0,6,2013/3/5,1,6.0,7.0,1.0,0.0,1.0,0.0,0.0,0.0,0.0,0.0
34.366699,109.214211,81,74,138,45.0,31.0,33.0,165.0,4,2013/3/5,0,21.0,2.0,1.0,0.0,1.0,0.0,0.0,0.0,0.0,0.0
34.366699,109.214211,81,74,138,45.0,31.0,33.0,165.0,4,2013/3/5,1,6.0,7.0,1.0,0.0,1.0,0.0,0.0,0.0,0.0,0.0
34.354256,109.011482,60,107,185,55.0,40.0,51.0,195.0,4,2013/3/5,0,21.0,2.0,1.0,0.0,1.0,0.0,0.0,0.0,0.0,0.0
34.354256,109.011482,60,107,185,55.0,40.0,51.0,195.0,4,2013/3/5,1,6.0,7.0,1.0,0.0,1.0,0.0,0.0,0.0,0.0,0.0
34.382896,108.88327,55,60,177,76.0,26.0,30.0,218.0,6,2013/3/5,0,21.0,2.0,1.0,0.0,1.0,0.0,0.0,0.0,0.0,0.0
34.382896,108.88327,55,60,177,76.0,26.0,30.0,218.0,6,2013/3/5,1,6.0,7.0,1.0,0.0,1.0,0.0,0.0,0.0,0.0,0.0
34.259781,108.856987,74,80,196,33.0,33.0,46.0,209.0,6,2013/3/6,0,21.0,0.0,2.0,0.0,0.0,1.0,0.0,0.0,0.0,0.0
34.259781,108.856987,74,80,196,33.0,33.0,46.0,209.0,6,2013/3/6,1,4.0,6.0,1.0,0.0,0.0,1.0,0.0,0.0,0.0,0.0
34.261593,108.98996,57,104,288,61.0,26.0,29.0,162.0,6,2013/3/6,0,21.0,0.0,2.0,0.0,0.0,1.0,0.0,0.0,0.0,0.0
34.261593,108.98996,57,104,288,61.0,26.0,29.0,162.0,6,2013/3/6,1,4.0,6.0,1.0,0.0,0.0,1.0,0.0,0.0,0.0,0.0
34.279709,109.07048,59,106,250,52.0,24.0,28.0,195.0,6,2013/3/6,0,21.0,0.0,2.0,0.0,0.0,1.0,0.0,0.0,0.0,0.0
34.279709,109.07048,59,106,250,52.0,24.0,28.0,195.0,6,2013/3/6,1,4.0,6.0,1.0,0.0,0.0,1.0,0.0,0.0,0.0,0.0
34.22282,108.947144,52,82,191,35.0,26.0,34.0,127.0,4,2013/3/6,0,21.0,0.0,2.0,0.0,0.0,1.0,0.0,0.0,0.0,0.0
34.22282,108.947144,52,82,191,35.0,26.0,34.0,127.0,4,2013/3/6,1,4.0,6.0,1.0,0.0,0.0,1.0,0.0,0.0,0.0,0.0
34.26955,108.95903,55,101,339,70.0,29.0,37.0,166.0,7,2013/3/6,0,21.0,0.0,2.0,0.0,0.0,1.0,0.0,0.0,0.0,0.0
34.26955,108.95903,55,101,339,70.0,29.0,37.0,166.0,7,2013/3/6,1,4.0,6.0,1.0,0.0,0.0,1.0,0.0,0.0,0.0,0.0
34.233376,108.9049,43,95,206,38.0,36.0,48.0,150.0,6,2013/3/6,0,21.0,0.0,2.0,0.0,0.0,1.0,0.0,0.0,0.0,0.0
34.233376,108.9049,43,95,206,38.0,36.0,48.0,150.0,6,2013/3/6,1,4.0,6.0,1.0,0.0,0.0,1.0,0.0,0.0,0.0,0.0
34.35886,108.929192,32,69,195,34.0,32.0,45.0,150.0,4,2013/3/6,0,21.0,0.0,2.0,0.0,0.0,1.0,0.0,0.0,0.0,0.0
34.35886,108.929192,32,69,195,34.0,32.0,45.0,150.0,4,2013/3/6,1,4.0,6.0,1.0,0.0,0.0,1.0,0.0,0.0,0.0,0.0
34.158932,108.90696,52,34,197,46.0,46.0,69.0,129.0,4,2013/3/6,0,21.0,0.0,2.0,0.0,0.0,1.0,0.0,0.0,0.0,0.0
34.158932,108.90696,52,34,197,46.0,46.0,69.0,129.0,4,2013/3/6,1,4.0,6.0,1.0,0.0,0.0,1.0,0.0,0.0,0.0,0.0
34.209648,108.977669,46,97,228,33.0,29.0,35.0,152.0,6,2013/3/6,0,21.0,0.0,2.0,0.0,0.0,1.0,0.0,0.0,0.0,0.0
34.209648,108.977669,46,97,228,33.0,29.0,35.0,152.0,6,2013/3/6,1,4.0,6.0,1.0,0.0,0.0,1.0,0.0,0.0,0.0,0.0
34.354256,109.011482,64,97,242,57.0,34.0,47.0,163.0,6,2013/3/6,0,21.0,0.0,2.0,0.0,0.0,1.0,0.0,0.0,0.0,0.0
34.354256,109.011482,64,97,242,57.0,34.0,47.0,163.0,6,2013/3/6,1,4.0,6.0,1.0,0.0,0.0,1.0,0.0,0.0,0.0,0.0
34.382896,108.88327,51,54,183,85.0,20.0,29.0,183.0,4,2013/3/6,0,21.0,0.0,2.0,0.0,0.0,1.0,0.0,0.0,0.0,0.0
34.382896,108.88327,51,54,183,85.0,20.0,29.0,183.0,4,2013/3/6,1,4.0,6.0,1.0,0.0,0.0,1.0,0.0,0.0,0.0,0.0
34.259781,108.856987,76,94,191,57.0,36.0,42.0,195.0,4,2013/3/7,0,25.0,6.0,1.0,0.0,0.0,1.0,0.0,0.0,0.0,0.0
34.259781,108.856987,76,94,191,57.0,36.0,42.0,195.0,4,2013/3/7,1,9.0,2.0,1.0,0.0,0.0,1.0,0.0,0.0,0.0,0.0
34.279709,109.07048,38,103,182,47.0,26.0,29.0,165.0,4,2013/3/7,0,25.0,6.0,1.0,0.0,0.0,1.0,0.0,0.0,0.0,0.0
34.279709,109.07048,38,103,182,47.0,26.0,29.0,165.0,4,2013/3/7,1,9.0,2.0,1.0,0.0,0.0,1.0,0.0,0.0,0.0,0.0
34.22282,108.947144,68,113,199,68.0,25.0,27.0,127.0,4,2013/3/7,0,25.0,6.0,1.0,0.0,0.0,1.0,0.0,0.0,0.0,0.0
34.22282,108.947144,68,113,199,68.0,25.0,27.0,127.0,4,2013/3/7,1,9.0,2.0,1.0,0.0,0.0,1.0,0.0,0.0,0.0,0.0
34.26955,108.95903,55,111,292,94.0,30.0,33.0,170.0,6,2013/3/7,0,25.0,6.0,1.0,0.0,0.0,1.0,0.0,0.0,0.0,0.0
34.26955,108.95903,55,111,292,94.0,30.0,33.0,170.0,6,2013/3/7,1,9.0,2.0,1.0,0.0,0.0,1.0,0.0,0.0,0.0,0.0
34.233376,108.9049,61,109,200,34.0,39.0,46.0,155.0,4,2013/3/7,0,25.0,6.0,1.0,0.0,0.0,1.0,0.0,0.0,0.0,0.0
34.233376,108.9049,61,109,200,34.0,39.0,46.0,155.0,4,2013/3/7,1,9.0,2.0,1.0,0.0,0.0,1.0,0.0,0.0,0.0,0.0
34.35886,108.929192,62,97,272,63.0,30.0,35.0,178.0,6,2013/3/7,0,25.0,6.0,1.0,0.0,0.0,1.0,0.0,0.0,0.0,0.0
34.35886,108.929192,62,97,272,63.0,30.0,35.0,178.0,6,2013/3/7,1,9.0,2.0,1.0,0.0,0.0,1.0,0.0,0.0,0.0,0.0
34.158932,108.90696,51,45,189,38.0,16.0,19.0,132.0,4,2013/3/7,0,25.0,6.0,1.0,0.0,0.0,1.0,0.0,0.0,0.0,0.0
34.158932,108.90696,51,45,189,38.0,16.0,19.0,132.0,4,2013/3/7,1,9.0,2.0,1.0,0.0,0.0,1.0,0.0,0.0,0.0,0.0
34.662251,109.226196,33,38,185,26.0,8.0,8.0,133.0,4,2013/3/7,0,25.0,6.0,1.0,0.0,0.0,1.0,0.0,0.0,0.0,0.0
34.662251,109.226196,33,38,185,26.0,8.0,8.0,133.0,4,2013/3/7,1,9.0,2.0,1.0,0.0,0.0,1.0,0.0,0.0,0.0,0.0
34.366699,109.214211,62,55,156,34.0,35.0,54.0,135.0,4,2013/3/7,0,25.0,6.0,1.0,0.0,0.0,1.0,0.0,0.0,0.0,0.0
34.366699,109.214211,62,55,156,34.0,35.0,54.0,135.0,4,2013/3/7,1,9.0,2.0,1.0,0.0,0.0,1.0,0.0,0.0,0.0,0.0
34.209648,108.977669,50,102,188,36.0,31.0,37.0,145.0,4,2013/3/7,0,25.0,6.0,1.0,0.0,0.0,1.0,0.0,0.0,0.0,0.0
34.209648,108.977669,50,102,188,36.0,31.0,37.0,145.0,4,2013/3/7,1,9.0,2.0,1.0,0.0,0.0,1.0,0.0,0.0,0.0,0.0
34.354256,109.011482,50,107,199,61.0,34.0,38.0,147.0,4,2013/3/7,0,25.0,6.0,1.0,0.0,0.0,1.0,0.0,0.0,0.0,0.0
34.354256,109.011482,50,107,199,61.0,34.0,38.0,147.0,4,2013/3/7,1,9.0,2.0,1.0,0.0,0.0,1.0,0.0,0.0,0.0,0.0
34.382896,108.88327,56,72,272,104.0,21.0,25.0,203.0,6,2013/3/7,0,25.0,6.0,1.0,0.0,0.0,1.0,0.0,0.0,0.0,0.0
34.382896,108.88327,56,72,272,104.0,21.0,25.0,203.0,6,2013/3/7,1,9.0,2.0,1.0,0.0,0.0,1.0,0.0,0.0,0.0,0.0
34.259781,108.856987,100,112,152,63.0,38.0,49.0,162.0,4,2013/3/8,0,27.0,2.0,1.0,0.0,1.0,0.0,0.0,0.0,0.0,0.0
34.259781,108.856987,100,112,152,63.0,38.0,49.0,162.0,4,2013/3/8,1,14.0,6.0,1.0,0.0,1.0,0.0,0.0,0.0,0.0,0.0
34.261593,108.98996,60,117,179,63.0,38.0,41.0,127.0,4,2013/3/8,0,27.0,2.0,1.0,0.0,1.0,0.0,0.0,0.0,0.0,0.0
34.261593,108.98996,60,117,179,63.0,38.0,41.0,127.0,4,2013/3/8,1,14.0,6.0,1.0,0.0,1.0,0.0,0.0,0.0,0.0,0.0
34.279709,109.07048,52,109,137,42.0,31.0,35.0,118.0,3,2013/3/8,0,27.0,2.0,1.0,0.0,1.0,0.0,0.0,0.0,0.0,0.0
34.279709,109.07048,52,109,137,42.0,31.0,35.0,118.0,3,2013/3/8,1,14.0,6.0,1.0,0.0,1.0,0.0,0.0,0.0,0.0,0.0
34.22282,108.947144,62,113,152,87.0,36.0,39.0,108.0,4,2013/3/8,0,27.0,2.0,1.0,0.0,1.0,0.0,0.0,0.0,0.0,0.0
34.22282,108.947144,62,113,152,87.0,36.0,39.0,108.0,4,2013/3/8,1,14.0,6.0,1.0,0.0,1.0,0.0,0.0,0.0,0.0,0.0
34.26955,108.95903,61,122,101,97.0,37.0,39.0,144.0,3,2013/3/8,0,27.0,2.0,1.0,0.0,1.0,0.0,0.0,0.0,0.0,0.0
34.26955,108.95903,61,122,101,97.0,37.0,39.0,144.0,3,2013/3/8,1,14.0,6.0,1.0,0.0,1.0,0.0,0.0,0.0,0.0,0.0
34.233376,108.9049,53,114,159,38.0,50.0,69.0,135.0,4,2013/3/8,0,27.0,2.0,1.0,0.0,1.0,0.0,0.0,0.0,0.0,0.0
34.233376,108.9049,53,114,159,38.0,50.0,69.0,135.0,4,2013/3/8,1,14.0,6.0,1.0,0.0,1.0,0.0,0.0,0.0,0.0,0.0
34.35886,108.929192,61,121,178,83.0,45.0,61.0,142.0,4,2013/3/8,0,27.0,2.0,1.0,0.0,1.0,0.0,0.0,0.0,0.0,0.0
34.35886,108.929192,61,121,178,83.0,45.0,61.0,142.0,4,2013/3/8,1,14.0,6.0,1.0,0.0,1.0,0.0,0.0,0.0,0.0,0.0
34.158932,108.90696,45,40,124,35.0,15.0,18.0,98.0,3,2013/3/8,0,27.0,2.0,1.0,0.0,1.0,0.0,0.0,0.0,0.0,0.0
34.158932,108.90696,45,40,124,35.0,15.0,18.0,98.0,3,2013/3/8,1,14.0,6.0,1.0,0.0,1.0,0.0,0.0,0.0,0.0,0.0
34.662251,109.226196,24,33,181,34.0,6.0,7.0,163.0,4,2013/3/8,0,27.0,2.0,1.0,0.0,1.0,0.0,0.0,0.0,0.0,0.0
34.662251,109.226196,24,33,181,34.0,6.0,7.0,163.0,4,2013/3/8,1,14.0,6.0,1.0,0.0,1.0,0.0,0.0,0.0,0.0,0.0
34.366699,109.214211,55,43,107,26.0,45.0,56.0,88.0,3,2013/3/8,0,27.0,2.0,1.0,0.0,1.0,0.0,0.0,0.0,0.0,0.0
34.366699,109.214211,55,43,107,26.0,45.0,56.0,88.0,3,2013/3/8,1,14.0,6.0,1.0,0.0,1.0,0.0,0.0,0.0,0.0,0.0
34.209648,108.977669,54,111,163,37.0,36.0,43.0,124.0,4,2013/3/8,0,27.0,2.0,1.0,0.0,1.0,0.0,0.0,0.0,0.0,0.0
34.209648,108.977669,54,111,163,37.0,36.0,43.0,124.0,4,2013/3/8,1,14.0,6.0,1.0,0.0,1.0,0.0,0.0,0.0,0.0,0.0
34.354256,109.011482,53,111,156,62.0,62.0,76.0,129.0,4,2013/3/8,0,27.0,2.0,1.0,0.0,1.0,0.0,0.0,0.0,0.0,0.0
34.354256,109.011482,53,111,156,62.0,62.0,76.0,129.0,4,2013/3/8,1,14.0,6.0,1.0,0.0,1.0,0.0,0.0,0.0,0.0,0.0
34.382896,108.88327,59,69,189,107.0,35.0,34.0,200.0,4,2013/3/8,0,27.0,2.0,1.0,0.0,1.0,0.0,0.0,0.0,0.0,0.0
34.382896,108.88327,59,69,189,107.0,35.0,34.0,200.0,4,2013/3/8,1,14.0,6.0,1.0,0.0,1.0,0.0,0.0,0.0,0.0,0.0
34.259781,108.856987,50,98,500,48.0,23.0,32.0,309.0,7,2013/3/9,0,22.0,7.0,2.0,0.0,1.0,0.0,0.0,0.0,0.0,0.0
34.259781,108.856987,50,98,500,48.0,23.0,32.0,309.0,7,2013/3/9,1,9.0,0.0,2.0,0.0,0.0,0.0,0.0,0.0,0.0,1.0
34.279709,109.07048,27,83,500,36.0,20.0,23.0,426.0,7,2013/3/9,0,22.0,7.0,2.0,0.0,1.0,0.0,0.0,0.0,0.0,0.0
34.279709,109.07048,27,83,500,36.0,20.0,23.0,426.0,7,2013/3/9,1,9.0,0.0,2.0,0.0,0.0,0.0,0.0,0.0,0.0,1.0
34.22282,108.947144,35,92,500,66.0,18.0,25.0,196.0,7,2013/3/9,0,22.0,7.0,2.0,0.0,1.0,0.0,0.0,0.0,0.0,0.0
34.22282,108.947144,35,92,500,66.0,18.0,25.0,196.0,7,2013/3/9,1,9.0,0.0,2.0,0.0,0.0,0.0,0.0,0.0,0.0,1.0
34.26955,108.95903,47,94,358,77.0,20.0,25.0,306.0,7,2013/3/9,0,22.0,7.0,2.0,0.0,1.0,0.0,0.0,0.0,0.0,0.0
34.26955,108.95903,47,94,358,77.0,20.0,25.0,306.0,7,2013/3/9,1,9.0,0.0,2.0,0.0,0.0,0.0,0.0,0.0,0.0,1.0
34.233376,108.9049,29,94,500,27.0,25.0,34.0,279.0,7,2013/3/9,0,22.0,7.0,2.0,0.0,1.0,0.0,0.0,0.0,0.0,0.0
34.233376,108.9049,29,94,500,27.0,25.0,34.0,279.0,7,2013/3/9,1,9.0,0.0,2.0,0.0,0.0,0.0,0.0,0.0,0.0,1.0
34.35886,108.929192,53,83,500,30.0,25.0,32.0,289.0,7,2013/3/9,0,22.0,7.0,2.0,0.0,1.0,0.0,0.0,0.0,0.0,0.0
34.35886,108.929192,53,83,500,30.0,25.0,32.0,289.0,7,2013/3/9,1,9.0,0.0,2.0,0.0,0.0,0.0,0.0,0.0,0.0,1.0
34.158932,108.90696,25,32,500,14.0,34.0,30.0,232.0,7,2013/3/9,0,22.0,7.0,2.0,0.0,1.0,0.0,0.0,0.0,0.0,0.0
34.158932,108.90696,25,32,500,14.0,34.0,30.0,232.0,7,2013/3/9,1,9.0,0.0,2.0,0.0,0.0,0.0,0.0,0.0,0.0,1.0
34.662251,109.226196,18,49,500,33.0,5.0,8.0,287.0,7,2013/3/9,0,22.0,7.0,2.0,0.0,1.0,0.0,0.0,0.0,0.0,0.0
34.662251,109.226196,18,49,500,33.0,5.0,8.0,287.0,7,2013/3/9,1,9.0,0.0,2.0,0.0,0.0,0.0,0.0,0.0,0.0,1.0
34.366699,109.214211,41,33,500,25.0,36.0,27.0,216.0,7,2013/3/9,0,22.0,7.0,2.0,0.0,1.0,0.0,0.0,0.0,0.0,0.0
34.366699,109.214211,41,33,500,25.0,36.0,27.0,216.0,7,2013/3/9,1,9.0,0.0,2.0,0.0,0.0,0.0,0.0,0.0,0.0,1.0
34.209648,108.977669,26,79,500,29.0,20.0,25.0,323.0,7,2013/3/9,0,22.0,7.0,2.0,0.0,1.0,0.0,0.0,0.0,0.0,0.0
34.209648,108.977669,26,79,500,29.0,20.0,25.0,323.0,7,2013/3/9,1,9.0,0.0,2.0,0.0,0.0,0.0,0.0,0.0,0.0,1.0
34.354256,109.011482,25,93,500,57.0,24.0,32.0,326.0,7,2013/3/9,0,22.0,7.0,2.0,0.0,1.0,0.0,0.0,0.0,0.0,0.0
34.354256,109.011482,25,93,500,57.0,24.0,32.0,326.0,7,2013/3/9,1,9.0,0.0,2.0,0.0,0.0,0.0,0.0,0.0,0.0,1.0
34.382896,108.88327,47,44,500,109.0,16.0,22.0,256.0,7,2013/3/9,0,22.0,7.0,2.0,0.0,1.0,0.0,0.0,0.0,0.0,0.0
34.382896,108.88327,47,44,500,109.0,16.0,22.0,256.0,7,2013/3/9,1,9.0,0.0,2.0,0.0,0.0,0.0,0.0,0.0,0.0,1.0
34.259781,108.856987,45,88,364,24.0,27.0,37.0,112.0,7,2013/3/10,0,19.0,2.0,1.0,0.0,1.0,0.0,0.0,0.0,0.0,0.0
34.259781,108.856987,45,88,364,24.0,27.0,37.0,112.0,7,2013/3/10,1,8.0,2.0,1.0,0.0,0.0,0.0,1.0,0.0,0.0,0.0
34.279709,109.07048,31,60,466,30.0,20.0,25.0,190.0,7,2013/3/10,0,19.0,2.0,1.0,0.0,1.0,0.0,0.0,0.0,0.0,0.0
34.279709,109.07048,31,60,466,30.0,20.0,25.0,190.0,7,2013/3/10,1,8.0,2.0,1.0,0.0,0.0,0.0,1.0,0.0,0.0,0.0
34.22282,108.947144,34,47,340,39.0,22.0,26.0,92.0,7,2013/3/10,0,19.0,2.0,1.0,0.0,1.0,0.0,0.0,0.0,0.0,0.0
34.22282,108.947144,34,47,340,39.0,22.0,26.0,92.0,7,2013/3/10,1,8.0,2.0,1.0,0.0,0.0,0.0,1.0,0.0,0.0,0.0
34.26955,108.95903,52,47,500,42.0,26.0,34.0,110.0,7,2013/3/10,0,19.0,2.0,1.0,0.0,1.0,0.0,0.0,0.0,0.0,0.0
34.26955,108.95903,52,47,500,42.0,26.0,34.0,110.0,7,2013/3/10,1,8.0,2.0,1.0,0.0,0.0,0.0,1.0,0.0,0.0,0.0
34.233376,108.9049,49,70,454,31.0,18.0,24.0,110.0,7,2013/3/10,0,19.0,2.0,1.0,0.0,1.0,0.0,0.0,0.0,0.0,0.0
34.233376,108.9049,49,70,454,31.0,18.0,24.0,110.0,7,2013/3/10,1,8.0,2.0,1.0,0.0,0.0,0.0,1.0,0.0,0.0,0.0
34.35886,108.929192,15,38,411,28.0,24.0,33.0,112.0,7,2013/3/10,0,19.0,2.0,1.0,0.0,1.0,0.0,0.0,0.0,0.0,0.0
34.35886,108.929192,15,38,411,28.0,24.0,33.0,112.0,7,2013/3/10,1,8.0,2.0,1.0,0.0,0.0,0.0,1.0,0.0,0.0,0.0
34.158932,108.90696,56,35,474,-9.0,18.0,22.0,98.0,7,2013/3/10,0,19.0,2.0,1.0,0.0,1.0,0.0,0.0,0.0,0.0,0.0
34.158932,108.90696,56,35,474,-9.0,18.0,22.0,98.0,7,2013/3/10,1,8.0,2.0,1.0,0.0,0.0,0.0,1.0,0.0,0.0,0.0
34.662251,109.226196,25,44,258,26.0,6.0,7.0,114.0,6,2013/3/10,0,19.0,2.0,1.0,0.0,1.0,0.0,0.0,0.0,0.0,0.0
34.662251,109.226196,25,44,258,26.0,6.0,7.0,114.0,6,2013/3/10,1,8.0,2.0,1.0,0.0,0.0,0.0,1.0,0.0,0.0,0.0
34.366699,109.214211,40,23,296,25.0,25.0,32.0,77.0,6,2013/3/10,0,19.0,2.0,1.0,0.0,1.0,0.0,0.0,0.0,0.0,0.0
34.366699,109.214211,40,23,296,25.0,25.0,32.0,77.0,6,2013/3/10,1,8.0,2.0,1.0,0.0,0.0,0.0,1.0,0.0,0.0,0.0
34.209648,108.977669,54,64,368,45.0,19.0,23.0,127.0,7,2013/3/10,0,19.0,2.0,1.0,0.0,1.0,0.0,0.0,0.0,0.0,0.0
34.209648,108.977669,54,64,368,45.0,19.0,23.0,127.0,7,2013/3/10,1,8.0,2.0,1.0,0.0,0.0,0.0,1.0,0.0,0.0,0.0
34.354256,109.011482,34,55,500,57.0,20.0,27.0,133.0,7,2013/3/10,0,19.0,2.0,1.0,0.0,1.0,0.0,0.0,0.0,0.0,0.0
34.354256,109.011482,34,55,500,57.0,20.0,27.0,133.0,7,2013/3/10,1,8.0,2.0,1.0,0.0,0.0,0.0,1.0,0.0,0.0,0.0
34.382896,108.88327,26,25,164,113.0,15.0,21.0,102.0,4,2013/3/10,0,19.0,2.0,1.0,0.0,1.0,0.0,0.0,0.0,0.0,0.0
34.382896,108.88327,26,25,164,113.0,15.0,21.0,102.0,4,2013/3/10,1,8.0,2.0,1.0,0.0,0.0,0.0,1.0,0.0,0.0,0.0
34.259781,108.856987,67,62,107,33.0,18.0,22.0,105.0,3,2013/3/11,0,17.0,2.0,1.0,0.0,0.0,0.0,1.0,0.0,0.0,0.0
34.259781,108.856987,67,62,107,33.0,18.0,22.0,105.0,3,2013/3/11,1,6.0,5.0,1.0,1.0,0.0,0.0,0.0,1.0,0.0,0.0
34.261593,108.98996,47,63,120,51.0,16.0,21.0,112.0,3,2013/3/11,0,17.0,2.0,1.0,0.0,0.0,0.0,1.0,0.0,0.0,0.0
34.261593,108.98996,47,63,120,51.0,16.0,21.0,112.0,3,2013/3/11,1,6.0,5.0,1.0,1.0,0.0,0.0,0.0,1.0,0.0,0.0
34.279709,109.07048,66,87,132,41.0,13.0,18.0,124.0,3,2013/3/11,0,17.0,2.0,1.0,0.0,0.0,0.0,1.0,0.0,0.0,0.0
34.279709,109.07048,66,87,132,41.0,13.0,18.0,124.0,3,2013/3/11,1,6.0,5.0,1.0,1.0,0.0,0.0,0.0,1.0,0.0,0.0
34.22282,108.947144,74,63,143,61.0,12.0,14.0,93.0,3,2013/3/11,0,17.0,2.0,1.0,0.0,0.0,0.0,1.0,0.0,0.0,0.0
34.22282,108.947144,74,63,143,61.0,12.0,14.0,93.0,3,2013/3/11,1,6.0,5.0,1.0,1.0,0.0,0.0,0.0,1.0,0.0,0.0
34.26955,108.95903,54,65,148,52.0,16.0,20.0,109.0,3,2013/3/11,0,17.0,2.0,1.0,0.0,0.0,0.0,1.0,0.0,0.0,0.0
34.26955,108.95903,54,65,148,52.0,16.0,20.0,109.0,3,2013/3/11,1,6.0,5.0,1.0,1.0,0.0,0.0,0.0,1.0,0.0,0.0
34.233376,108.9049,71,95,124,40.0,13.0,13.0,113.0,3,2013/3/11,0,17.0,2.0,1.0,0.0,0.0,0.0,1.0,0.0,0.0,0.0
34.233376,108.9049,71,95,124,40.0,13.0,13.0,113.0,3,2013/3/11,1,6.0,5.0,1.0,1.0,0.0,0.0,0.0,1.0,0.0,0.0
34.35886,108.929192,13,54,103,36.0,22.0,29.0,90.0,3,2013/3/11,0,17.0,2.0,1.0,0.0,0.0,0.0,1.0,0.0,0.0,0.0
34.35886,108.929192,13,54,103,36.0,22.0,29.0,90.0,3,2013/3/11,1,6.0,5.0,1.0,1.0,0.0,0.0,0.0,1.0,0.0,0.0
34.158932,108.90696,72,39,139,39.0,10.0,12.0,107.0,3,2013/3/11,0,17.0,2.0,1.0,0.0,0.0,0.0,1.0,0.0,0.0,0.0
34.158932,108.90696,72,39,139,39.0,10.0,12.0,107.0,3,2013/3/11,1,6.0,5.0,1.0,1.0,0.0,0.0,0.0,1.0,0.0,0.0
34.662251,109.226196,34,38,123,32.0,6.0,8.0,105.0,3,2013/3/11,0,17.0,2.0,1.0,0.0,0.0,0.0,1.0,0.0,0.0,0.0
34.662251,109.226196,34,38,123,32.0,6.0,8.0,105.0,3,2013/3/11,1,6.0,5.0,1.0,1.0,0.0,0.0,0.0,1.0,0.0,0.0
34.366699,109.214211,57,35,98,35.0,15.0,20.0,93.0,1,2013/3/11,0,17.0,2.0,1.0,0.0,0.0,0.0,1.0,0.0,0.0,0.0
34.366699,109.214211,57,35,98,35.0,15.0,20.0,93.0,1,2013/3/11,1,6.0,5.0,1.0,1.0,0.0,0.0,0.0,1.0,0.0,0.0
34.209648,108.977669,79,89,112,61.0,11.0,12.0,102.0,3,2013/3/11,0,17.0,2.0,1.0,0.0,0.0,0.0,1.0,0.0,0.0,0.0
34.209648,108.977669,79,89,112,61.0,11.0,12.0,102.0,3,2013/3/11,1,6.0,5.0,1.0,1.0,0.0,0.0,0.0,1.0,0.0,0.0
34.354256,109.011482,51,70,114,71.0,19.0,25.0,115.0,3,2013/3/11,0,17.0,2.0,1.0,0.0,0.0,0.0,1.0,0.0,0.0,0.0
34.354256,109.011482,51,70,114,71.0,19.0,25.0,115.0,3,2013/3/11,1,6.0,5.0,1.0,1.0,0.0,0.0,0.0,1.0,0.0,0.0
34.382896,108.88327,31,33,80,116.0,16.0,21.0,89.0,3,2013/3/11,0,17.0,2.0,1.0,0.0,0.0,0.0,1.0,0.0,0.0,0.0
34.382896,108.88327,31,33,80,116.0,16.0,21.0,89.0,3,2013/3/11,1,6.0,5.0,1.0,1.0,0.0,0.0,0.0,1.0,0.0,0.0
34.259781,108.856987,60,91,500,50.0,19.0,21.0,268.0,7,2013/3/12,0,16.0,1.0,1.0,0.0,0.0,0.0,1.0,0.0,0.0,0.0
34.259781,108.856987,60,91,500,50.0,19.0,21.0,268.0,7,2013/3/12,1,7.0,6.0,1.0,0.0,0.0,1.0,0.0,0.0,0.0,0.0
34.261593,108.98996,52,90,500,62.0,15.0,12.0,274.0,7,2013/3/12,0,16.0,1.0,1.0,0.0,0.0,0.0,1.0,0.0,0.0,0.0
34.261593,108.98996,52,90,500,62.0,15.0,12.0,274.0,7,2013/3/12,1,7.0,6.0,1.0,0.0,0.0,1.0,0.0,0.0,0.0,0.0
34.279709,109.07048,55,94,500,49.0,13.0,14.0,362.0,7,2013/3/12,0,16.0,1.0,1.0,0.0,0.0,0.0,1.0,0.0,0.0,0.0
34.279709,109.07048,55,94,500,49.0,13.0,14.0,362.0,7,2013/3/12,1,7.0,6.0,1.0,0.0,0.0,1.0,0.0,0.0,0.0,0.0
34.22282,108.947144,52,60,500,78.0,14.0,18.0,190.0,7,2013/3/12,0,16.0,1.0,1.0,0.0,0.0,0.0,1.0,0.0,0.0,0.0
34.22282,108.947144,52,60,500,78.0,14.0,18.0,190.0,7,2013/3/12,1,7.0,6.0,1.0,0.0,0.0,1.0,0.0,0.0,0.0,0.0
34.26955,108.95903,52,79,500,71.0,16.0,18.0,265.0,7,2013/3/12,0,16.0,1.0,1.0,0.0,0.0,0.0,1.0,0.0,0.0,0.0
34.26955,108.95903,52,79,500,71.0,16.0,18.0,265.0,7,2013/3/12,1,7.0,6.0,1.0,0.0,0.0,1.0,0.0,0.0,0.0,0.0
34.233376,108.9049,47,89,500,39.0,18.0,20.0,248.0,7,2013/3/12,0,16.0,1.0,1.0,0.0,0.0,0.0,1.0,0.0,0.0,0.0
34.233376,108.9049,47,89,500,39.0,18.0,20.0,248.0,7,2013/3/12,1,7.0,6.0,1.0,0.0,0.0,1.0,0.0,0.0,0.0,0.0
34.35886,108.929192,43,83,500,44.0,19.0,21.0,249.0,7,2013/3/12,0,16.0,1.0,1.0,0.0,0.0,0.0,1.0,0.0,0.0,0.0
34.35886,108.929192,43,83,500,44.0,19.0,21.0,249.0,7,2013/3/12,1,7.0,6.0,1.0,0.0,0.0,1.0,0.0,0.0,0.0,0.0
34.158932,108.90696,47,34,500,17.0,20.0,26.0,233.0,7,2013/3/12,0,16.0,1.0,1.0,0.0,0.0,0.0,1.0,0.0,0.0,0.0
34.158932,108.90696,47,34,500,17.0,20.0,26.0,233.0,7,2013/3/12,1,7.0,6.0,1.0,0.0,0.0,1.0,0.0,0.0,0.0,0.0
34.662251,109.226196,31,59,500,36.0,5.0,5.0,255.0,7,2013/3/12,0,16.0,1.0,1.0,0.0,0.0,0.0,1.0,0.0,0.0,0.0
34.662251,109.226196,31,59,500,36.0,5.0,5.0,255.0,7,2013/3/12,1,7.0,6.0,1.0,0.0,0.0,1.0,0.0,0.0,0.0,0.0
34.366699,109.214211,66,88,500,26.0,17.0,21.0,204.0,7,2013/3/12,0,16.0,1.0,1.0,0.0,0.0,0.0,1.0,0.0,0.0,0.0
34.366699,109.214211,66,88,500,26.0,17.0,21.0,204.0,7,2013/3/12,1,7.0,6.0,1.0,0.0,0.0,1.0,0.0,0.0,0.0,0.0
34.209648,108.977669,57,89,500,66.0,27.0,32.0,277.0,7,2013/3/12,0,16.0,1.0,1.0,0.0,0.0,0.0,1.0,0.0,0.0,0.0
34.209648,108.977669,57,89,500,66.0,27.0,32.0,277.0,7,2013/3/12,1,7.0,6.0,1.0,0.0,0.0,1.0,0.0,0.0,0.0,0.0
34.354256,109.011482,65,94,500,79.0,18.0,20.0,289.0,7,2013/3/12,0,16.0,1.0,1.0,0.0,0.0,0.0,1.0,0.0,0.0,0.0
34.354256,109.011482,65,94,500,79.0,18.0,20.0,289.0,7,2013/3/12,1,7.0,6.0,1.0,0.0,0.0,1.0,0.0,0.0,0.0,0.0
34.382896,108.88327,52,50,500,105.0,14.0,16.0,246.0,7,2013/3/12,0,16.0,1.0,1.0,0.0,0.0,0.0,1.0,0.0,0.0,0.0
34.382896,108.88327,52,50,500,105.0,14.0,16.0,246.0,7,2013/3/12,1,7.0,6.0,1.0,0.0,0.0,1.0,0.0,0.0,0.0,0.0
34.259781,108.856987,68,83,500,59.0,15.0,19.0,364.0,7,2013/3/13,0,19.0,2.0,1.0,0.0,1.0,0.0,0.0,0.0,0.0,0.0
34.259781,108.856987,68,83,500,59.0,15.0,19.0,364.0,7,2013/3/13,1,7.0,2.0,1.0,0.0,0.0,0.0,1.0,0.0,0.0,0.0
34.261593,108.98996,46,82,500,66.0,14.0,16.0,315.0,7,2013/3/13,0,19.0,2.0,1.0,0.0,1.0,0.0,0.0,0.0,0.0,0.0
34.261593,108.98996,46,82,500,66.0,14.0,16.0,315.0,7,2013/3/13,1,7.0,2.0,1.0,0.0,0.0,0.0,1.0,0.0,0.0,0.0
34.279709,109.07048,59,97,500,58.0,10.0,13.0,396.0,7,2013/3/13,0,19.0,2.0,1.0,0.0,1.0,0.0,0.0,0.0,0.0,0.0
34.279709,109.07048,59,97,500,58.0,10.0,13.0,396.0,7,2013/3/13,1,7.0,2.0,1.0,0.0,0.0,0.0,1.0,0.0,0.0,0.0
34.22282,108.947144,77,73,500,91.0,11.0,15.0,253.0,7,2013/3/13,0,19.0,2.0,1.0,0.0,1.0,0.0,0.0,0.0,0.0,0.0
34.22282,108.947144,77,73,500,91.0,11.0,15.0,253.0,7,2013/3/13,1,7.0,2.0,1.0,0.0,0.0,0.0,1.0,0.0,0.0,0.0
34.26955,108.95903,52,82,500,76.0,11.0,14.0,316.0,7,2013/3/13,0,19.0,2.0,1.0,0.0,1.0,0.0,0.0,0.0,0.0,0.0
34.26955,108.95903,52,82,500,76.0,11.0,14.0,316.0,7,2013/3/13,1,7.0,2.0,1.0,0.0,0.0,0.0,1.0,0.0,0.0,0.0
34.233376,108.9049,70,102,500,61.0,14.0,16.0,326.0,7,2013/3/13,0,19.0,2.0,1.0,0.0,1.0,0.0,0.0,0.0,0.0,0.0
34.233376,108.9049,70,102,500,61.0,14.0,16.0,326.0,7,2013/3/13,1,7.0,2.0,1.0,0.0,0.0,0.0,1.0,0.0,0.0,0.0
34.35886,108.929192,47,74,500,51.0,19.0,24.0,278.0,7,2013/3/13,0,19.0,2.0,1.0,0.0,1.0,0.0,0.0,0.0,0.0,0.0
34.35886,108.929192,47,74,500,51.0,19.0,24.0,278.0,7,2013/3/13,1,7.0,2.0,1.0,0.0,0.0,0.0,1.0,0.0,0.0,0.0
34.158932,108.90696,69,49,500,17.0,9.0,9.0,287.0,7,2013/3/13,0,19.0,2.0,1.0,0.0,1.0,0.0,0.0,0.0,0.0,0.0
34.158932,108.90696,69,49,500,17.0,9.0,9.0,287.0,7,2013/3/13,1,7.0,2.0,1.0,0.0,0.0,0.0,1.0,0.0,0.0,0.0
34.662251,109.226196,46,81,500,47.0,16.0,19.0,272.0,7,2013/3/13,0,19.0,2.0,1.0,0.0,1.0,0.0,0.0,0.0,0.0,0.0
34.662251,109.226196,46,81,500,47.0,16.0,19.0,272.0,7,2013/3/13,1,7.0,2.0,1.0,0.0,0.0,0.0,1.0,0.0,0.0,0.0
34.209648,108.977669,69,101,500,87.0,30.0,36.0,324.0,7,2013/3/13,0,19.0,2.0,1.0,0.0,1.0,0.0,0.0,0.0,0.0,0.0
34.209648,108.977669,69,101,500,87.0,30.0,36.0,324.0,7,2013/3/13,1,7.0,2.0,1.0,0.0,0.0,0.0,1.0,0.0,0.0,0.0
34.354256,109.011482,59,89,500,93.0,15.0,17.0,333.0,7,2013/3/13,0,19.0,2.0,1.0,0.0,1.0,0.0,0.0,0.0,0.0,0.0
34.354256,109.011482,59,89,500,93.0,15.0,17.0,333.0,7,2013/3/13,1,7.0,2.0,1.0,0.0,0.0,0.0,1.0,0.0,0.0,0.0
34.382896,108.88327,52,43,405,57.0,18.0,23.0,260.0,7,2013/3/13,0,19.0,2.0,1.0,0.0,1.0,0.0,0.0,0.0,0.0,0.0
34.382896,108.88327,52,43,405,57.0,18.0,23.0,260.0,7,2013/3/13,1,7.0,2.0,1.0,0.0,0.0,0.0,1.0,0.0,0.0,0.0
34.259781,108.856987,61,65,118,48.0,22.0,27.0,166.0,4,2013/3/14,0,16.0,2.0,2.0,0.0,1.0,0.0,0.0,0.0,0.0,0.0
34.259781,108.856987,61,65,118,48.0,22.0,27.0,166.0,4,2013/3/14,1,7.0,2.0,1.0,0.0,1.0,0.0,0.0,0.0,0.0,0.0
34.261593,108.98996,29,69,133,60.0,23.0,33.0,158.0,4,2013/3/14,0,16.0,2.0,2.0,0.0,1.0,0.0,0.0,0.0,0.0,0.0
34.261593,108.98996,29,69,133,60.0,23.0,33.0,158.0,4,2013/3/14,1,7.0,2.0,1.0,0.0,1.0,0.0,0.0,0.0,0.0,0.0
34.279709,109.07048,53,80,134,54.0,20.0,25.0,162.0,4,2013/3/14,0,16.0,2.0,2.0,0.0,1.0,0.0,0.0,0.0,0.0,0.0
34.279709,109.07048,53,80,134,54.0,20.0,25.0,162.0,4,2013/3/14,1,7.0,2.0,1.0,0.0,1.0,0.0,0.0,0.0,0.0,0.0
34.22282,108.947144,67,58,174,71.0,17.0,21.0,147.0,4,2013/3/14,0,16.0,2.0,2.0,0.0,1.0,0.0,0.0,0.0,0.0,0.0
34.22282,108.947144,67,58,174,71.0,17.0,21.0,147.0,4,2013/3/14,1,7.0,2.0,1.0,0.0,1.0,0.0,0.0,0.0,0.0,0.0
34.26955,108.95903,51,60,155,63.0,20.0,25.0,163.0,4,2013/3/14,0,16.0,2.0,2.0,0.0,1.0,0.0,0.0,0.0,0.0,0.0
34.26955,108.95903,51,60,155,63.0,20.0,25.0,163.0,4,2013/3/14,1,7.0,2.0,1.0,0.0,1.0,0.0,0.0,0.0,0.0,0.0
34.233376,108.9049,59,89,136,45.0,20.0,21.0,162.0,4,2013/3/14,0,16.0,2.0,2.0,0.0,1.0,0.0,0.0,0.0,0.0,0.0
34.233376,108.9049,59,89,136,45.0,20.0,21.0,162.0,4,2013/3/14,1,7.0,2.0,1.0,0.0,1.0,0.0,0.0,0.0,0.0,0.0
34.35886,108.929192,17,48,106,46.0,25.0,33.0,129.0,3,2013/3/14,0,16.0,2.0,2.0,0.0,1.0,0.0,0.0,0.0,0.0,0.0
34.35886,108.929192,17,48,106,46.0,25.0,33.0,129.0,3,2013/3/14,1,7.0,2.0,1.0,0.0,1.0,0.0,0.0,0.0,0.0,0.0
34.158932,108.90696,69,44,149,55.0,12.0,14.0,175.0,4,2013/3/14,0,16.0,2.0,2.0,0.0,1.0,0.0,0.0,0.0,0.0,0.0
34.158932,108.90696,69,44,149,55.0,12.0,14.0,175.0,4,2013/3/14,1,7.0,2.0,1.0,0.0,1.0,0.0,0.0,0.0,0.0,0.0
34.662251,109.226196,32,65,158,60.0,19.0,28.0,152.0,4,2013/3/14,0,16.0,2.0,2.0,0.0,1.0,0.0,0.0,0.0,0.0,0.0
34.662251,109.226196,32,65,158,60.0,19.0,28.0,152.0,4,2013/3/14,1,7.0,2.0,1.0,0.0,1.0,0.0,0.0,0.0,0.0,0.0
34.209648,108.977669,66,87,122,81.0,20.0,24.0,143.0,3,2013/3/14,0,16.0,2.0,2.0,0.0,1.0,0.0,0.0,0.0,0.0,0.0
34.209648,108.977669,66,87,122,81.0,20.0,24.0,143.0,3,2013/3/14,1,7.0,2.0,1.0,0.0,1.0,0.0,0.0,0.0,0.0,0.0
34.354256,109.011482,44,73,127,70.0,25.0,31.0,170.0,4,2013/3/14,0,16.0,2.0,2.0,0.0,1.0,0.0,0.0,0.0,0.0,0.0
34.354256,109.011482,44,73,127,70.0,25.0,31.0,170.0,4,2013/3/14,1,7.0,2.0,1.0,0.0,1.0,0.0,0.0,0.0,0.0,0.0
34.382896,108.88327,37,30,102,48.0,24.0,33.0,147.0,3,2013/3/14,0,16.0,2.0,2.0,0.0,1.0,0.0,0.0,0.0,0.0,0.0
34.382896,108.88327,37,30,102,48.0,24.0,33.0,147.0,3,2013/3/14,1,7.0,2.0,1.0,0.0,1.0,0.0,0.0,0.0,0.0,0.0
34.259781,108.856987,67,75,149,62.0,26.0,34.0,229.0,6,2013/3/15,0,18.0,1.0,1.0,0.0,1.0,0.0,0.0,0.0,0.0,0.0
34.259781,108.856987,67,75,149,62.0,26.0,34.0,229.0,6,2013/3/15,1,7.0,2.0,1.0,0.0,0.0,0.0,1.0,0.0,0.0,0.0
34.261593,108.98996,40,70,156,70.0,25.0,32.0,210.0,6,2013/3/15,0,18.0,1.0,1.0,0.0,1.0,0.0,0.0,0.0,0.0,0.0
34.261593,108.98996,40,70,156,70.0,25.0,32.0,210.0,6,2013/3/15,1,7.0,2.0,1.0,0.0,0.0,0.0,1.0,0.0,0.0,0.0
34.279709,109.07048,58,104,164,60.0,22.0,26.0,192.0,4,2013/3/15,0,18.0,1.0,1.0,0.0,1.0,0.0,0.0,0.0,0.0,0.0
34.279709,109.07048,58,104,164,60.0,22.0,26.0,192.0,4,2013/3/15,1,7.0,2.0,1.0,0.0,0.0,0.0,1.0,0.0,0.0,0.0
34.22282,108.947144,86,95,190,89.0,15.0,19.0,219.0,6,2013/3/15,0,18.0,1.0,1.0,0.0,1.0,0.0,0.0,0.0,0.0,0.0
34.22282,108.947144,86,95,190,89.0,15.0,19.0,219.0,6,2013/3/15,1,7.0,2.0,1.0,0.0,0.0,0.0,1.0,0.0,0.0,0.0
34.26955,108.95903,41,82,171,74.0,27.0,31.0,213.0,6,2013/3/15,0,18.0,1.0,1.0,0.0,1.0,0.0,0.0,0.0,0.0,0.0
34.26955,108.95903,41,82,171,74.0,27.0,31.0,213.0,6,2013/3/15,1,7.0,2.0,1.0,0.0,0.0,0.0,1.0,0.0,0.0,0.0
34.233376,108.9049,80,113,176,53.0,19.0,23.0,248.0,6,2013/3/15,0,18.0,1.0,1.0,0.0,1.0,0.0,0.0,0.0,0.0,0.0
34.233376,108.9049,80,113,176,53.0,19.0,23.0,248.0,6,2013/3/15,1,7.0,2.0,1.0,0.0,0.0,0.0,1.0,0.0,0.0,0.0
34.158932,108.90696,56,50,187,46.0,21.0,27.0,256.0,6,2013/3/15,0,18.0,1.0,1.0,0.0,1.0,0.0,0.0,0.0,0.0,0.0
34.158932,108.90696,56,50,187,46.0,21.0,27.0,256.0,6,2013/3/15,1,7.0,2.0,1.0,0.0,0.0,0.0,1.0,0.0,0.0,0.0
34.662251,109.226196,42,64,155,63.0,18.0,26.0,189.0,4,2013/3/15,0,18.0,1.0,1.0,0.0,1.0,0.0,0.0,0.0,0.0,0.0
34.662251,109.226196,42,64,155,63.0,18.0,26.0,189.0,4,2013/3/15,1,7.0,2.0,1.0,0.0,0.0,0.0,1.0,0.0,0.0,0.0
34.366699,109.214211,55,75,133,37.0,26.0,32.0,224.0,6,2013/3/15,0,18.0,1.0,1.0,0.0,1.0,0.0,0.0,0.0,0.0,0.0
34.366699,109.214211,55,75,133,37.0,26.0,32.0,224.0,6,2013/3/15,1,7.0,2.0,1.0,0.0,0.0,0.0,1.0,0.0,0.0,0.0
34.209648,108.977669,84,112,153,98.0,42.0,50.0,193.0,4,2013/3/15,0,18.0,1.0,1.0,0.0,1.0,0.0,0.0,0.0,0.0,0.0
34.209648,108.977669,84,112,153,98.0,42.0,50.0,193.0,4,2013/3/15,1,7.0,2.0,1.0,0.0,0.0,0.0,1.0,0.0,0.0,0.0
34.354256,109.011482,47,94,156,42.0,32.0,41.0,220.0,6,2013/3/15,0,18.0,1.0,1.0,0.0,1.0,0.0,0.0,0.0,0.0,0.0
34.354256,109.011482,47,94,156,42.0,32.0,41.0,220.0,6,2013/3/15,1,7.0,2.0,1.0,0.0,0.0,0.0,1.0,0.0,0.0,0.0
34.382896,108.88327,49,40,109,62.0,31.0,42.0,180.0,4,2013/3/15,0,18.0,1.0,1.0,0.0,1.0,0.0,0.0,0.0,0.0,0.0
34.382896,108.88327,49,40,109,62.0,31.0,42.0,180.0,4,2013/3/15,1,7.0,2.0,1.0,0.0,0.0,0.0,1.0,0.0,0.0,0.0
34.259781,108.856987,66,64,166,75.0,15.0,18.0,280.0,6,2013/3/16,0,13.0,5.0,1.0,1.0,0.0,0.0,0.0,1.0,0.0,0.0
34.259781,108.856987,66,64,166,75.0,15.0,18.0,280.0,6,2013/3/16,1,9.0,7.0,2.0,1.0,0.0,0.0,0.0,1.0,0.0,0.0
34.261593,108.98996,45,93,171,75.0,16.0,17.0,256.0,6,2013/3/16,0,13.0,5.0,1.0,1.0,0.0,0.0,0.0,1.0,0.0,0.0
34.261593,108.98996,45,93,171,75.0,16.0,17.0,256.0,6,2013/3/16,1,9.0,7.0,2.0,1.0,0.0,0.0,0.0,1.0,0.0,0.0
34.279709,109.07048,51,105,161,66.0,10.0,12.0,198.0,4,2013/3/16,0,13.0,5.0,1.0,1.0,0.0,0.0,0.0,1.0,0.0,0.0
34.279709,109.07048,51,105,161,66.0,10.0,12.0,198.0,4,2013/3/16,1,9.0,7.0,2.0,1.0,0.0,0.0,0.0,1.0,0.0,0.0
34.22282,108.947144,62,94,219,100.0,10.0,14.0,256.0,6,2013/3/16,0,13.0,5.0,1.0,1.0,0.0,0.0,0.0,1.0,0.0,0.0
34.22282,108.947144,62,94,219,100.0,10.0,14.0,256.0,6,2013/3/16,1,9.0,7.0,2.0,1.0,0.0,0.0,0.0,1.0,0.0,0.0
34.26955,108.95903,38,92,198,81.0,11.0,15.0,273.0,6,2013/3/16,0,13.0,5.0,1.0,1.0,0.0,0.0,0.0,1.0,0.0,0.0
34.26955,108.95903,38,92,198,81.0,11.0,15.0,273.0,6,2013/3/16,1,9.0,7.0,2.0,1.0,0.0,0.0,0.0,1.0,0.0,0.0
34.233376,108.9049,62,112,193,96.0,12.0,15.0,280.0,6,2013/3/16,0,13.0,5.0,1.0,1.0,0.0,0.0,0.0,1.0,0.0,0.0
34.233376,108.9049,62,112,193,96.0,12.0,15.0,280.0,6,2013/3/16,1,9.0,7.0,2.0,1.0,0.0,0.0,0.0,1.0,0.0,0.0
34.158932,108.90696,39,54,176,43.0,4.0,3.0,286.0,6,2013/3/16,0,13.0,5.0,1.0,1.0,0.0,0.0,0.0,1.0,0.0,0.0
34.158932,108.90696,39,54,176,43.0,4.0,3.0,286.0,6,2013/3/16,1,9.0,7.0,2.0,1.0,0.0,0.0,0.0,1.0,0.0,0.0
34.662251,109.226196,44,62,198,70.0,14.0,21.0,239.0,6,2013/3/16,0,13.0,5.0,1.0,1.0,0.0,0.0,0.0,1.0,0.0,0.0
34.662251,109.226196,44,62,198,70.0,14.0,21.0,239.0,6,2013/3/16,1,9.0,7.0,2.0,1.0,0.0,0.0,0.0,1.0,0.0,0.0
34.366699,109.214211,60,46,156,35.0,14.0,17.0,223.0,6,2013/3/16,0,13.0,5.0,1.0,1.0,0.0,0.0,0.0,1.0,0.0,0.0
34.366699,109.214211,60,46,156,35.0,14.0,17.0,223.0,6,2013/3/16,1,9.0,7.0,2.0,1.0,0.0,0.0,0.0,1.0,0.0,0.0
34.209648,108.977669,59,106,154,103.0,35.0,42.0,216.0,6,2013/3/16,0,13.0,5.0,1.0,1.0,0.0,0.0,0.0,1.0,0.0,0.0
34.209648,108.977669,59,106,154,103.0,35.0,42.0,216.0,6,2013/3/16,1,9.0,7.0,2.0,1.0,0.0,0.0,0.0,1.0,0.0,0.0
34.354256,109.011482,57,104,186,51.0,15.0,17.0,269.0,6,2013/3/16,0,13.0,5.0,1.0,1.0,0.0,0.0,0.0,1.0,0.0,0.0
34.354256,109.011482,57,104,186,51.0,15.0,17.0,269.0,6,2013/3/16,1,9.0,7.0,2.0,1.0,0.0,0.0,0.0,1.0,0.0,0.0
34.382896,108.88327,53,49,157,62.0,18.0,26.0,247.0,6,2013/3/16,0,13.0,5.0,1.0,1.0,0.0,0.0,0.0,1.0,0.0,0.0
34.382896,108.88327,53,49,157,62.0,18.0,26.0,247.0,6,2013/3/16,1,9.0,7.0,2.0,1.0,0.0,0.0,0.0,1.0,0.0,0.0
34.259781,108.856987,63,107,139,64.0,45.0,65.0,158.0,4,2013/3/17,0,21.0,6.0,2.0,0.0,1.0,0.0,0.0,0.0,0.0,0.0
34.259781,108.856987,63,107,139,64.0,45.0,65.0,158.0,4,2013/3/17,1,8.0,7.0,2.0,0.0,0.0,1.0,0.0,0.0,0.0,0.0
34.261593,108.98996,44,89,137,68.0,37.0,47.0,147.0,3,2013/3/17,0,21.0,6.0,2.0,0.0,1.0,0.0,0.0,0.0,0.0,0.0
34.261593,108.98996,44,89,137,68.0,37.0,47.0,147.0,3,2013/3/17,1,8.0,7.0,2.0,0.0,0.0,1.0,0.0,0.0,0.0,0.0
34.279709,109.07048,40,99,158,67.0,29.0,37.0,138.0,4,2013/3/17,0,21.0,6.0,2.0,0.0,1.0,0.0,0.0,0.0,0.0,0.0
34.279709,109.07048,40,99,158,67.0,29.0,37.0,138.0,4,2013/3/17,1,8.0,7.0,2.0,0.0,0.0,1.0,0.0,0.0,0.0,0.0
34.22282,108.947144,51,69,141,90.0,32.0,44.0,143.0,3,2013/3/17,0,21.0,6.0,2.0,0.0,1.0,0.0,0.0,0.0,0.0,0.0
34.22282,108.947144,51,69,141,90.0,32.0,44.0,143.0,3,2013/3/17,1,8.0,7.0,2.0,0.0,0.0,1.0,0.0,0.0,0.0,0.0
34.26955,108.95903,34,73,148,80.0,37.0,48.0,170.0,4,2013/3/17,0,21.0,6.0,2.0,0.0,1.0,0.0,0.0,0.0,0.0,0.0
34.26955,108.95903,34,73,148,80.0,37.0,48.0,170.0,4,2013/3/17,1,8.0,7.0,2.0,0.0,0.0,1.0,0.0,0.0,0.0,0.0
34.233376,108.9049,47,89,149,74.0,39.0,57.0,159.0,4,2013/3/17,0,21.0,6.0,2.0,0.0,1.0,0.0,0.0,0.0,0.0,0.0
34.233376,108.9049,47,89,149,74.0,39.0,57.0,159.0,4,2013/3/17,1,8.0,7.0,2.0,0.0,0.0,1.0,0.0,0.0,0.0,0.0
34.158932,108.90696,38,38,136,20.0,34.0,50.0,143.0,3,2013/3/17,0,21.0,6.0,2.0,0.0,1.0,0.0,0.0,0.0,0.0,0.0
34.158932,108.90696,38,38,136,20.0,34.0,50.0,143.0,3,2013/3/17,1,8.0,7.0,2.0,0.0,0.0,1.0,0.0,0.0,0.0,0.0
34.662251,109.226196,29,61,157,65.0,20.0,25.0,182.0,4,2013/3/17,0,21.0,6.0,2.0,0.0,1.0,0.0,0.0,0.0,0.0,0.0
34.662251,109.226196,29,61,157,65.0,20.0,25.0,182.0,4,2013/3/17,1,8.0,7.0,2.0,0.0,0.0,1.0,0.0,0.0,0.0,0.0
34.366699,109.214211,54,74,126,18.0,37.0,55.0,119.0,3,2013/3/17,0,21.0,6.0,2.0,0.0,1.0,0.0,0.0,0.0,0.0,0.0
34.366699,109.214211,54,74,126,18.0,37.0,55.0,119.0,3,2013/3/17,1,8.0,7.0,2.0,0.0,0.0,1.0,0.0,0.0,0.0,0.0
34.209648,108.977669,43,84,120,102.0,39.0,49.0,128.0,3,2013/3/17,0,21.0,6.0,2.0,0.0,1.0,0.0,0.0,0.0,0.0,0.0
34.209648,108.977669,43,84,120,102.0,39.0,49.0,128.0,3,2013/3/17,1,8.0,7.0,2.0,0.0,0.0,1.0,0.0,0.0,0.0,0.0
34.354256,109.011482,56,92,162,48.0,44.0,64.0,172.0,4,2013/3/17,0,21.0,6.0,2.0,0.0,1.0,0.0,0.0,0.0,0.0,0.0
34.354256,109.011482,56,92,162,48.0,44.0,64.0,172.0,4,2013/3/17,1,8.0,7.0,2.0,0.0,0.0,1.0,0.0,0.0,0.0,0.0
34.382896,108.88327,53,47,148,55.0,32.0,43.0,192.0,4,2013/3/17,0,21.0,6.0,2.0,0.0,1.0,0.0,0.0,0.0,0.0,0.0
34.382896,108.88327,53,47,148,55.0,32.0,43.0,192.0,4,2013/3/17,1,8.0,7.0,2.0,0.0,0.0,1.0,0.0,0.0,0.0,0.0
34.259781,108.856987,55,99,153,70.0,35.0,42.0,108.0,4,2013/3/18,0,26.0,7.0,1.0,0.0,0.0,1.0,0.0,0.0,0.0,0.0
34.259781,108.856987,55,99,153,70.0,35.0,42.0,108.0,4,2013/3/18,1,10.0,6.0,1.0,0.0,0.0,1.0,0.0,0.0,0.0,0.0
34.261593,108.98996,31,97,165,47.0,28.0,28.0,85.0,4,2013/3/18,0,26.0,7.0,1.0,0.0,0.0,1.0,0.0,0.0,0.0,0.0
34.261593,108.98996,31,97,165,47.0,28.0,28.0,85.0,4,2013/3/18,1,10.0,6.0,1.0,0.0,0.0,1.0,0.0,0.0,0.0,0.0
34.279709,109.07048,36,106,152,53.0,25.0,25.0,124.0,4,2013/3/18,0,26.0,7.0,1.0,0.0,0.0,1.0,0.0,0.0,0.0,0.0
34.279709,109.07048,36,106,152,53.0,25.0,25.0,124.0,4,2013/3/18,1,10.0,6.0,1.0,0.0,0.0,1.0,0.0,0.0,0.0,0.0
34.22282,108.947144,40,102,138,100.0,27.0,30.0,83.0,3,2013/3/18,0,26.0,7.0,1.0,0.0,0.0,1.0,0.0,0.0,0.0,0.0
34.22282,108.947144,40,102,138,100.0,27.0,30.0,83.0,3,2013/3/18,1,10.0,6.0,1.0,0.0,0.0,1.0,0.0,0.0,0.0,0.0
34.26955,108.95903,34,101,188,97.0,29.0,31.0,93.0,4,2013/3/18,0,26.0,7.0,1.0,0.0,0.0,1.0,0.0,0.0,0.0,0.0
34.26955,108.95903,34,101,188,97.0,29.0,31.0,93.0,4,2013/3/18,1,10.0,6.0,1.0,0.0,0.0,1.0,0.0,0.0,0.0,0.0
34.233376,108.9049,40,103,150,41.0,31.0,38.0,85.0,3,2013/3/18,0,26.0,7.0,1.0,0.0,0.0,1.0,0.0,0.0,0.0,0.0
34.233376,108.9049,40,103,150,41.0,31.0,38.0,85.0,3,2013/3/18,1,10.0,6.0,1.0,0.0,0.0,1.0,0.0,0.0,0.0,0.0
34.35886,108.929192,53,117,169,63.0,34.0,39.0,89.0,4,2013/3/18,0,26.0,7.0,1.0,0.0,0.0,1.0,0.0,0.0,0.0,0.0
34.35886,108.929192,53,117,169,63.0,34.0,39.0,89.0,4,2013/3/18,1,10.0,6.0,1.0,0.0,0.0,1.0,0.0,0.0,0.0,0.0
34.158932,108.90696,25,42,159,30.0,31.0,39.0,83.0,4,2013/3/18,0,26.0,7.0,1.0,0.0,0.0,1.0,0.0,0.0,0.0,0.0
34.158932,108.90696,25,42,159,30.0,31.0,39.0,83.0,4,2013/3/18,1,10.0,6.0,1.0,0.0,0.0,1.0,0.0,0.0,0.0,0.0
34.662251,109.226196,35,65,152,59.0,13.0,16.0,89.0,4,2013/3/18,0,26.0,7.0,1.0,0.0,0.0,1.0,0.0,0.0,0.0,0.0
34.662251,109.226196,35,65,152,59.0,13.0,16.0,89.0,4,2013/3/18,1,10.0,6.0,1.0,0.0,0.0,1.0,0.0,0.0,0.0,0.0
34.366699,109.214211,40,71,140,16.0,34.0,47.0,62.0,3,2013/3/18,0,26.0,7.0,1.0,0.0,0.0,1.0,0.0,0.0,0.0,0.0
34.366699,109.214211,40,71,140,16.0,34.0,47.0,62.0,3,2013/3/18,1,10.0,6.0,1.0,0.0,0.0,1.0,0.0,0.0,0.0,0.0
34.354256,109.011482,31,106,167,40.0,37.0,41.0,89.0,4,2013/3/18,0,26.0,7.0,1.0,0.0,0.0,1.0,0.0,0.0,0.0,0.0
34.354256,109.011482,31,106,167,40.0,37.0,41.0,89.0,4,2013/3/18,1,10.0,6.0,1.0,0.0,0.0,1.0,0.0,0.0,0.0,0.0
34.382896,108.88327,61,59,263,70.0,26.0,32.0,150.0,6,2013/3/18,0,26.0,7.0,1.0,0.0,0.0,1.0,0.0,0.0,0.0,0.0
34.382896,108.88327,61,59,263,70.0,26.0,32.0,150.0,6,2013/3/18,1,10.0,6.0,1.0,0.0,0.0,1.0,0.0,0.0,0.0,0.0
34.259781,108.856987,57,105,175,98.0,32.0,34.0,163.0,4,2013/3/19,0,27.0,7.0,1.0,0.0,0.0,1.0,0.0,0.0,0.0,0.0
34.259781,108.856987,57,105,175,98.0,32.0,34.0,163.0,4,2013/3/19,1,10.0,5.0,1.0,0.0,0.0,1.0,0.0,0.0,0.0,0.0
34.261593,108.98996,31,102,160,38.0,26.0,25.0,114.0,4,2013/3/19,0,27.0,7.0,1.0,0.0,0.0,1.0,0.0,0.0,0.0,0.0
34.261593,108.98996,31,102,160,38.0,26.0,25.0,114.0,4,2013/3/19,1,10.0,5.0,1.0,0.0,0.0,1.0,0.0,0.0,0.0,0.0
34.279709,109.07048,42,111,178,35.0,24.0,25.0,159.0,4,2013/3/19,0,27.0,7.0,1.0,0.0,0.0,1.0,0.0,0.0,0.0,0.0
34.279709,109.07048,42,111,178,35.0,24.0,25.0,159.0,4,2013/3/19,1,10.0,5.0,1.0,0.0,0.0,1.0,0.0,0.0,0.0,0.0
34.22282,108.947144,37,104,166,103.0,25.0,28.0,110.0,4,2013/3/19,0,27.0,7.0,1.0,0.0,0.0,1.0,0.0,0.0,0.0,0.0
34.22282,108.947144,37,104,166,103.0,25.0,28.0,110.0,4,2013/3/19,1,10.0,5.0,1.0,0.0,0.0,1.0,0.0,0.0,0.0,0.0
34.26955,108.95903,35,107,236,105.0,25.0,23.0,142.0,6,2013/3/19,0,27.0,7.0,1.0,0.0,0.0,1.0,0.0,0.0,0.0,0.0
34.26955,108.95903,35,107,236,105.0,25.0,23.0,142.0,6,2013/3/19,1,10.0,5.0,1.0,0.0,0.0,1.0,0.0,0.0,0.0,0.0
34.233376,108.9049,47,105,176,51.0,28.0,31.0,143.0,4,2013/3/19,0,27.0,7.0,1.0,0.0,0.0,1.0,0.0,0.0,0.0,0.0
34.233376,108.9049,47,105,176,51.0,28.0,31.0,143.0,4,2013/3/19,1,10.0,5.0,1.0,0.0,0.0,1.0,0.0,0.0,0.0,0.0
34.35886,108.929192,63,90,302,62.0,24.0,29.0,209.0,7,2013/3/19,0,27.0,7.0,1.0,0.0,0.0,1.0,0.0,0.0,0.0,0.0
34.35886,108.929192,63,90,302,62.0,24.0,29.0,209.0,7,2013/3/19,1,10.0,5.0,1.0,0.0,0.0,1.0,0.0,0.0,0.0,0.0
34.158932,108.90696,31,45,174,31.0,30.0,20.0,103.0,4,2013/3/19,0,27.0,7.0,1.0,0.0,0.0,1.0,0.0,0.0,0.0,0.0
34.158932,108.90696,31,45,174,31.0,30.0,20.0,103.0,4,2013/3/19,1,10.0,5.0,1.0,0.0,0.0,1.0,0.0,0.0,0.0,0.0
34.662251,109.226196,51,104,179,67.0,11.0,14.0,125.0,4,2013/3/19,0,27.0,7.0,1.0,0.0,0.0,1.0,0.0,0.0,0.0,0.0
34.662251,109.226196,51,104,179,67.0,11.0,14.0,125.0,4,2013/3/19,1,10.0,5.0,1.0,0.0,0.0,1.0,0.0,0.0,0.0,0.0
34.366699,109.214211,52,92,138,43.0,33.0,46.0,88.0,3,2013/3/19,0,27.0,7.0,1.0,0.0,0.0,1.0,0.0,0.0,0.0,0.0
34.366699,109.214211,52,92,138,43.0,33.0,46.0,88.0,3,2013/3/19,1,10.0,5.0,1.0,0.0,0.0,1.0,0.0,0.0,0.0,0.0
34.354256,109.011482,34,115,186,48.0,30.0,30.0,128.0,4,2013/3/19,0,27.0,7.0,1.0,0.0,0.0,1.0,0.0,0.0,0.0,0.0
34.354256,109.011482,34,115,186,48.0,30.0,30.0,128.0,4,2013/3/19,1,10.0,5.0,1.0,0.0,0.0,1.0,0.0,0.0,0.0,0.0
34.382896,108.88327,67,75,272,94.0,23.0,24.0,212.0,6,2013/3/19,0,27.0,7.0,1.0,0.0,0.0,1.0,0.0,0.0,0.0,0.0
34.382896,108.88327,67,75,272,94.0,23.0,24.0,212.0,6,2013/3/19,1,10.0,5.0,1.0,0.0,0.0,1.0,0.0,0.0,0.0,0.0
34.259781,108.856987,42,53,148,59.0,32.0,44.0,114.0,3,2013/3/20,0,24.0,2.0,1.0,0.0,1.0,0.0,0.0,0.0,0.0,0.0
34.259781,108.856987,42,53,148,59.0,32.0,44.0,114.0,3,2013/3/20,1,10.0,3.0,1.0,0.0,1.0,0.0,0.0,0.0,0.0,0.0
34.261593,108.98996,32,70,153,25.0,31.0,43.0,108.0,4,2013/3/20,0,24.0,2.0,1.0,0.0,1.0,0.0,0.0,0.0,0.0,0.0
34.261593,108.98996,32,70,153,25.0,31.0,43.0,108.0,4,2013/3/20,1,10.0,3.0,1.0,0.0,1.0,0.0,0.0,0.0,0.0,0.0
34.279709,109.07048,43,99,171,24.0,27.0,35.0,143.0,4,2013/3/20,0,24.0,2.0,1.0,0.0,1.0,0.0,0.0,0.0,0.0,0.0
34.279709,109.07048,43,99,171,24.0,27.0,35.0,143.0,4,2013/3/20,1,10.0,3.0,1.0,0.0,1.0,0.0,0.0,0.0,0.0,0.0
34.22282,108.947144,43,74,135,79.0,23.0,32.0,78.0,3,2013/3/20,0,24.0,2.0,1.0,0.0,1.0,0.0,0.0,0.0,0.0,0.0
34.22282,108.947144,43,74,135,79.0,23.0,32.0,78.0,3,2013/3/20,1,10.0,3.0,1.0,0.0,1.0,0.0,0.0,0.0,0.0,0.0
34.26955,108.95903,28,77,226,73.0,27.0,35.0,109.0,6,2013/3/20,0,24.0,2.0,1.0,0.0,1.0,0.0,0.0,0.0,0.0,0.0
34.26955,108.95903,28,77,226,73.0,27.0,35.0,109.0,6,2013/3/20,1,10.0,3.0,1.0,0.0,1.0,0.0,0.0,0.0,0.0,0.0
34.233376,108.9049,42,92,149,30.0,28.0,38.0,93.0,3,2013/3/20,0,24.0,2.0,1.0,0.0,1.0,0.0,0.0,0.0,0.0,0.0
34.233376,108.9049,42,92,149,30.0,28.0,38.0,93.0,3,2013/3/20,1,10.0,3.0,1.0,0.0,1.0,0.0,0.0,0.0,0.0,0.0
34.35886,108.929192,69,110,182,66.0,34.0,47.0,98.0,4,2013/3/20,0,24.0,2.0,1.0,0.0,1.0,0.0,0.0,0.0,0.0,0.0
34.35886,108.929192,69,110,182,66.0,34.0,47.0,98.0,4,2013/3/20,1,10.0,3.0,1.0,0.0,1.0,0.0,0.0,0.0,0.0,0.0
34.158932,108.90696,35,43,175,47.0,24.0,32.0,97.0,4,2013/3/20,0,24.0,2.0,1.0,0.0,1.0,0.0,0.0,0.0,0.0,0.0
34.158932,108.90696,35,43,175,47.0,24.0,32.0,97.0,4,2013/3/20,1,10.0,3.0,1.0,0.0,1.0,0.0,0.0,0.0,0.0,0.0
34.662251,109.226196,35,70,162,66.0,15.0,20.0,129.0,4,2013/3/20,0,24.0,2.0,1.0,0.0,1.0,0.0,0.0,0.0,0.0,0.0
34.662251,109.226196,35,70,162,66.0,15.0,20.0,129.0,4,2013/3/20,1,10.0,3.0,1.0,0.0,1.0,0.0,0.0,0.0,0.0,0.0
34.366699,109.214211,40,68,126,47.0,29.0,38.0,89.0,3,2013/3/20,0,24.0,2.0,1.0,0.0,1.0,0.0,0.0,0.0,0.0,0.0
34.366699,109.214211,40,68,126,47.0,29.0,38.0,89.0,3,2013/3/20,1,10.0,3.0,1.0,0.0,1.0,0.0,0.0,0.0,0.0,0.0
34.209648,108.977669,36,93,126,40.0,30.0,36.0,107.0,3,2013/3/20,0,24.0,2.0,1.0,0.0,1.0,0.0,0.0,0.0,0.0,0.0
34.209648,108.977669,36,93,126,40.0,30.0,36.0,107.0,3,2013/3/20,1,10.0,3.0,1.0,0.0,1.0,0.0,0.0,0.0,0.0,0.0
34.354256,109.011482,41,89,170,41.0,30.0,36.0,113.0,4,2013/3/20,0,24.0,2.0,1.0,0.0,1.0,0.0,0.0,0.0,0.0,0.0
34.354256,109.011482,41,89,170,41.0,30.0,36.0,113.0,4,2013/3/20,1,10.0,3.0,1.0,0.0,1.0,0.0,0.0,0.0,0.0,0.0
34.382896,108.88327,50,43,168,80.0,29.0,40.0,140.0,4,2013/3/20,0,24.0,2.0,1.0,0.0,1.0,0.0,0.0,0.0,0.0,0.0
34.382896,108.88327,50,43,168,80.0,29.0,40.0,140.0,4,2013/3/20,1,10.0,3.0,1.0,0.0,1.0,0.0,0.0,0.0,0.0,0.0
34.259781,108.856987,52,70,136,71.0,23.0,28.0,173.0,4,2013/3/21,0,22.0,2.0,1.0,0.0,0.0,0.0,1.0,0.0,0.0,0.0
34.259781,108.856987,52,70,136,71.0,23.0,28.0,173.0,4,2013/3/21,1,8.0,5.0,1.0,0.0,1.0,0.0,0.0,0.0,0.0,0.0
34.261593,108.98996,28,88,151,31.0,16.0,18.0,170.0,4,2013/3/21,0,22.0,2.0,1.0,0.0,0.0,0.0,1.0,0.0,0.0,0.0
34.261593,108.98996,28,88,151,31.0,16.0,18.0,170.0,4,2013/3/21,1,8.0,5.0,1.0,0.0,1.0,0.0,0.0,0.0,0.0,0.0
34.279709,109.07048,48,107,187,33.0,14.0,16.0,172.0,4,2013/3/21,0,22.0,2.0,1.0,0.0,0.0,0.0,1.0,0.0,0.0,0.0
34.279709,109.07048,48,107,187,33.0,14.0,16.0,172.0,4,2013/3/21,1,8.0,5.0,1.0,0.0,1.0,0.0,0.0,0.0,0.0,0.0
34.22282,108.947144,50,82,166,86.0,16.0,22.0,143.0,4,2013/3/21,0,22.0,2.0,1.0,0.0,0.0,0.0,1.0,0.0,0.0,0.0
34.22282,108.947144,50,82,166,86.0,16.0,22.0,143.0,4,2013/3/21,1,8.0,5.0,1.0,0.0,1.0,0.0,0.0,0.0,0.0,0.0
34.26955,108.95903,29,92,185,81.0,15.0,18.0,173.0,4,2013/3/21,0,22.0,2.0,1.0,0.0,0.0,0.0,1.0,0.0,0.0,0.0
34.26955,108.95903,29,92,185,81.0,15.0,18.0,173.0,4,2013/3/21,1,8.0,5.0,1.0,0.0,1.0,0.0,0.0,0.0,0.0,0.0
34.233376,108.9049,49,104,159,72.0,20.0,25.0,168.0,4,2013/3/21,0,22.0,2.0,1.0,0.0,0.0,0.0,1.0,0.0,0.0,0.0
34.233376,108.9049,49,104,159,72.0,20.0,25.0,168.0,4,2013/3/21,1,8.0,5.0,1.0,0.0,1.0,0.0,0.0,0.0,0.0,0.0
34.35886,108.929192,66,105,131,71.0,22.0,32.0,120.0,3,2013/3/21,0,22.0,2.0,1.0,0.0,0.0,0.0,1.0,0.0,0.0,0.0
34.35886,108.929192,66,105,131,71.0,22.0,32.0,120.0,3,2013/3/21,1,8.0,5.0,1.0,0.0,1.0,0.0,0.0,0.0,0.0,0.0
34.158932,108.90696,33,44,187,48.0,32.0,26.0,172.0,4,2013/3/21,0,22.0,2.0,1.0,0.0,0.0,0.0,1.0,0.0,0.0,0.0
34.158932,108.90696,33,44,187,48.0,32.0,26.0,172.0,4,2013/3/21,1,8.0,5.0,1.0,0.0,1.0,0.0,0.0,0.0,0.0,0.0
34.366699,109.214211,38,82,135,53.0,18.0,22.0,143.0,3,2013/3/21,0,22.0,2.0,1.0,0.0,0.0,0.0,1.0,0.0,0.0,0.0
34.366699,109.214211,38,82,135,53.0,18.0,22.0,143.0,3,2013/3/21,1,8.0,5.0,1.0,0.0,1.0,0.0,0.0,0.0,0.0,0.0
34.209648,108.977669,44,102,127,51.0,17.0,20.0,148.0,3,2013/3/21,0,22.0,2.0,1.0,0.0,0.0,0.0,1.0,0.0,0.0,0.0
34.209648,108.977669,44,102,127,51.0,17.0,20.0,148.0,3,2013/3/21,1,8.0,5.0,1.0,0.0,1.0,0.0,0.0,0.0,0.0,0.0
34.354256,109.011482,38,95,161,49.0,25.0,26.0,168.0,4,2013/3/21,0,22.0,2.0,1.0,0.0,0.0,0.0,1.0,0.0,0.0,0.0
34.354256,109.011482,38,95,161,49.0,25.0,26.0,168.0,4,2013/3/21,1,8.0,5.0,1.0,0.0,1.0,0.0,0.0,0.0,0.0,0.0
34.382896,108.88327,41,48,131,94.0,21.0,30.0,162.0,4,2013/3/21,0,22.0,2.0,1.0,0.0,0.0,0.0,1.0,0.0,0.0,0.0
34.382896,108.88327,41,48,131,94.0,21.0,30.0,162.0,4,2013/3/21,1,8.0,5.0,1.0,0.0,1.0,0.0,0.0,0.0,0.0,0.0
34.259781,108.856987,58,101,143,85.0,32.0,38.0,208.0,6,2013/3/22,0,21.0,1.0,1.0,0.0,1.0,0.0,0.0,0.0,0.0,0.0
34.259781,108.856987,58,101,143,85.0,32.0,38.0,208.0,6,2013/3/22,1,10.0,5.0,1.0,0.0,1.0,0.0,0.0,0.0,0.0,0.0
34.261593,108.98996,36,102,132,29.0,28.0,32.0,130.0,3,2013/3/22,0,21.0,1.0,1.0,0.0,1.0,0.0,0.0,0.0,0.0,0.0
34.261593,108.98996,36,102,132,29.0,28.0,32.0,130.0,3,2013/3/22,1,10.0,5.0,1.0,0.0,1.0,0.0,0.0,0.0,0.0,0.0
34.279709,109.07048,48,109,112,34.0,24.0,26.0,110.0,3,2013/3/22,0,21.0,1.0,1.0,0.0,1.0,0.0,0.0,0.0,0.0,0.0
34.279709,109.07048,48,109,112,34.0,24.0,26.0,110.0,3,2013/3/22,1,10.0,5.0,1.0,0.0,1.0,0.0,0.0,0.0,0.0,0.0
34.22282,108.947144,49,102,143,98.0,22.0,27.0,139.0,3,2013/3/22,0,21.0,1.0,1.0,0.0,1.0,0.0,0.0,0.0,0.0,0.0
34.22282,108.947144,49,102,143,98.0,22.0,27.0,139.0,3,2013/3/22,1,10.0,5.0,1.0,0.0,1.0,0.0,0.0,0.0,0.0,0.0
34.26955,108.95903,28,105,174,91.0,27.0,28.0,178.0,4,2013/3/22,0,21.0,1.0,1.0,0.0,1.0,0.0,0.0,0.0,0.0,0.0
34.26955,108.95903,28,105,174,91.0,27.0,28.0,178.0,4,2013/3/22,1,10.0,5.0,1.0,0.0,1.0,0.0,0.0,0.0,0.0,0.0
34.233376,108.9049,52,112,150,40.0,27.0,32.0,183.0,4,2013/3/22,0,21.0,1.0,1.0,0.0,1.0,0.0,0.0,0.0,0.0,0.0
34.233376,108.9049,52,112,150,40.0,27.0,32.0,183.0,4,2013/3/22,1,10.0,5.0,1.0,0.0,1.0,0.0,0.0,0.0,0.0,0.0
34.35886,108.929192,65,118,177,85.0,33.0,34.0,180.0,4,2013/3/22,0,21.0,1.0,1.0,0.0,1.0,0.0,0.0,0.0,0.0,0.0
34.35886,108.929192,65,118,177,85.0,33.0,34.0,180.0,4,2013/3/22,1,10.0,5.0,1.0,0.0,1.0,0.0,0.0,0.0,0.0,0.0
34.662251,109.226196,29,63,168,35.0,15.0,21.0,183.0,4,2013/3/22,0,21.0,1.0,1.0,0.0,1.0,0.0,0.0,0.0,0.0,0.0
34.662251,109.226196,29,63,168,35.0,15.0,21.0,183.0,4,2013/3/22,1,10.0,5.0,1.0,0.0,1.0,0.0,0.0,0.0,0.0,0.0
34.366699,109.214211,44,104,124,61.0,27.0,30.0,119.0,3,2013/3/22,0,21.0,1.0,1.0,0.0,1.0,0.0,0.0,0.0,0.0,0.0
34.366699,109.214211,44,104,124,61.0,27.0,30.0,119.0,3,2013/3/22,1,10.0,5.0,1.0,0.0,1.0,0.0,0.0,0.0,0.0,0.0
34.209648,108.977669,30,111,116,62.0,34.0,41.0,134.0,3,2013/3/22,0,21.0,1.0,1.0,0.0,1.0,0.0,0.0,0.0,0.0,0.0
34.209648,108.977669,30,111,116,62.0,34.0,41.0,134.0,3,2013/3/22,1,10.0,5.0,1.0,0.0,1.0,0.0,0.0,0.0,0.0,0.0
34.354256,109.011482,37,104,134,51.0,34.0,40.0,127.0,3,2013/3/22,0,21.0,1.0,1.0,0.0,1.0,0.0,0.0,0.0,0.0,0.0
34.354256,109.011482,37,104,134,51.0,34.0,40.0,127.0,3,2013/3/22,1,10.0,5.0,1.0,0.0,1.0,0.0,0.0,0.0,0.0,0.0
34.382896,108.88327,52,57,153,101.0,30.0,35.0,216.0,6,2013/3/22,0,21.0,1.0,1.0,0.0,1.0,0.0,0.0,0.0,0.0,0.0
34.382896,108.88327,52,57,153,101.0,30.0,35.0,216.0,6,2013/3/22,1,10.0,5.0,1.0,0.0,1.0,0.0,0.0,0.0,0.0,0.0
34.259781,108.856987,58,85,166,83.0,46.0,56.0,208.0,6,2013/3/23,0,25.0,1.0,1.0,0.0,0.0,1.0,0.0,0.0,0.0,0.0
34.259781,108.856987,58,85,166,83.0,46.0,56.0,208.0,6,2013/3/23,1,9.0,7.0,1.0,0.0,0.0,1.0,0.0,0.0,0.0,0.0
34.261593,108.98996,37,106,174,32.0,37.0,40.0,192.0,4,2013/3/23,0,25.0,1.0,1.0,0.0,0.0,1.0,0.0,0.0,0.0,0.0
34.261593,108.98996,37,106,174,32.0,37.0,40.0,192.0,4,2013/3/23,1,9.0,7.0,1.0,0.0,0.0,1.0,0.0,0.0,0.0,0.0
34.279709,109.07048,53,111,167,43.0,31.0,37.0,186.0,4,2013/3/23,0,25.0,1.0,1.0,0.0,0.0,1.0,0.0,0.0,0.0,0.0
34.279709,109.07048,53,111,167,43.0,31.0,37.0,186.0,4,2013/3/23,1,9.0,7.0,1.0,0.0,0.0,1.0,0.0,0.0,0.0,0.0
34.22282,108.947144,47,102,181,101.0,32.0,38.0,170.0,4,2013/3/23,0,25.0,1.0,1.0,0.0,0.0,1.0,0.0,0.0,0.0,0.0
34.22282,108.947144,47,102,181,101.0,32.0,38.0,170.0,4,2013/3/23,1,9.0,7.0,1.0,0.0,0.0,1.0,0.0,0.0,0.0,0.0
34.26955,108.95903,26,89,208,79.0,42.0,47.0,204.0,6,2013/3/23,0,25.0,1.0,1.0,0.0,0.0,1.0,0.0,0.0,0.0,0.0
34.26955,108.95903,26,89,208,79.0,42.0,47.0,204.0,6,2013/3/23,1,9.0,7.0,1.0,0.0,0.0,1.0,0.0,0.0,0.0,0.0
34.233376,108.9049,52,110,198,41.0,38.0,45.0,205.0,6,2013/3/23,0,25.0,1.0,1.0,0.0,0.0,1.0,0.0,0.0,0.0,0.0
34.233376,108.9049,52,110,198,41.0,38.0,45.0,205.0,6,2013/3/23,1,9.0,7.0,1.0,0.0,0.0,1.0,0.0,0.0,0.0,0.0
34.158932,108.90696,39,47,168,105.0,37.0,43.0,176.0,4,2013/3/23,0,25.0,1.0,1.0,0.0,0.0,1.0,0.0,0.0,0.0,0.0
34.158932,108.90696,39,47,168,105.0,37.0,43.0,176.0,4,2013/3/23,1,9.0,7.0,1.0,0.0,0.0,1.0,0.0,0.0,0.0,0.0
34.662251,109.226196,43,72,190,35.0,19.0,23.0,219.0,6,2013/3/23,0,25.0,1.0,1.0,0.0,0.0,1.0,0.0,0.0,0.0,0.0
34.662251,109.226196,43,72,190,35.0,19.0,23.0,219.0,6,2013/3/23,1,9.0,7.0,1.0,0.0,0.0,1.0,0.0,0.0,0.0,0.0
34.209648,108.977669,32,108,159,73.0,32.0,39.0,173.0,4,2013/3/23,0,25.0,1.0,1.0,0.0,0.0,1.0,0.0,0.0,0.0,0.0
34.209648,108.977669,32,108,159,73.0,32.0,39.0,173.0,4,2013/3/23,1,9.0,7.0,1.0,0.0,0.0,1.0,0.0,0.0,0.0,0.0
34.354256,109.011482,49,107,193,56.0,44.0,47.0,206.0,6,2013/3/23,0,25.0,1.0,1.0,0.0,0.0,1.0,0.0,0.0,0.0,0.0
34.354256,109.011482,49,107,193,56.0,44.0,47.0,206.0,6,2013/3/23,1,9.0,7.0,1.0,0.0,0.0,1.0,0.0,0.0,0.0,0.0
34.382896,108.88327,60,54,137,101.0,33.0,39.0,183.0,4,2013/3/23,0,25.0,1.0,1.0,0.0,0.0,1.0,0.0,0.0,0.0,0.0
34.382896,108.88327,60,54,137,101.0,33.0,39.0,183.0,4,2013/3/23,1,9.0,7.0,1.0,0.0,0.0,1.0,0.0,0.0,0.0,0.0
34.259781,108.856987,43,92,146,63.0,36.0,48.0,115.0,3,2013/3/24,0,20.0,1.0,2.0,0.0,1.0,0.0,0.0,0.0,0.0,0.0
34.259781,108.856987,43,92,146,63.0,36.0,48.0,115.0,3,2013/3/24,1,10.0,2.0,1.0,0.0,0.0,0.0,1.0,0.0,0.0,0.0
34.261593,108.98996,32,60,155,16.0,36.0,46.0,119.0,4,2013/3/24,0,20.0,1.0,2.0,0.0,1.0,0.0,0.0,0.0,0.0,0.0
34.261593,108.98996,32,60,155,16.0,36.0,46.0,119.0,4,2013/3/24,1,10.0,2.0,1.0,0.0,0.0,0.0,1.0,0.0,0.0,0.0
34.279709,109.07048,47,85,165,27.0,27.0,36.0,142.0,4,2013/3/24,0,20.0,1.0,2.0,0.0,1.0,0.0,0.0,0.0,0.0,0.0
34.279709,109.07048,47,85,165,27.0,27.0,36.0,142.0,4,2013/3/24,1,10.0,2.0,1.0,0.0,0.0,0.0,1.0,0.0,0.0,0.0
34.22282,108.947144,50,63,153,76.0,25.0,33.0,102.0,4,2013/3/24,0,20.0,1.0,2.0,0.0,1.0,0.0,0.0,0.0,0.0,0.0
34.22282,108.947144,50,63,153,76.0,25.0,33.0,102.0,4,2013/3/24,1,10.0,2.0,1.0,0.0,0.0,0.0,1.0,0.0,0.0,0.0
34.26955,108.95903,26,52,260,64.0,32.0,43.0,115.0,6,2013/3/24,0,20.0,1.0,2.0,0.0,1.0,0.0,0.0,0.0,0.0,0.0
34.26955,108.95903,26,52,260,64.0,32.0,43.0,115.0,6,2013/3/24,1,10.0,2.0,1.0,0.0,0.0,0.0,1.0,0.0,0.0,0.0
34.233376,108.9049,43,78,176,23.0,30.0,41.0,109.0,4,2013/3/24,0,20.0,1.0,2.0,0.0,1.0,0.0,0.0,0.0,0.0,0.0
34.233376,108.9049,43,78,176,23.0,30.0,41.0,109.0,4,2013/3/24,1,10.0,2.0,1.0,0.0,0.0,0.0,1.0,0.0,0.0,0.0
34.158932,108.90696,42,44,176,102.0,25.0,33.0,113.0,4,2013/3/24,0,20.0,1.0,2.0,0.0,1.0,0.0,0.0,0.0,0.0,0.0
34.158932,108.90696,42,44,176,102.0,25.0,33.0,113.0,4,2013/3/24,1,10.0,2.0,1.0,0.0,0.0,0.0,1.0,0.0,0.0,0.0
34.662251,109.226196,30,34,142,22.0,19.0,26.0,109.0,3,2013/3/24,0,20.0,1.0,2.0,0.0,1.0,0.0,0.0,0.0,0.0,0.0
34.662251,109.226196,30,34,142,22.0,19.0,26.0,109.0,3,2013/3/24,1,10.0,2.0,1.0,0.0,0.0,0.0,1.0,0.0,0.0,0.0
34.209648,108.977669,53,95,135,60.0,34.0,43.0,113.0,3,2013/3/24,0,20.0,1.0,2.0,0.0,1.0,0.0,0.0,0.0,0.0,0.0
34.209648,108.977669,53,95,135,60.0,34.0,43.0,113.0,3,2013/3/24,1,10.0,2.0,1.0,0.0,0.0,0.0,1.0,0.0,0.0,0.0
34.354256,109.011482,42,70,172,45.0,35.0,46.0,115.0,4,2013/3/24,0,20.0,1.0,2.0,0.0,1.0,0.0,0.0,0.0,0.0,0.0
34.354256,109.011482,42,70,172,45.0,35.0,46.0,115.0,4,2013/3/24,1,10.0,2.0,1.0,0.0,0.0,0.0,1.0,0.0,0.0,0.0
34.382896,108.88327,33,25,120,89.0,31.0,43.0,113.0,3,2013/3/24,0,20.0,1.0,2.0,0.0,1.0,0.0,0.0,0.0,0.0,0.0
34.382896,108.88327,33,25,120,89.0,31.0,43.0,113.0,3,2013/3/24,1,10.0,2.0,1.0,0.0,0.0,0.0,1.0,0.0,0.0,0.0
34.259781,108.856987,56,62,115,71.0,13.0,28.0,133.0,3,2013/3/25,0,17.0,5.0,1.0,1.0,0.0,0.0,0.0,1.0,0.0,0.0
34.259781,108.856987,56,62,115,71.0,13.0,28.0,133.0,3,2013/3/25,1,7.0,2.0,1.0,0.0,0.0,0.0,1.0,0.0,0.0,0.0
34.279709,109.07048,59,106,139,36.0,9.0,35.0,143.0,3,2013/3/25,0,17.0,5.0,1.0,1.0,0.0,0.0,0.0,1.0,0.0,0.0
34.279709,109.07048,59,106,139,36.0,9.0,35.0,143.0,3,2013/3/25,1,7.0,2.0,1.0,0.0,0.0,0.0,1.0,0.0,0.0,0.0
34.22282,108.947144,59,84,142,84.0,11.0,38.0,128.0,3,2013/3/25,0,17.0,5.0,1.0,1.0,0.0,0.0,0.0,1.0,0.0,0.0
34.22282,108.947144,59,84,142,84.0,11.0,38.0,128.0,3,2013/3/25,1,7.0,2.0,1.0,0.0,0.0,0.0,1.0,0.0,0.0,0.0
34.26955,108.95903,29,73,77,73.0,11.0,27.0,129.0,3,2013/3/25,0,17.0,5.0,1.0,1.0,0.0,0.0,0.0,1.0,0.0,0.0
34.26955,108.95903,29,73,77,73.0,11.0,27.0,129.0,3,2013/3/25,1,7.0,2.0,1.0,0.0,0.0,0.0,1.0,0.0,0.0,0.0
34.233376,108.9049,55,104,133,28.0,9.0,33.0,140.0,3,2013/3/25,0,17.0,5.0,1.0,1.0,0.0,0.0,0.0,1.0,0.0,0.0
34.233376,108.9049,55,104,133,28.0,9.0,33.0,140.0,3,2013/3/25,1,7.0,2.0,1.0,0.0,0.0,0.0,1.0,0.0,0.0,0.0
34.158932,108.90696,30,45,141,103.0,11.0,22.0,153.0,4,2013/3/25,0,17.0,5.0,1.0,1.0,0.0,0.0,0.0,1.0,0.0,0.0
34.158932,108.90696,30,45,141,103.0,11.0,22.0,153.0,4,2013/3/25,1,7.0,2.0,1.0,0.0,0.0,0.0,1.0,0.0,0.0,0.0
34.209648,108.977669,57,103,106,70.0,8.0,41.0,120.0,3,2013/3/25,0,17.0,5.0,1.0,1.0,0.0,0.0,0.0,1.0,0.0,0.0
34.209648,108.977669,57,103,106,70.0,8.0,41.0,120.0,3,2013/3/25,1,7.0,2.0,1.0,0.0,0.0,0.0,1.0,0.0,0.0,0.0
34.354256,109.011482,54,93,126,53.0,13.0,36.0,120.0,3,2013/3/25,0,17.0,5.0,1.0,1.0,0.0,0.0,0.0,1.0,0.0,0.0
34.354256,109.011482,54,93,126,53.0,13.0,36.0,120.0,3,2013/3/25,1,7.0,2.0,1.0,0.0,0.0,0.0,1.0,0.0,0.0,0.0
34.382896,108.88327,38,33,93,99.0,15.0,23.0,115.0,3,2013/3/25,0,17.0,5.0,1.0,1.0,0.0,0.0,0.0,1.0,0.0,0.0
34.382896,108.88327,38,33,93,99.0,15.0,23.0,115.0,3,2013/3/25,1,7.0,2.0,1.0,0.0,0.0,0.0,1.0,0.0,0.0,0.0
34.259781,108.856987,44,95,105,78.0,40.0,50.0,145.0,3,2013/3/26,0,20.0,2.0,1.0,0.0,0.0,1.0,0.0,0.0,0.0,0.0
34.259781,108.856987,44,95,105,78.0,40.0,50.0,145.0,3,2013/3/26,1,6.0,0.0,1.0,0.0,0.0,1.0,0.0,0.0,0.0,0.0
34.261593,108.98996,16,82,105,23.0,36.0,45.0,120.0,3,2013/3/26,0,20.0,2.0,1.0,0.0,0.0,1.0,0.0,0.0,0.0,0.0
34.261593,108.98996,16,82,105,23.0,36.0,45.0,120.0,3,2013/3/26,1,6.0,0.0,1.0,0.0,0.0,1.0,0.0,0.0,0.0,0.0
34.22282,108.947144,23,69,118,83.0,30.0,40.0,112.0,3,2013/3/26,0,20.0,2.0,1.0,0.0,0.0,1.0,0.0,0.0,0.0,0.0
34.22282,108.947144,23,69,118,83.0,30.0,40.0,112.0,3,2013/3/26,1,6.0,0.0,1.0,0.0,0.0,1.0,0.0,0.0,0.0,0.0
34.26955,108.95903,26,72,98,83.0,35.0,41.0,144.0,3,2013/3/26,0,20.0,2.0,1.0,0.0,0.0,1.0,0.0,0.0,0.0,0.0
34.26955,108.95903,26,72,98,83.0,35.0,41.0,144.0,3,2013/3/26,1,6.0,0.0,1.0,0.0,0.0,1.0,0.0,0.0,0.0,0.0
34.233376,108.9049,31,87,109,26.0,33.0,44.0,133.0,3,2013/3/26,0,20.0,2.0,1.0,0.0,0.0,1.0,0.0,0.0,0.0,0.0
34.233376,108.9049,31,87,109,26.0,33.0,44.0,133.0,3,2013/3/26,1,6.0,0.0,1.0,0.0,0.0,1.0,0.0,0.0,0.0,0.0
34.35886,108.929192,62,108,99,56.0,33.0,43.0,110.0,3,2013/3/26,0,20.0,2.0,1.0,0.0,0.0,1.0,0.0,0.0,0.0,0.0
34.35886,108.929192,62,108,99,56.0,33.0,43.0,110.0,3,2013/3/26,1,6.0,0.0,1.0,0.0,0.0,1.0,0.0,0.0,0.0,0.0
34.158932,108.90696,16,34,104,102.0,33.0,45.0,122.0,3,2013/3/26,0,20.0,2.0,1.0,0.0,0.0,1.0,0.0,0.0,0.0,0.0
34.158932,108.90696,16,34,104,102.0,33.0,45.0,122.0,3,2013/3/26,1,6.0,0.0,1.0,0.0,0.0,1.0,0.0,0.0,0.0,0.0
34.209648,108.977669,16,83,88,71.0,28.0,34.0,104.0,3,2013/3/26,0,20.0,2.0,1.0,0.0,0.0,1.0,0.0,0.0,0.0,0.0
34.209648,108.977669,16,83,88,71.0,28.0,34.0,104.0,3,2013/3/26,1,6.0,0.0,1.0,0.0,0.0,1.0,0.0,0.0,0.0,0.0
34.354256,109.011482,26,98,116,70.0,41.0,48.0,129.0,3,2013/3/26,0,20.0,2.0,1.0,0.0,0.0,1.0,0.0,0.0,0.0,0.0
34.354256,109.011482,26,98,116,70.0,41.0,48.0,129.0,3,2013/3/26,1,6.0,0.0,1.0,0.0,0.0,1.0,0.0,0.0,0.0,0.0
34.382896,108.88327,31,43,108,101.0,31.0,40.0,153.0,4,2013/3/26,0,20.0,2.0,1.0,0.0,0.0,1.0,0.0,0.0,0.0,0.0
34.382896,108.88327,31,43,108,101.0,31.0,40.0,153.0,4,2013/3/26,1,6.0,0.0,1.0,0.0,0.0,1.0,0.0,0.0,0.0,0.0
34.259781,108.856987,52,94,140,99.0,37.0,44.0,148.0,3,2013/3/27,0,26.0,5.0,1.0,0.0,0.0,1.0,0.0,0.0,0.0,0.0
34.259781,108.856987,52,94,140,99.0,37.0,44.0,148.0,3,2013/3/27,1,8.0,1.0,1.0,0.0,0.0,1.0,0.0,0.0,0.0,0.0
34.261593,108.98996,31,107,126,31.0,28.0,33.0,109.0,3,2013/3/27,0,26.0,5.0,1.0,0.0,0.0,1.0,0.0,0.0,0.0,0.0
34.261593,108.98996,31,107,126,31.0,28.0,33.0,109.0,3,2013/3/27,1,8.0,1.0,1.0,0.0,0.0,1.0,0.0,0.0,0.0,0.0
34.279709,109.07048,49,119,135,43.0,21.0,23.0,117.0,3,2013/3/27,0,26.0,5.0,1.0,0.0,0.0,1.0,0.0,0.0,0.0,0.0
34.279709,109.07048,49,119,135,43.0,21.0,23.0,117.0,3,2013/3/27,1,8.0,1.0,1.0,0.0,0.0,1.0,0.0,0.0,0.0,0.0
34.22282,108.947144,46,107,124,102.0,22.0,30.0,99.0,3,2013/3/27,0,26.0,5.0,1.0,0.0,0.0,1.0,0.0,0.0,0.0,0.0
34.22282,108.947144,46,107,124,102.0,22.0,30.0,99.0,3,2013/3/27,1,8.0,1.0,1.0,0.0,0.0,1.0,0.0,0.0,0.0,0.0
34.26955,108.95903,27,101,158,103.0,28.0,31.0,110.0,4,2013/3/27,0,26.0,5.0,1.0,0.0,0.0,1.0,0.0,0.0,0.0,0.0
34.26955,108.95903,27,101,158,103.0,28.0,31.0,110.0,4,2013/3/27,1,8.0,1.0,1.0,0.0,0.0,1.0,0.0,0.0,0.0,0.0
34.233376,108.9049,41,105,151,37.0,29.0,37.0,130.0,4,2013/3/27,0,26.0,5.0,1.0,0.0,0.0,1.0,0.0,0.0,0.0,0.0
34.233376,108.9049,41,105,151,37.0,29.0,37.0,130.0,4,2013/3/27,1,8.0,1.0,1.0,0.0,0.0,1.0,0.0,0.0,0.0,0.0
34.35886,108.929192,66,105,174,69.0,38.0,41.0,122.0,4,2013/3/27,0,26.0,5.0,1.0,0.0,0.0,1.0,0.0,0.0,0.0,0.0
34.35886,108.929192,66,105,174,69.0,38.0,41.0,122.0,4,2013/3/27,1,8.0,1.0,1.0,0.0,0.0,1.0,0.0,0.0,0.0,0.0
34.158932,108.90696,43,42,117,103.0,29.0,34.0,88.0,3,2013/3/27,0,26.0,5.0,1.0,0.0,0.0,1.0,0.0,0.0,0.0,0.0
34.158932,108.90696,43,42,117,103.0,29.0,34.0,88.0,3,2013/3/27,1,8.0,1.0,1.0,0.0,0.0,1.0,0.0,0.0,0.0,0.0
34.662251,109.226196,42,100,161,46.0,14.0,19.0,176.0,4,2013/3/27,0,26.0,5.0,1.0,0.0,0.0,1.0,0.0,0.0,0.0,0.0
34.662251,109.226196,42,100,161,46.0,14.0,19.0,176.0,4,2013/3/27,1,8.0,1.0,1.0,0.0,0.0,1.0,0.0,0.0,0.0,0.0
34.366699,109.214211,50,111,120,61.0,27.0,28.0,119.0,3,2013/3/27,0,26.0,5.0,1.0,0.0,0.0,1.0,0.0,0.0,0.0,0.0
34.366699,109.214211,50,111,120,61.0,27.0,28.0,119.0,3,2013/3/27,1,8.0,1.0,1.0,0.0,0.0,1.0,0.0,0.0,0.0,0.0
34.366699,109.214211,23,78,95,56.0,33.0,42.0,120.0,3,2013/3/27,0,26.0,5.0,1.0,0.0,0.0,1.0,0.0,0.0,0.0,0.0
34.366699,109.214211,23,78,95,56.0,33.0,42.0,120.0,3,2013/3/27,1,8.0,1.0,1.0,0.0,0.0,1.0,0.0,0.0,0.0,0.0
34.209648,108.977669,27,104,106,81.0,39.0,47.0,93.0,3,2013/3/27,0,26.0,5.0,1.0,0.0,0.0,1.0,0.0,0.0,0.0,0.0
34.209648,108.977669,27,104,106,81.0,39.0,47.0,93.0,3,2013/3/27,1,8.0,1.0,1.0,0.0,0.0,1.0,0.0,0.0,0.0,0.0
34.354256,109.011482,52,115,154,77.0,46.0,52.0,127.0,4,2013/3/27,0,26.0,5.0,1.0,0.0,0.0,1.0,0.0,0.0,0.0,0.0
34.354256,109.011482,52,115,154,77.0,46.0,52.0,127.0,4,2013/3/27,1,8.0,1.0,1.0,0.0,0.0,1.0,0.0,0.0,0.0,0.0
34.382896,108.88327,51,59,131,103.0,33.0,39.0,127.0,3,2013/3/27,0,26.0,5.0,1.0,0.0,0.0,1.0,0.0,0.0,0.0,0.0
34.382896,108.88327,51,59,131,103.0,33.0,39.0,127.0,3,2013/3/27,1,8.0,1.0,1.0,0.0,0.0,1.0,0.0,0.0,0.0,0.0
34.259781,108.856987,57,116,143,101.0,40.0,50.0,150.0,3,2013/3/28,0,24.0,2.0,1.0,0.0,0.0,1.0,0.0,0.0,0.0,0.0
34.259781,108.856987,57,116,143,101.0,40.0,50.0,150.0,3,2013/3/28,1,11.0,2.0,1.0,0.0,1.0,0.0,0.0,0.0,0.0,0.0
34.261593,108.98996,38,106,139,31.0,32.0,37.0,124.0,3,2013/3/28,0,24.0,2.0,1.0,0.0,0.0,1.0,0.0,0.0,0.0,0.0
34.261593,108.98996,38,106,139,31.0,32.0,37.0,124.0,3,2013/3/28,1,11.0,2.0,1.0,0.0,1.0,0.0,0.0,0.0,0.0,0.0
34.279709,109.07048,60,121,136,42.0,20.0,21.0,120.0,3,2013/3/28,0,24.0,2.0,1.0,0.0,0.0,1.0,0.0,0.0,0.0,0.0
34.279709,109.07048,60,121,136,42.0,20.0,21.0,120.0,3,2013/3/28,1,11.0,2.0,1.0,0.0,1.0,0.0,0.0,0.0,0.0,0.0
34.22282,108.947144,52,103,133,102.0,30.0,36.0,104.0,3,2013/3/28,0,24.0,2.0,1.0,0.0,0.0,1.0,0.0,0.0,0.0,0.0
34.22282,108.947144,52,103,133,102.0,30.0,36.0,104.0,3,2013/3/28,1,11.0,2.0,1.0,0.0,1.0,0.0,0.0,0.0,0.0,0.0
34.26955,108.95903,26,103,194,103.0,37.0,36.0,137.0,4,2013/3/28,0,24.0,2.0,1.0,0.0,0.0,1.0,0.0,0.0,0.0,0.0
34.26955,108.95903,26,103,194,103.0,37.0,36.0,137.0,4,2013/3/28,1,11.0,2.0,1.0,0.0,1.0,0.0,0.0,0.0,0.0,0.0
34.233376,108.9049,53,75,146,37.0,31.0,40.0,122.0,3,2013/3/28,0,24.0,2.0,1.0,0.0,0.0,1.0,0.0,0.0,0.0,0.0
34.233376,108.9049,53,75,146,37.0,31.0,40.0,122.0,3,2013/3/28,1,11.0,2.0,1.0,0.0,1.0,0.0,0.0,0.0,0.0,0.0
34.35886,108.929192,74,108,216,72.0,33.0,40.0,149.0,6,2013/3/28,0,24.0,2.0,1.0,0.0,0.0,1.0,0.0,0.0,0.0,0.0
34.35886,108.929192,74,108,216,72.0,33.0,40.0,149.0,6,2013/3/28,1,11.0,2.0,1.0,0.0,1.0,0.0,0.0,0.0,0.0,0.0
34.158932,108.90696,33,39,124,104.0,35.0,47.0,87.0,3,2013/3/28,0,24.0,2.0,1.0,0.0,0.0,1.0,0.0,0.0,0.0,0.0
34.158932,108.90696,33,39,124,104.0,35.0,47.0,87.0,3,2013/3/28,1,11.0,2.0,1.0,0.0,1.0,0.0,0.0,0.0,0.0,0.0
34.662251,109.226196,43,79,144,37.0,14.0,19.0,130.0,3,2013/3/28,0,24.0,2.0,1.0,0.0,0.0,1.0,0.0,0.0,0.0,0.0
34.662251,109.226196,43,79,144,37.0,14.0,19.0,130.0,3,2013/3/28,1,11.0,2.0,1.0,0.0,1.0,0.0,0.0,0.0,0.0,0.0
34.366699,109.214211,55,102,112,58.0,34.0,40.0,117.0,3,2013/3/28,0,24.0,2.0,1.0,0.0,0.0,1.0,0.0,0.0,0.0,0.0
34.366699,109.214211,55,102,112,58.0,34.0,40.0,117.0,3,2013/3/28,1,11.0,2.0,1.0,0.0,1.0,0.0,0.0,0.0,0.0,0.0
34.209648,108.977669,32,104,113,89.0,40.0,48.0,102.0,3,2013/3/28,0,24.0,2.0,1.0,0.0,0.0,1.0,0.0,0.0,0.0,0.0
34.209648,108.977669,32,104,113,89.0,40.0,48.0,102.0,3,2013/3/28,1,11.0,2.0,1.0,0.0,1.0,0.0,0.0,0.0,0.0,0.0
34.354256,109.011482,49,112,146,72.0,41.0,46.0,117.0,3,2013/3/28,0,24.0,2.0,1.0,0.0,0.0,1.0,0.0,0.0,0.0,0.0
34.354256,109.011482,49,112,146,72.0,41.0,46.0,117.0,3,2013/3/28,1,11.0,2.0,1.0,0.0,1.0,0.0,0.0,0.0,0.0,0.0
34.382896,108.88327,53,59,169,108.0,41.0,43.0,180.0,4,2013/3/28,0,24.0,2.0,1.0,0.0,0.0,1.0,0.0,0.0,0.0,0.0
34.382896,108.88327,53,59,169,108.0,41.0,43.0,180.0,4,2013/3/28,1,11.0,2.0,1.0,0.0,1.0,0.0,0.0,0.0,0.0,0.0
34.259781,108.856987,54,65,146,80.0,30.0,40.0,198.0,4,2013/3/29,0,23.0,4.0,2.0,0.0,0.0,0.0,1.0,0.0,0.0,0.0
34.259781,108.856987,54,65,146,80.0,30.0,40.0,198.0,4,2013/3/29,1,10.0,2.0,1.0,0.0,1.0,0.0,0.0,0.0,0.0,0.0
34.261593,108.98996,32,98,154,25.0,25.0,30.0,196.0,4,2013/3/29,0,23.0,4.0,2.0,0.0,0.0,0.0,1.0,0.0,0.0,0.0
34.261593,108.98996,32,98,154,25.0,25.0,30.0,196.0,4,2013/3/29,1,10.0,2.0,1.0,0.0,1.0,0.0,0.0,0.0,0.0,0.0
34.279709,109.07048,48,108,168,40.0,17.0,22.0,179.0,4,2013/3/29,0,23.0,4.0,2.0,0.0,0.0,0.0,1.0,0.0,0.0,0.0
34.279709,109.07048,48,108,168,40.0,17.0,22.0,179.0,4,2013/3/29,1,10.0,2.0,1.0,0.0,1.0,0.0,0.0,0.0,0.0,0.0
34.22282,108.947144,53,85,172,93.0,20.0,27.0,165.0,4,2013/3/29,0,23.0,4.0,2.0,0.0,0.0,0.0,1.0,0.0,0.0,0.0
34.22282,108.947144,53,85,172,93.0,20.0,27.0,165.0,4,2013/3/29,1,10.0,2.0,1.0,0.0,1.0,0.0,0.0,0.0,0.0,0.0
34.26955,108.95903,24,78,199,89.0,22.0,29.0,188.0,4,2013/3/29,0,23.0,4.0,2.0,0.0,0.0,0.0,1.0,0.0,0.0,0.0
34.26955,108.95903,24,78,199,89.0,22.0,29.0,188.0,4,2013/3/29,1,10.0,2.0,1.0,0.0,1.0,0.0,0.0,0.0,0.0,0.0
34.233376,108.9049,57,55,172,29.0,25.0,32.0,228.0,6,2013/3/29,0,23.0,4.0,2.0,0.0,0.0,0.0,1.0,0.0,0.0,0.0
34.233376,108.9049,57,55,172,29.0,25.0,32.0,228.0,6,2013/3/29,1,10.0,2.0,1.0,0.0,1.0,0.0,0.0,0.0,0.0,0.0
34.35886,108.929192,82,104,168,37.0,30.0,39.0,132.0,4,2013/3/29,0,23.0,4.0,2.0,0.0,0.0,0.0,1.0,0.0,0.0,0.0
34.35886,108.929192,82,104,168,37.0,30.0,39.0,132.0,4,2013/3/29,1,10.0,2.0,1.0,0.0,1.0,0.0,0.0,0.0,0.0,0.0
34.158932,108.90696,40,48,191,107.0,24.0,30.0,201.0,6,2013/3/29,0,23.0,4.0,2.0,0.0,0.0,0.0,1.0,0.0,0.0,0.0
34.158932,108.90696,40,48,191,107.0,24.0,30.0,201.0,6,2013/3/29,1,10.0,2.0,1.0,0.0,1.0,0.0,0.0,0.0,0.0,0.0
34.662251,109.226196,26,47,177,38.0,20.0,30.0,204.0,6,2013/3/29,0,23.0,4.0,2.0,0.0,0.0,0.0,1.0,0.0,0.0,0.0
34.662251,109.226196,26,47,177,38.0,20.0,30.0,204.0,6,2013/3/29,1,10.0,2.0,1.0,0.0,1.0,0.0,0.0,0.0,0.0,0.0
34.366699,109.214211,42,88,146,56.0,19.0,26.0,198.0,4,2013/3/29,0,23.0,4.0,2.0,0.0,0.0,0.0,1.0,0.0,0.0,0.0
34.366699,109.214211,42,88,146,56.0,19.0,26.0,198.0,4,2013/3/29,1,10.0,2.0,1.0,0.0,1.0,0.0,0.0,0.0,0.0,0.0
34.209648,108.977669,41,103,135,90.0,22.0,28.0,169.0,4,2013/3/29,0,23.0,4.0,2.0,0.0,0.0,0.0,1.0,0.0,0.0,0.0
34.209648,108.977669,41,103,135,90.0,22.0,28.0,169.0,4,2013/3/29,1,10.0,2.0,1.0,0.0,1.0,0.0,0.0,0.0,0.0,0.0
34.354256,109.011482,43,99,172,66.0,31.0,39.0,198.0,4,2013/3/29,0,23.0,4.0,2.0,0.0,0.0,0.0,1.0,0.0,0.0,0.0
34.354256,109.011482,43,99,172,66.0,31.0,39.0,198.0,4,2013/3/29,1,10.0,2.0,1.0,0.0,1.0,0.0,0.0,0.0,0.0,0.0
34.382896,108.88327,46,38,136,111.0,27.0,39.0,183.0,4,2013/3/29,0,23.0,4.0,2.0,0.0,0.0,0.0,1.0,0.0,0.0,0.0
34.382896,108.88327,46,38,136,111.0,27.0,39.0,183.0,4,2013/3/29,1,10.0,2.0,1.0,0.0,1.0,0.0,0.0,0.0,0.0,0.0
34.259781,108.856987,65,90,176,89.0,41.0,52.0,235.0,6,2013/3/30,0,24.0,7.0,1.0,0.0,0.0,1.0,0.0,0.0,0.0,0.0
34.259781,108.856987,65,90,176,89.0,41.0,52.0,235.0,6,2013/3/30,1,11.0,0.0,1.0,0.0,0.0,1.0,0.0,0.0,0.0,0.0
34.261593,108.98996,46,106,171,31.0,38.0,50.0,223.0,6,2013/3/30,0,24.0,7.0,1.0,0.0,0.0,1.0,0.0,0.0,0.0,0.0
34.261593,108.98996,46,106,171,31.0,38.0,50.0,223.0,6,2013/3/30,1,11.0,0.0,1.0,0.0,0.0,1.0,0.0,0.0,0.0,0.0
34.279709,109.07048,57,111,158,42.0,32.0,37.0,179.0,4,2013/3/30,0,24.0,7.0,1.0,0.0,0.0,1.0,0.0,0.0,0.0,0.0
34.279709,109.07048,57,111,158,42.0,32.0,37.0,179.0,4,2013/3/30,1,11.0,0.0,1.0,0.0,0.0,1.0,0.0,0.0,0.0,0.0
34.22282,108.947144,54,95,195,101.0,29.0,39.0,204.0,6,2013/3/30,0,24.0,7.0,1.0,0.0,0.0,1.0,0.0,0.0,0.0,0.0
34.22282,108.947144,54,95,195,101.0,29.0,39.0,204.0,6,2013/3/30,1,11.0,0.0,1.0,0.0,0.0,1.0,0.0,0.0,0.0,0.0
34.26955,108.95903,24,101,226,96.0,39.0,46.0,220.0,6,2013/3/30,0,24.0,7.0,1.0,0.0,0.0,1.0,0.0,0.0,0.0,0.0
34.26955,108.95903,24,101,226,96.0,39.0,46.0,220.0,6,2013/3/30,1,11.0,0.0,1.0,0.0,0.0,1.0,0.0,0.0,0.0,0.0
34.233376,108.9049,60,110,194,30.0,32.0,45.0,243.0,6,2013/3/30,0,24.0,7.0,1.0,0.0,0.0,1.0,0.0,0.0,0.0,0.0
34.233376,108.9049,60,110,194,30.0,32.0,45.0,243.0,6,2013/3/30,1,11.0,0.0,1.0,0.0,0.0,1.0,0.0,0.0,0.0,0.0
34.35886,108.929192,78,120,148,37.0,40.0,55.0,145.0,3,2013/3/30,0,24.0,7.0,1.0,0.0,0.0,1.0,0.0,0.0,0.0,0.0
34.35886,108.929192,78,120,148,37.0,40.0,55.0,145.0,3,2013/3/30,1,11.0,0.0,1.0,0.0,0.0,1.0,0.0,0.0,0.0,0.0
34.158932,108.90696,43,47,172,109.0,36.0,52.0,203.0,6,2013/3/30,0,24.0,7.0,1.0,0.0,0.0,1.0,0.0,0.0,0.0,0.0
34.158932,108.90696,43,47,172,109.0,36.0,52.0,203.0,6,2013/3/30,1,11.0,0.0,1.0,0.0,0.0,1.0,0.0,0.0,0.0,0.0
34.662251,109.226196,34,69,190,39.0,17.0,25.0,233.0,6,2013/3/30,0,24.0,7.0,1.0,0.0,0.0,1.0,0.0,0.0,0.0,0.0
34.662251,109.226196,34,69,190,39.0,17.0,25.0,233.0,6,2013/3/30,1,11.0,0.0,1.0,0.0,0.0,1.0,0.0,0.0,0.0,0.0
34.366699,109.214211,46,99,156,62.0,32.0,38.0,228.0,6,2013/3/30,0,24.0,7.0,1.0,0.0,0.0,1.0,0.0,0.0,0.0,0.0
34.366699,109.214211,46,99,156,62.0,32.0,38.0,228.0,6,2013/3/30,1,11.0,0.0,1.0,0.0,0.0,1.0,0.0,0.0,0.0,0.0
34.209648,108.977669,41,107,145,99.0,38.0,50.0,189.0,4,2013/3/30,0,24.0,7.0,1.0,0.0,0.0,1.0,0.0,0.0,0.0,0.0
34.209648,108.977669,41,107,145,99.0,38.0,50.0,189.0,4,2013/3/30,1,11.0,0.0,1.0,0.0,0.0,1.0,0.0,0.0,0.0,0.0
34.354256,109.011482,48,101,184,70.0,52.0,71.0,222.0,6,2013/3/30,0,24.0,7.0,1.0,0.0,0.0,1.0,0.0,0.0,0.0,0.0
34.354256,109.011482,48,101,184,70.0,52.0,71.0,222.0,6,2013/3/30,1,11.0,0.0,1.0,0.0,0.0,1.0,0.0,0.0,0.0,0.0
34.382896,108.88327,45,45,124,113.0,35.0,46.0,198.0,4,2013/3/30,0,24.0,7.0,1.0,0.0,0.0,1.0,0.0,0.0,0.0,0.0
34.382896,108.88327,45,45,124,113.0,35.0,46.0,198.0,4,2013/3/30,1,11.0,0.0,1.0,0.0,0.0,1.0,0.0,0.0,0.0,0.0
34.259781,108.856987,46,59,147,87.0,41.0,44.0,237.0,6,2013/3/31,0,24.0,2.0,1.0,0.0,1.0,0.0,0.0,0.0,0.0,0.0
34.259781,108.856987,46,59,147,87.0,41.0,44.0,237.0,6,2013/3/31,1,11.0,4.0,1.0,0.0,0.0,0.0,1.0,0.0,0.0,0.0
34.261593,108.98996,30,103,156,31.0,38.0,40.0,231.0,6,2013/3/31,0,24.0,2.0,1.0,0.0,1.0,0.0,0.0,0.0,0.0,0.0
34.261593,108.98996,30,103,156,31.0,38.0,40.0,231.0,6,2013/3/31,1,11.0,4.0,1.0,0.0,0.0,0.0,1.0,0.0,0.0,0.0
34.279709,109.07048,40,106,145,43.0,32.0,29.0,176.0,4,2013/3/31,0,24.0,2.0,1.0,0.0,1.0,0.0,0.0,0.0,0.0,0.0
34.279709,109.07048,40,106,145,43.0,32.0,29.0,176.0,4,2013/3/31,1,11.0,4.0,1.0,0.0,0.0,0.0,1.0,0.0,0.0,0.0
34.22282,108.947144,52,82,187,98.0,29.0,29.0,222.0,6,2013/3/31,0,24.0,2.0,1.0,0.0,1.0,0.0,0.0,0.0,0.0,0.0
34.22282,108.947144,52,82,187,98.0,29.0,29.0,222.0,6,2013/3/31,1,11.0,4.0,1.0,0.0,0.0,0.0,1.0,0.0,0.0,0.0
34.26955,108.95903,24,78,176,97.0,39.0,41.0,235.0,6,2013/3/31,0,24.0,2.0,1.0,0.0,1.0,0.0,0.0,0.0,0.0,0.0
34.26955,108.95903,24,78,176,97.0,39.0,41.0,235.0,6,2013/3/31,1,11.0,4.0,1.0,0.0,0.0,0.0,1.0,0.0,0.0,0.0
34.233376,108.9049,51,103,165,94.0,32.0,34.0,253.0,6,2013/3/31,0,24.0,2.0,1.0,0.0,1.0,0.0,0.0,0.0,0.0,0.0
34.233376,108.9049,51,103,165,94.0,32.0,34.0,253.0,6,2013/3/31,1,11.0,4.0,1.0,0.0,0.0,0.0,1.0,0.0,0.0,0.0
34.35886,108.929192,65,97,145,46.0,40.0,45.0,153.0,4,2013/3/31,0,24.0,2.0,1.0,0.0,1.0,0.0,0.0,0.0,0.0,0.0
34.35886,108.929192,65,97,145,46.0,40.0,45.0,153.0,4,2013/3/31,1,11.0,4.0,1.0,0.0,0.0,0.0,1.0,0.0,0.0,0.0
34.158932,108.90696,46,53,191,111.0,36.0,30.0,250.0,6,2013/3/31,0,24.0,2.0,1.0,0.0,1.0,0.0,0.0,0.0,0.0,0.0
34.158932,108.90696,46,53,191,111.0,36.0,30.0,250.0,6,2013/3/31,1,11.0,4.0,1.0,0.0,0.0,0.0,1.0,0.0,0.0,0.0
34.662251,109.226196,20,54,185,44.0,17.0,28.0,236.0,6,2013/3/31,0,24.0,2.0,1.0,0.0,1.0,0.0,0.0,0.0,0.0,0.0
34.662251,109.226196,20,54,185,44.0,17.0,28.0,236.0,6,2013/3/31,1,11.0,4.0,1.0,0.0,0.0,0.0,1.0,0.0,0.0,0.0
34.366699,109.214211,37,98,148,63.0,32.0,28.0,249.0,6,2013/3/31,0,24.0,2.0,1.0,0.0,1.0,0.0,0.0,0.0,0.0,0.0
34.366699,109.214211,37,98,148,63.0,32.0,28.0,249.0,6,2013/3/31,1,11.0,4.0,1.0,0.0,0.0,0.0,1.0,0.0,0.0,0.0
34.209648,108.977669,41,104,134,102.0,38.0,34.0,207.0,6,2013/3/31,0,24.0,2.0,1.0,0.0,1.0,0.0,0.0,0.0,0.0,0.0
34.209648,108.977669,41,104,134,102.0,38.0,34.0,207.0,6,2013/3/31,1,11.0,4.0,1.0,0.0,0.0,0.0,1.0,0.0,0.0,0.0
34.354256,109.011482,37,88,175,74.0,52.0,48.0,228.0,6,2013/3/31,0,24.0,2.0,1.0,0.0,1.0,0.0,0.0,0.0,0.0,0.0
34.354256,109.011482,37,88,175,74.0,52.0,48.0,228.0,6,2013/3/31,1,11.0,4.0,1.0,0.0,0.0,0.0,1.0,0.0,0.0,0.0
34.382896,108.88327,40,40,125,114.0,35.0,43.0,203.0,6,2013/3/31,0,24.0,2.0,1.0,0.0,1.0,0.0,0.0,0.0,0.0,0.0
34.382896,108.88327,40,40,125,114.0,35.0,43.0,203.0,6,2013/3/31,1,11.0,4.0,1.0,0.0,0.0,0.0,1.0,0.0,0.0,0.0
34.259781,108.856987,54,92,191,99.0,50.0,76.0,229.0,6,2013/4/1,0,21.0,5.0,1.0,0.0,1.0,0.0,0.0,0.0,0.0,0.0
34.259781,108.856987,54,92,191,99.0,50.0,76.0,229.0,6,2013/4/1,1,9.0,1.0,1.0,0.0,1.0,0.0,0.0,0.0,0.0,0.0
34.261593,108.98996,30,106,192,36.0,39.0,49.0,210.0,6,2013/4/1,0,21.0,5.0,1.0,0.0,1.0,0.0,0.0,0.0,0.0,0.0
34.261593,108.98996,30,106,192,36.0,39.0,49.0,210.0,6,2013/4/1,1,9.0,1.0,1.0,0.0,1.0,0.0,0.0,0.0,0.0,0.0
34.279709,109.07048,25,103,374,41.0,30.0,41.0,144.0,3,2013/4/1,0,21.0,5.0,1.0,0.0,1.0,0.0,0.0,0.0,0.0,0.0
34.279709,109.07048,25,103,374,41.0,30.0,41.0,144.0,3,2013/4/1,1,9.0,1.0,1.0,0.0,1.0,0.0,0.0,0.0,0.0,0.0
34.22282,108.947144,37,103,192,102.0,34.0,42.0,215.0,6,2013/4/1,0,21.0,5.0,1.0,0.0,1.0,0.0,0.0,0.0,0.0,0.0
34.22282,108.947144,37,103,192,102.0,34.0,42.0,215.0,6,2013/4/1,1,9.0,1.0,1.0,0.0,1.0,0.0,0.0,0.0,0.0,0.0
34.26955,108.95903,24,101,199,103.0,41.0,46.0,245.0,6,2013/4/1,0,21.0,5.0,1.0,0.0,1.0,0.0,0.0,0.0,0.0,0.0
34.26955,108.95903,24,101,199,103.0,41.0,46.0,245.0,6,2013/4/1,1,9.0,1.0,1.0,0.0,1.0,0.0,0.0,0.0,0.0,0.0
34.233376,108.9049,44,111,262,87.0,37.0,54.0,253.0,6,2013/4/1,0,21.0,5.0,1.0,0.0,1.0,0.0,0.0,0.0,0.0,0.0
34.233376,108.9049,44,111,262,87.0,37.0,54.0,253.0,6,2013/4/1,1,9.0,1.0,1.0,0.0,1.0,0.0,0.0,0.0,0.0,0.0
34.35886,108.929192,76,115,180,50.0,40.0,49.0,190.0,4,2013/4/1,0,21.0,5.0,1.0,0.0,1.0,0.0,0.0,0.0,0.0,0.0
34.35886,108.929192,76,115,180,50.0,40.0,49.0,190.0,4,2013/4/1,1,9.0,1.0,1.0,0.0,1.0,0.0,0.0,0.0,0.0,0.0
34.158932,108.90696,28,42,166,113.0,38.0,51.0,218.0,6,2013/4/1,0,21.0,5.0,1.0,0.0,1.0,0.0,0.0,0.0,0.0,0.0
34.158932,108.90696,28,42,166,113.0,38.0,51.0,218.0,6,2013/4/1,1,9.0,1.0,1.0,0.0,1.0,0.0,0.0,0.0,0.0,0.0
34.662251,109.226196,15,60,171,42.0,16.0,24.0,195.0,4,2013/4/1,0,21.0,5.0,1.0,0.0,1.0,0.0,0.0,0.0,0.0,0.0
34.662251,109.226196,15,60,171,42.0,16.0,24.0,195.0,4,2013/4/1,1,9.0,1.0,1.0,0.0,1.0,0.0,0.0,0.0,0.0,0.0
34.366699,109.214211,27,90,137,60.0,35.0,45.0,152.0,4,2013/4/1,0,21.0,5.0,1.0,0.0,1.0,0.0,0.0,0.0,0.0,0.0
34.366699,109.214211,27,90,137,60.0,35.0,45.0,152.0,4,2013/4/1,1,9.0,1.0,1.0,0.0,1.0,0.0,0.0,0.0,0.0,0.0
34.209648,108.977669,34,110,166,87.0,33.0,39.0,199.0,4,2013/4/1,0,21.0,5.0,1.0,0.0,1.0,0.0,0.0,0.0,0.0,0.0
34.209648,108.977669,34,110,166,87.0,33.0,39.0,199.0,4,2013/4/1,1,9.0,1.0,1.0,0.0,1.0,0.0,0.0,0.0,0.0,0.0
34.354256,109.011482,41,108,213,74.0,42.0,59.0,195.0,6,2013/4/1,0,21.0,5.0,1.0,0.0,1.0,0.0,0.0,0.0,0.0,0.0
34.354256,109.011482,41,108,213,74.0,42.0,59.0,195.0,6,2013/4/1,1,9.0,1.0,1.0,0.0,1.0,0.0,0.0,0.0,0.0,0.0
34.382896,108.88327,50,58,178,120.0,37.0,51.0,253.0,6,2013/4/1,0,21.0,5.0,1.0,0.0,1.0,0.0,0.0,0.0,0.0,0.0
34.382896,108.88327,50,58,178,120.0,37.0,51.0,253.0,6,2013/4/1,1,9.0,1.0,1.0,0.0,1.0,0.0,0.0,0.0,0.0,0.0
34.259781,108.856987,81,64,126,82.0,15.0,21.0,138.0,3,2013/4/2,0,19.0,4.0,1.0,0.0,0.0,0.0,1.0,0.0,0.0,0.0
34.259781,108.856987,81,64,126,82.0,15.0,21.0,138.0,3,2013/4/2,1,10.0,6.0,1.0,0.0,0.0,0.0,1.0,0.0,0.0,0.0
34.261593,108.98996,44,101,135,32.0,11.0,15.0,129.0,3,2013/4/2,0,19.0,4.0,1.0,0.0,0.0,0.0,1.0,0.0,0.0,0.0
34.261593,108.98996,44,101,135,32.0,11.0,15.0,129.0,3,2013/4/2,1,10.0,6.0,1.0,0.0,0.0,0.0,1.0,0.0,0.0,0.0
34.279709,109.07048,56,116,126,39.0,8.0,10.0,133.0,3,2013/4/2,0,19.0,4.0,1.0,0.0,0.0,0.0,1.0,0.0,0.0,0.0
34.279709,109.07048,56,116,126,39.0,8.0,10.0,133.0,3,2013/4/2,1,10.0,6.0,1.0,0.0,0.0,0.0,1.0,0.0,0.0,0.0
34.22282,108.947144,62,94,139,96.0,11.0,14.0,114.0,3,2013/4/2,0,19.0,4.0,1.0,0.0,0.0,0.0,1.0,0.0,0.0,0.0
34.22282,108.947144,62,94,139,96.0,11.0,14.0,114.0,3,2013/4/2,1,10.0,6.0,1.0,0.0,0.0,0.0,1.0,0.0,0.0,0.0
34.26955,108.95903,26,80,164,97.0,12.0,14.0,128.0,4,2013/4/2,0,19.0,4.0,1.0,0.0,0.0,0.0,1.0,0.0,0.0,0.0
34.26955,108.95903,26,80,164,97.0,12.0,14.0,128.0,4,2013/4/2,1,10.0,6.0,1.0,0.0,0.0,0.0,1.0,0.0,0.0,0.0
34.233376,108.9049,57,106,138,65.0,15.0,19.0,120.0,3,2013/4/2,0,19.0,4.0,1.0,0.0,0.0,0.0,1.0,0.0,0.0,0.0
34.233376,108.9049,57,106,138,65.0,15.0,19.0,120.0,3,2013/4/2,1,10.0,6.0,1.0,0.0,0.0,0.0,1.0,0.0,0.0,0.0
34.35886,108.929192,90,103,136,47.0,21.0,31.0,93.0,3,2013/4/2,0,19.0,4.0,1.0,0.0,0.0,0.0,1.0,0.0,0.0,0.0
34.35886,108.929192,90,103,136,47.0,21.0,31.0,93.0,3,2013/4/2,1,10.0,6.0,1.0,0.0,0.0,0.0,1.0,0.0,0.0,0.0
34.158932,108.90696,52,47,148,113.0,15.0,17.0,110.0,3,2013/4/2,0,19.0,4.0,1.0,0.0,0.0,0.0,1.0,0.0,0.0,0.0
34.158932,108.90696,52,47,148,113.0,15.0,17.0,110.0,3,2013/4/2,1,10.0,6.0,1.0,0.0,0.0,0.0,1.0,0.0,0.0,0.0
34.662251,109.226196,28,53,129,37.0,16.0,25.0,119.0,3,2013/4/2,0,19.0,4.0,1.0,0.0,0.0,0.0,1.0,0.0,0.0,0.0
34.662251,109.226196,28,53,129,37.0,16.0,25.0,119.0,3,2013/4/2,1,10.0,6.0,1.0,0.0,0.0,0.0,1.0,0.0,0.0,0.0
34.366699,109.214211,53,94,128,59.0,21.0,29.0,134.0,3,2013/4/2,0,19.0,4.0,1.0,0.0,0.0,0.0,1.0,0.0,0.0,0.0
34.366699,109.214211,53,94,128,59.0,21.0,29.0,134.0,3,2013/4/2,1,10.0,6.0,1.0,0.0,0.0,0.0,1.0,0.0,0.0,0.0
34.209648,108.977669,54,112,117,48.0,8.0,9.0,109.0,3,2013/4/2,0,19.0,4.0,1.0,0.0,0.0,0.0,1.0,0.0,0.0,0.0
34.209648,108.977669,54,112,117,48.0,8.0,9.0,109.0,3,2013/4/2,1,10.0,6.0,1.0,0.0,0.0,0.0,1.0,0.0,0.0,0.0
34.354256,109.011482,60,101,146,67.0,20.0,25.0,133.0,3,2013/4/2,0,19.0,4.0,1.0,0.0,0.0,0.0,1.0,0.0,0.0,0.0
34.354256,109.011482,60,101,146,67.0,20.0,25.0,133.0,3,2013/4/2,1,10.0,6.0,1.0,0.0,0.0,0.0,1.0,0.0,0.0,0.0
34.382896,108.88327,47,42,115,117.0,23.0,30.0,105.0,3,2013/4/2,0,19.0,4.0,1.0,0.0,0.0,0.0,1.0,0.0,0.0,0.0
34.382896,108.88327,47,42,115,117.0,23.0,30.0,105.0,3,2013/4/2,1,10.0,6.0,1.0,0.0,0.0,0.0,1.0,0.0,0.0,0.0
34.259781,108.856987,62,79,134,91.0,54.0,68.0,179.0,4,2013/4/3,0,22.0,1.0,1.0,0.0,1.0,0.0,0.0,0.0,0.0,0.0
34.259781,108.856987,62,79,134,91.0,54.0,68.0,179.0,4,2013/4/3,1,10.0,0.0,1.0,0.0,1.0,0.0,0.0,0.0,0.0,0.0
34.261593,108.98996,45,102,143,35.0,54.0,70.0,172.0,4,2013/4/3,0,22.0,1.0,1.0,0.0,1.0,0.0,0.0,0.0,0.0,0.0
34.261593,108.98996,45,102,143,35.0,54.0,70.0,172.0,4,2013/4/3,1,10.0,0.0,1.0,0.0,1.0,0.0,0.0,0.0,0.0,0.0
34.279709,109.07048,53,110,136,40.0,38.0,47.0,140.0,3,2013/4/3,0,22.0,1.0,1.0,0.0,1.0,0.0,0.0,0.0,0.0,0.0
34.279709,109.07048,53,110,136,40.0,38.0,47.0,140.0,3,2013/4/3,1,10.0,0.0,1.0,0.0,1.0,0.0,0.0,0.0,0.0,0.0
34.22282,108.947144,53,98,152,101.0,34.0,42.0,148.0,4,2013/4/3,0,22.0,1.0,1.0,0.0,1.0,0.0,0.0,0.0,0.0,0.0
34.22282,108.947144,53,98,152,101.0,34.0,42.0,148.0,4,2013/4/3,1,10.0,0.0,1.0,0.0,1.0,0.0,0.0,0.0,0.0,0.0
34.26955,108.95903,25,82,114,101.0,49.0,64.0,168.0,4,2013/4/3,0,22.0,1.0,1.0,0.0,1.0,0.0,0.0,0.0,0.0,0.0
34.26955,108.95903,25,82,114,101.0,49.0,64.0,168.0,4,2013/4/3,1,10.0,0.0,1.0,0.0,1.0,0.0,0.0,0.0,0.0,0.0
34.233376,108.9049,53,109,138,86.0,43.0,59.0,162.0,4,2013/4/3,0,22.0,1.0,1.0,0.0,1.0,0.0,0.0,0.0,0.0,0.0
34.233376,108.9049,53,109,138,86.0,43.0,59.0,162.0,4,2013/4/3,1,10.0,0.0,1.0,0.0,1.0,0.0,0.0,0.0,0.0,0.0
34.35886,108.929192,91,123,128,47.0,49.0,71.0,122.0,3,2013/4/3,0,22.0,1.0,1.0,0.0,1.0,0.0,0.0,0.0,0.0,0.0
34.35886,108.929192,91,123,128,47.0,49.0,71.0,122.0,3,2013/4/3,1,10.0,0.0,1.0,0.0,1.0,0.0,0.0,0.0,0.0,0.0
34.158932,108.90696,50,49,151,110.0,39.0,46.0,173.0,4,2013/4/3,0,22.0,1.0,1.0,0.0,1.0,0.0,0.0,0.0,0.0,0.0
34.158932,108.90696,50,49,151,110.0,39.0,46.0,173.0,4,2013/4/3,1,10.0,0.0,1.0,0.0,1.0,0.0,0.0,0.0,0.0,0.0
34.662251,109.226196,25,67,162,44.0,25.0,33.0,179.0,4,2013/4/3,0,22.0,1.0,1.0,0.0,1.0,0.0,0.0,0.0,0.0,0.0
34.662251,109.226196,25,67,162,44.0,25.0,33.0,179.0,4,2013/4/3,1,10.0,0.0,1.0,0.0,1.0,0.0,0.0,0.0,0.0,0.0
34.366699,109.214211,56,110,129,67.0,39.0,46.0,170.0,4,2013/4/3,0,22.0,1.0,1.0,0.0,1.0,0.0,0.0,0.0,0.0,0.0
34.366699,109.214211,56,110,129,67.0,39.0,46.0,170.0,4,2013/4/3,1,10.0,0.0,1.0,0.0,1.0,0.0,0.0,0.0,0.0,0.0
34.209648,108.977669,40,108,118,60.0,50.0,59.0,138.0,3,2013/4/3,0,22.0,1.0,1.0,0.0,1.0,0.0,0.0,0.0,0.0,0.0
34.209648,108.977669,40,108,118,60.0,50.0,59.0,138.0,3,2013/4/3,1,10.0,0.0,1.0,0.0,1.0,0.0,0.0,0.0,0.0,0.0
34.354256,109.011482,57,105,160,71.0,75.0,81.0,166.0,4,2013/4/3,0,22.0,1.0,1.0,0.0,1.0,0.0,0.0,0.0,0.0,0.0
34.354256,109.011482,57,105,160,71.0,75.0,81.0,166.0,4,2013/4/3,1,10.0,0.0,1.0,0.0,1.0,0.0,0.0,0.0,0.0,0.0
34.382896,108.88327,56,44,139,105.0,42.0,61.0,173.0,4,2013/4/3,0,22.0,1.0,1.0,0.0,1.0,0.0,0.0,0.0,0.0,0.0
34.382896,108.88327,56,44,139,105.0,42.0,61.0,173.0,4,2013/4/3,1,10.0,0.0,1.0,0.0,1.0,0.0,0.0,0.0,0.0,0.0
34.259781,108.856987,47,59,127,83.0,24.0,27.0,158.0,4,2013/4/4,0,18.0,5.0,1.0,1.0,0.0,0.0,0.0,1.0,0.0,0.0
34.259781,108.856987,47,59,127,83.0,24.0,27.0,158.0,4,2013/4/4,1,9.0,6.0,2.0,1.0,0.0,0.0,0.0,1.0,0.0,0.0
34.261593,108.98996,19,90,136,32.0,22.0,21.0,173.0,4,2013/4/4,0,18.0,5.0,1.0,1.0,0.0,0.0,0.0,1.0,0.0,0.0
34.261593,108.98996,19,90,136,32.0,22.0,21.0,173.0,4,2013/4/4,1,9.0,6.0,2.0,1.0,0.0,0.0,0.0,1.0,0.0,0.0
34.279709,109.07048,30,105,129,36.0,16.0,16.0,129.0,3,2013/4/4,0,18.0,5.0,1.0,1.0,0.0,0.0,0.0,1.0,0.0,0.0
34.279709,109.07048,30,105,129,36.0,16.0,16.0,129.0,3,2013/4/4,1,9.0,6.0,2.0,1.0,0.0,0.0,0.0,1.0,0.0,0.0
34.22282,108.947144,36,79,161,101.0,15.0,20.0,172.0,4,2013/4/4,0,18.0,5.0,1.0,1.0,0.0,0.0,0.0,1.0,0.0,0.0
34.22282,108.947144,36,79,161,101.0,15.0,20.0,172.0,4,2013/4/4,1,9.0,6.0,2.0,1.0,0.0,0.0,0.0,1.0,0.0,0.0
34.26955,108.95903,23,62,139,97.0,21.0,20.0,168.0,4,2013/4/4,0,18.0,5.0,1.0,1.0,0.0,0.0,0.0,1.0,0.0,0.0
34.26955,108.95903,23,62,139,97.0,21.0,20.0,168.0,4,2013/4/4,1,9.0,6.0,2.0,1.0,0.0,0.0,0.0,1.0,0.0,0.0
34.233376,108.9049,38,101,154,76.0,19.0,24.0,200.0,4,2013/4/4,0,18.0,5.0,1.0,1.0,0.0,0.0,0.0,1.0,0.0,0.0
34.233376,108.9049,38,101,154,76.0,19.0,24.0,200.0,4,2013/4/4,1,9.0,6.0,2.0,1.0,0.0,0.0,0.0,1.0,0.0,0.0
34.35886,108.929192,73,102,116,47.0,28.0,36.0,107.0,3,2013/4/4,0,18.0,5.0,1.0,1.0,0.0,0.0,0.0,1.0,0.0,0.0
34.35886,108.929192,73,102,116,47.0,28.0,36.0,107.0,3,2013/4/4,1,9.0,6.0,2.0,1.0,0.0,0.0,0.0,1.0,0.0,0.0
34.158932,108.90696,15,35,137,102.0,16.0,20.0,160.0,4,2013/4/4,0,18.0,5.0,1.0,1.0,0.0,0.0,0.0,1.0,0.0,0.0
34.158932,108.90696,15,35,137,102.0,16.0,20.0,160.0,4,2013/4/4,1,9.0,6.0,2.0,1.0,0.0,0.0,0.0,1.0,0.0,0.0
34.662251,109.226196,10,35,160,38.0,24.0,36.0,160.0,4,2013/4/4,0,18.0,5.0,1.0,1.0,0.0,0.0,0.0,1.0,0.0,0.0
34.662251,109.226196,10,35,160,38.0,24.0,36.0,160.0,4,2013/4/4,1,9.0,6.0,2.0,1.0,0.0,0.0,0.0,1.0,0.0,0.0
34.366699,109.214211,22,82,124,61.0,27.0,25.0,169.0,4,2013/4/4,0,18.0,5.0,1.0,1.0,0.0,0.0,0.0,1.0,0.0,0.0
34.366699,109.214211,22,82,124,61.0,27.0,25.0,169.0,4,2013/4/4,1,9.0,6.0,2.0,1.0,0.0,0.0,0.0,1.0,0.0,0.0
34.209648,108.977669,22,104,131,55.0,26.0,17.0,155.0,4,2013/4/4,0,18.0,5.0,1.0,1.0,0.0,0.0,0.0,1.0,0.0,0.0
34.209648,108.977669,22,104,131,55.0,26.0,17.0,155.0,4,2013/4/4,1,9.0,6.0,2.0,1.0,0.0,0.0,0.0,1.0,0.0,0.0
34.354256,109.011482,24,82,141,66.0,33.0,33.0,143.0,3,2013/4/4,0,18.0,5.0,1.0,1.0,0.0,0.0,0.0,1.0,0.0,0.0
34.354256,109.011482,24,82,141,66.0,33.0,33.0,143.0,3,2013/4/4,1,9.0,6.0,2.0,1.0,0.0,0.0,0.0,1.0,0.0,0.0
34.382896,108.88327,23,25,100,76.0,23.0,23.0,133.0,3,2013/4/4,0,18.0,5.0,1.0,1.0,0.0,0.0,0.0,1.0,0.0,0.0
34.382896,108.88327,23,25,100,76.0,23.0,23.0,133.0,3,2013/4/4,1,9.0,6.0,2.0,1.0,0.0,0.0,0.0,1.0,0.0,0.0
34.259781,108.856987,30,82,109,68.0,30.0,40.0,89.0,3,2013/4/5,0,15.0,0.0,1.0,0.0,1.0,0.0,0.0,0.0,0.0,0.0
34.259781,108.856987,30,82,109,68.0,30.0,40.0,89.0,3,2013/4/5,1,5.0,0.0,1.0,0.0,1.0,0.0,0.0,0.0,0.0,0.0
34.261593,108.98996,23,48,114,15.0,20.0,27.0,64.0,3,2013/4/5,0,15.0,0.0,1.0,0.0,1.0,0.0,0.0,0.0,0.0,0.0
34.261593,108.98996,23,48,114,15.0,20.0,27.0,64.0,3,2013/4/5,1,5.0,0.0,1.0,0.0,1.0,0.0,0.0,0.0,0.0,0.0
34.279709,109.07048,13,65,95,22.0,16.0,22.0,88.0,1,2013/4/5,0,15.0,0.0,1.0,0.0,1.0,0.0,0.0,0.0,0.0,0.0
34.279709,109.07048,13,65,95,22.0,16.0,22.0,88.0,1,2013/4/5,1,5.0,0.0,1.0,0.0,1.0,0.0,0.0,0.0,0.0,0.0
34.22282,108.947144,15,35,103,84.0,20.0,28.0,54.0,3,2013/4/5,0,15.0,0.0,1.0,0.0,1.0,0.0,0.0,0.0,0.0,0.0
34.22282,108.947144,15,35,103,84.0,20.0,28.0,54.0,3,2013/4/5,1,5.0,0.0,1.0,0.0,1.0,0.0,0.0,0.0,0.0,0.0
34.26955,108.95903,21,38,130,83.0,20.0,29.0,70.0,3,2013/4/5,0,15.0,0.0,1.0,0.0,1.0,0.0,0.0,0.0,0.0,0.0
34.26955,108.95903,21,38,130,83.0,20.0,29.0,70.0,3,2013/4/5,1,5.0,0.0,1.0,0.0,1.0,0.0,0.0,0.0,0.0,0.0
34.233376,108.9049,18,47,112,28.0,22.0,33.0,55.0,3,2013/4/5,0,15.0,0.0,1.0,0.0,1.0,0.0,0.0,0.0,0.0,0.0
34.233376,108.9049,18,47,112,28.0,22.0,33.0,55.0,3,2013/4/5,1,5.0,0.0,1.0,0.0,1.0,0.0,0.0,0.0,0.0,0.0
34.35886,108.929192,63,83,106,47.0,25.0,35.0,64.0,3,2013/4/5,0,15.0,0.0,1.0,0.0,1.0,0.0,0.0,0.0,0.0,0.0
34.35886,108.929192,63,83,106,47.0,25.0,35.0,64.0,3,2013/4/5,1,5.0,0.0,1.0,0.0,1.0,0.0,0.0,0.0,0.0,0.0
34.158932,108.90696,6,20,104,92.0,24.0,35.0,50.0,3,2013/4/5,0,15.0,0.0,1.0,0.0,1.0,0.0,0.0,0.0,0.0,0.0
34.158932,108.90696,6,20,104,92.0,24.0,35.0,50.0,3,2013/4/5,1,5.0,0.0,1.0,0.0,1.0,0.0,0.0,0.0,0.0,0.0
34.662251,109.226196,4,38,102,24.0,22.0,26.0,53.0,3,2013/4/5,0,15.0,0.0,1.0,0.0,1.0,0.0,0.0,0.0,0.0,0.0
34.662251,109.226196,4,38,102,24.0,22.0,26.0,53.0,3,2013/4/5,1,5.0,0.0,1.0,0.0,1.0,0.0,0.0,0.0,0.0,0.0
34.366699,109.214211,14,52,110,51.0,18.0,25.0,52.0,3,2013/4/5,0,15.0,0.0,1.0,0.0,1.0,0.0,0.0,0.0,0.0,0.0
34.366699,109.214211,14,52,110,51.0,18.0,25.0,52.0,3,2013/4/5,1,5.0,0.0,1.0,0.0,1.0,0.0,0.0,0.0,0.0,0.0
34.209648,108.977669,8,60,96,33.0,21.0,29.0,55.0,1,2013/4/5,0,15.0,0.0,1.0,0.0,1.0,0.0,0.0,0.0,0.0,0.0
34.209648,108.977669,8,60,96,33.0,21.0,29.0,55.0,1,2013/4/5,1,5.0,0.0,1.0,0.0,1.0,0.0,0.0,0.0,0.0,0.0
34.354256,109.011482,33,57,123,53.0,26.0,36.0,67.0,3,2013/4/5,0,15.0,0.0,1.0,0.0,1.0,0.0,0.0,0.0,0.0,0.0
34.354256,109.011482,33,57,123,53.0,26.0,36.0,67.0,3,2013/4/5,1,5.0,0.0,1.0,0.0,1.0,0.0,0.0,0.0,0.0,0.0
34.382896,108.88327,21,24,95,79.0,18.0,20.0,57.0,1,2013/4/5,0,15.0,0.0,1.0,0.0,1.0,0.0,0.0,0.0,0.0,0.0
34.382896,108.88327,21,24,95,79.0,18.0,20.0,57.0,1,2013/4/5,1,5.0,0.0,1.0,0.0,1.0,0.0,0.0,0.0,0.0,0.0
34.259781,108.856987,40,97,96,77.0,38.0,45.0,93.0,1,2013/4/6,0,18.0,0.0,1.0,0.0,0.0,1.0,0.0,0.0,0.0,0.0
34.259781,108.856987,40,97,96,77.0,38.0,45.0,93.0,1,2013/4/6,1,4.0,1.0,1.0,0.0,0.0,1.0,0.0,0.0,0.0,0.0
34.261593,108.98996,14,52,104,17.0,34.0,43.0,83.0,3,2013/4/6,0,18.0,0.0,1.0,0.0,0.0,1.0,0.0,0.0,0.0,0.0
34.261593,108.98996,14,52,104,17.0,34.0,43.0,83.0,3,2013/4/6,1,4.0,1.0,1.0,0.0,0.0,1.0,0.0,0.0,0.0,0.0
34.279709,109.07048,19,83,89,23.0,27.0,33.0,82.0,1,2013/4/6,0,18.0,0.0,1.0,0.0,0.0,1.0,0.0,0.0,0.0,0.0
34.279709,109.07048,19,83,89,23.0,27.0,33.0,82.0,1,2013/4/6,1,4.0,1.0,1.0,0.0,0.0,1.0,0.0,0.0,0.0,0.0
34.22282,108.947144,25,62,91,83.0,25.0,35.0,55.0,1,2013/4/6,0,18.0,0.0,1.0,0.0,0.0,1.0,0.0,0.0,0.0,0.0
34.22282,108.947144,25,62,91,83.0,25.0,35.0,55.0,1,2013/4/6,1,4.0,1.0,1.0,0.0,0.0,1.0,0.0,0.0,0.0,0.0
34.26955,108.95903,22,59,114,91.0,33.0,37.0,85.0,3,2013/4/6,0,18.0,0.0,1.0,0.0,0.0,1.0,0.0,0.0,0.0,0.0
34.26955,108.95903,22,59,114,91.0,33.0,37.0,85.0,3,2013/4/6,1,4.0,1.0,1.0,0.0,0.0,1.0,0.0,0.0,0.0,0.0
34.233376,108.9049,37,87,100,53.0,30.0,38.0,70.0,1,2013/4/6,0,18.0,0.0,1.0,0.0,0.0,1.0,0.0,0.0,0.0,0.0
34.233376,108.9049,37,87,100,53.0,30.0,38.0,70.0,1,2013/4/6,1,4.0,1.0,1.0,0.0,0.0,1.0,0.0,0.0,0.0,0.0
34.158932,108.90696,40,34,93,101.0,29.0,39.0,67.0,3,2013/4/6,0,18.0,0.0,1.0,0.0,0.0,1.0,0.0,0.0,0.0,0.0
34.158932,108.90696,40,34,93,101.0,29.0,39.0,67.0,3,2013/4/6,1,4.0,1.0,1.0,0.0,0.0,1.0,0.0,0.0,0.0,0.0
34.662251,109.226196,12,48,113,31.0,15.0,22.0,87.0,3,2013/4/6,0,18.0,0.0,1.0,0.0,0.0,1.0,0.0,0.0,0.0,0.0
34.662251,109.226196,12,48,113,31.0,15.0,22.0,87.0,3,2013/4/6,1,4.0,1.0,1.0,0.0,0.0,1.0,0.0,0.0,0.0,0.0
34.366699,109.214211,25,92,99,59.0,22.0,25.0,90.0,1,2013/4/6,0,18.0,0.0,1.0,0.0,0.0,1.0,0.0,0.0,0.0,0.0
34.366699,109.214211,25,92,99,59.0,22.0,25.0,90.0,1,2013/4/6,1,4.0,1.0,1.0,0.0,0.0,1.0,0.0,0.0,0.0,0.0
34.209648,108.977669,17,79,81,30.0,34.0,43.0,63.0,1,2013/4/6,0,18.0,0.0,1.0,0.0,0.0,1.0,0.0,0.0,0.0,0.0
34.209648,108.977669,17,79,81,30.0,34.0,43.0,63.0,1,2013/4/6,1,4.0,1.0,1.0,0.0,0.0,1.0,0.0,0.0,0.0,0.0
34.354256,109.011482,25,80,107,58.0,38.0,47.0,80.0,3,2013/4/6,0,18.0,0.0,1.0,0.0,0.0,1.0,0.0,0.0,0.0,0.0
34.354256,109.011482,25,80,107,58.0,38.0,47.0,80.0,3,2013/4/6,1,4.0,1.0,1.0,0.0,0.0,1.0,0.0,0.0,0.0,0.0
34.382896,108.88327,18,25,93,88.0,26.0,26.0,87.0,1,2013/4/6,0,18.0,0.0,1.0,0.0,0.0,1.0,0.0,0.0,0.0,0.0
34.382896,108.88327,18,25,93,88.0,26.0,26.0,87.0,1,2013/4/6,1,4.0,1.0,1.0,0.0,0.0,1.0,0.0,0.0,0.0,0.0
34.259781,108.856987,65,155,125,96.0,56.0,67.0,147.0,4,2013/4/7,0,24.0,1.0,1.0,0.0,0.0,1.0,0.0,0.0,0.0,0.0
34.259781,108.856987,65,155,125,96.0,56.0,67.0,147.0,4,2013/4/7,1,8.0,7.0,1.0,0.0,0.0,1.0,0.0,0.0,0.0,0.0
34.261593,108.98996,29,79,102,24.0,31.0,36.0,99.0,3,2013/4/7,0,24.0,1.0,1.0,0.0,0.0,1.0,0.0,0.0,0.0,0.0
34.261593,108.98996,29,79,102,24.0,31.0,36.0,99.0,3,2013/4/7,1,8.0,7.0,1.0,0.0,0.0,1.0,0.0,0.0,0.0,0.0
34.279709,109.07048,40,103,107,41.0,25.0,30.0,104.0,3,2013/4/7,0,24.0,1.0,1.0,0.0,0.0,1.0,0.0,0.0,0.0,0.0
34.279709,109.07048,40,103,107,41.0,25.0,30.0,104.0,3,2013/4/7,1,8.0,7.0,1.0,0.0,0.0,1.0,0.0,0.0,0.0,0.0
34.22282,108.947144,43,89,114,101.0,27.0,34.0,85.0,3,2013/4/7,0,24.0,1.0,1.0,0.0,0.0,1.0,0.0,0.0,0.0,0.0
34.22282,108.947144,43,89,114,101.0,27.0,34.0,85.0,3,2013/4/7,1,8.0,7.0,1.0,0.0,0.0,1.0,0.0,0.0,0.0,0.0
34.26955,108.95903,24,69,145,101.0,30.0,35.0,105.0,3,2013/4/7,0,24.0,1.0,1.0,0.0,0.0,1.0,0.0,0.0,0.0,0.0
34.26955,108.95903,24,69,145,101.0,30.0,35.0,105.0,3,2013/4/7,1,8.0,7.0,1.0,0.0,0.0,1.0,0.0,0.0,0.0,0.0
34.233376,108.9049,43,102,124,66.0,30.0,41.0,109.0,3,2013/4/7,0,24.0,1.0,1.0,0.0,0.0,1.0,0.0,0.0,0.0,0.0
34.233376,108.9049,43,102,124,66.0,30.0,41.0,109.0,3,2013/4/7,1,8.0,7.0,1.0,0.0,0.0,1.0,0.0,0.0,0.0,0.0
34.158932,108.90696,23,37,105,104.0,33.0,42.0,85.0,3,2013/4/7,0,24.0,1.0,1.0,0.0,0.0,1.0,0.0,0.0,0.0,0.0
34.158932,108.90696,23,37,105,104.0,33.0,42.0,85.0,3,2013/4/7,1,8.0,7.0,1.0,0.0,0.0,1.0,0.0,0.0,0.0,0.0
34.662251,109.226196,27,73,120,35.0,16.0,22.0,95.0,3,2013/4/7,0,24.0,1.0,1.0,0.0,0.0,1.0,0.0,0.0,0.0,0.0
34.662251,109.226196,27,73,120,35.0,16.0,22.0,95.0,3,2013/4/7,1,8.0,7.0,1.0,0.0,0.0,1.0,0.0,0.0,0.0,0.0
34.366699,109.214211,42,93,101,45.0,30.0,39.0,92.0,3,2013/4/7,0,24.0,1.0,1.0,0.0,0.0,1.0,0.0,0.0,0.0,0.0
34.366699,109.214211,42,93,101,45.0,30.0,39.0,92.0,3,2013/4/7,1,8.0,7.0,1.0,0.0,0.0,1.0,0.0,0.0,0.0,0.0
34.209648,108.977669,25,93,97,39.0,29.0,35.0,88.0,1,2013/4/7,0,24.0,1.0,1.0,0.0,0.0,1.0,0.0,0.0,0.0,0.0
34.209648,108.977669,25,93,97,39.0,29.0,35.0,88.0,1,2013/4/7,1,8.0,7.0,1.0,0.0,0.0,1.0,0.0,0.0,0.0,0.0
34.354256,109.011482,49,100,130,67.0,37.0,48.0,112.0,3,2013/4/7,0,24.0,1.0,1.0,0.0,0.0,1.0,0.0,0.0,0.0,0.0
34.354256,109.011482,49,100,130,67.0,37.0,48.0,112.0,3,2013/4/7,1,8.0,7.0,1.0,0.0,0.0,1.0,0.0,0.0,0.0,0.0
34.382896,108.88327,59,47,122,79.0,34.0,39.0,102.0,3,2013/4/7,0,24.0,1.0,1.0,0.0,0.0,1.0,0.0,0.0,0.0,0.0
34.382896,108.88327,59,47,122,79.0,34.0,39.0,102.0,3,2013/4/7,1,8.0,7.0,1.0,0.0,0.0,1.0,0.0,0.0,0.0,0.0
34.259781,108.856987,36,165,159,87.0,35.0,55.0,112.0,4,2013/4/8,0,22.0,0.0,1.0,0.0,0.0,1.0,0.0,0.0,0.0,0.0
34.259781,108.856987,36,165,159,87.0,35.0,55.0,112.0,4,2013/4/8,1,6.0,1.0,2.0,0.0,0.0,1.0,0.0,0.0,0.0,0.0
34.261593,108.98996,14,65,153,23.0,27.0,40.0,109.0,4,2013/4/8,0,22.0,0.0,1.0,0.0,0.0,1.0,0.0,0.0,0.0,0.0
34.261593,108.98996,14,65,153,23.0,27.0,40.0,109.0,4,2013/4/8,1,6.0,1.0,2.0,0.0,0.0,1.0,0.0,0.0,0.0,0.0
34.279709,109.07048,20,79,140,24.0,23.0,34.0,118.0,3,2013/4/8,0,22.0,0.0,1.0,0.0,0.0,1.0,0.0,0.0,0.0,0.0
34.279709,109.07048,20,79,140,24.0,23.0,34.0,118.0,3,2013/4/8,1,6.0,1.0,2.0,0.0,0.0,1.0,0.0,0.0,0.0,0.0
34.22282,108.947144,22,70,130,96.0,22.0,32.0,72.0,3,2013/4/8,0,22.0,0.0,1.0,0.0,0.0,1.0,0.0,0.0,0.0,0.0
34.22282,108.947144,22,70,130,96.0,22.0,32.0,72.0,3,2013/4/8,1,6.0,1.0,2.0,0.0,0.0,1.0,0.0,0.0,0.0,0.0
34.26955,108.95903,20,54,193,101.0,26.0,38.0,107.0,4,2013/4/8,0,22.0,0.0,1.0,0.0,0.0,1.0,0.0,0.0,0.0,0.0
34.26955,108.95903,20,54,193,101.0,26.0,38.0,107.0,4,2013/4/8,1,6.0,1.0,2.0,0.0,0.0,1.0,0.0,0.0,0.0,0.0
34.233376,108.9049,30,84,166,47.0,27.0,38.0,95.0,4,2013/4/8,0,22.0,0.0,1.0,0.0,0.0,1.0,0.0,0.0,0.0,0.0
34.233376,108.9049,30,84,166,47.0,27.0,38.0,95.0,4,2013/4/8,1,6.0,1.0,2.0,0.0,0.0,1.0,0.0,0.0,0.0,0.0
34.158932,108.90696,14,34,116,106.0,27.0,38.0,50.0,3,2013/4/8,0,22.0,0.0,1.0,0.0,0.0,1.0,0.0,0.0,0.0,0.0
34.158932,108.90696,14,34,116,106.0,27.0,38.0,50.0,3,2013/4/8,1,6.0,1.0,2.0,0.0,0.0,1.0,0.0,0.0,0.0,0.0
34.662251,109.226196,23,90,145,26.0,19.0,27.0,79.0,3,2013/4/8,0,22.0,0.0,1.0,0.0,0.0,1.0,0.0,0.0,0.0,0.0
34.662251,109.226196,23,90,145,26.0,19.0,27.0,79.0,3,2013/4/8,1,6.0,1.0,2.0,0.0,0.0,1.0,0.0,0.0,0.0,0.0
34.366699,109.214211,18,43,143,12.0,26.0,38.0,100.0,3,2013/4/8,0,22.0,0.0,1.0,0.0,0.0,1.0,0.0,0.0,0.0,0.0
34.366699,109.214211,18,43,143,12.0,26.0,38.0,100.0,3,2013/4/8,1,6.0,1.0,2.0,0.0,0.0,1.0,0.0,0.0,0.0,0.0
34.209648,108.977669,11,80,125,35.0,25.0,30.0,80.0,3,2013/4/8,0,22.0,0.0,1.0,0.0,0.0,1.0,0.0,0.0,0.0,0.0
34.209648,108.977669,11,80,125,35.0,25.0,30.0,80.0,3,2013/4/8,1,6.0,1.0,2.0,0.0,0.0,1.0,0.0,0.0,0.0,0.0
34.354256,109.011482,18,74,169,64.0,34.0,48.0,103.0,4,2013/4/8,0,22.0,0.0,1.0,0.0,0.0,1.0,0.0,0.0,0.0,0.0
34.354256,109.011482,18,74,169,64.0,34.0,48.0,103.0,4,2013/4/8,1,6.0,1.0,2.0,0.0,0.0,1.0,0.0,0.0,0.0,0.0
34.382896,108.88327,26,32,119,75.0,28.0,35.0,94.0,3,2013/4/8,0,22.0,0.0,1.0,0.0,0.0,1.0,0.0,0.0,0.0,0.0
34.382896,108.88327,26,32,119,75.0,28.0,35.0,94.0,3,2013/4/8,1,6.0,1.0,2.0,0.0,0.0,1.0,0.0,0.0,0.0,0.0
34.259781,108.856987,19,100,90,79.0,42.0,65.0,85.0,1,2013/4/9,0,19.0,0.0,1.0,0.0,0.0,1.0,0.0,0.0,0.0,0.0
34.259781,108.856987,19,100,90,79.0,42.0,65.0,85.0,1,2013/4/9,1,5.0,0.0,1.0,0.0,0.0,1.0,0.0,0.0,0.0,0.0
34.261593,108.98996,12,50,87,14.0,29.0,43.0,55.0,1,2013/4/9,0,19.0,0.0,1.0,0.0,0.0,1.0,0.0,0.0,0.0,0.0
34.261593,108.98996,12,50,87,14.0,29.0,43.0,55.0,1,2013/4/9,1,5.0,0.0,1.0,0.0,0.0,1.0,0.0,0.0,0.0,0.0
34.279709,109.07048,16,58,83,18.0,26.0,37.0,58.0,1,2013/4/9,0,19.0,0.0,1.0,0.0,0.0,1.0,0.0,0.0,0.0,0.0
34.279709,109.07048,16,58,83,18.0,26.0,37.0,58.0,1,2013/4/9,1,5.0,0.0,1.0,0.0,0.0,1.0,0.0,0.0,0.0,0.0
34.22282,108.947144,19,45,87,81.0,25.0,36.0,39.0,1,2013/4/9,0,19.0,0.0,1.0,0.0,0.0,1.0,0.0,0.0,0.0,0.0
34.22282,108.947144,19,45,87,81.0,25.0,36.0,39.0,1,2013/4/9,1,5.0,0.0,1.0,0.0,0.0,1.0,0.0,0.0,0.0,0.0
34.26955,108.95903,22,43,96,91.0,30.0,43.0,55.0,1,2013/4/9,0,19.0,0.0,1.0,0.0,0.0,1.0,0.0,0.0,0.0,0.0
34.26955,108.95903,22,43,96,91.0,30.0,43.0,55.0,1,2013/4/9,1,5.0,0.0,1.0,0.0,0.0,1.0,0.0,0.0,0.0,0.0
34.233376,108.9049,22,70,96,40.0,30.0,43.0,48.0,1,2013/4/9,0,19.0,0.0,1.0,0.0,0.0,1.0,0.0,0.0,0.0,0.0
34.233376,108.9049,22,70,96,40.0,30.0,43.0,48.0,1,2013/4/9,1,5.0,0.0,1.0,0.0,0.0,1.0,0.0,0.0,0.0,0.0
34.35886,108.929192,38,45,90,67.0,29.0,40.0,53.0,1,2013/4/9,0,19.0,0.0,1.0,0.0,0.0,1.0,0.0,0.0,0.0,0.0
34.35886,108.929192,38,45,90,67.0,29.0,40.0,53.0,1,2013/4/9,1,5.0,0.0,1.0,0.0,0.0,1.0,0.0,0.0,0.0,0.0
34.158932,108.90696,10,25,100,20.0,31.0,45.0,43.0,1,2013/4/9,0,19.0,0.0,1.0,0.0,0.0,1.0,0.0,0.0,0.0,0.0
34.158932,108.90696,10,25,100,20.0,31.0,45.0,43.0,1,2013/4/9,1,5.0,0.0,1.0,0.0,0.0,1.0,0.0,0.0,0.0,0.0
34.662251,109.226196,35,51,88,23.0,17.0,26.0,49.0,1,2013/4/9,0,19.0,0.0,1.0,0.0,0.0,1.0,0.0,0.0,0.0,0.0
34.662251,109.226196,35,51,88,23.0,17.0,26.0,49.0,1,2013/4/9,1,5.0,0.0,1.0,0.0,0.0,1.0,0.0,0.0,0.0,0.0
34.366699,109.214211,16,39,81,13.0,27.0,38.0,74.0,1,2013/4/9,0,19.0,0.0,1.0,0.0,0.0,1.0,0.0,0.0,0.0,0.0
34.366699,109.214211,16,39,81,13.0,27.0,38.0,74.0,1,2013/4/9,1,5.0,0.0,1.0,0.0,0.0,1.0,0.0,0.0,0.0,0.0
34.209648,108.977669,12,57,78,48.0,31.0,45.0,43.0,1,2013/4/9,0,19.0,0.0,1.0,0.0,0.0,1.0,0.0,0.0,0.0,0.0
34.209648,108.977669,12,57,78,48.0,31.0,45.0,43.0,1,2013/4/9,1,5.0,0.0,1.0,0.0,0.0,1.0,0.0,0.0,0.0,0.0
34.354256,109.011482,14,58,89,59.0,35.0,54.0,55.0,1,2013/4/9,0,19.0,0.0,1.0,0.0,0.0,1.0,0.0,0.0,0.0,0.0
34.354256,109.011482,14,58,89,59.0,35.0,54.0,55.0,1,2013/4/9,1,5.0,0.0,1.0,0.0,0.0,1.0,0.0,0.0,0.0,0.0
34.382896,108.88327,26,28,13,80.0,30.0,44.0,43.0,1,2013/4/9,0,19.0,0.0,1.0,0.0,0.0,1.0,0.0,0.0,0.0,0.0
34.382896,108.88327,26,28,13,80.0,30.0,44.0,43.0,1,2013/4/9,1,5.0,0.0,1.0,0.0,0.0,1.0,0.0,0.0,0.0,0.0
34.259781,108.856987,37,99,108,89.0,38.0,45.0,113.0,3,2013/4/10,0,20.0,2.0,1.0,0.0,0.0,1.0,0.0,0.0,0.0,0.0
34.259781,108.856987,37,99,108,89.0,38.0,45.0,113.0,3,2013/4/10,1,8.0,2.0,1.0,0.0,0.0,1.0,0.0,0.0,0.0,0.0
34.261593,108.98996,14,74,100,18.0,27.0,38.0,68.0,1,2013/4/10,0,20.0,2.0,1.0,0.0,0.0,1.0,0.0,0.0,0.0,0.0
34.261593,108.98996,14,74,100,18.0,27.0,38.0,68.0,1,2013/4/10,1,8.0,2.0,1.0,0.0,0.0,1.0,0.0,0.0,0.0,0.0
34.279709,109.07048,22,83,97,23.0,26.0,37.0,69.0,1,2013/4/10,0,20.0,2.0,1.0,0.0,0.0,1.0,0.0,0.0,0.0,0.0
34.279709,109.07048,22,83,97,23.0,26.0,37.0,69.0,1,2013/4/10,1,8.0,2.0,1.0,0.0,0.0,1.0,0.0,0.0,0.0,0.0
34.22282,108.947144,22,64,90,71.0,25.0,36.0,59.0,1,2013/4/10,0,20.0,2.0,1.0,0.0,0.0,1.0,0.0,0.0,0.0,0.0
34.22282,108.947144,22,64,90,71.0,25.0,36.0,59.0,1,2013/4/10,1,8.0,2.0,1.0,0.0,0.0,1.0,0.0,0.0,0.0,0.0
34.26955,108.95903,24,59,117,101.0,28.0,42.0,73.0,3,2013/4/10,0,20.0,2.0,1.0,0.0,0.0,1.0,0.0,0.0,0.0,0.0
34.26955,108.95903,24,59,117,101.0,28.0,42.0,73.0,3,2013/4/10,1,8.0,2.0,1.0,0.0,0.0,1.0,0.0,0.0,0.0,0.0
34.233376,108.9049,32,88,105,53.0,29.0,41.0,73.0,3,2013/4/10,0,20.0,2.0,1.0,0.0,0.0,1.0,0.0,0.0,0.0,0.0
34.233376,108.9049,32,88,105,53.0,29.0,41.0,73.0,3,2013/4/10,1,8.0,2.0,1.0,0.0,0.0,1.0,0.0,0.0,0.0,0.0
34.35886,108.929192,44,70,107,66.0,24.0,34.0,77.0,3,2013/4/10,0,20.0,2.0,1.0,0.0,0.0,1.0,0.0,0.0,0.0,0.0
34.35886,108.929192,44,70,107,66.0,24.0,34.0,77.0,3,2013/4/10,1,8.0,2.0,1.0,0.0,0.0,1.0,0.0,0.0,0.0,0.0
34.158932,108.90696,15,33,104,30.0,34.0,49.0,65.0,3,2013/4/10,0,20.0,2.0,1.0,0.0,0.0,1.0,0.0,0.0,0.0,0.0
34.158932,108.90696,15,33,104,30.0,34.0,49.0,65.0,3,2013/4/10,1,8.0,2.0,1.0,0.0,0.0,1.0,0.0,0.0,0.0,0.0
34.662251,109.226196,38,127,93,29.0,18.0,27.0,60.0,3,2013/4/10,0,20.0,2.0,1.0,0.0,0.0,1.0,0.0,0.0,0.0,0.0
34.662251,109.226196,38,127,93,29.0,18.0,27.0,60.0,3,2013/4/10,1,8.0,2.0,1.0,0.0,0.0,1.0,0.0,0.0,0.0,0.0
34.366699,109.214211,22,57,77,16.0,25.0,39.0,62.0,1,2013/4/10,0,20.0,2.0,1.0,0.0,0.0,1.0,0.0,0.0,0.0,0.0
34.366699,109.214211,22,57,77,16.0,25.0,39.0,62.0,1,2013/4/10,1,8.0,2.0,1.0,0.0,0.0,1.0,0.0,0.0,0.0,0.0
34.209648,108.977669,15,79,86,63.0,32.0,46.0,58.0,1,2013/4/10,0,20.0,2.0,1.0,0.0,0.0,1.0,0.0,0.0,0.0,0.0
34.209648,108.977669,15,79,86,63.0,32.0,46.0,58.0,1,2013/4/10,1,8.0,2.0,1.0,0.0,0.0,1.0,0.0,0.0,0.0,0.0
34.354256,109.011482,21,74,88,62.0,35.0,52.0,63.0,1,2013/4/10,0,20.0,2.0,1.0,0.0,0.0,1.0,0.0,0.0,0.0,0.0
34.354256,109.011482,21,74,88,62.0,35.0,52.0,63.0,1,2013/4/10,1,8.0,2.0,1.0,0.0,0.0,1.0,0.0,0.0,0.0,0.0
34.382896,108.88327,24,38,13,70.0,32.0,44.0,67.0,1,2013/4/10,0,20.0,2.0,1.0,0.0,0.0,1.0,0.0,0.0,0.0,0.0
34.382896,108.88327,24,38,13,70.0,32.0,44.0,67.0,1,2013/4/10,1,8.0,2.0,1.0,0.0,0.0,1.0,0.0,0.0,0.0,0.0
34.259781,108.856987,83,167,119,102.0,41.0,57.0,134.0,4,2013/4/11,0,23.0,2.0,1.0,0.0,0.0,1.0,0.0,0.0,0.0,0.0
34.259781,108.856987,83,167,119,102.0,41.0,57.0,134.0,4,2013/4/11,1,9.0,4.0,1.0,0.0,0.0,1.0,0.0,0.0,0.0,0.0
34.261593,108.98996,25,93,104,24.0,32.0,40.0,90.0,3,2013/4/11,0,23.0,2.0,1.0,0.0,0.0,1.0,0.0,0.0,0.0,0.0
34.261593,108.98996,25,93,104,24.0,32.0,40.0,90.0,3,2013/4/11,1,9.0,4.0,1.0,0.0,0.0,1.0,0.0,0.0,0.0,0.0
34.279709,109.07048,46,107,105,37.0,23.0,29.0,84.0,3,2013/4/11,0,23.0,2.0,1.0,0.0,0.0,1.0,0.0,0.0,0.0,0.0
34.279709,109.07048,46,107,105,37.0,23.0,29.0,84.0,3,2013/4/11,1,9.0,4.0,1.0,0.0,0.0,1.0,0.0,0.0,0.0,0.0
34.26955,108.95903,28,80,130,104.0,34.0,40.0,88.0,3,2013/4/11,0,23.0,2.0,1.0,0.0,0.0,1.0,0.0,0.0,0.0,0.0
34.26955,108.95903,28,80,130,104.0,34.0,40.0,88.0,3,2013/4/11,1,9.0,4.0,1.0,0.0,0.0,1.0,0.0,0.0,0.0,0.0
34.233376,108.9049,36,100,112,62.0,33.0,46.0,87.0,3,2013/4/11,0,23.0,2.0,1.0,0.0,0.0,1.0,0.0,0.0,0.0,0.0
34.233376,108.9049,36,100,112,62.0,33.0,46.0,87.0,3,2013/4/11,1,9.0,4.0,1.0,0.0,0.0,1.0,0.0,0.0,0.0,0.0
34.35886,108.929192,55,88,121,67.0,27.0,36.0,94.0,3,2013/4/11,0,23.0,2.0,1.0,0.0,0.0,1.0,0.0,0.0,0.0,0.0
34.35886,108.929192,55,88,121,67.0,27.0,36.0,94.0,3,2013/4/11,1,9.0,4.0,1.0,0.0,0.0,1.0,0.0,0.0,0.0,0.0
34.158932,108.90696,27,35,87,46.0,43.0,63.0,63.0,1,2013/4/11,0,23.0,2.0,1.0,0.0,0.0,1.0,0.0,0.0,0.0,0.0
34.158932,108.90696,27,35,87,46.0,43.0,63.0,63.0,1,2013/4/11,1,9.0,4.0,1.0,0.0,0.0,1.0,0.0,0.0,0.0,0.0
34.662251,109.226196,48,141,106,38.0,18.0,25.0,79.0,3,2013/4/11,0,23.0,2.0,1.0,0.0,0.0,1.0,0.0,0.0,0.0,0.0
34.662251,109.226196,48,141,106,38.0,18.0,25.0,79.0,3,2013/4/11,1,9.0,4.0,1.0,0.0,0.0,1.0,0.0,0.0,0.0,0.0
34.366699,109.214211,37,85,87,26.0,29.0,39.0,75.0,1,2013/4/11,0,23.0,2.0,1.0,0.0,0.0,1.0,0.0,0.0,0.0,0.0
34.366699,109.214211,37,85,87,26.0,29.0,39.0,75.0,1,2013/4/11,1,9.0,4.0,1.0,0.0,0.0,1.0,0.0,0.0,0.0,0.0
34.209648,108.977669,23,99,98,68.0,37.0,45.0,72.0,1,2013/4/11,0,23.0,2.0,1.0,0.0,0.0,1.0,0.0,0.0,0.0,0.0
34.209648,108.977669,23,99,98,68.0,37.0,45.0,72.0,1,2013/4/11,1,9.0,4.0,1.0,0.0,0.0,1.0,0.0,0.0,0.0,0.0
34.382896,108.88327,44,47,128,56.0,35.0,46.0,103.0,3,2013/4/11,0,23.0,2.0,1.0,0.0,0.0,1.0,0.0,0.0,0.0,0.0
34.382896,108.88327,44,47,128,56.0,35.0,46.0,103.0,3,2013/4/11,1,9.0,4.0,1.0,0.0,0.0,1.0,0.0,0.0,0.0,0.0
34.259781,108.856987,56,125,110,101.0,44.0,62.0,108.0,3,2013/4/12,0,27.0,2.0,1.0,0.0,0.0,1.0,0.0,0.0,0.0,0.0
34.259781,108.856987,56,125,110,101.0,44.0,62.0,108.0,3,2013/4/12,1,11.0,5.0,1.0,0.0,0.0,1.0,0.0,0.0,0.0,0.0
34.261593,108.98996,18,90,94,25.0,35.0,44.0,72.0,1,2013/4/12,0,27.0,2.0,1.0,0.0,0.0,1.0,0.0,0.0,0.0,0.0
34.261593,108.98996,18,90,94,25.0,35.0,44.0,72.0,1,2013/4/12,1,11.0,5.0,1.0,0.0,0.0,1.0,0.0,0.0,0.0,0.0
34.279709,109.07048,21,98,98,36.0,29.0,40.0,73.0,1,2013/4/12,0,27.0,2.0,1.0,0.0,0.0,1.0,0.0,0.0,0.0,0.0
34.279709,109.07048,21,98,98,36.0,29.0,40.0,73.0,1,2013/4/12,1,11.0,5.0,1.0,0.0,0.0,1.0,0.0,0.0,0.0,0.0
34.22282,108.947144,32,94,96,75.0,30.0,41.0,63.0,1,2013/4/12,0,27.0,2.0,1.0,0.0,0.0,1.0,0.0,0.0,0.0,0.0
34.22282,108.947144,32,94,96,75.0,30.0,41.0,63.0,1,2013/4/12,1,11.0,5.0,1.0,0.0,0.0,1.0,0.0,0.0,0.0,0.0
34.26955,108.95903,19,80,114,104.0,37.0,45.0,75.0,3,2013/4/12,0,27.0,2.0,1.0,0.0,0.0,1.0,0.0,0.0,0.0,0.0
34.26955,108.95903,19,80,114,104.0,37.0,45.0,75.0,3,2013/4/12,1,11.0,5.0,1.0,0.0,0.0,1.0,0.0,0.0,0.0,0.0
34.233376,108.9049,28,103,114,61.0,33.0,44.0,90.0,3,2013/4/12,0,27.0,2.0,1.0,0.0,0.0,1.0,0.0,0.0,0.0,0.0
34.233376,108.9049,28,103,114,61.0,33.0,44.0,90.0,3,2013/4/12,1,11.0,5.0,1.0,0.0,0.0,1.0,0.0,0.0,0.0,0.0
34.35886,108.929192,45,82,60,77.0,28.0,36.0,108.0,3,2013/4/12,0,27.0,2.0,1.0,0.0,0.0,1.0,0.0,0.0,0.0,0.0
34.35886,108.929192,45,82,60,77.0,28.0,36.0,108.0,3,2013/4/12,1,11.0,5.0,1.0,0.0,0.0,1.0,0.0,0.0,0.0,0.0
34.158932,108.90696,29,34,13,51.0,37.0,20.0,63.0,1,2013/4/12,0,27.0,2.0,1.0,0.0,0.0,1.0,0.0,0.0,0.0,0.0
34.158932,108.90696,29,34,13,51.0,37.0,20.0,63.0,1,2013/4/12,1,11.0,5.0,1.0,0.0,0.0,1.0,0.0,0.0,0.0,0.0
34.662251,109.226196,53,70,110,42.0,22.0,30.0,88.0,3,2013/4/12,0,27.0,2.0,1.0,0.0,0.0,1.0,0.0,0.0,0.0,0.0
34.662251,109.226196,53,70,110,42.0,22.0,30.0,88.0,3,2013/4/12,1,11.0,5.0,1.0,0.0,0.0,1.0,0.0,0.0,0.0,0.0
34.366699,109.214211,34,77,81,24.0,30.0,42.0,70.0,1,2013/4/12,0,27.0,2.0,1.0,0.0,0.0,1.0,0.0,0.0,0.0,0.0
34.366699,109.214211,34,77,81,24.0,30.0,42.0,70.0,1,2013/4/12,1,11.0,5.0,1.0,0.0,0.0,1.0,0.0,0.0,0.0,0.0
34.209648,108.977669,17,93,92,67.0,35.0,42.0,64.0,1,2013/4/12,0,27.0,2.0,1.0,0.0,0.0,1.0,0.0,0.0,0.0,0.0
34.209648,108.977669,17,93,92,67.0,35.0,42.0,64.0,1,2013/4/12,1,11.0,5.0,1.0,0.0,0.0,1.0,0.0,0.0,0.0,0.0
34.354256,109.011482,11,62,69,81.0,29.0,30.0,113.0,1,2013/4/12,0,27.0,2.0,1.0,0.0,0.0,1.0,0.0,0.0,0.0,0.0
34.354256,109.011482,11,62,69,81.0,29.0,30.0,113.0,1,2013/4/12,1,11.0,5.0,1.0,0.0,0.0,1.0,0.0,0.0,0.0,0.0
34.382896,108.88327,48,58,147,50.0,34.0,45.0,103.0,3,2013/4/12,0,27.0,2.0,1.0,0.0,0.0,1.0,0.0,0.0,0.0,0.0
34.382896,108.88327,48,58,147,50.0,34.0,45.0,103.0,3,2013/4/12,1,11.0,5.0,1.0,0.0,0.0,1.0,0.0,0.0,0.0,0.0
34.259781,108.856987,34,62,107,89.0,41.0,52.0,105.0,3,2013/4/13,0,29.0,5.0,1.0,0.0,0.0,1.0,0.0,0.0,0.0,0.0
34.259781,108.856987,34,62,107,89.0,41.0,52.0,105.0,3,2013/4/13,1,14.0,0.0,1.0,0.0,0.0,1.0,0.0,0.0,0.0,0.0
34.261593,108.98996,15,102,96,25.0,38.0,50.0,70.0,3,2013/4/13,0,29.0,5.0,1.0,0.0,0.0,1.0,0.0,0.0,0.0,0.0
34.261593,108.98996,15,102,96,25.0,38.0,50.0,70.0,3,2013/4/13,1,14.0,0.0,1.0,0.0,0.0,1.0,0.0,0.0,0.0,0.0
34.279709,109.07048,23,97,95,32.0,32.0,37.0,67.0,1,2013/4/13,0,29.0,5.0,1.0,0.0,0.0,1.0,0.0,0.0,0.0,0.0
34.279709,109.07048,23,97,95,32.0,32.0,37.0,67.0,1,2013/4/13,1,14.0,0.0,1.0,0.0,0.0,1.0,0.0,0.0,0.0,0.0
34.22282,108.947144,25,99,97,74.0,29.0,39.0,62.0,1,2013/4/13,0,29.0,5.0,1.0,0.0,0.0,1.0,0.0,0.0,0.0,0.0
34.22282,108.947144,25,99,97,74.0,29.0,39.0,62.0,1,2013/4/13,1,14.0,0.0,1.0,0.0,0.0,1.0,0.0,0.0,0.0,0.0
34.26955,108.95903,16,80,289,25.0,39.0,46.0,74.0,1,2013/4/13,0,29.0,5.0,1.0,0.0,0.0,1.0,0.0,0.0,0.0,0.0
34.26955,108.95903,16,80,289,25.0,39.0,46.0,74.0,1,2013/4/13,1,14.0,0.0,1.0,0.0,0.0,1.0,0.0,0.0,0.0,0.0
34.233376,108.9049,36,100,106,60.0,32.0,45.0,79.0,3,2013/4/13,0,29.0,5.0,1.0,0.0,0.0,1.0,0.0,0.0,0.0,0.0
34.233376,108.9049,36,100,106,60.0,32.0,45.0,79.0,3,2013/4/13,1,14.0,0.0,1.0,0.0,0.0,1.0,0.0,0.0,0.0,0.0
34.35886,108.929192,53,102,105,69.0,40.0,55.0,83.0,3,2013/4/13,0,29.0,5.0,1.0,0.0,0.0,1.0,0.0,0.0,0.0,0.0
34.35886,108.929192,53,102,105,69.0,40.0,55.0,83.0,3,2013/4/13,1,14.0,0.0,1.0,0.0,0.0,1.0,0.0,0.0,0.0,0.0
34.158932,108.90696,25,37,13,58.0,36.0,52.0,60.0,1,2013/4/13,0,29.0,5.0,1.0,0.0,0.0,1.0,0.0,0.0,0.0,0.0
34.158932,108.90696,25,37,13,58.0,36.0,52.0,60.0,1,2013/4/13,1,14.0,0.0,1.0,0.0,0.0,1.0,0.0,0.0,0.0,0.0
34.662251,109.226196,50,29,99,39.0,17.0,25.0,65.0,1,2013/4/13,0,29.0,5.0,1.0,0.0,0.0,1.0,0.0,0.0,0.0,0.0
34.662251,109.226196,50,29,99,39.0,17.0,25.0,65.0,1,2013/4/13,1,14.0,0.0,1.0,0.0,0.0,1.0,0.0,0.0,0.0,0.0
34.366699,109.214211,40,45,71,15.0,32.0,38.0,58.0,1,2013/4/13,0,29.0,5.0,1.0,0.0,0.0,1.0,0.0,0.0,0.0,0.0
34.366699,109.214211,40,45,71,15.0,32.0,38.0,58.0,1,2013/4/13,1,14.0,0.0,1.0,0.0,0.0,1.0,0.0,0.0,0.0,0.0
34.209648,108.977669,13,97,91,66.0,38.0,50.0,60.0,1,2013/4/13,0,29.0,5.0,1.0,0.0,0.0,1.0,0.0,0.0,0.0,0.0
34.209648,108.977669,13,97,91,66.0,38.0,50.0,60.0,1,2013/4/13,1,14.0,0.0,1.0,0.0,0.0,1.0,0.0,0.0,0.0,0.0
34.354256,109.011482,15,49,80,96.0,52.0,71.0,88.0,1,2013/4/13,0,29.0,5.0,1.0,0.0,0.0,1.0,0.0,0.0,0.0,0.0
34.354256,109.011482,15,49,80,96.0,52.0,71.0,88.0,1,2013/4/13,1,14.0,0.0,1.0,0.0,0.0,1.0,0.0,0.0,0.0,0.0
34.382896,108.88327,63,58,13,69.0,35.0,46.0,108.0,3,2013/4/13,0,29.0,5.0,1.0,0.0,0.0,1.0,0.0,0.0,0.0,0.0
34.382896,108.88327,63,58,13,69.0,35.0,46.0,108.0,3,2013/4/13,1,14.0,0.0,1.0,0.0,0.0,1.0,0.0,0.0,0.0,0.0
34.259781,108.856987,62,47,88,82.0,49.0,72.0,64.0,1,2013/4/14,0,31.0,4.0,1.0,0.0,1.0,0.0,0.0,0.0,0.0,0.0
34.259781,108.856987,62,47,88,82.0,49.0,72.0,64.0,1,2013/4/14,1,16.0,4.0,1.0,0.0,1.0,0.0,0.0,0.0,0.0,0.0
34.261593,108.98996,20,92,96,24.0,34.0,44.0,83.0,1,2013/4/14,0,31.0,4.0,1.0,0.0,1.0,0.0,0.0,0.0,0.0,0.0
34.261593,108.98996,20,92,96,24.0,34.0,44.0,83.0,1,2013/4/14,1,16.0,4.0,1.0,0.0,1.0,0.0,0.0,0.0,0.0,0.0
34.279709,109.07048,33,94,114,38.0,29.0,40.0,79.0,3,2013/4/14,0,31.0,4.0,1.0,0.0,1.0,0.0,0.0,0.0,0.0,0.0
34.279709,109.07048,33,94,114,38.0,29.0,40.0,79.0,3,2013/4/14,1,16.0,4.0,1.0,0.0,1.0,0.0,0.0,0.0,0.0,0.0
34.22282,108.947144,25,84,91,68.0,32.0,43.0,50.0,1,2013/4/14,0,31.0,4.0,1.0,0.0,1.0,0.0,0.0,0.0,0.0,0.0
34.22282,108.947144,25,84,91,68.0,32.0,43.0,50.0,1,2013/4/14,1,16.0,4.0,1.0,0.0,1.0,0.0,0.0,0.0,0.0,0.0
34.26955,108.95903,15,77,285,23.0,37.0,49.0,67.0,1,2013/4/14,0,31.0,4.0,1.0,0.0,1.0,0.0,0.0,0.0,0.0,0.0
34.26955,108.95903,15,77,285,23.0,37.0,49.0,67.0,1,2013/4/14,1,16.0,4.0,1.0,0.0,1.0,0.0,0.0,0.0,0.0,0.0
34.233376,108.9049,25,83,88,51.0,37.0,54.0,55.0,1,2013/4/14,0,31.0,4.0,1.0,0.0,1.0,0.0,0.0,0.0,0.0,0.0
34.233376,108.9049,25,83,88,51.0,37.0,54.0,55.0,1,2013/4/14,1,16.0,4.0,1.0,0.0,1.0,0.0,0.0,0.0,0.0,0.0
34.35886,108.929192,67,88,99,59.0,31.0,44.0,73.0,1,2013/4/14,0,31.0,4.0,1.0,0.0,1.0,0.0,0.0,0.0,0.0,0.0
34.35886,108.929192,67,88,99,59.0,31.0,44.0,73.0,1,2013/4/14,1,16.0,4.0,1.0,0.0,1.0,0.0,0.0,0.0,0.0,0.0
34.662251,109.226196,50,30,109,40.0,18.0,24.0,70.0,3,2013/4/14,0,31.0,4.0,1.0,0.0,1.0,0.0,0.0,0.0,0.0,0.0
34.662251,109.226196,50,30,109,40.0,18.0,24.0,70.0,3,2013/4/14,1,16.0,4.0,1.0,0.0,1.0,0.0,0.0,0.0,0.0,0.0
34.366699,109.214211,24,35,81,11.0,31.0,41.0,67.0,1,2013/4/14,0,31.0,4.0,1.0,0.0,1.0,0.0,0.0,0.0,0.0,0.0
34.366699,109.214211,24,35,81,11.0,31.0,41.0,67.0,1,2013/4/14,1,16.0,4.0,1.0,0.0,1.0,0.0,0.0,0.0,0.0,0.0
34.209648,108.977669,12,93,96,63.0,36.0,56.0,68.0,1,2013/4/14,0,31.0,4.0,1.0,0.0,1.0,0.0,0.0,0.0,0.0,0.0
34.209648,108.977669,12,93,96,63.0,36.0,56.0,68.0,1,2013/4/14,1,16.0,4.0,1.0,0.0,1.0,0.0,0.0,0.0,0.0,0.0
34.354256,109.011482,18,50,73,16.0,31.0,39.0,-35.0,1,2013/4/14,0,31.0,4.0,1.0,0.0,1.0,0.0,0.0,0.0,0.0,0.0
34.354256,109.011482,18,50,73,16.0,31.0,39.0,-35.0,1,2013/4/14,1,16.0,4.0,1.0,0.0,1.0,0.0,0.0,0.0,0.0,0.0
34.382896,108.88327,51,100,240,49.0,36.0,49.0,110.0,3,2013/4/14,0,31.0,4.0,1.0,0.0,1.0,0.0,0.0,0.0,0.0,0.0
34.382896,108.88327,51,100,240,49.0,36.0,49.0,110.0,3,2013/4/14,1,16.0,4.0,1.0,0.0,1.0,0.0,0.0,0.0,0.0,0.0
34.259781,108.856987,76,52,106,93.0,49.0,78.0,85.0,3,2013/4/15,0,32.0,2.0,1.0,0.0,1.0,0.0,0.0,0.0,0.0,0.0
34.259781,108.856987,76,52,106,93.0,49.0,78.0,85.0,3,2013/4/15,1,17.0,4.0,1.0,0.0,1.0,0.0,0.0,0.0,0.0,0.0
34.261593,108.98996,38,102,100,26.0,43.0,58.0,87.0,3,2013/4/15,0,32.0,2.0,1.0,0.0,1.0,0.0,0.0,0.0,0.0,0.0
34.261593,108.98996,38,102,100,26.0,43.0,58.0,87.0,3,2013/4/15,1,17.0,4.0,1.0,0.0,1.0,0.0,0.0,0.0,0.0,0.0
34.279709,109.07048,45,113,118,35.0,34.0,42.0,89.0,3,2013/4/15,0,32.0,2.0,1.0,0.0,1.0,0.0,0.0,0.0,0.0,0.0
34.279709,109.07048,45,113,118,35.0,34.0,42.0,89.0,3,2013/4/15,1,17.0,4.0,1.0,0.0,1.0,0.0,0.0,0.0,0.0,0.0
34.22282,108.947144,25,99,104,76.0,38.0,56.0,68.0,3,2013/4/15,0,32.0,2.0,1.0,0.0,1.0,0.0,0.0,0.0,0.0,0.0
34.22282,108.947144,25,99,104,76.0,38.0,56.0,68.0,3,2013/4/15,1,17.0,4.0,1.0,0.0,1.0,0.0,0.0,0.0,0.0,0.0
34.26955,108.95903,13,87,56,94.0,45.0,64.0,82.0,1,2013/4/15,0,32.0,2.0,1.0,0.0,1.0,0.0,0.0,0.0,0.0,0.0
34.26955,108.95903,13,87,56,94.0,45.0,64.0,82.0,1,2013/4/15,1,17.0,4.0,1.0,0.0,1.0,0.0,0.0,0.0,0.0,0.0
34.233376,108.9049,31,97,108,62.0,42.0,64.0,77.0,3,2013/4/15,0,32.0,2.0,1.0,0.0,1.0,0.0,0.0,0.0,0.0,0.0
34.233376,108.9049,31,97,108,62.0,42.0,64.0,77.0,3,2013/4/15,1,17.0,4.0,1.0,0.0,1.0,0.0,0.0,0.0,0.0,0.0
34.35886,108.929192,66,87,129,64.0,34.0,46.0,103.0,3,2013/4/15,0,32.0,2.0,1.0,0.0,1.0,0.0,0.0,0.0,0.0,0.0
34.35886,108.929192,66,87,129,64.0,34.0,46.0,103.0,3,2013/4/15,1,17.0,4.0,1.0,0.0,1.0,0.0,0.0,0.0,0.0,0.0
34.158932,108.90696,20,35,15,68.0,46.0,81.0,57.0,1,2013/4/15,0,32.0,2.0,1.0,0.0,1.0,0.0,0.0,0.0,0.0,0.0
34.158932,108.90696,20,35,15,68.0,46.0,81.0,57.0,1,2013/4/15,1,17.0,4.0,1.0,0.0,1.0,0.0,0.0,0.0,0.0,0.0
34.662251,109.226196,50,30,107,43.0,20.0,26.0,72.0,3,2013/4/15,0,32.0,2.0,1.0,0.0,1.0,0.0,0.0,0.0,0.0,0.0
34.662251,109.226196,50,30,107,43.0,20.0,26.0,72.0,3,2013/4/15,1,17.0,4.0,1.0,0.0,1.0,0.0,0.0,0.0,0.0,0.0
34.366699,109.214211,34,55,78,15.0,37.0,48.0,67.0,1,2013/4/15,0,32.0,2.0,1.0,0.0,1.0,0.0,0.0,0.0,0.0,0.0
34.366699,109.214211,34,55,78,15.0,37.0,48.0,67.0,1,2013/4/15,1,17.0,4.0,1.0,0.0,1.0,0.0,0.0,0.0,0.0,0.0
34.209648,108.977669,14,101,109,64.0,41.0,76.0,73.0,3,2013/4/15,0,32.0,2.0,1.0,0.0,1.0,0.0,0.0,0.0,0.0,0.0
34.209648,108.977669,14,101,109,64.0,41.0,76.0,73.0,3,2013/4/15,1,17.0,4.0,1.0,0.0,1.0,0.0,0.0,0.0,0.0,0.0
34.354256,109.011482,21,59,86,14.0,43.0,55.0,-76.0,1,2013/4/15,0,32.0,2.0,1.0,0.0,1.0,0.0,0.0,0.0,0.0,0.0
34.354256,109.011482,21,59,86,14.0,43.0,55.0,-76.0,1,2013/4/15,1,17.0,4.0,1.0,0.0,1.0,0.0,0.0,0.0,0.0,0.0
34.382896,108.88327,54,60,143,39.0,38.0,59.0,103.0,3,2013/4/15,0,32.0,2.0,1.0,0.0,1.0,0.0,0.0,0.0,0.0,0.0
34.382896,108.88327,54,60,143,39.0,38.0,59.0,103.0,3,2013/4/15,1,17.0,4.0,1.0,0.0,1.0,0.0,0.0,0.0,0.0,0.0
34.259781,108.856987,54,45,98,76.0,64.0,79.0,92.0,1,2013/4/16,0,33.0,0.0,1.0,0.0,1.0,0.0,0.0,0.0,0.0,0.0
34.259781,108.856987,54,45,98,76.0,64.0,79.0,92.0,1,2013/4/16,1,19.0,6.0,1.0,0.0,1.0,0.0,0.0,0.0,0.0,0.0
34.261593,108.98996,25,65,93,20.0,39.0,50.0,83.0,1,2013/4/16,0,33.0,0.0,1.0,0.0,1.0,0.0,0.0,0.0,0.0,0.0
34.261593,108.98996,25,65,93,20.0,39.0,50.0,83.0,1,2013/4/16,1,19.0,6.0,1.0,0.0,1.0,0.0,0.0,0.0,0.0,0.0
34.279709,109.07048,31,95,115,23.0,34.0,45.0,92.0,3,2013/4/16,0,33.0,0.0,1.0,0.0,1.0,0.0,0.0,0.0,0.0,0.0
34.279709,109.07048,31,95,115,23.0,34.0,45.0,92.0,3,2013/4/16,1,19.0,6.0,1.0,0.0,1.0,0.0,0.0,0.0,0.0,0.0
34.22282,108.947144,21,44,87,59.0,33.0,46.0,49.0,1,2013/4/16,0,33.0,0.0,1.0,0.0,1.0,0.0,0.0,0.0,0.0,0.0
34.22282,108.947144,21,44,87,59.0,33.0,46.0,49.0,1,2013/4/16,1,19.0,6.0,1.0,0.0,1.0,0.0,0.0,0.0,0.0,0.0
34.26955,108.95903,9,60,86,66.0,42.0,53.0,69.0,1,2013/4/16,0,33.0,0.0,1.0,0.0,1.0,0.0,0.0,0.0,0.0,0.0
34.26955,108.95903,9,60,86,66.0,42.0,53.0,69.0,1,2013/4/16,1,19.0,6.0,1.0,0.0,1.0,0.0,0.0,0.0,0.0,0.0
34.233376,108.9049,34,62,97,46.0,38.0,55.0,60.0,1,2013/4/16,0,33.0,0.0,1.0,0.0,1.0,0.0,0.0,0.0,0.0,0.0
34.233376,108.9049,34,62,97,46.0,38.0,55.0,60.0,1,2013/4/16,1,19.0,6.0,1.0,0.0,1.0,0.0,0.0,0.0,0.0,0.0
34.35886,108.929192,61,63,105,55.0,33.0,42.0,74.0,3,2013/4/16,0,33.0,0.0,1.0,0.0,1.0,0.0,0.0,0.0,0.0,0.0
34.35886,108.929192,61,63,105,55.0,33.0,42.0,74.0,3,2013/4/16,1,19.0,6.0,1.0,0.0,1.0,0.0,0.0,0.0,0.0,0.0
34.158932,108.90696,24,32,13,69.0,42.0,67.0,64.0,1,2013/4/16,0,33.0,0.0,1.0,0.0,1.0,0.0,0.0,0.0,0.0,0.0
34.158932,108.90696,24,32,13,69.0,42.0,67.0,64.0,1,2013/4/16,1,19.0,6.0,1.0,0.0,1.0,0.0,0.0,0.0,0.0,0.0
34.662251,109.226196,44,32,85,34.0,25.0,31.0,90.0,1,2013/4/16,0,33.0,0.0,1.0,0.0,1.0,0.0,0.0,0.0,0.0,0.0
34.662251,109.226196,44,32,85,34.0,25.0,31.0,90.0,1,2013/4/16,1,19.0,6.0,1.0,0.0,1.0,0.0,0.0,0.0,0.0,0.0
34.366699,109.214211,34,47,96,17.0,30.0,43.0,64.0,1,2013/4/16,0,33.0,0.0,1.0,0.0,1.0,0.0,0.0,0.0,0.0,0.0
34.366699,109.214211,34,47,96,17.0,30.0,43.0,64.0,1,2013/4/16,1,19.0,6.0,1.0,0.0,1.0,0.0,0.0,0.0,0.0,0.0
34.209648,108.977669,14,72,91,57.0,43.0,66.0,60.0,1,2013/4/16,0,33.0,0.0,1.0,0.0,1.0,0.0,0.0,0.0,0.0,0.0
34.209648,108.977669,14,72,91,57.0,43.0,66.0,60.0,1,2013/4/16,1,19.0,6.0,1.0,0.0,1.0,0.0,0.0,0.0,0.0,0.0
34.382896,108.88327,44,57,122,18.0,40.0,58.0,80.0,3,2013/4/16,0,33.0,0.0,1.0,0.0,1.0,0.0,0.0,0.0,0.0,0.0
34.382896,108.88327,44,57,122,18.0,40.0,58.0,80.0,3,2013/4/16,1,19.0,6.0,1.0,0.0,1.0,0.0,0.0,0.0,0.0,0.0
34.259781,108.856987,42,52,155,99.0,107.0,115.0,170.0,4,2013/4/17,0,33.0,2.0,1.0,0.0,1.0,0.0,0.0,0.0,0.0,0.0
34.259781,108.856987,42,52,155,99.0,107.0,115.0,170.0,4,2013/4/17,1,18.0,2.0,1.0,0.0,1.0,0.0,0.0,0.0,0.0,0.0
34.261593,108.98996,44,74,151,37.0,58.0,29.0,155.0,4,2013/4/17,0,33.0,2.0,1.0,0.0,1.0,0.0,0.0,0.0,0.0,0.0
34.261593,108.98996,44,74,151,37.0,58.0,29.0,155.0,4,2013/4/17,1,18.0,2.0,1.0,0.0,1.0,0.0,0.0,0.0,0.0,0.0
34.279709,109.07048,49,104,164,36.0,41.0,55.0,135.0,4,2013/4/17,0,33.0,2.0,1.0,0.0,1.0,0.0,0.0,0.0,0.0,0.0
34.279709,109.07048,49,104,164,36.0,41.0,55.0,135.0,4,2013/4/17,1,18.0,2.0,1.0,0.0,1.0,0.0,0.0,0.0,0.0,0.0
34.22282,108.947144,48,78,149,84.0,40.0,54.0,107.0,3,2013/4/17,0,33.0,2.0,1.0,0.0,1.0,0.0,0.0,0.0,0.0,0.0
34.22282,108.947144,48,78,149,84.0,40.0,54.0,107.0,3,2013/4/17,1,18.0,2.0,1.0,0.0,1.0,0.0,0.0,0.0,0.0,0.0
34.26955,108.95903,9,72,243,79.0,65.0,86.0,142.0,6,2013/4/17,0,33.0,2.0,1.0,0.0,1.0,0.0,0.0,0.0,0.0,0.0
34.26955,108.95903,9,72,243,79.0,65.0,86.0,142.0,6,2013/4/17,1,18.0,2.0,1.0,0.0,1.0,0.0,0.0,0.0,0.0,0.0
34.233376,108.9049,46,106,162,78.0,59.0,79.0,127.0,4,2013/4/17,0,33.0,2.0,1.0,0.0,1.0,0.0,0.0,0.0,0.0,0.0
34.233376,108.9049,46,106,162,78.0,59.0,79.0,127.0,4,2013/4/17,1,18.0,2.0,1.0,0.0,1.0,0.0,0.0,0.0,0.0,0.0
34.158932,108.90696,40,54,109,79.0,62.0,73.0,98.0,3,2013/4/17,0,33.0,2.0,1.0,0.0,1.0,0.0,0.0,0.0,0.0,0.0
34.158932,108.90696,40,54,109,79.0,62.0,73.0,98.0,3,2013/4/17,1,18.0,2.0,1.0,0.0,1.0,0.0,0.0,0.0,0.0,0.0
34.662251,109.226196,41,33,181,34.0,31.0,43.0,138.0,4,2013/4/17,0,33.0,2.0,1.0,0.0,1.0,0.0,0.0,0.0,0.0,0.0
34.662251,109.226196,41,33,181,34.0,31.0,43.0,138.0,4,2013/4/17,1,18.0,2.0,1.0,0.0,1.0,0.0,0.0,0.0,0.0,0.0
34.366699,109.214211,42,68,150,28.0,40.0,51.0,130.0,3,2013/4/17,0,33.0,2.0,1.0,0.0,1.0,0.0,0.0,0.0,0.0,0.0
34.366699,109.214211,42,68,150,28.0,40.0,51.0,130.0,3,2013/4/17,1,18.0,2.0,1.0,0.0,1.0,0.0,0.0,0.0,0.0,0.0
34.209648,108.977669,39,99,144,78.0,75.0,90.0,123.0,3,2013/4/17,0,33.0,2.0,1.0,0.0,1.0,0.0,0.0,0.0,0.0,0.0
34.209648,108.977669,39,99,144,78.0,75.0,90.0,123.0,3,2013/4/17,1,18.0,2.0,1.0,0.0,1.0,0.0,0.0,0.0,0.0,0.0
34.354256,109.011482,51,82,160,63.0,28.0,34.0,150.0,4,2013/4/17,0,33.0,2.0,1.0,0.0,1.0,0.0,0.0,0.0,0.0,0.0
34.354256,109.011482,51,82,160,63.0,28.0,34.0,150.0,4,2013/4/17,1,18.0,2.0,1.0,0.0,1.0,0.0,0.0,0.0,0.0,0.0
34.382896,108.88327,55,38,129,22.0,59.0,90.0,118.0,3,2013/4/17,0,33.0,2.0,1.0,0.0,1.0,0.0,0.0,0.0,0.0,0.0
34.382896,108.88327,55,38,129,22.0,59.0,90.0,118.0,3,2013/4/17,1,18.0,2.0,1.0,0.0,1.0,0.0,0.0,0.0,0.0,0.0
34.259781,108.856987,31,40,318,93.0,39.0,52.0,200.0,7,2013/4/18,0,24.0,0.0,2.0,0.0,0.0,0.0,1.0,0.0,0.0,0.0
34.259781,108.856987,31,40,318,93.0,39.0,52.0,200.0,7,2013/4/18,1,12.0,2.0,4.0,0.0,0.0,0.0,1.0,0.0,0.0,0.0
34.261593,108.98996,24,53,182,34.0,32.0,42.0,158.0,4,2013/4/18,0,24.0,0.0,2.0,0.0,0.0,0.0,1.0,0.0,0.0,0.0
34.261593,108.98996,24,53,182,34.0,32.0,42.0,158.0,4,2013/4/18,1,12.0,2.0,4.0,0.0,0.0,0.0,1.0,0.0,0.0,0.0
34.279709,109.07048,31,67,262,25.0,29.0,33.0,160.0,6,2013/4/18,0,24.0,0.0,2.0,0.0,0.0,0.0,1.0,0.0,0.0,0.0
34.279709,109.07048,31,67,262,25.0,29.0,33.0,160.0,6,2013/4/18,1,12.0,2.0,4.0,0.0,0.0,0.0,1.0,0.0,0.0,0.0
34.22282,108.947144,36,45,198,71.0,26.0,36.0,144.0,4,2013/4/18,0,24.0,0.0,2.0,0.0,0.0,0.0,1.0,0.0,0.0,0.0
34.22282,108.947144,36,45,198,71.0,26.0,36.0,144.0,4,2013/4/18,1,12.0,2.0,4.0,0.0,0.0,0.0,1.0,0.0,0.0,0.0
34.26955,108.95903,50,52,150,65.0,27.0,35.0,195.0,4,2013/4/18,0,24.0,0.0,2.0,0.0,0.0,0.0,1.0,0.0,0.0,0.0
34.26955,108.95903,50,52,150,65.0,27.0,35.0,195.0,4,2013/4/18,1,12.0,2.0,4.0,0.0,0.0,0.0,1.0,0.0,0.0,0.0
34.233376,108.9049,35,83,349,42.0,29.0,39.0,172.0,7,2013/4/18,0,24.0,0.0,2.0,0.0,0.0,0.0,1.0,0.0,0.0,0.0
34.233376,108.9049,35,83,349,42.0,29.0,39.0,172.0,7,2013/4/18,1,12.0,2.0,4.0,0.0,0.0,0.0,1.0,0.0,0.0,0.0
34.35886,108.929192,51,58,317,67.0,28.0,38.0,163.0,7,2013/4/18,0,24.0,0.0,2.0,0.0,0.0,0.0,1.0,0.0,0.0,0.0
34.35886,108.929192,51,58,317,67.0,28.0,38.0,163.0,7,2013/4/18,1,12.0,2.0,4.0,0.0,0.0,0.0,1.0,0.0,0.0,0.0
34.158932,108.90696,35,38,178,66.0,30.0,40.0,118.0,4,2013/4/18,0,24.0,0.0,2.0,0.0,0.0,0.0,1.0,0.0,0.0,0.0
34.158932,108.90696,35,38,178,66.0,30.0,40.0,118.0,4,2013/4/18,1,12.0,2.0,4.0,0.0,0.0,0.0,1.0,0.0,0.0,0.0
34.662251,109.226196,22,24,233,29.0,22.0,32.0,144.0,6,2013/4/18,0,24.0,0.0,2.0,0.0,0.0,0.0,1.0,0.0,0.0,0.0
34.662251,109.226196,22,24,233,29.0,22.0,32.0,144.0,6,2013/4/18,1,12.0,2.0,4.0,0.0,0.0,0.0,1.0,0.0,0.0,0.0
34.366699,109.214211,28,50,249,30.0,25.0,34.0,152.0,6,2013/4/18,0,24.0,0.0,2.0,0.0,0.0,0.0,1.0,0.0,0.0,0.0
34.366699,109.214211,28,50,249,30.0,25.0,34.0,152.0,6,2013/4/18,1,12.0,2.0,4.0,0.0,0.0,0.0,1.0,0.0,0.0,0.0
34.209648,108.977669,34,70,182,78.0,34.0,48.0,138.0,4,2013/4/18,0,24.0,0.0,2.0,0.0,0.0,0.0,1.0,0.0,0.0,0.0
34.209648,108.977669,34,70,182,78.0,34.0,48.0,138.0,4,2013/4/18,1,12.0,2.0,4.0,0.0,0.0,0.0,1.0,0.0,0.0,0.0
34.354256,109.011482,20,47,310,35.0,30.0,39.0,178.0,7,2013/4/18,0,24.0,0.0,2.0,0.0,0.0,0.0,1.0,0.0,0.0,0.0
34.354256,109.011482,20,47,310,35.0,30.0,39.0,178.0,7,2013/4/18,1,12.0,2.0,4.0,0.0,0.0,0.0,1.0,0.0,0.0,0.0
34.382896,108.88327,26,28,160,15.0,18.0,23.0,143.0,4,2013/4/18,0,24.0,0.0,2.0,0.0,0.0,0.0,1.0,0.0,0.0,0.0
34.382896,108.88327,26,28,160,15.0,18.0,23.0,143.0,4,2013/4/18,1,12.0,2.0,4.0,0.0,0.0,0.0,1.0,0.0,0.0,0.0
34.259781,108.856987,8,34,87,71.0,23.0,33.0,125.0,3,2013/4/19,0,14.0,2.0,4.0,1.0,0.0,0.0,0.0,1.0,0.0,0.0
34.259781,108.856987,8,34,87,71.0,23.0,33.0,125.0,3,2013/4/19,1,6.0,2.0,1.0,0.0,0.0,0.0,1.0,0.0,0.0,0.0
34.261593,108.98996,4,48,81,29.0,17.0,24.0,102.0,3,2013/4/19,0,14.0,2.0,4.0,1.0,0.0,0.0,0.0,1.0,0.0,0.0
34.261593,108.98996,4,48,81,29.0,17.0,24.0,102.0,3,2013/4/19,1,6.0,2.0,1.0,0.0,0.0,0.0,1.0,0.0,0.0,0.0
34.279709,109.07048,8,68,73,27.0,13.0,17.0,83.0,1,2013/4/19,0,14.0,2.0,4.0,1.0,0.0,0.0,0.0,1.0,0.0,0.0
34.279709,109.07048,8,68,73,27.0,13.0,17.0,83.0,1,2013/4/19,1,6.0,2.0,1.0,0.0,0.0,0.0,1.0,0.0,0.0,0.0
34.22282,108.947144,18,37,112,74.0,16.0,22.0,87.0,3,2013/4/19,0,14.0,2.0,4.0,1.0,0.0,0.0,0.0,1.0,0.0,0.0
34.22282,108.947144,18,37,112,74.0,16.0,22.0,87.0,3,2013/4/19,1,6.0,2.0,1.0,0.0,0.0,0.0,1.0,0.0,0.0,0.0
34.26955,108.95903,32,34,85,45.0,16.0,23.0,119.0,3,2013/4/19,0,14.0,2.0,4.0,1.0,0.0,0.0,0.0,1.0,0.0,0.0
34.26955,108.95903,32,34,85,45.0,16.0,23.0,119.0,3,2013/4/19,1,6.0,2.0,1.0,0.0,0.0,0.0,1.0,0.0,0.0,0.0
34.35886,108.929192,39,47,67,72.0,18.0,24.0,93.0,1,2013/4/19,0,14.0,2.0,4.0,1.0,0.0,0.0,0.0,1.0,0.0,0.0
34.35886,108.929192,39,47,67,72.0,18.0,24.0,93.0,1,2013/4/19,1,6.0,2.0,1.0,0.0,0.0,0.0,1.0,0.0,0.0,0.0
34.158932,108.90696,10,34,77,67.0,28.0,27.0,90.0,1,2013/4/19,0,14.0,2.0,4.0,1.0,0.0,0.0,0.0,1.0,0.0,0.0
34.158932,108.90696,10,34,77,67.0,28.0,27.0,90.0,1,2013/4/19,1,6.0,2.0,1.0,0.0,0.0,0.0,1.0,0.0,0.0,0.0
34.662251,109.226196,22,19,119,28.0,21.0,32.0,92.0,1,2013/4/19,0,14.0,2.0,4.0,1.0,0.0,0.0,0.0,1.0,0.0,0.0
34.662251,109.226196,22,19,119,28.0,21.0,32.0,92.0,1,2013/4/19,1,6.0,2.0,1.0,0.0,0.0,0.0,1.0,0.0,0.0,0.0
34.366699,109.214211,11,52,95,30.0,16.0,18.0,98.0,1,2013/4/19,0,14.0,2.0,4.0,1.0,0.0,0.0,0.0,1.0,0.0,0.0
34.366699,109.214211,11,52,95,30.0,16.0,18.0,98.0,1,2013/4/19,1,6.0,2.0,1.0,0.0,0.0,0.0,1.0,0.0,0.0,0.0
34.209648,108.977669,16,67,70,82.0,26.0,25.0,84.0,1,2013/4/19,0,14.0,2.0,4.0,1.0,0.0,0.0,0.0,1.0,0.0,0.0
34.209648,108.977669,16,67,70,82.0,26.0,25.0,84.0,1,2013/4/19,1,6.0,2.0,1.0,0.0,0.0,0.0,1.0,0.0,0.0,0.0
34.354256,109.011482,8,37,91,44.0,12.0,17.0,98.0,1,2013/4/19,0,14.0,2.0,4.0,1.0,0.0,0.0,0.0,1.0,0.0,0.0
34.354256,109.011482,8,37,91,44.0,12.0,17.0,98.0,1,2013/4/19,1,6.0,2.0,1.0,0.0,0.0,0.0,1.0,0.0,0.0,0.0
34.382896,108.88327,18,25,78,32.0,11.0,14.0,83.0,1,2013/4/19,0,14.0,2.0,4.0,1.0,0.0,0.0,0.0,1.0,0.0,0.0
34.382896,108.88327,18,25,78,32.0,11.0,14.0,83.0,1,2013/4/19,1,6.0,2.0,1.0,0.0,0.0,0.0,1.0,0.0,0.0,0.0
34.259781,108.856987,15,37,70,50.0,22.0,26.0,88.0,1,2013/4/20,0,19.0,1.0,1.0,0.0,1.0,0.0,0.0,0.0,0.0,0.0
34.259781,108.856987,15,37,70,50.0,22.0,26.0,88.0,1,2013/4/20,1,8.0,2.0,1.0,0.0,1.0,0.0,0.0,0.0,0.0,0.0
34.261593,108.98996,10,55,65,29.0,15.0,18.0,100.0,1,2013/4/20,0,19.0,1.0,1.0,0.0,1.0,0.0,0.0,0.0,0.0,0.0
34.261593,108.98996,10,55,65,29.0,15.0,18.0,100.0,1,2013/4/20,1,8.0,2.0,1.0,0.0,1.0,0.0,0.0,0.0,0.0,0.0
34.279709,109.07048,33,78,62,30.0,12.0,15.0,58.0,1,2013/4/20,0,19.0,1.0,1.0,0.0,1.0,0.0,0.0,0.0,0.0,0.0
34.279709,109.07048,33,78,62,30.0,12.0,15.0,58.0,1,2013/4/20,1,8.0,2.0,1.0,0.0,1.0,0.0,0.0,0.0,0.0,0.0
34.22282,108.947144,28,40,81,76.0,13.0,18.0,89.0,1,2013/4/20,0,19.0,1.0,1.0,0.0,1.0,0.0,0.0,0.0,0.0,0.0
34.22282,108.947144,28,40,81,76.0,13.0,18.0,89.0,1,2013/4/20,1,8.0,2.0,1.0,0.0,1.0,0.0,0.0,0.0,0.0,0.0
34.158932,108.90696,13,40,72,71.0,10.0,12.0,112.0,3,2013/4/20,0,19.0,1.0,1.0,0.0,1.0,0.0,0.0,0.0,0.0,0.0
34.158932,108.90696,13,40,72,71.0,10.0,12.0,112.0,3,2013/4/20,1,8.0,2.0,1.0,0.0,1.0,0.0,0.0,0.0,0.0,0.0
34.662251,109.226196,26,20,82,28.0,25.0,37.0,99.0,1,2013/4/20,0,19.0,1.0,1.0,0.0,1.0,0.0,0.0,0.0,0.0,0.0
34.662251,109.226196,26,20,82,28.0,25.0,37.0,99.0,1,2013/4/20,1,8.0,2.0,1.0,0.0,1.0,0.0,0.0,0.0,0.0,0.0
34.209648,108.977669,23,82,64,83.0,32.0,39.0,85.0,1,2013/4/20,0,19.0,1.0,1.0,0.0,1.0,0.0,0.0,0.0,0.0,0.0
34.209648,108.977669,23,82,64,83.0,32.0,39.0,85.0,1,2013/4/20,1,8.0,2.0,1.0,0.0,1.0,0.0,0.0,0.0,0.0,0.0
34.354256,109.011482,11,39,77,43.0,15.0,19.0,99.0,1,2013/4/20,0,19.0,1.0,1.0,0.0,1.0,0.0,0.0,0.0,0.0,0.0
34.354256,109.011482,11,39,77,43.0,15.0,19.0,99.0,1,2013/4/20,1,8.0,2.0,1.0,0.0,1.0,0.0,0.0,0.0,0.0,0.0
34.382896,108.88327,16,24,59,36.0,8.0,10.0,87.0,1,2013/4/20,0,19.0,1.0,1.0,0.0,1.0,0.0,0.0,0.0,0.0,0.0
34.382896,108.88327,16,24,59,36.0,8.0,10.0,87.0,1,2013/4/20,1,8.0,2.0,1.0,0.0,1.0,0.0,0.0,0.0,0.0,0.0
34.259781,108.856987,21,40,98,67.0,26.0,32.0,168.0,4,2013/4/21,0,18.0,2.0,1.0,0.0,1.0,0.0,0.0,0.0,0.0,0.0
34.259781,108.856987,21,40,98,67.0,26.0,32.0,168.0,4,2013/4/21,1,9.0,5.0,1.0,0.0,0.0,0.0,1.0,0.0,0.0,0.0
34.261593,108.98996,18,84,97,42.0,15.0,15.0,162.0,4,2013/4/21,0,18.0,2.0,1.0,0.0,1.0,0.0,0.0,0.0,0.0,0.0
34.261593,108.98996,18,84,97,42.0,15.0,15.0,162.0,4,2013/4/21,1,9.0,5.0,1.0,0.0,0.0,0.0,1.0,0.0,0.0,0.0
34.279709,109.07048,11,106,107,50.0,10.0,12.0,95.0,3,2013/4/21,0,18.0,2.0,1.0,0.0,1.0,0.0,0.0,0.0,0.0,0.0
34.279709,109.07048,11,106,107,50.0,10.0,12.0,95.0,3,2013/4/21,1,9.0,5.0,1.0,0.0,0.0,0.0,1.0,0.0,0.0,0.0
34.22282,108.947144,44,55,113,76.0,18.0,23.0,138.0,3,2013/4/21,0,18.0,2.0,1.0,0.0,1.0,0.0,0.0,0.0,0.0,0.0
34.22282,108.947144,44,55,113,76.0,18.0,23.0,138.0,3,2013/4/21,1,9.0,5.0,1.0,0.0,0.0,0.0,1.0,0.0,0.0,0.0
34.233376,108.9049,44,94,109,68.0,22.0,28.0,175.0,4,2013/4/21,0,18.0,2.0,1.0,0.0,1.0,0.0,0.0,0.0,0.0,0.0
34.233376,108.9049,44,94,109,68.0,22.0,28.0,175.0,4,2013/4/21,1,9.0,5.0,1.0,0.0,0.0,0.0,1.0,0.0,0.0,0.0
34.35886,108.929192,43,55,87,88.0,13.0,17.0,137.0,3,2013/4/21,0,18.0,2.0,1.0,0.0,1.0,0.0,0.0,0.0,0.0,0.0
34.35886,108.929192,43,55,87,88.0,13.0,17.0,137.0,3,2013/4/21,1,9.0,5.0,1.0,0.0,0.0,0.0,1.0,0.0,0.0,0.0
34.158932,108.90696,37,39,83,81.0,31.0,40.0,144.0,3,2013/4/21,0,18.0,2.0,1.0,0.0,1.0,0.0,0.0,0.0,0.0,0.0
34.158932,108.90696,37,39,83,81.0,31.0,40.0,144.0,3,2013/4/21,1,9.0,5.0,1.0,0.0,0.0,0.0,1.0,0.0,0.0,0.0
34.662251,109.226196,17,22,105,40.0,31.0,48.0,147.0,3,2013/4/21,0,18.0,2.0,1.0,0.0,1.0,0.0,0.0,0.0,0.0,0.0
34.662251,109.226196,17,22,105,40.0,31.0,48.0,147.0,3,2013/4/21,1,9.0,5.0,1.0,0.0,0.0,0.0,1.0,0.0,0.0,0.0
34.209648,108.977669,40,103,94,94.0,37.0,44.0,138.0,3,2013/4/21,0,18.0,2.0,1.0,0.0,1.0,0.0,0.0,0.0,0.0,0.0
34.209648,108.977669,40,103,94,94.0,37.0,44.0,138.0,3,2013/4/21,1,9.0,5.0,1.0,0.0,0.0,0.0,1.0,0.0,0.0,0.0
34.354256,109.011482,15,45,121,59.0,22.0,18.0,182.0,4,2013/4/21,0,18.0,2.0,1.0,0.0,1.0,0.0,0.0,0.0,0.0,0.0
34.354256,109.011482,15,45,121,59.0,22.0,18.0,182.0,4,2013/4/21,1,9.0,5.0,1.0,0.0,0.0,0.0,1.0,0.0,0.0,0.0
34.382896,108.88327,23,28,82,45.0,15.0,19.0,134.0,3,2013/4/21,0,18.0,2.0,1.0,0.0,1.0,0.0,0.0,0.0,0.0,0.0
34.382896,108.88327,23,28,82,45.0,15.0,19.0,134.0,3,2013/4/21,1,9.0,5.0,1.0,0.0,0.0,0.0,1.0,0.0,0.0,0.0
34.259781,108.856987,13,45,125,71.0,9.0,9.0,220.0,6,2013/4/22,0,15.0,4.0,1.0,1.0,0.0,0.0,0.0,1.0,0.0,0.0
34.259781,108.856987,13,45,125,71.0,9.0,9.0,220.0,6,2013/4/22,1,9.0,6.0,1.0,0.0,1.0,0.0,0.0,0.0,0.0,0.0
34.261593,108.98996,6,82,123,49.0,2.0,2.0,198.0,4,2013/4/22,0,15.0,4.0,1.0,1.0,0.0,0.0,0.0,1.0,0.0,0.0
34.261593,108.98996,6,82,123,49.0,2.0,2.0,198.0,4,2013/4/22,1,9.0,6.0,1.0,0.0,1.0,0.0,0.0,0.0,0.0,0.0
34.279709,109.07048,6,102,109,28.0,2.0,3.0,119.0,3,2013/4/22,0,15.0,4.0,1.0,1.0,0.0,0.0,0.0,1.0,0.0,0.0
34.279709,109.07048,6,102,109,28.0,2.0,3.0,119.0,3,2013/4/22,1,9.0,6.0,1.0,0.0,1.0,0.0,0.0,0.0,0.0,0.0
34.22282,108.947144,28,52,142,84.0,9.0,11.0,173.0,4,2013/4/22,0,15.0,4.0,1.0,1.0,0.0,0.0,0.0,1.0,0.0,0.0
34.22282,108.947144,28,52,142,84.0,9.0,11.0,173.0,4,2013/4/22,1,9.0,6.0,1.0,0.0,1.0,0.0,0.0,0.0,0.0,0.0
34.35886,108.929192,31,65,93,76.0,5.0,5.0,189.0,4,2013/4/22,0,15.0,4.0,1.0,1.0,0.0,0.0,0.0,1.0,0.0,0.0
34.35886,108.929192,31,65,93,76.0,5.0,5.0,189.0,4,2013/4/22,1,9.0,6.0,1.0,0.0,1.0,0.0,0.0,0.0,0.0,0.0
34.158932,108.90696,12,37,95,87.0,11.0,11.0,143.0,3,2013/4/22,0,15.0,4.0,1.0,1.0,0.0,0.0,0.0,1.0,0.0,0.0
34.158932,108.90696,12,37,95,87.0,11.0,11.0,143.0,3,2013/4/22,1,9.0,6.0,1.0,0.0,1.0,0.0,0.0,0.0,0.0,0.0
34.662251,109.226196,30,23,155,40.0,0.0,0.0,189.0,4,2013/4/22,0,15.0,4.0,1.0,1.0,0.0,0.0,0.0,1.0,0.0,0.0
34.662251,109.226196,30,23,155,40.0,0.0,0.0,189.0,4,2013/4/22,1,9.0,6.0,1.0,0.0,1.0,0.0,0.0,0.0,0.0,0.0
34.209648,108.977669,26,101,121,99.0,33.0,39.0,170.0,4,2013/4/22,0,15.0,4.0,1.0,1.0,0.0,0.0,0.0,1.0,0.0,0.0
34.209648,108.977669,26,101,121,99.0,33.0,39.0,170.0,4,2013/4/22,1,9.0,6.0,1.0,0.0,1.0,0.0,0.0,0.0,0.0,0.0
34.354256,109.011482,10,58,155,71.0,5.0,5.0,224.0,6,2013/4/22,0,15.0,4.0,1.0,1.0,0.0,0.0,0.0,1.0,0.0,0.0
34.354256,109.011482,10,58,155,71.0,5.0,5.0,224.0,6,2013/4/22,1,9.0,6.0,1.0,0.0,1.0,0.0,0.0,0.0,0.0,0.0
34.382896,108.88327,25,35,230,52.0,12.0,15.0,236.0,6,2013/4/22,0,15.0,4.0,1.0,1.0,0.0,0.0,0.0,1.0,0.0,0.0
34.382896,108.88327,25,35,230,52.0,12.0,15.0,236.0,6,2013/4/22,1,9.0,6.0,1.0,0.0,1.0,0.0,0.0,0.0,0.0,0.0
34.259781,108.856987,24,82,133,79.0,40.0,44.0,200.0,4,2013/4/23,0,26.0,1.0,1.0,0.0,0.0,1.0,0.0,0.0,0.0,0.0
34.259781,108.856987,24,82,133,79.0,40.0,44.0,200.0,4,2013/4/23,1,11.0,2.0,1.0,0.0,0.0,1.0,0.0,0.0,0.0,0.0
34.261593,108.98996,17,83,106,51.0,26.0,26.0,137.0,3,2013/4/23,0,26.0,1.0,1.0,0.0,0.0,1.0,0.0,0.0,0.0,0.0
34.261593,108.98996,17,83,106,51.0,26.0,26.0,137.0,3,2013/4/23,1,11.0,2.0,1.0,0.0,0.0,1.0,0.0,0.0,0.0,0.0
34.279709,109.07048,3,104,113,22.0,16.0,19.0,93.0,3,2013/4/23,0,26.0,1.0,1.0,0.0,0.0,1.0,0.0,0.0,0.0,0.0
34.279709,109.07048,3,104,113,22.0,16.0,19.0,93.0,3,2013/4/23,1,11.0,2.0,1.0,0.0,0.0,1.0,0.0,0.0,0.0,0.0
34.22282,108.947144,30,80,132,77.0,24.0,28.0,142.0,3,2013/4/23,0,26.0,1.0,1.0,0.0,0.0,1.0,0.0,0.0,0.0,0.0
34.22282,108.947144,30,80,132,77.0,24.0,28.0,142.0,3,2013/4/23,1,11.0,2.0,1.0,0.0,0.0,1.0,0.0,0.0,0.0,0.0
34.233376,108.9049,28,98,141,72.0,27.0,33.0,178.0,4,2013/4/23,0,26.0,1.0,1.0,0.0,0.0,1.0,0.0,0.0,0.0,0.0
34.233376,108.9049,28,98,141,72.0,27.0,33.0,178.0,4,2013/4/23,1,11.0,2.0,1.0,0.0,0.0,1.0,0.0,0.0,0.0,0.0
34.158932,108.90696,14,37,79,87.0,29.0,37.0,88.0,1,2013/4/23,0,26.0,1.0,1.0,0.0,0.0,1.0,0.0,0.0,0.0,0.0
34.158932,108.90696,14,37,79,87.0,29.0,37.0,88.0,1,2013/4/23,1,11.0,2.0,1.0,0.0,0.0,1.0,0.0,0.0,0.0,0.0
34.662251,109.226196,44,43,163,51.0,36.0,13.0,207.0,6,2013/4/23,0,26.0,1.0,1.0,0.0,0.0,1.0,0.0,0.0,0.0,0.0
34.662251,109.226196,44,43,163,51.0,36.0,13.0,207.0,6,2013/4/23,1,11.0,2.0,1.0,0.0,0.0,1.0,0.0,0.0,0.0,0.0
34.366699,109.214211,14,67,99,46.0,23.0,29.0,130.0,3,2013/4/23,0,26.0,1.0,1.0,0.0,0.0,1.0,0.0,0.0,0.0,0.0
34.366699,109.214211,14,67,99,46.0,23.0,29.0,130.0,3,2013/4/23,1,11.0,2.0,1.0,0.0,0.0,1.0,0.0,0.0,0.0,0.0
34.209648,108.977669,20,85,106,66.0,27.0,32.0,127.0,3,2013/4/23,0,26.0,1.0,1.0,0.0,0.0,1.0,0.0,0.0,0.0,0.0
34.209648,108.977669,20,85,106,66.0,27.0,32.0,127.0,3,2013/4/23,1,11.0,2.0,1.0,0.0,0.0,1.0,0.0,0.0,0.0,0.0
34.354256,109.011482,16,64,132,76.0,23.0,27.0,168.0,4,2013/4/23,0,26.0,1.0,1.0,0.0,0.0,1.0,0.0,0.0,0.0,0.0
34.354256,109.011482,16,64,132,76.0,23.0,27.0,168.0,4,2013/4/23,1,11.0,2.0,1.0,0.0,0.0,1.0,0.0,0.0,0.0,0.0
34.382896,108.88327,42,49,234,59.0,28.0,35.0,232.0,6,2013/4/23,0,26.0,1.0,1.0,0.0,0.0,1.0,0.0,0.0,0.0,0.0
34.382896,108.88327,42,49,234,59.0,28.0,35.0,232.0,6,2013/4/23,1,11.0,2.0,1.0,0.0,0.0,1.0,0.0,0.0,0.0,0.0
34.259781,108.856987,80,130,154,77.0,59.0,78.0,195.0,4,2013/4/24,0,27.0,2.0,1.0,0.0,0.0,1.0,0.0,0.0,0.0,0.0
34.259781,108.856987,80,130,154,77.0,59.0,78.0,195.0,4,2013/4/24,1,14.0,1.0,1.0,0.0,0.0,1.0,0.0,0.0,0.0,0.0
34.261593,108.98996,34,106,134,45.0,35.0,48.0,144.0,3,2013/4/24,0,27.0,2.0,1.0,0.0,0.0,1.0,0.0,0.0,0.0,0.0
34.261593,108.98996,34,106,134,45.0,35.0,48.0,144.0,3,2013/4/24,1,14.0,1.0,1.0,0.0,0.0,1.0,0.0,0.0,0.0,0.0
34.279709,109.07048,3,51,135,37.0,28.0,35.0,113.0,3,2013/4/24,0,27.0,2.0,1.0,0.0,0.0,1.0,0.0,0.0,0.0,0.0
34.279709,109.07048,3,51,135,37.0,28.0,35.0,113.0,3,2013/4/24,1,14.0,1.0,1.0,0.0,0.0,1.0,0.0,0.0,0.0,0.0
34.22282,108.947144,31,63,152,46.0,23.0,30.0,125.0,4,2013/4/24,0,27.0,2.0,1.0,0.0,0.0,1.0,0.0,0.0,0.0,0.0
34.22282,108.947144,31,63,152,46.0,23.0,30.0,125.0,4,2013/4/24,1,14.0,1.0,1.0,0.0,0.0,1.0,0.0,0.0,0.0,0.0
34.26955,108.95903,15,55,160,46.0,15.0,43.0,166.0,4,2013/4/24,0,27.0,2.0,1.0,0.0,0.0,1.0,0.0,0.0,0.0,0.0
34.26955,108.95903,15,55,160,46.0,15.0,43.0,166.0,4,2013/4/24,1,14.0,1.0,1.0,0.0,0.0,1.0,0.0,0.0,0.0,0.0
34.233376,108.9049,36,113,156,65.0,35.0,44.0,149.0,4,2013/4/24,0,27.0,2.0,1.0,0.0,0.0,1.0,0.0,0.0,0.0,0.0
34.233376,108.9049,36,113,156,65.0,35.0,44.0,149.0,4,2013/4/24,1,14.0,1.0,1.0,0.0,0.0,1.0,0.0,0.0,0.0,0.0
34.35886,108.929192,47,106,96,56.0,38.0,45.0,138.0,3,2013/4/24,0,27.0,2.0,1.0,0.0,0.0,1.0,0.0,0.0,0.0,0.0
34.35886,108.929192,47,106,96,56.0,38.0,45.0,138.0,3,2013/4/24,1,14.0,1.0,1.0,0.0,0.0,1.0,0.0,0.0,0.0,0.0
34.35886,108.929192,23,104,260,63.0,25.0,29.0,147.0,3,2013/4/24,0,27.0,2.0,1.0,0.0,0.0,1.0,0.0,0.0,0.0,0.0
34.35886,108.929192,23,104,260,63.0,25.0,29.0,147.0,3,2013/4/24,1,14.0,1.0,1.0,0.0,0.0,1.0,0.0,0.0,0.0,0.0
34.158932,108.90696,32,55,127,71.0,37.0,44.0,112.0,3,2013/4/24,0,27.0,2.0,1.0,0.0,0.0,1.0,0.0,0.0,0.0,0.0
34.158932,108.90696,32,55,127,71.0,37.0,44.0,112.0,3,2013/4/24,1,14.0,1.0,1.0,0.0,0.0,1.0,0.0,0.0,0.0,0.0
34.662251,109.226196,36,50,142,50.0,21.0,32.0,158.0,4,2013/4/24,0,27.0,2.0,1.0,0.0,0.0,1.0,0.0,0.0,0.0,0.0
34.662251,109.226196,36,50,142,50.0,21.0,32.0,158.0,4,2013/4/24,1,14.0,1.0,1.0,0.0,0.0,1.0,0.0,0.0,0.0,0.0
34.366699,109.214211,19,87,121,44.0,30.0,35.0,135.0,3,2013/4/24,0,27.0,2.0,1.0,0.0,0.0,1.0,0.0,0.0,0.0,0.0
34.366699,109.214211,19,87,121,44.0,30.0,35.0,135.0,3,2013/4/24,1,14.0,1.0,1.0,0.0,0.0,1.0,0.0,0.0,0.0,0.0
34.209648,108.977669,26,112,132,34.0,31.0,38.0,124.0,3,2013/4/24,0,27.0,2.0,1.0,0.0,0.0,1.0,0.0,0.0,0.0,0.0
34.209648,108.977669,26,112,132,34.0,31.0,38.0,124.0,3,2013/4/24,1,14.0,1.0,1.0,0.0,0.0,1.0,0.0,0.0,0.0,0.0
34.354256,109.011482,19,102,179,78.0,41.0,45.0,192.0,4,2013/4/24,0,27.0,2.0,1.0,0.0,0.0,1.0,0.0,0.0,0.0,0.0
34.354256,109.011482,19,102,179,78.0,41.0,45.0,192.0,4,2013/4/24,1,14.0,1.0,1.0,0.0,0.0,1.0,0.0,0.0,0.0,0.0
34.382896,108.88327,43,49,105,68.0,37.0,48.0,182.0,4,2013/4/24,0,27.0,2.0,1.0,0.0,0.0,1.0,0.0,0.0,0.0,0.0
34.382896,108.88327,43,49,105,68.0,37.0,48.0,182.0,4,2013/4/24,1,14.0,1.0,1.0,0.0,0.0,1.0,0.0,0.0,0.0,0.0
34.259781,108.856987,26,88,167,46.0,95.0,99.0,169.0,4,2013/4/25,0,29.0,2.0,1.0,0.0,0.0,1.0,0.0,0.0,0.0,0.0
34.259781,108.856987,26,88,167,46.0,95.0,99.0,169.0,4,2013/4/25,1,13.0,2.0,1.0,0.0,0.0,1.0,0.0,0.0,0.0,0.0
34.261593,108.98996,28,93,122,34.0,46.0,67.0,100.0,3,2013/4/25,0,29.0,2.0,1.0,0.0,0.0,1.0,0.0,0.0,0.0,0.0
34.261593,108.98996,28,93,122,34.0,46.0,67.0,100.0,3,2013/4/25,1,13.0,2.0,1.0,0.0,0.0,1.0,0.0,0.0,0.0,0.0
34.279709,109.07048,20,110,115,65.0,33.0,45.0,102.0,3,2013/4/25,0,29.0,2.0,1.0,0.0,0.0,1.0,0.0,0.0,0.0,0.0
34.279709,109.07048,20,110,115,65.0,33.0,45.0,102.0,3,2013/4/25,1,13.0,2.0,1.0,0.0,0.0,1.0,0.0,0.0,0.0,0.0
34.22282,108.947144,38,125,169,45.0,31.0,40.0,132.0,4,2013/4/25,0,29.0,2.0,1.0,0.0,0.0,1.0,0.0,0.0,0.0,0.0
34.22282,108.947144,38,125,169,45.0,31.0,40.0,132.0,4,2013/4/25,1,13.0,2.0,1.0,0.0,0.0,1.0,0.0,0.0,0.0,0.0
34.26955,108.95903,25,94,170,38.0,49.0,76.0,114.0,4,2013/4/25,0,29.0,2.0,1.0,0.0,0.0,1.0,0.0,0.0,0.0,0.0
34.26955,108.95903,25,94,170,38.0,49.0,76.0,114.0,4,2013/4/25,1,13.0,2.0,1.0,0.0,0.0,1.0,0.0,0.0,0.0,0.0
34.233376,108.9049,38,125,222,62.0,44.0,61.0,190.0,6,2013/4/25,0,29.0,2.0,1.0,0.0,0.0,1.0,0.0,0.0,0.0,0.0
34.233376,108.9049,38,125,222,62.0,44.0,61.0,190.0,6,2013/4/25,1,13.0,2.0,1.0,0.0,0.0,1.0,0.0,0.0,0.0,0.0
34.35886,108.929192,48,92,145,42.0,39.0,55.0,90.0,3,2013/4/25,0,29.0,2.0,1.0,0.0,0.0,1.0,0.0,0.0,0.0,0.0
34.35886,108.929192,48,92,145,42.0,39.0,55.0,90.0,3,2013/4/25,1,13.0,2.0,1.0,0.0,0.0,1.0,0.0,0.0,0.0,0.0
34.158932,108.90696,43,50,150,49.0,65.0,70.0,127.0,3,2013/4/25,0,29.0,2.0,1.0,0.0,0.0,1.0,0.0,0.0,0.0,0.0
34.158932,108.90696,43,50,150,49.0,65.0,70.0,127.0,3,2013/4/25,1,13.0,2.0,1.0,0.0,0.0,1.0,0.0,0.0,0.0,0.0
34.662251,109.226196,41,52,87,34.0,18.0,25.0,87.0,1,2013/4/25,0,29.0,2.0,1.0,0.0,0.0,1.0,0.0,0.0,0.0,0.0
34.662251,109.226196,41,52,87,34.0,18.0,25.0,87.0,1,2013/4/25,1,13.0,2.0,1.0,0.0,0.0,1.0,0.0,0.0,0.0,0.0
34.366699,109.214211,29,92,110,41.0,31.0,42.0,92.0,3,2013/4/25,0,29.0,2.0,1.0,0.0,0.0,1.0,0.0,0.0,0.0,0.0
34.366699,109.214211,29,92,110,41.0,31.0,42.0,92.0,3,2013/4/25,1,13.0,2.0,1.0,0.0,0.0,1.0,0.0,0.0,0.0,0.0
34.209648,108.977669,26,111,140,36.0,32.0,39.0,118.0,3,2013/4/25,0,29.0,2.0,1.0,0.0,0.0,1.0,0.0,0.0,0.0,0.0
34.209648,108.977669,26,111,140,36.0,32.0,39.0,118.0,3,2013/4/25,1,13.0,2.0,1.0,0.0,0.0,1.0,0.0,0.0,0.0,0.0
34.354256,109.011482,17,89,108,58.0,42.0,63.0,83.0,3,2013/4/25,0,29.0,2.0,1.0,0.0,0.0,1.0,0.0,0.0,0.0,0.0
34.354256,109.011482,17,89,108,58.0,42.0,63.0,83.0,3,2013/4/25,1,13.0,2.0,1.0,0.0,0.0,1.0,0.0,0.0,0.0,0.0
34.382896,108.88327,38,44,85,50.0,42.0,60.0,90.0,1,2013/4/25,0,29.0,2.0,1.0,0.0,0.0,1.0,0.0,0.0,0.0,0.0
34.382896,108.88327,38,44,85,50.0,42.0,60.0,90.0,1,2013/4/25,1,13.0,2.0,1.0,0.0,0.0,1.0,0.0,0.0,0.0,0.0
34.259781,108.856987,23,79,140,42.0,107.0,116.0,133.0,3,2013/4/26,0,31.0,7.0,1.0,0.0,0.0,1.0,0.0,0.0,0.0,0.0
34.259781,108.856987,23,79,140,42.0,107.0,116.0,133.0,3,2013/4/26,1,14.0,2.0,1.0,0.0,0.0,1.0,0.0,0.0,0.0,0.0
34.261593,108.98996,32,104,117,38.0,67.0,85.0,108.0,3,2013/4/26,0,31.0,7.0,1.0,0.0,0.0,1.0,0.0,0.0,0.0,0.0
34.261593,108.98996,32,104,117,38.0,67.0,85.0,108.0,3,2013/4/26,1,14.0,2.0,1.0,0.0,0.0,1.0,0.0,0.0,0.0,0.0
34.279709,109.07048,34,117,126,41.0,35.0,48.0,133.0,3,2013/4/26,0,31.0,7.0,1.0,0.0,0.0,1.0,0.0,0.0,0.0,0.0
34.279709,109.07048,34,117,126,41.0,35.0,48.0,133.0,3,2013/4/26,1,14.0,2.0,1.0,0.0,0.0,1.0,0.0,0.0,0.0,0.0
34.22282,108.947144,40,117,151,42.0,31.0,41.0,112.0,4,2013/4/26,0,31.0,7.0,1.0,0.0,0.0,1.0,0.0,0.0,0.0,0.0
34.22282,108.947144,40,117,151,42.0,31.0,41.0,112.0,4,2013/4/26,1,14.0,2.0,1.0,0.0,0.0,1.0,0.0,0.0,0.0,0.0
34.26955,108.95903,24,27,168,35.0,72.0,92.0,124.0,4,2013/4/26,0,31.0,7.0,1.0,0.0,0.0,1.0,0.0,0.0,0.0,0.0
34.26955,108.95903,24,27,168,35.0,72.0,92.0,124.0,4,2013/4/26,1,14.0,2.0,1.0,0.0,0.0,1.0,0.0,0.0,0.0,0.0
34.233376,108.9049,31,125,196,65.0,50.0,73.0,193.0,4,2013/4/26,0,31.0,7.0,1.0,0.0,0.0,1.0,0.0,0.0,0.0,0.0
34.233376,108.9049,31,125,196,65.0,50.0,73.0,193.0,4,2013/4/26,1,14.0,2.0,1.0,0.0,0.0,1.0,0.0,0.0,0.0,0.0
34.35886,108.929192,54,80,106,43.0,45.0,68.0,78.0,3,2013/4/26,0,31.0,7.0,1.0,0.0,0.0,1.0,0.0,0.0,0.0,0.0
34.35886,108.929192,54,80,106,43.0,45.0,68.0,78.0,3,2013/4/26,1,14.0,2.0,1.0,0.0,0.0,1.0,0.0,0.0,0.0,0.0
34.158932,108.90696,40,59,124,58.0,50.0,57.0,99.0,3,2013/4/26,0,31.0,7.0,1.0,0.0,0.0,1.0,0.0,0.0,0.0,0.0
34.158932,108.90696,40,59,124,58.0,50.0,57.0,99.0,3,2013/4/26,1,14.0,2.0,1.0,0.0,0.0,1.0,0.0,0.0,0.0,0.0
34.662251,109.226196,51,54,90,35.0,21.0,30.0,94.0,1,2013/4/26,0,31.0,7.0,1.0,0.0,0.0,1.0,0.0,0.0,0.0,0.0
34.662251,109.226196,51,54,90,35.0,21.0,30.0,94.0,1,2013/4/26,1,14.0,2.0,1.0,0.0,0.0,1.0,0.0,0.0,0.0,0.0
34.366699,109.214211,38,70,103,37.0,35.0,41.0,95.0,3,2013/4/26,0,31.0,7.0,1.0,0.0,0.0,1.0,0.0,0.0,0.0,0.0
34.366699,109.214211,38,70,103,37.0,35.0,41.0,95.0,3,2013/4/26,1,14.0,2.0,1.0,0.0,0.0,1.0,0.0,0.0,0.0,0.0
34.209648,108.977669,25,114,133,35.0,34.0,41.0,105.0,3,2013/4/26,0,31.0,7.0,1.0,0.0,0.0,1.0,0.0,0.0,0.0,0.0
34.209648,108.977669,25,114,133,35.0,34.0,41.0,105.0,3,2013/4/26,1,14.0,2.0,1.0,0.0,0.0,1.0,0.0,0.0,0.0,0.0
34.354256,109.011482,25,98,135,75.0,54.0,85.0,127.0,3,2013/4/26,0,31.0,7.0,1.0,0.0,0.0,1.0,0.0,0.0,0.0,0.0
34.354256,109.011482,25,98,135,75.0,54.0,85.0,127.0,3,2013/4/26,1,14.0,2.0,1.0,0.0,0.0,1.0,0.0,0.0,0.0,0.0
34.382896,108.88327,44,44,82,56.0,64.0,78.0,80.0,1,2013/4/26,0,31.0,7.0,1.0,0.0,0.0,1.0,0.0,0.0,0.0,0.0
34.382896,108.88327,44,44,82,56.0,64.0,78.0,80.0,1,2013/4/26,1,14.0,2.0,1.0,0.0,0.0,1.0,0.0,0.0,0.0,0.0
