{
"type": "FeatureCollection",
"name": "610100",
"features": [
{ "type": "Feature", "properties": { "id": "610115", "name": "临潼区", "site": "www.poi86.com" }, "geometry": { "type": "MultiPolygon", "coordinates": [ [ [ [ 109.42138, 34.656985 ], [ 109.422258, 34.653401 ], [ 109.4227, 34.651211 ], [ 109.423568, 34.64857 ], [ 109.424168, 34.64637 ], [ 109.425696, 34.637503 ], [ 109.428796, 34.622315 ], [ 109.428796, 34.622152 ], [ 109.42877, 34.62055 ], [ 109.428564, 34.619117 ], [ 109.428258, 34.61815 ], [ 109.427824, 34.616891 ], [ 109.427537, 34.615754 ], [ 109.427528, 34.615066 ], [ 109.42765, 34.61386 ], [ 109.428041, 34.612774 ], [ 109.428318, 34.612084 ], [ 109.429203, 34.610817 ], [ 109.429751, 34.610073 ], [ 109.430211, 34.608574 ], [ 109.430611, 34.607029 ], [ 109.430871, 34.605483 ], [ 109.431244, 34.601877 ], [ 109.431357, 34.600214 ], [ 109.431471, 34.598209 ], [ 109.431809, 34.596896 ], [ 109.431843, 34.596708 ], [ 109.442809, 34.563279 ], [ 109.443096, 34.562765 ], [ 109.443539, 34.560822 ], [ 109.443548, 34.560716 ], [ 109.444312, 34.557665 ], [ 109.444451, 34.554786 ], [ 109.441255, 34.55541 ], [ 109.43852, 34.555407 ], [ 109.436749, 34.554559 ], [ 109.431383, 34.552344 ], [ 109.426381, 34.551244 ], [ 109.423741, 34.550511 ], [ 109.421832, 34.548648 ], [ 109.418758, 34.544129 ], [ 109.415346, 34.539753 ], [ 109.413418, 34.538158 ], [ 109.412688, 34.537819 ], [ 109.408989, 34.536954 ], [ 109.407531, 34.536612 ], [ 109.40589, 34.536329 ], [ 109.404188, 34.536163 ], [ 109.403346, 34.53599 ], [ 109.398387, 34.534522 ], [ 109.396973, 34.5343 ], [ 109.395322, 34.534831 ], [ 109.392144, 34.536541 ], [ 109.39105, 34.536751 ], [ 109.389809, 34.536509 ], [ 109.389226, 34.536078 ], [ 109.38598, 34.530259 ], [ 109.386249, 34.525102 ], [ 109.387586, 34.521073 ], [ 109.38822, 34.517953 ], [ 109.389548, 34.51338 ], [ 109.389487, 34.511501 ], [ 109.390782, 34.509488 ], [ 109.397563, 34.508411 ], [ 109.400949, 34.508085 ], [ 109.402443, 34.507053 ], [ 109.404023, 34.505956 ], [ 109.405656, 34.504113 ], [ 109.405855, 34.503245 ], [ 109.405847, 34.50239 ], [ 109.405421, 34.501422 ], [ 109.404857, 34.500855 ], [ 109.404023, 34.500575 ], [ 109.402851, 34.500467 ], [ 109.401531, 34.500991 ], [ 109.399882, 34.501634 ], [ 109.399057, 34.501813 ], [ 109.398292, 34.501702 ], [ 109.396973, 34.501594 ], [ 109.395098, 34.501209 ], [ 109.394333, 34.500879 ], [ 109.39363, 34.500072 ], [ 109.392996, 34.499284 ], [ 109.392293, 34.498198 ], [ 109.39165, 34.496883 ], [ 109.390869, 34.495291 ], [ 109.389887, 34.493752 ], [ 109.389245, 34.492673 ], [ 109.387821, 34.489016 ], [ 109.385841, 34.485827 ], [ 109.384782, 34.483892 ], [ 109.384357, 34.482924 ], [ 109.38413, 34.482013 ], [ 109.383818, 34.478635 ], [ 109.38394, 34.476914 ], [ 109.384061, 34.475261 ], [ 109.384322, 34.474109 ], [ 109.384851, 34.472449 ], [ 109.385997, 34.469686 ], [ 109.386814, 34.468653 ], [ 109.388186, 34.467616 ], [ 109.389289, 34.466976 ], [ 109.3906, 34.46645 ], [ 109.392327, 34.46604 ], [ 109.394403, 34.465969 ], [ 109.396122, 34.465954 ], [ 109.397859, 34.46605 ], [ 109.3991, 34.466105 ], [ 109.401385, 34.465909 ], [ 109.402556, 34.465675 ], [ 109.404067, 34.464866 ], [ 109.405369, 34.463883 ], [ 109.406403, 34.463013 ], [ 109.407905, 34.461862 ], [ 109.408652, 34.460703 ], [ 109.409112, 34.458073 ], [ 109.409026, 34.456241 ], [ 109.409, 34.454926 ], [ 109.409199, 34.453954 ], [ 109.409668, 34.452863 ], [ 109.410484, 34.451943 ], [ 109.411934, 34.450845 ], [ 109.413506, 34.449684 ], [ 109.415078, 34.448587 ], [ 109.416597, 34.447426 ], [ 109.417752, 34.446564 ], [ 109.418698, 34.444669 ], [ 109.418968, 34.443861 ], [ 109.419167, 34.44306 ], [ 109.418734, 34.442092 ], [ 109.418316, 34.441348 ], [ 109.417335, 34.440443 ], [ 109.41664, 34.439935 ], [ 109.415382, 34.439144 ], [ 109.414756, 34.438515 ], [ 109.415772, 34.437482 ], [ 109.416667, 34.437018 ], [ 109.417769, 34.436437 ], [ 109.418664, 34.435736 ], [ 109.41935, 34.434987 ], [ 109.419411, 34.434419 ], [ 109.419324, 34.433566 ], [ 109.418977, 34.432822 ], [ 109.418682, 34.432248 ], [ 109.418195, 34.431513 ], [ 109.417909, 34.430313 ], [ 109.417674, 34.428939 ], [ 109.417726, 34.427333 ], [ 109.417987, 34.42602 ], [ 109.418386, 34.4247 ], [ 109.418994, 34.423664 ], [ 109.419611, 34.422863 ], [ 109.420765, 34.421759 ], [ 109.422624, 34.420546 ], [ 109.424343, 34.419611 ], [ 109.425854, 34.418804 ], [ 109.427504, 34.418054 ], [ 109.429153, 34.417576 ], [ 109.43102, 34.417104 ], [ 109.433365, 34.416631 ], [ 109.437289, 34.415339 ], [ 109.437906, 34.41459 ], [ 109.438931, 34.413378 ], [ 109.439608, 34.412408 ], [ 109.440485, 34.411082 ], [ 109.441101, 34.409821 ], [ 109.441431, 34.408958 ], [ 109.441831, 34.407639 ], [ 109.441813, 34.406375 ], [ 109.441805, 34.405349 ], [ 109.441709, 34.403803 ], [ 109.441422, 34.402829 ], [ 109.441067, 34.402202 ], [ 109.440423, 34.400779 ], [ 109.440345, 34.399576 ], [ 109.440476, 34.39861 ], [ 109.441292, 34.397744 ], [ 109.442525, 34.397103 ], [ 109.444244, 34.396404 ], [ 109.445972, 34.395814 ], [ 109.447075, 34.395638 ], [ 109.448108, 34.395517 ], [ 109.448933, 34.395511 ], [ 109.450113, 34.395613 ], [ 109.451841, 34.395602 ], [ 109.454056, 34.395583 ], [ 109.456586, 34.395443 ], [ 109.456596, 34.395157 ], [ 109.456531, 34.394879 ], [ 109.456379, 34.394612 ], [ 109.456195, 34.394446 ], [ 109.455697, 34.394167 ], [ 109.455621, 34.394003 ], [ 109.455679, 34.39383 ], [ 109.455795, 34.393665 ], [ 109.456406, 34.393091 ], [ 109.457108, 34.392679 ], [ 109.457622, 34.392591 ], [ 109.458014, 34.392484 ], [ 109.458396, 34.392248 ], [ 109.458545, 34.392085 ], [ 109.458625, 34.391924 ], [ 109.458635, 34.391753 ], [ 109.458575, 34.391605 ], [ 109.458442, 34.391476 ], [ 109.458328, 34.391409 ], [ 109.458204, 34.391357 ], [ 109.457949, 34.391291 ], [ 109.457511, 34.391255 ], [ 109.456828, 34.39125 ], [ 109.45643, 34.391269 ], [ 109.455635, 34.391332 ], [ 109.455417, 34.391278 ], [ 109.455335, 34.391134 ], [ 109.455316, 34.391014 ], [ 109.455339, 34.39077 ], [ 109.455518, 34.390141 ], [ 109.455813, 34.389354 ], [ 109.455884, 34.38876 ], [ 109.455823, 34.388474 ], [ 109.455473, 34.388019 ], [ 109.455429, 34.387739 ], [ 109.455503, 34.387472 ], [ 109.455777, 34.386971 ], [ 109.455863, 34.386773 ], [ 109.456015, 34.386127 ], [ 109.456093, 34.385996 ], [ 109.456342, 34.385853 ], [ 109.456601, 34.385795 ], [ 109.456786, 34.385787 ], [ 109.456907, 34.38581 ], [ 109.457023, 34.385861 ], [ 109.457126, 34.386007 ], [ 109.457234, 34.386316 ], [ 109.457555, 34.386543 ], [ 109.457928, 34.386662 ], [ 109.458368, 34.386738 ], [ 109.458796, 34.386726 ], [ 109.459353, 34.386553 ], [ 109.459629, 34.386396 ], [ 109.459734, 34.386255 ], [ 109.459836, 34.386039 ], [ 109.45992, 34.385751 ], [ 109.460001, 34.385227 ], [ 109.460021, 34.384832 ], [ 109.459971, 34.384664 ], [ 109.45988, 34.384592 ], [ 109.459242, 34.384471 ], [ 109.459054, 34.384393 ], [ 109.458907, 34.384247 ], [ 109.458827, 34.384064 ], [ 109.45885, 34.38376 ], [ 109.459398, 34.381938 ], [ 109.459369, 34.381692 ], [ 109.45925, 34.381579 ], [ 109.458969, 34.381471 ], [ 109.458483, 34.381411 ], [ 109.457988, 34.381273 ], [ 109.457776, 34.381152 ], [ 109.45751, 34.380928 ], [ 109.456544, 34.379847 ], [ 109.456445, 34.379671 ], [ 109.456445, 34.379431 ], [ 109.456557, 34.379237 ], [ 109.456687, 34.379135 ], [ 109.457031, 34.378954 ], [ 109.457149, 34.378876 ], [ 109.457531, 34.378498 ], [ 109.457617, 34.378374 ], [ 109.457622, 34.378218 ], [ 109.457408, 34.377751 ], [ 109.457324, 34.377289 ], [ 109.45721, 34.377188 ], [ 109.457068, 34.377135 ], [ 109.456363, 34.377051 ], [ 109.456206, 34.376978 ], [ 109.455845, 34.376869 ], [ 109.455607, 34.37683 ], [ 109.455114, 34.376779 ], [ 109.454954, 34.376674 ], [ 109.454926, 34.376469 ], [ 109.455063, 34.376343 ], [ 109.455524, 34.376094 ], [ 109.456293, 34.375836 ], [ 109.456587, 34.375607 ], [ 109.456693, 34.375244 ], [ 109.45652, 34.37422 ], [ 109.456793, 34.373263 ], [ 109.457069, 34.372744 ], [ 109.457116, 34.372491 ], [ 109.456801, 34.372106 ], [ 109.45623, 34.371744 ], [ 109.455843, 34.371658 ], [ 109.455312, 34.371534 ], [ 109.455036, 34.371343 ], [ 109.454552, 34.370612 ], [ 109.45461, 34.37034 ], [ 109.454873, 34.370095 ], [ 109.455486, 34.36971 ], [ 109.455956, 34.369214 ], [ 109.456068, 34.368855 ], [ 109.456074, 34.367799 ], [ 109.455997, 34.367135 ], [ 109.455715, 34.366521 ], [ 109.455217, 34.365953 ], [ 109.454429, 34.364805 ], [ 109.454099, 34.364573 ], [ 109.453592, 34.364609 ], [ 109.453212, 34.364458 ], [ 109.453291, 34.364217 ], [ 109.453495, 34.363951 ], [ 109.453742, 34.363254 ], [ 109.453687, 34.36256 ], [ 109.453554, 34.362257 ], [ 109.453276, 34.362145 ], [ 109.452905, 34.362091 ], [ 109.452546, 34.361899 ], [ 109.451171, 34.360804 ], [ 109.450659, 34.35965 ], [ 109.45075, 34.359347 ], [ 109.451098, 34.359071 ], [ 109.451293, 34.358766 ], [ 109.451197, 34.358418 ], [ 109.450883, 34.358225 ], [ 109.450327, 34.357979 ], [ 109.450253, 34.357619 ], [ 109.450996, 34.356081 ], [ 109.45101, 34.35576 ], [ 109.450805, 34.355457 ], [ 109.450781, 34.35516 ], [ 109.451136, 34.354688 ], [ 109.451262, 34.354359 ], [ 109.451495, 34.354226 ], [ 109.452238, 34.35411 ], [ 109.452631, 34.353998 ], [ 109.452788, 34.353838 ], [ 109.452857, 34.353513 ], [ 109.452649, 34.352838 ], [ 109.45268, 34.352313 ], [ 109.452809, 34.352224 ], [ 109.453045, 34.352248 ], [ 109.453449, 34.352367 ], [ 109.453621, 34.352294 ], [ 109.453675, 34.352107 ], [ 109.453597, 34.351867 ], [ 109.45301, 34.351011 ], [ 109.452729, 34.350057 ], [ 109.452362, 34.349429 ], [ 109.452333, 34.349147 ], [ 109.452452, 34.348888 ], [ 109.452393, 34.348495 ], [ 109.452027, 34.348132 ], [ 109.451719, 34.347953 ], [ 109.451255, 34.347753 ], [ 109.451218, 34.347568 ], [ 109.451435, 34.347367 ], [ 109.451742, 34.346975 ], [ 109.451746, 34.346712 ], [ 109.45164, 34.346419 ], [ 109.451329, 34.346165 ], [ 109.450962, 34.34606 ], [ 109.450429, 34.34599 ], [ 109.449804, 34.345801 ], [ 109.449379, 34.345534 ], [ 109.449169, 34.34525 ], [ 109.449218, 34.34503 ], [ 109.449449, 34.344895 ], [ 109.44995, 34.344795 ], [ 109.450066, 34.344651 ], [ 109.449966, 34.344552 ], [ 109.44961, 34.344414 ], [ 109.449344, 34.344213 ], [ 109.449236, 34.343918 ], [ 109.449251, 34.343673 ], [ 109.449412, 34.343322 ], [ 109.449393, 34.343036 ], [ 109.449234, 34.342787 ], [ 109.449139, 34.342426 ], [ 109.449225, 34.342076 ], [ 109.449428, 34.341803 ], [ 109.449536, 34.341715 ], [ 109.44966, 34.341647 ], [ 109.449846, 34.341576 ], [ 109.449917, 34.341531 ], [ 109.449973, 34.341462 ], [ 109.44998, 34.341377 ], [ 109.449946, 34.341309 ], [ 109.449892, 34.341254 ], [ 109.449786, 34.341201 ], [ 109.449661, 34.341172 ], [ 109.449204, 34.34113 ], [ 109.449016, 34.341095 ], [ 109.448795, 34.341011 ], [ 109.448695, 34.340914 ], [ 109.448691, 34.340804 ], [ 109.448725, 34.340716 ], [ 109.448779, 34.34063 ], [ 109.449161, 34.340184 ], [ 109.449484, 34.33984 ], [ 109.44954, 34.339695 ], [ 109.44953, 34.339571 ], [ 109.44919, 34.338941 ], [ 109.449107, 34.338709 ], [ 109.449022, 34.338387 ], [ 109.448933, 34.338213 ], [ 109.448822, 34.338095 ], [ 109.448706, 34.338017 ], [ 109.448566, 34.337957 ], [ 109.448166, 34.337828 ], [ 109.447978, 34.337707 ], [ 109.447829, 34.33753 ], [ 109.447525, 34.337006 ], [ 109.447213, 34.336619 ], [ 109.44718, 34.336518 ], [ 109.447191, 34.336461 ], [ 109.447222, 34.336407 ], [ 109.447279, 34.336355 ], [ 109.447344, 34.336324 ], [ 109.447459, 34.336299 ], [ 109.448219, 34.336207 ], [ 109.448365, 34.336149 ], [ 109.448442, 34.336055 ], [ 109.448468, 34.335976 ], [ 109.44847, 34.335852 ], [ 109.448438, 34.335746 ], [ 109.448356, 34.335622 ], [ 109.448237, 34.335517 ], [ 109.448135, 34.335447 ], [ 109.44766, 34.335183 ], [ 109.447437, 34.335036 ], [ 109.447322, 34.33492 ], [ 109.447298, 34.334769 ], [ 109.447334, 34.334683 ], [ 109.44744, 34.334556 ], [ 109.447725, 34.334341 ], [ 109.448064, 34.334139 ], [ 109.448219, 34.334016 ], [ 109.448291, 34.333909 ], [ 109.448308, 34.333848 ], [ 109.448306, 34.333778 ], [ 109.448288, 34.333723 ], [ 109.448255, 34.333679 ], [ 109.448155, 34.333637 ], [ 109.447709, 34.333646 ], [ 109.446908, 34.333636 ], [ 109.446745, 34.333615 ], [ 109.446646, 34.33358 ], [ 109.446576, 34.333532 ], [ 109.446516, 34.333473 ], [ 109.446517, 34.333356 ], [ 109.446565, 34.333143 ], [ 109.446628, 34.332995 ], [ 109.446676, 34.332929 ], [ 109.446734, 34.332872 ], [ 109.447035, 34.332689 ], [ 109.447405, 34.332423 ], [ 109.447452, 34.332343 ], [ 109.447441, 34.332282 ], [ 109.447366, 34.332185 ], [ 109.447322, 34.332156 ], [ 109.44722, 34.332121 ], [ 109.447108, 34.332108 ], [ 109.446672, 34.332097 ], [ 109.445912, 34.332035 ], [ 109.445652, 34.331995 ], [ 109.445464, 34.331943 ], [ 109.445314, 34.331864 ], [ 109.44523, 34.331774 ], [ 109.445167, 34.331624 ], [ 109.445152, 34.331458 ], [ 109.445194, 34.331357 ], [ 109.445284, 34.331308 ], [ 109.446346, 34.331131 ], [ 109.446502, 34.331093 ], [ 109.446597, 34.331058 ], [ 109.446704, 34.330993 ], [ 109.446763, 34.330925 ], [ 109.446795, 34.330743 ], [ 109.4468, 34.330598 ], [ 109.446748, 34.330478 ], [ 109.446632, 34.330372 ], [ 109.446259, 34.330177 ], [ 109.446035, 34.330046 ], [ 109.445927, 34.329924 ], [ 109.445903, 34.329805 ], [ 109.44592, 34.329676 ], [ 109.445973, 34.329429 ], [ 109.446001, 34.329268 ], [ 109.446006, 34.32911 ], [ 109.445985, 34.328989 ], [ 109.4458, 34.328582 ], [ 109.445671, 34.328386 ], [ 109.44554, 34.328271 ], [ 109.445452, 34.328214 ], [ 109.445308, 34.328088 ], [ 109.445277, 34.32798 ], [ 109.445311, 34.327863 ], [ 109.445387, 34.327783 ], [ 109.445493, 34.327727 ], [ 109.446161, 34.327519 ], [ 109.44642, 34.327441 ], [ 109.446577, 34.327343 ], [ 109.446661, 34.327226 ], [ 109.446769, 34.32694 ], [ 109.446879, 34.326674 ], [ 109.447069, 34.326408 ], [ 109.447212, 34.32627 ], [ 109.447397, 34.32617 ], [ 109.447498, 34.326048 ], [ 109.447548, 34.325824 ], [ 109.44752, 34.325583 ], [ 109.447441, 34.325375 ], [ 109.447331, 34.325213 ], [ 109.447201, 34.325082 ], [ 109.447052, 34.324966 ], [ 109.446838, 34.324827 ], [ 109.446114, 34.324457 ], [ 109.445796, 34.324239 ], [ 109.445699, 34.324132 ], [ 109.44561, 34.323945 ], [ 109.4456, 34.323795 ], [ 109.445635, 34.323694 ], [ 109.445716, 34.323615 ], [ 109.445961, 34.323498 ], [ 109.446076, 34.323412 ], [ 109.44614, 34.323294 ], [ 109.446137, 34.323112 ], [ 109.446109, 34.32291 ], [ 109.446123, 34.322794 ], [ 109.446186, 34.322679 ], [ 109.44633, 34.322551 ], [ 109.446492, 34.322451 ], [ 109.446611, 34.322347 ], [ 109.446614, 34.322189 ], [ 109.446556, 34.322015 ], [ 109.44644, 34.321886 ], [ 109.446267, 34.321769 ], [ 109.446096, 34.32165 ], [ 109.446032, 34.321543 ], [ 109.446045, 34.321422 ], [ 109.446098, 34.321318 ], [ 109.446176, 34.321255 ], [ 109.445693, 34.321008 ], [ 109.445485, 34.32088 ], [ 109.445146, 34.320159 ], [ 109.443618, 34.319465 ], [ 109.442159, 34.318194 ], [ 109.440579, 34.317659 ], [ 109.438399, 34.31761 ], [ 109.436455, 34.317125 ], [ 109.434632, 34.316599 ], [ 109.434344, 34.316353 ], [ 109.432739, 34.315541 ], [ 109.431436, 34.314663 ], [ 109.429899, 34.313533 ], [ 109.42851, 34.312688 ], [ 109.426912, 34.3119 ], [ 109.426843, 34.311863 ], [ 109.426313, 34.311527 ], [ 109.424003, 34.310224 ], [ 109.421668, 34.309516 ], [ 109.421121, 34.30949 ], [ 109.419349, 34.309134 ], [ 109.417856, 34.308083 ], [ 109.417361, 34.307667 ], [ 109.416432, 34.308087 ], [ 109.415546, 34.309009 ], [ 109.414739, 34.310506 ], [ 109.413905, 34.31354 ], [ 109.412021, 34.315532 ], [ 109.40952, 34.31988 ], [ 109.407592, 34.322761 ], [ 109.406628, 34.324206 ], [ 109.406168, 34.32556 ], [ 109.405665, 34.326582 ], [ 109.404371, 34.327928 ], [ 109.403051, 34.328594 ], [ 109.400168, 34.329695 ], [ 109.399334, 34.330268 ], [ 109.397546, 34.332066 ], [ 109.394967, 34.333709 ], [ 109.389687, 34.335953 ], [ 109.388793, 34.336199 ], [ 109.385129, 34.336595 ], [ 109.384185, 34.336218 ], [ 109.383493, 34.335459 ], [ 109.383541, 34.33526 ], [ 109.383516, 34.334904 ], [ 109.383477, 34.334782 ], [ 109.38341, 34.3347 ], [ 109.3833, 34.334611 ], [ 109.383147, 34.334527 ], [ 109.382323, 34.334192 ], [ 109.382132, 34.3341 ], [ 109.38193, 34.333975 ], [ 109.381778, 34.333857 ], [ 109.381328, 34.333404 ], [ 109.381208, 34.333245 ], [ 109.381174, 34.33309 ], [ 109.381181, 34.33271 ], [ 109.381151, 34.33243 ], [ 109.381072, 34.332412 ], [ 109.380934, 34.332441 ], [ 109.380837, 34.33249 ], [ 109.380615, 34.332661 ], [ 109.380542, 34.332684 ], [ 109.380447, 34.33268 ], [ 109.380361, 34.332649 ], [ 109.380259, 34.33257 ], [ 109.380116, 34.332412 ], [ 109.37993, 34.332174 ], [ 109.379816, 34.332072 ], [ 109.379745, 34.332039 ], [ 109.37968, 34.332026 ], [ 109.379431, 34.332036 ], [ 109.379344, 34.332023 ], [ 109.379308, 34.332004 ], [ 109.379262, 34.331947 ], [ 109.379252, 34.331863 ], [ 109.379327, 34.331554 ], [ 109.37932, 34.331409 ], [ 109.37925, 34.33132 ], [ 109.378946, 34.331141 ], [ 109.378834, 34.331036 ], [ 109.378773, 34.330908 ], [ 109.37873, 34.330584 ], [ 109.378642, 34.330441 ], [ 109.378492, 34.330332 ], [ 109.378062, 34.330127 ], [ 109.377937, 34.330041 ], [ 109.377887, 34.329954 ], [ 109.377848, 34.32974 ], [ 109.377656, 34.329483 ], [ 109.377356, 34.329248 ], [ 109.377136, 34.32913 ], [ 109.376685, 34.329038 ], [ 109.376501, 34.328979 ], [ 109.376346, 34.32888 ], [ 109.376273, 34.328782 ], [ 109.376264, 34.32868 ], [ 109.3763, 34.328608 ], [ 109.376355, 34.32854 ], [ 109.37652, 34.328398 ], [ 109.377085, 34.328003 ], [ 109.37716, 34.327908 ], [ 109.37722, 34.327732 ], [ 109.377246, 34.327572 ], [ 109.377219, 34.327459 ], [ 109.377153, 34.327361 ], [ 109.376897, 34.327073 ], [ 109.376798, 34.326864 ], [ 109.37658, 34.325992 ], [ 109.376563, 34.325828 ], [ 109.376571, 34.325666 ], [ 109.376621, 34.325404 ], [ 109.376677, 34.325243 ], [ 109.376746, 34.325147 ], [ 109.37691, 34.324968 ], [ 109.376965, 34.324864 ], [ 109.377082, 34.324433 ], [ 109.377104, 34.324175 ], [ 109.377132, 34.324077 ], [ 109.377201, 34.324001 ], [ 109.37745, 34.323833 ], [ 109.377594, 34.323707 ], [ 109.377669, 34.323593 ], [ 109.377643, 34.323437 ], [ 109.377407, 34.323165 ], [ 109.377157, 34.322666 ], [ 109.377138, 34.322507 ], [ 109.377182, 34.322169 ], [ 109.377164, 34.322078 ], [ 109.377118, 34.321991 ], [ 109.377048, 34.321918 ], [ 109.376812, 34.3218 ], [ 109.376509, 34.32171 ], [ 109.37631, 34.321598 ], [ 109.376231, 34.321509 ], [ 109.376127, 34.32129 ], [ 109.376143, 34.321082 ], [ 109.376207, 34.320967 ], [ 109.376294, 34.320847 ], [ 109.376511, 34.320649 ], [ 109.376534, 34.320581 ], [ 109.376513, 34.320508 ], [ 109.376446, 34.320453 ], [ 109.37632, 34.320429 ], [ 109.375853, 34.320463 ], [ 109.375639, 34.320445 ], [ 109.375486, 34.320378 ], [ 109.375407, 34.320269 ], [ 109.375367, 34.320084 ], [ 109.375367, 34.319876 ], [ 109.375408, 34.319505 ], [ 109.375487, 34.319174 ], [ 109.375486, 34.318987 ], [ 109.375422, 34.318784 ], [ 109.375238, 34.318489 ], [ 109.375113, 34.318172 ], [ 109.37509, 34.317993 ], [ 109.375115, 34.317713 ], [ 109.375226, 34.317366 ], [ 109.375259, 34.317223 ], [ 109.375249, 34.317008 ], [ 109.375204, 34.316859 ], [ 109.375149, 34.316754 ], [ 109.375056, 34.316656 ], [ 109.37491, 34.316526 ], [ 109.374789, 34.316354 ], [ 109.374632, 34.315967 ], [ 109.374551, 34.315642 ], [ 109.374477, 34.315484 ], [ 109.374335, 34.315354 ], [ 109.374181, 34.315298 ], [ 109.374071, 34.315291 ], [ 109.373766, 34.315335 ], [ 109.373577, 34.315337 ], [ 109.373413, 34.315303 ], [ 109.373296, 34.31523 ], [ 109.373219, 34.315107 ], [ 109.373215, 34.31498 ], [ 109.373274, 34.314867 ], [ 109.373524, 34.314536 ], [ 109.373539, 34.314454 ], [ 109.373351, 34.314359 ], [ 109.373242, 34.314359 ], [ 109.37312, 34.314397 ], [ 109.372647, 34.31464 ], [ 109.372547, 34.314678 ], [ 109.372341, 34.314705 ], [ 109.372214, 34.31468 ], [ 109.371872, 34.31445 ], [ 109.37178, 34.314297 ], [ 109.371712, 34.313906 ], [ 109.37167, 34.313805 ], [ 109.371517, 34.313348 ], [ 109.371429, 34.313218 ], [ 109.371268, 34.313123 ], [ 109.371114, 34.313093 ], [ 109.371014, 34.313113 ], [ 109.370826, 34.313228 ], [ 109.370578, 34.313263 ], [ 109.370445, 34.313234 ], [ 109.370289, 34.313119 ], [ 109.369849, 34.312588 ], [ 109.369786, 34.312452 ], [ 109.369795, 34.31234 ], [ 109.369877, 34.312231 ], [ 109.370133, 34.312073 ], [ 109.370235, 34.311933 ], [ 109.37024, 34.311872 ], [ 109.370175, 34.311738 ], [ 109.369984, 34.311598 ], [ 109.369526, 34.311342 ], [ 109.36918, 34.31108 ], [ 109.368883, 34.310729 ], [ 109.368686, 34.310579 ], [ 109.368451, 34.310446 ], [ 109.368139, 34.310323 ], [ 109.367671, 34.3102 ], [ 109.367488, 34.310084 ], [ 109.367278, 34.309896 ], [ 109.367059, 34.309601 ], [ 109.366936, 34.309275 ], [ 109.36692, 34.309096 ], [ 109.366945, 34.308737 ], [ 109.366933, 34.308204 ], [ 109.366901, 34.308038 ], [ 109.366766, 34.307792 ], [ 109.366702, 34.307719 ], [ 109.366603, 34.307673 ], [ 109.366396, 34.307624 ], [ 109.366313, 34.307592 ], [ 109.366205, 34.307485 ], [ 109.366229, 34.307352 ], [ 109.366404, 34.30706 ], [ 109.366458, 34.30692 ], [ 109.366454, 34.306796 ], [ 109.366378, 34.306698 ], [ 109.366222, 34.306611 ], [ 109.366062, 34.30657 ], [ 109.365968, 34.306579 ], [ 109.365619, 34.306687 ], [ 109.365329, 34.306693 ], [ 109.365128, 34.306648 ], [ 109.364982, 34.306565 ], [ 109.364745, 34.306361 ], [ 109.364632, 34.306306 ], [ 109.364167, 34.306172 ], [ 109.363775, 34.3061 ], [ 109.363535, 34.306007 ], [ 109.363377, 34.305908 ], [ 109.363273, 34.30582 ], [ 109.363183, 34.305724 ], [ 109.363039, 34.305523 ], [ 109.362928, 34.30543 ], [ 109.362701, 34.30534 ], [ 109.362305, 34.30526 ], [ 109.362101, 34.305126 ], [ 109.362006, 34.304992 ], [ 109.361906, 34.304769 ], [ 109.361886, 34.304623 ], [ 109.361893, 34.304279 ], [ 109.361839, 34.30408 ], [ 109.361728, 34.303938 ], [ 109.361263, 34.303521 ], [ 109.361128, 34.303328 ], [ 109.361102, 34.303144 ], [ 109.361147, 34.302695 ], [ 109.361099, 34.302529 ], [ 109.361037, 34.302441 ], [ 109.360956, 34.302366 ], [ 109.360593, 34.302133 ], [ 109.360484, 34.301982 ], [ 109.360455, 34.301845 ], [ 109.360463, 34.301677 ], [ 109.360501, 34.30155 ], [ 109.360638, 34.301274 ], [ 109.360644, 34.301097 ], [ 109.360581, 34.300964 ], [ 109.360285, 34.300631 ], [ 109.360184, 34.300482 ], [ 109.360122, 34.300364 ], [ 109.36004, 34.300124 ], [ 109.360018, 34.299817 ], [ 109.359982, 34.299708 ], [ 109.359935, 34.299645 ], [ 109.359845, 34.299596 ], [ 109.359675, 34.29957 ], [ 109.359581, 34.299495 ], [ 109.359543, 34.299413 ], [ 109.35953, 34.299351 ], [ 109.359521, 34.299096 ], [ 109.359468, 34.298996 ], [ 109.359417, 34.298976 ], [ 109.359354, 34.298977 ], [ 109.359137, 34.299047 ], [ 109.359056, 34.299051 ], [ 109.359007, 34.299031 ], [ 109.358891, 34.298892 ], [ 109.358899, 34.298807 ], [ 109.358972, 34.298655 ], [ 109.359002, 34.298545 ], [ 109.359018, 34.298346 ], [ 109.359008, 34.298193 ], [ 109.358944, 34.297984 ], [ 109.358739, 34.297564 ], [ 109.358484, 34.296977 ], [ 109.358443, 34.296861 ], [ 109.358289, 34.295783 ], [ 109.358115, 34.294941 ], [ 109.358095, 34.294679 ], [ 109.358103, 34.294583 ], [ 109.358123, 34.294537 ], [ 109.358189, 34.294431 ], [ 109.358549, 34.294084 ], [ 109.358611, 34.293999 ], [ 109.358656, 34.293876 ], [ 109.3587, 34.293566 ], [ 109.358741, 34.293427 ], [ 109.358842, 34.293237 ], [ 109.359048, 34.292904 ], [ 109.359137, 34.292706 ], [ 109.359186, 34.292524 ], [ 109.359202, 34.292386 ], [ 109.359162, 34.291676 ], [ 109.359166, 34.291533 ], [ 109.359202, 34.291377 ], [ 109.359392, 34.290793 ], [ 109.359447, 34.290665 ], [ 109.359516, 34.290587 ], [ 109.359655, 34.290527 ], [ 109.359859, 34.290518 ], [ 109.359981, 34.290469 ], [ 109.360094, 34.290361 ], [ 109.360231, 34.290111 ], [ 109.3603, 34.290038 ], [ 109.360385, 34.289994 ], [ 109.360838, 34.289815 ], [ 109.360928, 34.289766 ], [ 109.361013, 34.289666 ], [ 109.361126, 34.289345 ], [ 109.361188, 34.289255 ], [ 109.361819, 34.288925 ], [ 109.361975, 34.288786 ], [ 109.362079, 34.288543 ], [ 109.362132, 34.288152 ], [ 109.36221, 34.287856 ], [ 109.362341, 34.287665 ], [ 109.362384, 34.287535 ], [ 109.362367, 34.286831 ], [ 109.362384, 34.286605 ], [ 109.362208, 34.284803 ], [ 109.36193, 34.284057 ], [ 109.361713, 34.283538 ], [ 109.361002, 34.282288 ], [ 109.360177, 34.281554 ], [ 109.359543, 34.280987 ], [ 109.358223, 34.27996 ], [ 109.357728, 34.279681 ], [ 109.356834, 34.279286 ], [ 109.355228, 34.278325 ], [ 109.354056, 34.278049 ], [ 109.353092, 34.278222 ], [ 109.351781, 34.278582 ], [ 109.35054, 34.279216 ], [ 109.349585, 34.279745 ], [ 109.349377, 34.279884 ], [ 109.347631, 34.281271 ], [ 109.347354, 34.282944 ], [ 109.347996, 34.28389 ], [ 109.34764, 34.28488 ], [ 109.347076, 34.284921 ], [ 109.346251, 34.284862 ], [ 109.345591, 34.284283 ], [ 109.344732, 34.284272 ], [ 109.344332, 34.284537 ], [ 109.342848, 34.286596 ], [ 109.342102, 34.287102 ], [ 109.340452, 34.28739 ], [ 109.337266, 34.287131 ], [ 109.335348, 34.286737 ], [ 109.333212, 34.2865 ], [ 109.331866, 34.287039 ], [ 109.331606, 34.287509 ], [ 109.331302, 34.288104 ], [ 109.330269, 34.288657 ], [ 109.329531, 34.288583 ], [ 109.328967, 34.288074 ], [ 109.328272, 34.287331 ], [ 109.328247, 34.2873 ], [ 109.326588, 34.286194 ], [ 109.324289, 34.285142 ], [ 109.32342, 34.285534 ], [ 109.322526, 34.285884 ], [ 109.321623, 34.286293 ], [ 109.320937, 34.286529 ], [ 109.319844, 34.286702 ], [ 109.319288, 34.286715 ], [ 109.318732, 34.286715 ], [ 109.3175, 34.286897 ], [ 109.315842, 34.287359 ], [ 109.314263, 34.288176 ], [ 109.312613, 34.288821 ], [ 109.311172, 34.28963 ], [ 109.310556, 34.289918 ], [ 109.309107, 34.29027 ], [ 109.307874, 34.290342 ], [ 109.307179, 34.289999 ], [ 109.306208, 34.289724 ], [ 109.304133, 34.28939 ], [ 109.302476, 34.289466 ], [ 109.299168, 34.290338 ], [ 109.297103, 34.290356 ], [ 109.295714, 34.290189 ], [ 109.294403, 34.290146 ], [ 109.293162, 34.290157 ], [ 109.292329, 34.290217 ], [ 109.291027, 34.290912 ], [ 109.29055, 34.29172 ], [ 109.290151, 34.292522 ], [ 109.289812, 34.293212 ], [ 109.289621, 34.294101 ], [ 109.289265, 34.295466 ], [ 109.288249, 34.299519 ], [ 109.286245, 34.301134 ], [ 109.28135, 34.303891 ], [ 109.280682, 34.304091 ], [ 109.27944, 34.304494 ], [ 109.27813, 34.305137 ], [ 109.277244, 34.305718 ], [ 109.276559, 34.306865 ], [ 109.275621, 34.308931 ], [ 109.27419, 34.310831 ], [ 109.273373, 34.312037 ], [ 109.272211, 34.313536 ], [ 109.272037, 34.313779 ], [ 109.270527, 34.315999 ], [ 109.270206, 34.316655 ], [ 109.270822, 34.317495 ], [ 109.271099, 34.318473 ], [ 109.271082, 34.319533 ], [ 109.271829, 34.320149 ], [ 109.272219, 34.320678 ], [ 109.272306, 34.32114 ], [ 109.272106, 34.321939 ], [ 109.271161, 34.323756 ], [ 109.27044, 34.325384 ], [ 109.270092, 34.327035 ], [ 109.269867, 34.327297 ], [ 109.269277, 34.327345 ], [ 109.268722, 34.327058 ], [ 109.267715, 34.326285 ], [ 109.266795, 34.325984 ], [ 109.266179, 34.32523 ], [ 109.265771, 34.323242 ], [ 109.265406, 34.322459 ], [ 109.263654, 34.322197 ], [ 109.261354, 34.321869 ], [ 109.259227, 34.320765 ], [ 109.25836, 34.320855 ], [ 109.256737, 34.321614 ], [ 109.255921, 34.321922 ], [ 109.255435, 34.321913 ], [ 109.255105, 34.321534 ], [ 109.254576, 34.320315 ], [ 109.253812, 34.319952 ], [ 109.253187, 34.319546 ], [ 109.252388, 34.318753 ], [ 109.251303, 34.318324 ], [ 109.250549, 34.318128 ], [ 109.25021, 34.318245 ], [ 109.249881, 34.31951 ], [ 109.249889, 34.320311 ], [ 109.249004, 34.320934 ], [ 109.249004, 34.321254 ], [ 109.249299, 34.321509 ], [ 109.24995, 34.321774 ], [ 109.250558, 34.322208 ], [ 109.250645, 34.322557 ], [ 109.250384, 34.322996 ], [ 109.249541, 34.323491 ], [ 109.248231, 34.324215 ], [ 109.24699, 34.324695 ], [ 109.24594, 34.324357 ], [ 109.244908, 34.323782 ], [ 109.244152, 34.323902 ], [ 109.243224, 34.324365 ], [ 109.242547, 34.32418 ], [ 109.241618, 34.324234 ], [ 109.240586, 34.323978 ], [ 109.239206, 34.323635 ], [ 109.238772, 34.322785 ], [ 109.238529, 34.321769 ], [ 109.238303, 34.321353 ], [ 109.237861, 34.321409 ], [ 109.237349, 34.322415 ], [ 109.236871, 34.322646 ], [ 109.235152, 34.322365 ], [ 109.234987, 34.322022 ], [ 109.234945, 34.320965 ], [ 109.234563, 34.320718 ], [ 109.234086, 34.320694 ], [ 109.233226, 34.321555 ], [ 109.232272, 34.322029 ], [ 109.231569, 34.322185 ], [ 109.231039, 34.322159 ], [ 109.230658, 34.32174 ], [ 109.230683, 34.321049 ], [ 109.231057, 34.319198 ], [ 109.230918, 34.318531 ], [ 109.230058, 34.317435 ], [ 109.229503, 34.317282 ], [ 109.228644, 34.317157 ], [ 109.22644, 34.316902 ], [ 109.224027, 34.31642 ], [ 109.222812, 34.316531 ], [ 109.2221, 34.316556 ], [ 109.221458, 34.316232 ], [ 109.22046, 34.314665 ], [ 109.21934, 34.314163 ], [ 109.219184, 34.313266 ], [ 109.218525, 34.312585 ], [ 109.216815, 34.311899 ], [ 109.215279, 34.311392 ], [ 109.21468, 34.310801 ], [ 109.213491, 34.310433 ], [ 109.212858, 34.30978 ], [ 109.212232, 34.307831 ], [ 109.210843, 34.30562 ], [ 109.210098, 34.305371 ], [ 109.207971, 34.305249 ], [ 109.205428, 34.305093 ], [ 109.203588, 34.304727 ], [ 109.202312, 34.30444 ], [ 109.200758, 34.304194 ], [ 109.199933, 34.304322 ], [ 109.199143, 34.304836 ], [ 109.198163, 34.304884 ], [ 109.196401, 34.305181 ], [ 109.195507, 34.305739 ], [ 109.195255, 34.306865 ], [ 109.194839, 34.307494 ], [ 109.193997, 34.307695 ], [ 109.192174, 34.307595 ], [ 109.191854, 34.307296 ], [ 109.191723, 34.30662 ], [ 109.19168, 34.305978 ], [ 109.19148, 34.304482 ], [ 109.191576, 34.3034 ], [ 109.191853, 34.302565 ], [ 109.19227, 34.30212 ], [ 109.192895, 34.301983 ], [ 109.194214, 34.301985 ], [ 109.195438, 34.301672 ], [ 109.195915, 34.301199 ], [ 109.196106, 34.300878 ], [ 109.195855, 34.300426 ], [ 109.194883, 34.299776 ], [ 109.1924, 34.298588 ], [ 109.191315, 34.298264 ], [ 109.190811, 34.298218 ], [ 109.190082, 34.298509 ], [ 109.189067, 34.299306 ], [ 109.188399, 34.299737 ], [ 109.187158, 34.299763 ], [ 109.185465, 34.299609 ], [ 109.184458, 34.299789 ], [ 109.184372, 34.300045 ], [ 109.184484, 34.300523 ], [ 109.185109, 34.301252 ], [ 109.186194, 34.302189 ], [ 109.186185, 34.302719 ], [ 109.185491, 34.303008 ], [ 109.182956, 34.303025 ], [ 109.181811, 34.303042 ], [ 109.181715, 34.303132 ], [ 109.181637, 34.303631 ], [ 109.18168, 34.304161 ], [ 109.182201, 34.304522 ], [ 109.182506, 34.304798 ], [ 109.182478, 34.305022 ], [ 109.181481, 34.305098 ], [ 109.180006, 34.30465 ], [ 109.178747, 34.304193 ], [ 109.177523, 34.303529 ], [ 109.176941, 34.302936 ], [ 109.176472, 34.30293 ], [ 109.175683, 34.303446 ], [ 109.173704, 34.305649 ], [ 109.172493, 34.306602 ], [ 109.170931, 34.307833 ], [ 109.169259, 34.308434 ], [ 109.167192, 34.308695 ], [ 109.16606, 34.308699 ], [ 109.16492, 34.309085 ], [ 109.163366, 34.308859 ], [ 109.162371, 34.308017 ], [ 109.161671, 34.307451 ], [ 109.161131, 34.306858 ], [ 109.16053, 34.306717 ], [ 109.159685, 34.306982 ], [ 109.159134, 34.30769 ], [ 109.158426, 34.307861 ], [ 109.157529, 34.307694 ], [ 109.156734, 34.307627 ], [ 109.156286, 34.307822 ], [ 109.155763, 34.308349 ], [ 109.155481, 34.309559 ], [ 109.154812, 34.309816 ], [ 109.153088, 34.309974 ], [ 109.151004, 34.309988 ], [ 109.14907, 34.310261 ], [ 109.147699, 34.310139 ], [ 109.146995, 34.309732 ], [ 109.145351, 34.309479 ], [ 109.143189, 34.309361 ], [ 109.141557, 34.309235 ], [ 109.141106, 34.309303 ], [ 109.140073, 34.309977 ], [ 109.137607, 34.312165 ], [ 109.136696, 34.312594 ], [ 109.135497, 34.312695 ], [ 109.134899, 34.312895 ], [ 109.133275, 34.313618 ], [ 109.132232, 34.314751 ], [ 109.131121, 34.316241 ], [ 109.130887, 34.31759 ], [ 109.130106, 34.318795 ], [ 109.129324, 34.319554 ], [ 109.129576, 34.321445 ], [ 109.12962, 34.321931 ], [ 109.128916, 34.322601 ], [ 109.128396, 34.323654 ], [ 109.128256, 34.325086 ], [ 109.128587, 34.326231 ], [ 109.129272, 34.32823 ], [ 109.128378, 34.329649 ], [ 109.128438, 34.330631 ], [ 109.129255, 34.331082 ], [ 109.131668, 34.331356 ], [ 109.133188, 34.331879 ], [ 109.133578, 34.333248 ], [ 109.134793, 34.335269 ], [ 109.135558, 34.336415 ], [ 109.135497, 34.336671 ], [ 109.133752, 34.336892 ], [ 109.132797, 34.337385 ], [ 109.131034, 34.338001 ], [ 109.130088, 34.338859 ], [ 109.129758, 34.339654 ], [ 109.129471, 34.340258 ], [ 109.129038, 34.340396 ], [ 109.127762, 34.340617 ], [ 109.127379, 34.340915 ], [ 109.127197, 34.341407 ], [ 109.127344, 34.34206 ], [ 109.127353, 34.342492 ], [ 109.127197, 34.342863 ], [ 109.126606, 34.34334 ], [ 109.126285, 34.343512 ], [ 109.124314, 34.343765 ], [ 109.123264, 34.343778 ], [ 109.122699, 34.343234 ], [ 109.122517, 34.342939 ], [ 109.122205, 34.342951 ], [ 109.120781, 34.343305 ], [ 109.119643, 34.343252 ], [ 109.118984, 34.342845 ], [ 109.118446, 34.342313 ], [ 109.11617, 34.341974 ], [ 109.115589, 34.342149 ], [ 109.115293, 34.342742 ], [ 109.115102, 34.343502 ], [ 109.114729, 34.343769 ], [ 109.111855, 34.344174 ], [ 109.111368, 34.344113 ], [ 109.111151, 34.343828 ], [ 109.110552, 34.342904 ], [ 109.110101, 34.342762 ], [ 109.107852, 34.342745 ], [ 109.105317, 34.342532 ], [ 109.103025, 34.342769 ], [ 109.100993, 34.343906 ], [ 109.100497, 34.344647 ], [ 109.099065, 34.345008 ], [ 109.098075, 34.345178 ], [ 109.097745, 34.345565 ], [ 109.097858, 34.346349 ], [ 109.098449, 34.34888 ], [ 109.099065, 34.350648 ], [ 109.100298, 34.351487 ], [ 109.101141, 34.352394 ], [ 109.101063, 34.352867 ], [ 109.100125, 34.353709 ], [ 109.09923, 34.354118 ], [ 109.098909, 34.354997 ], [ 109.097051, 34.355474 ], [ 109.096738, 34.356208 ], [ 109.096912, 34.357586 ], [ 109.097502, 34.358869 ], [ 109.099074, 34.36016 ], [ 109.101027, 34.360816 ], [ 109.101931, 34.361294 ], [ 109.101896, 34.361816 ], [ 109.101618, 34.362389 ], [ 109.101748, 34.362956 ], [ 109.102399, 34.363856 ], [ 109.102442, 34.364611 ], [ 109.101374, 34.365147 ], [ 109.101365, 34.365471 ], [ 109.101643, 34.365996 ], [ 109.102885, 34.366569 ], [ 109.103719, 34.368028 ], [ 109.104336, 34.369397 ], [ 109.104162, 34.369937 ], [ 109.103867, 34.370368 ], [ 109.103537, 34.371068 ], [ 109.103129, 34.3721 ], [ 109.102911, 34.373193 ], [ 109.10252, 34.37487 ], [ 109.102277, 34.375961 ], [ 109.101391, 34.377346 ], [ 109.100992, 34.378207 ], [ 109.099803, 34.378663 ], [ 109.094202, 34.380026 ], [ 109.093915, 34.38076 ], [ 109.093577, 34.381951 ], [ 109.093803, 34.384 ], [ 109.094992, 34.385395 ], [ 109.095574, 34.38614 ], [ 109.096199, 34.388176 ], [ 109.097693, 34.388532 ], [ 109.099342, 34.389511 ], [ 109.101018, 34.390831 ], [ 109.102946, 34.391849 ], [ 109.104518, 34.392185 ], [ 109.105932, 34.393279 ], [ 109.107174, 34.393278 ], [ 109.110413, 34.394288 ], [ 109.113582, 34.395568 ], [ 109.11432, 34.396554 ], [ 109.114616, 34.398123 ], [ 109.113729, 34.399381 ], [ 109.113747, 34.400489 ], [ 109.114667, 34.401991 ], [ 109.115544, 34.402539 ], [ 109.116612, 34.404115 ], [ 109.117489, 34.40588 ], [ 109.118566, 34.407496 ], [ 109.119104, 34.409877 ], [ 109.120154, 34.412766 ], [ 109.121769, 34.41391 ], [ 109.12256, 34.41468 ], [ 109.122707, 34.415879 ], [ 109.122343, 34.41707 ], [ 109.12097, 34.417821 ], [ 109.120311, 34.418727 ], [ 109.120398, 34.4195 ], [ 109.121474, 34.420142 ], [ 109.122637, 34.420829 ], [ 109.124643, 34.422426 ], [ 109.126579, 34.423442 ], [ 109.127361, 34.423162 ], [ 109.130252, 34.422965 ], [ 109.130746, 34.423117 ], [ 109.131997, 34.423518 ], [ 109.132431, 34.423682 ], [ 109.135774, 34.426158 ], [ 109.140566, 34.430232 ], [ 109.140766, 34.430509 ], [ 109.141747, 34.431586 ], [ 109.142659, 34.432556 ], [ 109.142892, 34.432779 ], [ 109.146147, 34.43526 ], [ 109.147658, 34.437425 ], [ 109.151661, 34.440978 ], [ 109.15325, 34.441376 ], [ 109.154621, 34.441355 ], [ 109.156192, 34.440934 ], [ 109.157269, 34.440255 ], [ 109.163935, 34.434137 ], [ 109.164934, 34.433458 ], [ 109.166141, 34.433141 ], [ 109.167616, 34.434639 ], [ 109.170906, 34.439624 ], [ 109.17101, 34.439717 ], [ 109.171358, 34.440229 ], [ 109.171644, 34.440919 ], [ 109.171644, 34.441839 ], [ 109.171652, 34.442236 ], [ 109.171583, 34.442865 ], [ 109.171522, 34.443549 ], [ 109.171254, 34.443894 ], [ 109.170846, 34.44481 ], [ 109.170446, 34.446364 ], [ 109.170256, 34.447397 ], [ 109.170125, 34.448252 ], [ 109.170064, 34.44951 ], [ 109.170073, 34.450542 ], [ 109.170082, 34.451633 ], [ 109.169952, 34.452889 ], [ 109.16989, 34.453861 ], [ 109.169829, 34.454836 ], [ 109.169916, 34.455921 ], [ 109.170003, 34.457288 ], [ 109.170072, 34.458552 ], [ 109.170228, 34.459699 ], [ 109.170446, 34.46101 ], [ 109.170663, 34.462207 ], [ 109.17075, 34.463239 ], [ 109.170689, 34.464504 ], [ 109.170558, 34.465524 ], [ 109.170437, 34.46673 ], [ 109.170099, 34.46799 ], [ 109.170116, 34.469933 ], [ 109.169847, 34.470914 ], [ 109.169586, 34.472856 ], [ 109.169318, 34.474004 ], [ 109.168987, 34.475209 ], [ 109.168727, 34.47624 ], [ 109.168181, 34.477271 ], [ 109.167494, 34.478252 ], [ 109.167017, 34.479054 ], [ 109.166748, 34.479853 ], [ 109.166478, 34.480714 ], [ 109.166149, 34.481798 ], [ 109.166088, 34.482611 ], [ 109.16575, 34.483579 ], [ 109.165689, 34.484725 ], [ 109.165419, 34.485819 ], [ 109.165307, 34.488844 ], [ 109.164838, 34.490738 ], [ 109.164586, 34.492457 ], [ 109.164395, 34.49474 ], [ 109.164204, 34.496237 ], [ 109.164005, 34.497444 ], [ 109.163674, 34.49887 ], [ 109.163475, 34.499838 ], [ 109.163075, 34.500879 ], [ 109.162589, 34.501685 ], [ 109.162112, 34.502253 ], [ 109.161565, 34.502828 ], [ 109.16074, 34.503518 ], [ 109.159985, 34.504095 ], [ 109.15936, 34.504501 ], [ 109.158335, 34.505304 ], [ 109.157302, 34.506001 ], [ 109.156409, 34.506808 ], [ 109.155514, 34.507723 ], [ 109.154976, 34.508644 ], [ 109.154776, 34.509677 ], [ 109.154785, 34.51082 ], [ 109.154933, 34.511506 ], [ 109.155002, 34.512482 ], [ 109.15508, 34.513448 ], [ 109.155176, 34.515225 ], [ 109.155254, 34.517281 ], [ 109.15541, 34.518717 ], [ 109.155566, 34.519918 ], [ 109.155983, 34.520716 ], [ 109.15633, 34.52128 ], [ 109.157033, 34.522192 ], [ 109.157736, 34.523222 ], [ 109.158153, 34.523959 ], [ 109.158588, 34.524933 ], [ 109.158796, 34.525959 ], [ 109.158882, 34.526821 ], [ 109.15903, 34.52819 ], [ 109.159038, 34.528995 ], [ 109.158978, 34.529737 ], [ 109.158978, 34.530714 ], [ 109.158986, 34.531568 ], [ 109.158518, 34.532717 ], [ 109.158248, 34.533799 ], [ 109.15771, 34.535182 ], [ 109.157233, 34.53633 ], [ 109.156972, 34.538166 ], [ 109.156642, 34.53942 ], [ 109.156235, 34.540621 ], [ 109.155757, 34.541545 ], [ 109.155626, 34.541945 ], [ 109.155001, 34.542519 ], [ 109.153908, 34.543272 ], [ 109.153074, 34.54362 ], [ 109.152249, 34.543854 ], [ 109.151486, 34.544079 ], [ 109.150591, 34.544427 ], [ 109.149836, 34.545064 ], [ 109.149359, 34.545585 ], [ 109.148603, 34.546328 ], [ 109.148056, 34.547128 ], [ 109.147379, 34.548226 ], [ 109.146684, 34.549317 ], [ 109.145739, 34.550982 ], [ 109.145469, 34.551726 ], [ 109.144644, 34.552991 ], [ 109.144227, 34.553731 ], [ 109.14355, 34.55483 ], [ 109.142864, 34.555511 ], [ 109.142109, 34.556207 ], [ 109.141285, 34.556725 ], [ 109.14059, 34.557129 ], [ 109.139696, 34.557591 ], [ 109.139079, 34.557828 ], [ 109.138523, 34.557889 ], [ 109.137352, 34.558125 ], [ 109.13631, 34.558585 ], [ 109.135902, 34.559154 ], [ 109.135424, 34.560026 ], [ 109.135363, 34.560653 ], [ 109.135164, 34.561849 ], [ 109.135173, 34.562595 ], [ 109.135181, 34.563677 ], [ 109.13519, 34.564823 ], [ 109.135208, 34.566371 ], [ 109.135277, 34.567402 ], [ 109.135016, 34.568437 ], [ 109.134687, 34.570096 ], [ 109.1342, 34.57078 ], [ 109.133801, 34.571644 ], [ 109.133254, 34.57222 ], [ 109.132767, 34.572788 ], [ 109.131873, 34.573487 ], [ 109.130701, 34.574181 ], [ 109.129945, 34.574584 ], [ 109.129043, 34.575328 ], [ 109.128427, 34.575903 ], [ 109.127957, 34.57665 ], [ 109.127532, 34.578708 ], [ 109.126021, 34.581412 ], [ 109.128053, 34.582473 ], [ 109.131595, 34.58503 ], [ 109.133236, 34.587561 ], [ 109.13367, 34.589876 ], [ 109.133349, 34.594586 ], [ 109.13249, 34.600567 ], [ 109.131352, 34.604054 ], [ 109.131205, 34.608433 ], [ 109.131595, 34.612516 ], [ 109.13143, 34.618036 ], [ 109.131291, 34.618913 ], [ 109.1311, 34.620686 ], [ 109.130978, 34.622287 ], [ 109.13031, 34.625206 ], [ 109.130319, 34.625835 ], [ 109.130397, 34.626747 ], [ 109.130822, 34.628064 ], [ 109.131534, 34.629723 ], [ 109.131881, 34.630467 ], [ 109.132594, 34.631947 ], [ 109.132871, 34.632976 ], [ 109.133097, 34.634013 ], [ 109.133244, 34.635949 ], [ 109.133262, 34.636869 ], [ 109.13327, 34.6379 ], [ 109.133279, 34.638924 ], [ 109.133496, 34.639721 ], [ 109.133844, 34.640526 ], [ 109.134547, 34.641259 ], [ 109.136807, 34.643591 ], [ 109.137066, 34.643499 ], [ 109.13737, 34.643506 ], [ 109.1389, 34.644521 ], [ 109.140065, 34.645183 ], [ 109.140626, 34.645325 ], [ 109.141237, 34.645367 ], [ 109.142008, 34.645317 ], [ 109.142586, 34.644999 ], [ 109.143215, 34.644732 ], [ 109.1436, 34.644739 ], [ 109.144429, 34.645175 ], [ 109.144873, 34.645301 ], [ 109.145425, 34.645245 ], [ 109.146221, 34.645 ], [ 109.146817, 34.644983 ], [ 109.147587, 34.645218 ], [ 109.148593, 34.645535 ], [ 109.14974, 34.64562 ], [ 109.150887, 34.645745 ], [ 109.153634, 34.646056 ], [ 109.155058, 34.646281 ], [ 109.156248, 34.646365 ], [ 109.157094, 34.646584 ], [ 109.158406, 34.646846 ], [ 109.160687, 34.646826 ], [ 109.161818, 34.646943 ], [ 109.162371, 34.647143 ], [ 109.162999, 34.646901 ], [ 109.163493, 34.646366 ], [ 109.163896, 34.645386 ], [ 109.164255, 34.644933 ], [ 109.164833, 34.644825 ], [ 109.165921, 34.645205 ], [ 109.166391, 34.645302 ], [ 109.166768, 34.644883 ], [ 109.166747, 34.64363 ], [ 109.166793, 34.642563 ], [ 109.167271, 34.641659 ], [ 109.168519, 34.640905 ], [ 109.169531, 34.640511 ], [ 109.171131, 34.639414 ], [ 109.173585, 34.63794 ], [ 109.174867, 34.6367 ], [ 109.177053, 34.634623 ], [ 109.177891, 34.634313 ], [ 109.178836, 34.634079 ], [ 109.179306, 34.633677 ], [ 109.179406, 34.632982 ], [ 109.179122, 34.632018 ], [ 109.178795, 34.631214 ], [ 109.178761, 34.629464 ], [ 109.179012, 34.628568 ], [ 109.179858, 34.627261 ], [ 109.180478, 34.626649 ], [ 109.181056, 34.62593 ], [ 109.18227, 34.625511 ], [ 109.183895, 34.625419 ], [ 109.185478, 34.624916 ], [ 109.187145, 34.624421 ], [ 109.188501, 34.623894 ], [ 109.189113, 34.623048 ], [ 109.189766, 34.622035 ], [ 109.190545, 34.620384 ], [ 109.191491, 34.618734 ], [ 109.191642, 34.618064 ], [ 109.191801, 34.616482 ], [ 109.192253, 34.615526 ], [ 109.192337, 34.614529 ], [ 109.192663, 34.613357 ], [ 109.192915, 34.612537 ], [ 109.193023, 34.611054 ], [ 109.193048, 34.609814 ], [ 109.193132, 34.609195 ], [ 109.193091, 34.607285 ], [ 109.193325, 34.606908 ], [ 109.193911, 34.606514 ], [ 109.19474, 34.606213 ], [ 109.196582, 34.606162 ], [ 109.197981, 34.605969 ], [ 109.198568, 34.60571 ], [ 109.199002, 34.605057 ], [ 109.199019, 34.604512 ], [ 109.19876, 34.603466 ], [ 109.199027, 34.602862 ], [ 109.200016, 34.602317 ], [ 109.202109, 34.60184 ], [ 109.202537, 34.601379 ], [ 109.202804, 34.600617 ], [ 109.20278, 34.600005 ], [ 109.20247, 34.599034 ], [ 109.202964, 34.598331 ], [ 109.204847, 34.598046 ], [ 109.205512, 34.597244 ], [ 109.206094, 34.595206 ], [ 109.20665, 34.594014 ], [ 109.207312, 34.593749 ], [ 109.207974, 34.594094 ], [ 109.208529, 34.594914 ], [ 109.209032, 34.59502 ], [ 109.209515, 34.594916 ], [ 109.210329, 34.594173 ], [ 109.211414, 34.593855 ], [ 109.213055, 34.593696 ], [ 109.214352, 34.59314 ], [ 109.215225, 34.592822 ], [ 109.216204, 34.592848 ], [ 109.218163, 34.593537 ], [ 109.218884, 34.593777 ], [ 109.218998, 34.593801 ], [ 109.219219, 34.593826 ], [ 109.219492, 34.59383 ], [ 109.219754, 34.593806 ], [ 109.220122, 34.593722 ], [ 109.220543, 34.593556 ], [ 109.220852, 34.593378 ], [ 109.22115, 34.593163 ], [ 109.221407, 34.592919 ], [ 109.221606, 34.592657 ], [ 109.22175, 34.59239 ], [ 109.221907, 34.59202 ], [ 109.222064, 34.591609 ], [ 109.222194, 34.591132 ], [ 109.222285, 34.590554 ], [ 109.222447, 34.589581 ], [ 109.222549, 34.588822 ], [ 109.222677, 34.588414 ], [ 109.222789, 34.588224 ], [ 109.222943, 34.588069 ], [ 109.223153, 34.587967 ], [ 109.223415, 34.587922 ], [ 109.223683, 34.587926 ], [ 109.223926, 34.587981 ], [ 109.224077, 34.588063 ], [ 109.22422, 34.588217 ], [ 109.224308, 34.588415 ], [ 109.224341, 34.588664 ], [ 109.224356, 34.588983 ], [ 109.224439, 34.589364 ], [ 109.224552, 34.589601 ], [ 109.224721, 34.589815 ], [ 109.224927, 34.589984 ], [ 109.225157, 34.590086 ], [ 109.225412, 34.590128 ], [ 109.225797, 34.590094 ], [ 109.2262, 34.590018 ], [ 109.226814, 34.589928 ], [ 109.227217, 34.589907 ], [ 109.227614, 34.589933 ], [ 109.228, 34.590013 ], [ 109.228377, 34.590138 ], [ 109.228866, 34.590341 ], [ 109.229194, 34.590464 ], [ 109.229577, 34.59054 ], [ 109.229893, 34.590547 ], [ 109.23137, 34.590594 ], [ 109.233566, 34.590733 ], [ 109.234803, 34.590935 ], [ 109.236046, 34.591262 ], [ 109.238994, 34.591711 ], [ 109.241069, 34.592093 ], [ 109.243409, 34.592202 ], [ 109.244972, 34.592434 ], [ 109.247189, 34.592638 ], [ 109.249287, 34.59275 ], [ 109.250391, 34.592737 ], [ 109.251166, 34.592958 ], [ 109.256751, 34.593479 ], [ 109.258301, 34.593729 ], [ 109.259564, 34.594042 ], [ 109.262669, 34.594442 ], [ 109.263074, 34.594437 ], [ 109.26408, 34.594014 ], [ 109.264423, 34.593298 ], [ 109.264735, 34.591642 ], [ 109.265325, 34.590893 ], [ 109.265888, 34.59081 ], [ 109.266574, 34.590987 ], [ 109.267625, 34.592107 ], [ 109.26799, 34.592299 ], [ 109.268388, 34.592299 ], [ 109.268917, 34.592284 ], [ 109.270437, 34.591899 ], [ 109.270915, 34.591951 ], [ 109.272257, 34.592554 ], [ 109.272922, 34.59272 ], [ 109.273473, 34.592762 ], [ 109.279271, 34.592013 ], [ 109.279673, 34.592026 ], [ 109.280058, 34.592169 ], [ 109.280598, 34.592512 ], [ 109.281077, 34.592615 ], [ 109.281555, 34.592427 ], [ 109.282044, 34.592064 ], [ 109.282336, 34.59196 ], [ 109.282673, 34.592129 ], [ 109.283542, 34.592532 ], [ 109.284645, 34.592823 ], [ 109.285634, 34.592947 ], [ 109.288109, 34.593062 ], [ 109.289482, 34.593187 ], [ 109.290493, 34.593268 ], [ 109.29092, 34.593217 ], [ 109.291532, 34.592822 ], [ 109.292114, 34.592478 ], [ 109.292602, 34.592385 ], [ 109.292956, 34.592582 ], [ 109.29332, 34.593508 ], [ 109.293774, 34.593812 ], [ 109.294101, 34.593903 ], [ 109.294725, 34.59383 ], [ 109.295675, 34.593528 ], [ 109.296795, 34.593394 ], [ 109.297408, 34.593372 ], [ 109.298054, 34.593571 ], [ 109.298689, 34.593736 ], [ 109.299822, 34.593748 ], [ 109.300602, 34.593872 ], [ 109.301205, 34.594267 ], [ 109.301809, 34.594454 ], [ 109.302256, 34.594621 ], [ 109.302631, 34.59538 ], [ 109.303089, 34.596004 ], [ 109.303515, 34.596316 ], [ 109.304191, 34.596504 ], [ 109.305658, 34.596607 ], [ 109.307926, 34.596701 ], [ 109.309487, 34.59694 ], [ 109.310496, 34.597138 ], [ 109.311026, 34.597439 ], [ 109.311203, 34.597939 ], [ 109.31037, 34.5995 ], [ 109.310329, 34.599926 ], [ 109.310662, 34.600394 ], [ 109.311349, 34.600695 ], [ 109.313346, 34.600664 ], [ 109.315749, 34.600883 ], [ 109.321228, 34.602321 ], [ 109.324061, 34.602349 ], [ 109.325039, 34.602505 ], [ 109.326194, 34.602891 ], [ 109.327037, 34.603036 ], [ 109.328213, 34.602807 ], [ 109.329535, 34.602735 ], [ 109.331167, 34.602963 ], [ 109.333833, 34.604107 ], [ 109.335933, 34.604045 ], [ 109.336983, 34.604118 ], [ 109.337494, 34.604555 ], [ 109.337576, 34.605377 ], [ 109.337722, 34.606282 ], [ 109.338159, 34.606563 ], [ 109.338989, 34.606833 ], [ 109.339962, 34.606666 ], [ 109.340947, 34.606199 ], [ 109.341801, 34.606377 ], [ 109.34281, 34.60673 ], [ 109.343571, 34.607362 ], [ 109.344184, 34.607527 ], [ 109.344882, 34.607545 ], [ 109.345789, 34.607401 ], [ 109.346747, 34.607101 ], [ 109.347295, 34.606809 ], [ 109.347507, 34.606488 ], [ 109.347571, 34.606055 ], [ 109.347441, 34.605624 ], [ 109.346661, 34.604401 ], [ 109.34656, 34.603881 ], [ 109.34667, 34.603396 ], [ 109.347112, 34.602675 ], [ 109.347346, 34.602108 ], [ 109.347493, 34.601497 ], [ 109.34779, 34.601784 ], [ 109.348068, 34.602268 ], [ 109.348281, 34.602876 ], [ 109.348922, 34.60422 ], [ 109.349463, 34.604845 ], [ 109.350187, 34.605147 ], [ 109.351039, 34.605382 ], [ 109.351747, 34.605489 ], [ 109.352579, 34.605745 ], [ 109.35281, 34.606036 ], [ 109.35276, 34.606381 ], [ 109.352369, 34.606687 ], [ 109.351802, 34.607 ], [ 109.351372, 34.607328 ], [ 109.351055, 34.607696 ], [ 109.350902, 34.608156 ], [ 109.350975, 34.608636 ], [ 109.351158, 34.608978 ], [ 109.35168, 34.609439 ], [ 109.352354, 34.609783 ], [ 109.353235, 34.610041 ], [ 109.35419, 34.60999 ], [ 109.354658, 34.609776 ], [ 109.35554, 34.609439 ], [ 109.356249, 34.609332 ], [ 109.35711, 34.609564 ], [ 109.35792, 34.609862 ], [ 109.358851, 34.610346 ], [ 109.35922, 34.6107 ], [ 109.359247, 34.611295 ], [ 109.358825, 34.612602 ], [ 109.358321, 34.613155 ], [ 109.358242, 34.613329 ], [ 109.358242, 34.613586 ], [ 109.35828, 34.61434 ], [ 109.358336, 34.614629 ], [ 109.358531, 34.614894 ], [ 109.359192, 34.615094 ], [ 109.359876, 34.615626 ], [ 109.361153, 34.616163 ], [ 109.361537, 34.616366 ], [ 109.362032, 34.616946 ], [ 109.362458, 34.617709 ], [ 109.362646, 34.618403 ], [ 109.362669, 34.618975 ], [ 109.362454, 34.619335 ], [ 109.362163, 34.619475 ], [ 109.3618, 34.619498 ], [ 109.361405, 34.619216 ], [ 109.360926, 34.61867 ], [ 109.36022, 34.617816 ], [ 109.35984, 34.617675 ], [ 109.358286, 34.617651 ], [ 109.357642, 34.61772 ], [ 109.356717, 34.61799 ], [ 109.355805, 34.618513 ], [ 109.354165, 34.619429 ], [ 109.353283, 34.620149 ], [ 109.352861, 34.620369 ], [ 109.352321, 34.620499 ], [ 109.35217, 34.620688 ], [ 109.352221, 34.621085 ], [ 109.352501, 34.621356 ], [ 109.353173, 34.621661 ], [ 109.353528, 34.621965 ], [ 109.353551, 34.622114 ], [ 109.35352, 34.622287 ], [ 109.353266, 34.622777 ], [ 109.353287, 34.623069 ], [ 109.354633, 34.625165 ], [ 109.35493, 34.626231 ], [ 109.35495, 34.626617 ], [ 109.354915, 34.627019 ], [ 109.354813, 34.627339 ], [ 109.354492, 34.627666 ], [ 109.354157, 34.627755 ], [ 109.353863, 34.62774 ], [ 109.351879, 34.627432 ], [ 109.351509, 34.62742 ], [ 109.351056, 34.627543 ], [ 109.350715, 34.62778 ], [ 109.35055, 34.628025 ], [ 109.350552, 34.628389 ], [ 109.350819, 34.628765 ], [ 109.351486, 34.62949 ], [ 109.352137, 34.630487 ], [ 109.352202, 34.630924 ], [ 109.35219, 34.632147 ], [ 109.352376, 34.632981 ], [ 109.352431, 34.633544 ], [ 109.352329, 34.633905 ], [ 109.352085, 34.634246 ], [ 109.351879, 34.634429 ], [ 109.35209, 34.634764 ], [ 109.353228, 34.635003 ], [ 109.354973, 34.635428 ], [ 109.35591, 34.636012 ], [ 109.35644, 34.637015 ], [ 109.356301, 34.640635 ], [ 109.356327, 34.642862 ], [ 109.356822, 34.64366 ], [ 109.358046, 34.643734 ], [ 109.358932, 34.643745 ], [ 109.359426, 34.643348 ], [ 109.359921, 34.642339 ], [ 109.360755, 34.641892 ], [ 109.371607, 34.642596 ], [ 109.372258, 34.643076 ], [ 109.372849, 34.644962 ], [ 109.374933, 34.645604 ], [ 109.379127, 34.646336 ], [ 109.379917, 34.648132 ], [ 109.380846, 34.649508 ], [ 109.381932, 34.650789 ], [ 109.382903, 34.652367 ], [ 109.38464, 34.652411 ], [ 109.385205, 34.652051 ], [ 109.385647, 34.651082 ], [ 109.386715, 34.650471 ], [ 109.388018, 34.650304 ], [ 109.389997, 34.65055 ], [ 109.390267, 34.650961 ], [ 109.390806, 34.65274 ], [ 109.391248, 34.653438 ], [ 109.397612, 34.654241 ], [ 109.398255, 34.654176 ], [ 109.398542, 34.653961 ], [ 109.399419, 34.652933 ], [ 109.399836, 34.652134 ], [ 109.400652, 34.651698 ], [ 109.402449, 34.651758 ], [ 109.406764, 34.651997 ], [ 109.407789, 34.652038 ], [ 109.408233, 34.651919 ], [ 109.408858, 34.6522 ], [ 109.410047, 34.652827 ], [ 109.410481, 34.654856 ], [ 109.41293, 34.655753 ], [ 109.415387, 34.656793 ], [ 109.416438, 34.657383 ], [ 109.418687, 34.657427 ], [ 109.419677, 34.65744 ], [ 109.42138, 34.656985 ] ] ] ] } },
{ "type": "Feature", "properties": { "id": "610111", "name": "灞桥区", "site": "www.poi86.com" }, "geometry": { "type": "MultiPolygon", "coordinates": [ [ [ [ 109.025924, 34.252717 ], [ 109.025553, 34.255149 ], [ 109.025108, 34.256763 ], [ 109.024484, 34.258673 ], [ 109.023882, 34.260226 ], [ 109.022153, 34.260225 ], [ 109.020672, 34.260419 ], [ 109.020433, 34.260451 ], [ 109.02023, 34.26109 ], [ 109.018179, 34.261105 ], [ 109.018108, 34.261746 ], [ 109.017993, 34.262561 ], [ 109.017967, 34.262943 ], [ 109.017409, 34.262904 ], [ 109.017324, 34.261258 ], [ 109.015743, 34.260935 ], [ 109.015454, 34.261688 ], [ 109.014974, 34.261779 ], [ 109.01494, 34.262473 ], [ 109.014942, 34.262545 ], [ 109.015401, 34.262557 ], [ 109.01538, 34.262885 ], [ 109.014675, 34.262887 ], [ 109.011341, 34.262977 ], [ 109.011363, 34.26311 ], [ 109.012965, 34.263043 ], [ 109.012929, 34.263651 ], [ 109.012922, 34.263779 ], [ 109.015177, 34.263798 ], [ 109.015188, 34.263532 ], [ 109.020365, 34.263488 ], [ 109.020516, 34.264118 ], [ 109.020546, 34.264286 ], [ 109.020958, 34.265139 ], [ 109.02181, 34.266618 ], [ 109.021242, 34.268069 ], [ 109.02097, 34.269005 ], [ 109.02068, 34.270051 ], [ 109.020502, 34.270957 ], [ 109.020335, 34.27248 ], [ 109.020286, 34.27327 ], [ 109.020241, 34.273499 ], [ 109.020235, 34.27369 ], [ 109.020226, 34.273734 ], [ 109.020231, 34.273783 ], [ 109.020194, 34.2749 ], [ 109.020054, 34.276816 ], [ 109.020008, 34.278834 ], [ 109.019846, 34.28332 ], [ 109.019774, 34.284769 ], [ 109.019634, 34.286347 ], [ 109.019446, 34.287029 ], [ 109.019128, 34.287907 ], [ 109.018156, 34.289543 ], [ 109.017605, 34.290281 ], [ 109.016862, 34.290976 ], [ 109.016297, 34.291403 ], [ 109.015512, 34.29187 ], [ 109.014624, 34.292252 ], [ 109.013726, 34.292514 ], [ 109.013007, 34.292645 ], [ 109.012469, 34.292691 ], [ 109.010412, 34.29268 ], [ 109.007578, 34.292638 ], [ 109.003329, 34.290755 ], [ 109.002577, 34.29055 ], [ 109.001847, 34.290459 ], [ 108.999795, 34.290321 ], [ 108.998427, 34.289729 ], [ 108.998535, 34.292164 ], [ 108.994092, 34.2921 ], [ 108.99406, 34.294977 ], [ 108.990952, 34.295023 ], [ 108.990931, 34.295106 ], [ 108.990935, 34.295139 ], [ 108.990931, 34.295187 ], [ 108.990943, 34.29544 ], [ 108.996106, 34.295415 ], [ 108.996106, 34.297871 ], [ 109.002759, 34.297871 ], [ 109.002393, 34.301229 ], [ 109.002474, 34.301467 ], [ 109.002735, 34.301598 ], [ 109.004327, 34.301754 ], [ 109.004301, 34.303139 ], [ 109.005215, 34.303217 ], [ 109.005189, 34.303843 ], [ 109.013409, 34.307195 ], [ 109.014024, 34.30743 ], [ 109.014744, 34.307576 ], [ 109.018208, 34.307502 ], [ 109.018642, 34.307648 ], [ 109.019076, 34.308007 ], [ 109.019588, 34.308299 ], [ 109.026594, 34.308804 ], [ 109.027462, 34.30902 ], [ 109.028469, 34.309742 ], [ 109.028686, 34.309959 ], [ 109.029311, 34.310953 ], [ 109.029254, 34.311141 ], [ 109.029086, 34.311273 ], [ 109.026411, 34.312313 ], [ 109.026354, 34.312457 ], [ 109.026603, 34.312617 ], [ 109.027473, 34.31309 ], [ 109.027943, 34.313146 ], [ 109.035119, 34.313285 ], [ 109.035336, 34.313428 ], [ 109.035406, 34.313719 ], [ 109.034685, 34.31697 ], [ 109.034685, 34.317404 ], [ 109.034903, 34.317836 ], [ 109.039231, 34.323416 ], [ 109.034345, 34.327175 ], [ 109.029751, 34.329732 ], [ 109.020174, 34.33454 ], [ 109.018094, 34.3361 ], [ 109.015321, 34.337919 ], [ 109.013371, 34.339652 ], [ 109.012678, 34.340086 ], [ 109.011074, 34.340735 ], [ 109.009601, 34.341862 ], [ 109.00817, 34.343378 ], [ 109.007434, 34.345199 ], [ 109.006524, 34.348535 ], [ 109.006147, 34.35134 ], [ 109.005726, 34.354696 ], [ 109.005527, 34.358761 ], [ 109.005662, 34.359616 ], [ 109.006004, 34.36058 ], [ 109.006092, 34.361232 ], [ 109.005979, 34.366434 ], [ 109.005999, 34.36998 ], [ 109.006168, 34.372809 ], [ 109.00676, 34.37511 ], [ 109.006678, 34.3766 ], [ 109.006068, 34.379858 ], [ 109.005353, 34.381855 ], [ 109.005093, 34.383112 ], [ 109.005223, 34.384715 ], [ 109.006228, 34.38763 ], [ 109.006512, 34.389468 ], [ 109.006851, 34.392733 ], [ 109.006456, 34.395689 ], [ 109.006288, 34.397799 ], [ 109.006597, 34.39977 ], [ 109.007808, 34.40219 ], [ 109.00868, 34.404695 ], [ 109.008623, 34.409031 ], [ 109.008989, 34.411114 ], [ 109.008708, 34.413618 ], [ 109.007948, 34.415222 ], [ 109.007638, 34.417418 ], [ 109.007807, 34.418798 ], [ 109.007666, 34.419922 ], [ 109.008145, 34.420627 ], [ 109.008961, 34.421274 ], [ 109.009158, 34.422091 ], [ 109.009046, 34.423582 ], [ 109.009636, 34.424539 ], [ 109.01065, 34.425271 ], [ 109.012873, 34.426256 ], [ 109.014365, 34.428086 ], [ 109.014844, 34.429184 ], [ 109.01597, 34.429831 ], [ 109.017968, 34.430732 ], [ 109.019207, 34.431942 ], [ 109.019629, 34.433378 ], [ 109.019939, 34.434447 ], [ 109.020473, 34.436952 ], [ 109.021374, 34.438651 ], [ 109.022207, 34.438919 ], [ 109.031627, 34.442786 ], [ 109.040937, 34.446907 ], [ 109.050042, 34.449564 ], [ 109.056477, 34.451747 ], [ 109.059654, 34.452912 ], [ 109.060791, 34.453342 ], [ 109.062458, 34.454219 ], [ 109.0631, 34.455004 ], [ 109.064238, 34.454475 ], [ 109.068006, 34.452519 ], [ 109.070142, 34.449811 ], [ 109.074171, 34.445135 ], [ 109.076342, 34.441318 ], [ 109.078452, 34.437519 ], [ 109.07906, 34.436655 ], [ 109.079538, 34.436196 ], [ 109.079677, 34.436156 ], [ 109.0813, 34.435621 ], [ 109.083948, 34.435639 ], [ 109.08748, 34.43525 ], [ 109.091275, 34.434487 ], [ 109.09131, 34.434476 ], [ 109.095035, 34.434227 ], [ 109.098187, 34.434445 ], [ 109.101964, 34.433639 ], [ 109.102137, 34.433454 ], [ 109.102676, 34.432304 ], [ 109.103501, 34.431499 ], [ 109.104109, 34.430753 ], [ 109.104803, 34.430468 ], [ 109.105836, 34.430293 ], [ 109.106739, 34.430289 ], [ 109.108328, 34.430502 ], [ 109.110621, 34.431349 ], [ 109.11201, 34.431922 ], [ 109.113191, 34.432714 ], [ 109.114928, 34.433617 ], [ 109.116446, 34.433956 ], [ 109.117558, 34.433892 ], [ 109.118252, 34.433711 ], [ 109.119008, 34.433312 ], [ 109.119486, 34.432622 ], [ 109.120241, 34.43193 ], [ 109.120979, 34.430322 ], [ 109.12124, 34.429604 ], [ 109.122612, 34.426802 ], [ 109.123619, 34.425385 ], [ 109.125563, 34.423801 ], [ 109.126579, 34.423442 ], [ 109.124643, 34.422426 ], [ 109.122637, 34.420829 ], [ 109.121474, 34.420142 ], [ 109.120398, 34.4195 ], [ 109.120311, 34.418727 ], [ 109.12097, 34.417821 ], [ 109.122343, 34.41707 ], [ 109.122707, 34.415879 ], [ 109.12256, 34.41468 ], [ 109.121769, 34.41391 ], [ 109.120154, 34.412766 ], [ 109.119104, 34.409877 ], [ 109.118566, 34.407496 ], [ 109.117489, 34.40588 ], [ 109.116612, 34.404115 ], [ 109.115544, 34.402539 ], [ 109.114667, 34.401991 ], [ 109.113747, 34.400489 ], [ 109.113729, 34.399381 ], [ 109.114616, 34.398123 ], [ 109.11432, 34.396554 ], [ 109.113582, 34.395568 ], [ 109.110413, 34.394288 ], [ 109.107174, 34.393278 ], [ 109.105932, 34.393279 ], [ 109.104518, 34.392185 ], [ 109.102946, 34.391849 ], [ 109.101018, 34.390831 ], [ 109.099342, 34.389511 ], [ 109.097693, 34.388532 ], [ 109.096199, 34.388176 ], [ 109.095574, 34.38614 ], [ 109.094992, 34.385395 ], [ 109.093803, 34.384 ], [ 109.093577, 34.381951 ], [ 109.093915, 34.38076 ], [ 109.094202, 34.380026 ], [ 109.099803, 34.378663 ], [ 109.100992, 34.378207 ], [ 109.101391, 34.377346 ], [ 109.102277, 34.375961 ], [ 109.10252, 34.37487 ], [ 109.102911, 34.373193 ], [ 109.103129, 34.3721 ], [ 109.103537, 34.371068 ], [ 109.103867, 34.370368 ], [ 109.104162, 34.369937 ], [ 109.104336, 34.369397 ], [ 109.103719, 34.368028 ], [ 109.102885, 34.366569 ], [ 109.101643, 34.365996 ], [ 109.101365, 34.365471 ], [ 109.101374, 34.365147 ], [ 109.102442, 34.364611 ], [ 109.102399, 34.363856 ], [ 109.101748, 34.362956 ], [ 109.101618, 34.362389 ], [ 109.101896, 34.361816 ], [ 109.101931, 34.361294 ], [ 109.101027, 34.360816 ], [ 109.099074, 34.36016 ], [ 109.097502, 34.358869 ], [ 109.096912, 34.357586 ], [ 109.096738, 34.356208 ], [ 109.097051, 34.355474 ], [ 109.098909, 34.354997 ], [ 109.09923, 34.354118 ], [ 109.100125, 34.353709 ], [ 109.101063, 34.352867 ], [ 109.101141, 34.352394 ], [ 109.100298, 34.351487 ], [ 109.099065, 34.350648 ], [ 109.098449, 34.34888 ], [ 109.097858, 34.346349 ], [ 109.097745, 34.345565 ], [ 109.098075, 34.345178 ], [ 109.099065, 34.345008 ], [ 109.100497, 34.344647 ], [ 109.100993, 34.343906 ], [ 109.103025, 34.342769 ], [ 109.105317, 34.342532 ], [ 109.107852, 34.342745 ], [ 109.110101, 34.342762 ], [ 109.110552, 34.342904 ], [ 109.111151, 34.343828 ], [ 109.111368, 34.344113 ], [ 109.111855, 34.344174 ], [ 109.114729, 34.343769 ], [ 109.115102, 34.343502 ], [ 109.115293, 34.342742 ], [ 109.115589, 34.342149 ], [ 109.11617, 34.341974 ], [ 109.118446, 34.342313 ], [ 109.118984, 34.342845 ], [ 109.119643, 34.343252 ], [ 109.120781, 34.343305 ], [ 109.122205, 34.342951 ], [ 109.122517, 34.342939 ], [ 109.122699, 34.343234 ], [ 109.123264, 34.343778 ], [ 109.124314, 34.343765 ], [ 109.126285, 34.343512 ], [ 109.126606, 34.34334 ], [ 109.127197, 34.342863 ], [ 109.127353, 34.342492 ], [ 109.127344, 34.34206 ], [ 109.127197, 34.341407 ], [ 109.127379, 34.340915 ], [ 109.127762, 34.340617 ], [ 109.129038, 34.340396 ], [ 109.129471, 34.340258 ], [ 109.129758, 34.339654 ], [ 109.130088, 34.338859 ], [ 109.131034, 34.338001 ], [ 109.132797, 34.337385 ], [ 109.133752, 34.336892 ], [ 109.135497, 34.336671 ], [ 109.135558, 34.336415 ], [ 109.134793, 34.335269 ], [ 109.133578, 34.333248 ], [ 109.133188, 34.331879 ], [ 109.131668, 34.331356 ], [ 109.129255, 34.331082 ], [ 109.128438, 34.330631 ], [ 109.128378, 34.329649 ], [ 109.129272, 34.32823 ], [ 109.128587, 34.326231 ], [ 109.128256, 34.325086 ], [ 109.128396, 34.323654 ], [ 109.128916, 34.322601 ], [ 109.12962, 34.321931 ], [ 109.129576, 34.321445 ], [ 109.129324, 34.319554 ], [ 109.130106, 34.318795 ], [ 109.130887, 34.31759 ], [ 109.131121, 34.316241 ], [ 109.132232, 34.314751 ], [ 109.133275, 34.313618 ], [ 109.134899, 34.312895 ], [ 109.135497, 34.312695 ], [ 109.136696, 34.312594 ], [ 109.137607, 34.312165 ], [ 109.140073, 34.309977 ], [ 109.141106, 34.309303 ], [ 109.141557, 34.309235 ], [ 109.143189, 34.309361 ], [ 109.145351, 34.309479 ], [ 109.146995, 34.309732 ], [ 109.147699, 34.310139 ], [ 109.14907, 34.310261 ], [ 109.151004, 34.309988 ], [ 109.153088, 34.309974 ], [ 109.154812, 34.309816 ], [ 109.155481, 34.309559 ], [ 109.155763, 34.308349 ], [ 109.156286, 34.307822 ], [ 109.156734, 34.307627 ], [ 109.157529, 34.307694 ], [ 109.158426, 34.307861 ], [ 109.159134, 34.30769 ], [ 109.159685, 34.306982 ], [ 109.16053, 34.306717 ], [ 109.161131, 34.306858 ], [ 109.161671, 34.307451 ], [ 109.162371, 34.308017 ], [ 109.163366, 34.308859 ], [ 109.16492, 34.309085 ], [ 109.16606, 34.308699 ], [ 109.167192, 34.308695 ], [ 109.169259, 34.308434 ], [ 109.170931, 34.307833 ], [ 109.172493, 34.306602 ], [ 109.173704, 34.305649 ], [ 109.175683, 34.303446 ], [ 109.176472, 34.30293 ], [ 109.176941, 34.302936 ], [ 109.177523, 34.303529 ], [ 109.178747, 34.304193 ], [ 109.180006, 34.30465 ], [ 109.181481, 34.305098 ], [ 109.182478, 34.305022 ], [ 109.182506, 34.304798 ], [ 109.182201, 34.304522 ], [ 109.18168, 34.304161 ], [ 109.181637, 34.303631 ], [ 109.181715, 34.303132 ], [ 109.181811, 34.303042 ], [ 109.182956, 34.303025 ], [ 109.185491, 34.303008 ], [ 109.186185, 34.302719 ], [ 109.186194, 34.302189 ], [ 109.185109, 34.301252 ], [ 109.184484, 34.300523 ], [ 109.184372, 34.300045 ], [ 109.184458, 34.299789 ], [ 109.185465, 34.299609 ], [ 109.187158, 34.299763 ], [ 109.188399, 34.299737 ], [ 109.189067, 34.299306 ], [ 109.190082, 34.298509 ], [ 109.190811, 34.298218 ], [ 109.191315, 34.298264 ], [ 109.1924, 34.298588 ], [ 109.194883, 34.299776 ], [ 109.195855, 34.300426 ], [ 109.196106, 34.300878 ], [ 109.195915, 34.301199 ], [ 109.195438, 34.301672 ], [ 109.194214, 34.301985 ], [ 109.192895, 34.301983 ], [ 109.19227, 34.30212 ], [ 109.191853, 34.302565 ], [ 109.191576, 34.3034 ], [ 109.19148, 34.304482 ], [ 109.19168, 34.305978 ], [ 109.191723, 34.30662 ], [ 109.191854, 34.307296 ], [ 109.192174, 34.307595 ], [ 109.193997, 34.307695 ], [ 109.194839, 34.307494 ], [ 109.195255, 34.306865 ], [ 109.195507, 34.305739 ], [ 109.196401, 34.305181 ], [ 109.198163, 34.304884 ], [ 109.199143, 34.304836 ], [ 109.199933, 34.304322 ], [ 109.200758, 34.304194 ], [ 109.202312, 34.30444 ], [ 109.203588, 34.304727 ], [ 109.205428, 34.305093 ], [ 109.207971, 34.305249 ], [ 109.210098, 34.305371 ], [ 109.210843, 34.30562 ], [ 109.212232, 34.307831 ], [ 109.212858, 34.30978 ], [ 109.213491, 34.310433 ], [ 109.21468, 34.310801 ], [ 109.215279, 34.311392 ], [ 109.216815, 34.311899 ], [ 109.218525, 34.312585 ], [ 109.219184, 34.313266 ], [ 109.21934, 34.314163 ], [ 109.22046, 34.314665 ], [ 109.221458, 34.316232 ], [ 109.2221, 34.316556 ], [ 109.222812, 34.316531 ], [ 109.224027, 34.31642 ], [ 109.22644, 34.316902 ], [ 109.228644, 34.317157 ], [ 109.229503, 34.317282 ], [ 109.230058, 34.317435 ], [ 109.230918, 34.318531 ], [ 109.231057, 34.319198 ], [ 109.230683, 34.321049 ], [ 109.230658, 34.32174 ], [ 109.231039, 34.322159 ], [ 109.231569, 34.322185 ], [ 109.232272, 34.322029 ], [ 109.233226, 34.321555 ], [ 109.234086, 34.320694 ], [ 109.234563, 34.320718 ], [ 109.234945, 34.320965 ], [ 109.234987, 34.322022 ], [ 109.235152, 34.322365 ], [ 109.236871, 34.322646 ], [ 109.237349, 34.322415 ], [ 109.237861, 34.321409 ], [ 109.238303, 34.321353 ], [ 109.238529, 34.321769 ], [ 109.238772, 34.322785 ], [ 109.239206, 34.323635 ], [ 109.240586, 34.323978 ], [ 109.241618, 34.324234 ], [ 109.242547, 34.32418 ], [ 109.243224, 34.324365 ], [ 109.244152, 34.323902 ], [ 109.244908, 34.323782 ], [ 109.24594, 34.324357 ], [ 109.24699, 34.324695 ], [ 109.248231, 34.324215 ], [ 109.249541, 34.323491 ], [ 109.250384, 34.322996 ], [ 109.250645, 34.322557 ], [ 109.250558, 34.322208 ], [ 109.24995, 34.321774 ], [ 109.249299, 34.321509 ], [ 109.249004, 34.321254 ], [ 109.249004, 34.320934 ], [ 109.249889, 34.320311 ], [ 109.249881, 34.31951 ], [ 109.25021, 34.318245 ], [ 109.250549, 34.318128 ], [ 109.251303, 34.318324 ], [ 109.252388, 34.318753 ], [ 109.253187, 34.319546 ], [ 109.253812, 34.319952 ], [ 109.254576, 34.320315 ], [ 109.255105, 34.321534 ], [ 109.255435, 34.321913 ], [ 109.255921, 34.321922 ], [ 109.256737, 34.321614 ], [ 109.25836, 34.320855 ], [ 109.259227, 34.320765 ], [ 109.261354, 34.321869 ], [ 109.263654, 34.322197 ], [ 109.265406, 34.322459 ], [ 109.265771, 34.323242 ], [ 109.266179, 34.32523 ], [ 109.266795, 34.325984 ], [ 109.267715, 34.326285 ], [ 109.268722, 34.327058 ], [ 109.269277, 34.327345 ], [ 109.269867, 34.327297 ], [ 109.270092, 34.327035 ], [ 109.27044, 34.325384 ], [ 109.271161, 34.323756 ], [ 109.272106, 34.321939 ], [ 109.272306, 34.32114 ], [ 109.272219, 34.320678 ], [ 109.271829, 34.320149 ], [ 109.271082, 34.319533 ], [ 109.271099, 34.318473 ], [ 109.270822, 34.317495 ], [ 109.270206, 34.316655 ], [ 109.269981, 34.317118 ], [ 109.269642, 34.317371 ], [ 109.268688, 34.317302 ], [ 109.266856, 34.315926 ], [ 109.264886, 34.315886 ], [ 109.262334, 34.316732 ], [ 109.261605, 34.316737 ], [ 109.260876, 34.31647 ], [ 109.260608, 34.315514 ], [ 109.260147, 34.314233 ], [ 109.259488, 34.314022 ], [ 109.258611, 34.3144 ], [ 109.256364, 34.314793 ], [ 109.254585, 34.314599 ], [ 109.253369, 34.314171 ], [ 109.251165, 34.313449 ], [ 109.250402, 34.313228 ], [ 109.245567, 34.310718 ], [ 109.244158, 34.308347 ], [ 109.242276, 34.307026 ], [ 109.239311, 34.305655 ], [ 109.235019, 34.303023 ], [ 109.23034, 34.300842 ], [ 109.228758, 34.299177 ], [ 109.224351, 34.297174 ], [ 109.221795, 34.296513 ], [ 109.217287, 34.295264 ], [ 109.214067, 34.293048 ], [ 109.211728, 34.290329 ], [ 109.208556, 34.285963 ], [ 109.207858, 34.284781 ], [ 109.207233, 34.284028 ], [ 109.206599, 34.283407 ], [ 109.205906, 34.28272 ], [ 109.205211, 34.282336 ], [ 109.2048, 34.282163 ], [ 109.203624, 34.282229 ], [ 109.202594, 34.282916 ], [ 109.201847, 34.283835 ], [ 109.20158, 34.284696 ], [ 109.201382, 34.28573 ], [ 109.20139, 34.286994 ], [ 109.20113, 34.288024 ], [ 109.200787, 34.288886 ], [ 109.200451, 34.289223 ], [ 109.199353, 34.289696 ], [ 109.198247, 34.28976 ], [ 109.197071, 34.289588 ], [ 109.195408, 34.289031 ], [ 109.193677, 34.2887 ], [ 109.192083, 34.288253 ], [ 109.190152, 34.287918 ], [ 109.187864, 34.28713 ], [ 109.186201, 34.286454 ], [ 109.184881, 34.285713 ], [ 109.183356, 34.284699 ], [ 109.182242, 34.283898 ], [ 109.182036, 34.28362 ], [ 109.18124, 34.282957 ], [ 109.177153, 34.279767 ], [ 109.173727, 34.27781 ], [ 109.16892, 34.274637 ], [ 109.162612, 34.269618 ], [ 109.156967, 34.264234 ], [ 109.154467, 34.261379 ], [ 109.15371, 34.259949 ], [ 109.152265, 34.258216 ], [ 109.149334, 34.256281 ], [ 109.148641, 34.256004 ], [ 109.146778, 34.254419 ], [ 109.146806, 34.253148 ], [ 109.146782, 34.25232 ], [ 109.14638, 34.251563 ], [ 109.145521, 34.250758 ], [ 109.144487, 34.248883 ], [ 109.144753, 34.247101 ], [ 109.145511, 34.24453 ], [ 109.146108, 34.243729 ], [ 109.147651, 34.241418 ], [ 109.148035, 34.239619 ], [ 109.149788, 34.23748 ], [ 109.149815, 34.236531 ], [ 109.148785, 34.234851 ], [ 109.148352, 34.233362 ], [ 109.148243, 34.232576 ], [ 109.148297, 34.231059 ], [ 109.148893, 34.22992 ], [ 109.151197, 34.227537 ], [ 109.15327, 34.226305 ], [ 109.156609, 34.224391 ], [ 109.160816, 34.222014 ], [ 109.16305, 34.221119 ], [ 109.165083, 34.220673 ], [ 109.166871, 34.220348 ], [ 109.16809, 34.220084 ], [ 109.169168, 34.219921 ], [ 109.170102, 34.219767 ], [ 109.172545, 34.21904 ], [ 109.173521, 34.218659 ], [ 109.173994, 34.218384 ], [ 109.175511, 34.217021 ], [ 109.176086, 34.216756 ], [ 109.177645, 34.215893 ], [ 109.17827, 34.215618 ], [ 109.178681, 34.215314 ], [ 109.181422, 34.212555 ], [ 109.181891, 34.211806 ], [ 109.182099, 34.211351 ], [ 109.181743, 34.21021 ], [ 109.181387, 34.209636 ], [ 109.180623, 34.208779 ], [ 109.180275, 34.208493 ], [ 109.179104, 34.207936 ], [ 109.177299, 34.207598 ], [ 109.17564, 34.207207 ], [ 109.173982, 34.206762 ], [ 109.172463, 34.206369 ], [ 109.170528, 34.206041 ], [ 109.169008, 34.205872 ], [ 109.166942, 34.205596 ], [ 109.165355, 34.205494 ], [ 109.163549, 34.205164 ], [ 109.162654, 34.204941 ], [ 109.16196, 34.204426 ], [ 109.161335, 34.204201 ], [ 109.161058, 34.203742 ], [ 109.16077, 34.203169 ], [ 109.160424, 34.202606 ], [ 109.160215, 34.202091 ], [ 109.160007, 34.201518 ], [ 109.159928, 34.200951 ], [ 109.15992, 34.200435 ], [ 109.160128, 34.199798 ], [ 109.160189, 34.199341 ], [ 109.160389, 34.198949 ], [ 109.160728, 34.198257 ], [ 109.161204, 34.197339 ], [ 109.161682, 34.196759 ], [ 109.16216, 34.196362 ], [ 109.162845, 34.195838 ], [ 109.163392, 34.195603 ], [ 109.164078, 34.195318 ], [ 109.164694, 34.195145 ], [ 109.165935, 34.194967 ], [ 109.167386, 34.194895 ], [ 109.168566, 34.19495 ], [ 109.16959, 34.195003 ], [ 109.170632, 34.194993 ], [ 109.171934, 34.194932 ], [ 109.173115, 34.194802 ], [ 109.173662, 34.194687 ], [ 109.175111, 34.194561 ], [ 109.176005, 34.194162 ], [ 109.176552, 34.193871 ], [ 109.17703, 34.193409 ], [ 109.177368, 34.193008 ], [ 109.177646, 34.192547 ], [ 109.177776, 34.19209 ], [ 109.177768, 34.191349 ], [ 109.17775, 34.189969 ], [ 109.177473, 34.189633 ], [ 109.176778, 34.189179 ], [ 109.176223, 34.188841 ], [ 109.175745, 34.188615 ], [ 109.175051, 34.188502 ], [ 109.174009, 34.188337 ], [ 109.173462, 34.188283 ], [ 109.172698, 34.188224 ], [ 109.171734, 34.188229 ], [ 109.171048, 34.188293 ], [ 109.170354, 34.188302 ], [ 109.16953, 34.188253 ], [ 109.16815, 34.188025 ], [ 109.167186, 34.187866 ], [ 109.166075, 34.187351 ], [ 109.165449, 34.187007 ], [ 109.164894, 34.186616 ], [ 109.16413, 34.186108 ], [ 109.163644, 34.185763 ], [ 109.163019, 34.185194 ], [ 109.162534, 34.184566 ], [ 109.161761, 34.183312 ], [ 109.161405, 34.182569 ], [ 109.160918, 34.181606 ], [ 109.160355, 34.180065 ], [ 109.160007, 34.179268 ], [ 109.159572, 34.178176 ], [ 109.159226, 34.177498 ], [ 109.158322, 34.175115 ], [ 109.156675, 34.176658 ], [ 109.155229, 34.17699 ], [ 109.15159, 34.177687 ], [ 109.150005, 34.178949 ], [ 109.148858, 34.179008 ], [ 109.147513, 34.178529 ], [ 109.145486, 34.17822 ], [ 109.141989, 34.178167 ], [ 109.140442, 34.178109 ], [ 109.13871, 34.178082 ], [ 109.13711, 34.178537 ], [ 109.135519, 34.179818 ], [ 109.135275, 34.179968 ], [ 109.134335, 34.180309 ], [ 109.133115, 34.180589 ], [ 109.132115, 34.18087 ], [ 109.130833, 34.180728 ], [ 109.129475, 34.180532 ], [ 109.12862, 34.180577 ], [ 109.127338, 34.180558 ], [ 109.126048, 34.180538 ], [ 109.12498, 34.180585 ], [ 109.123805, 34.180381 ], [ 109.122492, 34.180068 ], [ 109.121042, 34.179538 ], [ 109.118883, 34.17853 ], [ 109.117181, 34.178026 ], [ 109.115762, 34.177772 ], [ 109.11448, 34.177572 ], [ 109.112839, 34.177369 ], [ 109.111557, 34.177465 ], [ 109.110336, 34.177506 ], [ 109.109626, 34.177557 ], [ 109.108687, 34.177895 ], [ 109.107672, 34.17847 ], [ 109.105124, 34.180685 ], [ 109.10375, 34.181437 ], [ 109.102742, 34.181834 ], [ 109.101872, 34.182417 ], [ 109.101002, 34.183235 ], [ 109.100118, 34.184287 ], [ 109.099461, 34.185108 ], [ 109.098652, 34.186046 ], [ 109.097927, 34.186686 ], [ 109.097262, 34.187326 ], [ 109.097197, 34.187515 ], [ 109.095151, 34.190118 ], [ 109.093139, 34.190976 ], [ 109.089445, 34.19146 ], [ 109.087277, 34.191829 ], [ 109.084445, 34.191314 ], [ 109.082225, 34.190674 ], [ 109.081421, 34.191023 ], [ 109.080572, 34.191617 ], [ 109.078759, 34.193247 ], [ 109.078268, 34.193497 ], [ 109.077667, 34.193357 ], [ 109.077224, 34.192305 ], [ 109.077215, 34.191888 ], [ 109.077138, 34.190863 ], [ 109.077276, 34.190461 ], [ 109.077754, 34.189891 ], [ 109.078579, 34.189135 ], [ 109.079187, 34.188569 ], [ 109.08055, 34.186558 ], [ 109.080654, 34.184501 ], [ 109.080654, 34.184369 ], [ 109.080775, 34.183364 ], [ 109.080602, 34.18128 ], [ 109.079342, 34.180054 ], [ 109.076478, 34.179517 ], [ 109.075114, 34.178136 ], [ 109.07455, 34.177826 ], [ 109.074272, 34.177318 ], [ 109.074125, 34.176745 ], [ 109.074185, 34.175367 ], [ 109.074445, 34.174282 ], [ 109.074585, 34.173425 ], [ 109.074576, 34.173021 ], [ 109.074567, 34.172334 ], [ 109.074429, 34.171993 ], [ 109.07415, 34.171539 ], [ 109.072839, 34.170806 ], [ 109.071867, 34.170467 ], [ 109.070348, 34.169954 ], [ 109.069922, 34.169922 ], [ 109.06783, 34.169135 ], [ 109.065199, 34.168996 ], [ 109.063053, 34.169038 ], [ 109.060756, 34.170365 ], [ 109.060519, 34.170652 ], [ 109.059902, 34.171283 ], [ 109.059653, 34.171509 ], [ 109.058802, 34.172207 ], [ 109.057771, 34.172986 ], [ 109.057345, 34.173256 ], [ 109.057182, 34.17339 ], [ 109.057087, 34.173514 ], [ 109.057035, 34.173795 ], [ 109.056851, 34.174198 ], [ 109.056254, 34.175022 ], [ 109.05593, 34.17539 ], [ 109.05579, 34.175626 ], [ 109.055719, 34.175889 ], [ 109.055684, 34.176441 ], [ 109.055614, 34.176731 ], [ 109.055456, 34.177081 ], [ 109.055228, 34.177739 ], [ 109.05514, 34.178194 ], [ 109.05522, 34.179177 ], [ 109.055221, 34.179587 ], [ 109.055159, 34.179958 ], [ 109.054936, 34.180827 ], [ 109.054594, 34.182313 ], [ 109.054143, 34.183652 ], [ 109.053755, 34.184427 ], [ 109.053456, 34.184825 ], [ 109.053051, 34.185202 ], [ 109.052573, 34.185554 ], [ 109.051894, 34.186004 ], [ 109.05137, 34.18642 ], [ 109.051301, 34.186509 ], [ 109.051162, 34.18669 ], [ 109.050669, 34.187945 ], [ 109.050572, 34.188333 ], [ 109.050457, 34.18863 ], [ 109.049957, 34.189663 ], [ 109.049335, 34.190694 ], [ 109.048816, 34.191459 ], [ 109.048699, 34.191703 ], [ 109.0485, 34.19224 ], [ 109.048354, 34.192535 ], [ 109.048124, 34.192873 ], [ 109.047891, 34.193129 ], [ 109.047113, 34.193772 ], [ 109.046887, 34.193963 ], [ 109.046594, 34.194254 ], [ 109.046405, 34.194488 ], [ 109.046269, 34.194718 ], [ 109.045457, 34.196366 ], [ 109.04501, 34.197318 ], [ 109.044906, 34.19765 ], [ 109.044859, 34.198169 ], [ 109.044798, 34.198414 ], [ 109.044503, 34.198867 ], [ 109.044215, 34.1995 ], [ 109.043863, 34.200119 ], [ 109.043454, 34.201087 ], [ 109.043267, 34.201683 ], [ 109.043168, 34.202764 ], [ 109.043138, 34.203549 ], [ 109.043085, 34.203958 ], [ 109.0428, 34.205204 ], [ 109.04269, 34.205552 ], [ 109.042493, 34.206043 ], [ 109.042391, 34.206375 ], [ 109.042345, 34.206814 ], [ 109.04236, 34.207134 ], [ 109.042407, 34.207494 ], [ 109.042493, 34.207897 ], [ 109.043104, 34.210061 ], [ 109.043486, 34.2107 ], [ 109.044348, 34.211754 ], [ 109.044496, 34.21217 ], [ 109.044496, 34.212357 ], [ 109.044495, 34.212373 ], [ 109.044496, 34.212391 ], [ 109.044496, 34.21248 ], [ 109.044495, 34.212496 ], [ 109.044496, 34.212512 ], [ 109.044496, 34.212541 ], [ 109.044318, 34.212779 ], [ 109.043503, 34.213257 ], [ 109.043336, 34.213534 ], [ 109.043254, 34.213707 ], [ 109.043219, 34.213813 ], [ 109.043193, 34.213929 ], [ 109.043088, 34.215858 ], [ 109.043144, 34.216447 ], [ 109.043635, 34.217813 ], [ 109.043665, 34.218229 ], [ 109.043708, 34.219565 ], [ 109.043797, 34.21997 ], [ 109.044159, 34.220603 ], [ 109.044374, 34.221065 ], [ 109.044501, 34.221547 ], [ 109.044539, 34.222073 ], [ 109.044494, 34.222568 ], [ 109.044406, 34.223074 ], [ 109.044393, 34.223701 ], [ 109.044526, 34.224126 ], [ 109.044704, 34.224777 ], [ 109.044729, 34.225038 ], [ 109.044647, 34.225456 ], [ 109.044343, 34.226361 ], [ 109.043981, 34.227261 ], [ 109.043886, 34.227774 ], [ 109.043969, 34.228332 ], [ 109.044178, 34.229326 ], [ 109.044513, 34.230157 ], [ 109.044773, 34.2311 ], [ 109.044956, 34.232475 ], [ 109.044982, 34.233191 ], [ 109.045159, 34.235027 ], [ 109.045161, 34.235052 ], [ 109.045164, 34.235071 ], [ 109.045446, 34.237105 ], [ 109.045565, 34.238249 ], [ 109.045639, 34.238991 ], [ 109.045565, 34.23966 ], [ 109.045191, 34.241128 ], [ 109.045007, 34.241742 ], [ 109.044792, 34.242478 ], [ 109.044792, 34.243725 ], [ 109.044943, 34.244442 ], [ 109.044982, 34.245017 ], [ 109.044735, 34.245916 ], [ 109.044443, 34.246639 ], [ 109.044425, 34.247083 ], [ 109.044538, 34.247747 ], [ 109.044532, 34.248407 ], [ 109.044323, 34.249135 ], [ 109.044025, 34.249838 ], [ 109.04393, 34.250534 ], [ 109.043683, 34.251162 ], [ 109.043485, 34.251645 ], [ 109.043297, 34.252052 ], [ 109.042728, 34.252749 ], [ 109.02875, 34.252682 ], [ 109.025924, 34.252717 ] ] ] ] } },
{ "type": "Feature", "properties": { "id": "610116", "name": "长安区", "site": "www.poi86.com" }, "geometry": { "type": "MultiPolygon", "coordinates": [ [ [ [ 109.169109, 33.810151 ], [ 109.162678, 33.80362 ], [ 109.16154, 33.798939 ], [ 109.155481, 33.794486 ], [ 109.148944, 33.79257 ], [ 109.147555, 33.794623 ], [ 109.14653, 33.796767 ], [ 109.144586, 33.798208 ], [ 109.142199, 33.800719 ], [ 109.143813, 33.802774 ], [ 109.146322, 33.806268 ], [ 109.146192, 33.807388 ], [ 109.14798, 33.810871 ], [ 109.150341, 33.812445 ], [ 109.152885, 33.814142 ], [ 109.157278, 33.814077 ], [ 109.164656, 33.812677 ], [ 109.167244, 33.812663 ], [ 109.168901, 33.812653 ], [ 109.169109, 33.810151 ] ] ], [ [ [ 109.176325, 33.807013 ], [ 109.172491, 33.810578 ], [ 109.172427, 33.812683 ], [ 109.180734, 33.813783 ], [ 109.180286, 33.811423 ], [ 109.178242, 33.808357 ], [ 109.176325, 33.807013 ] ] ], [ [ [ 108.806352, 34.250326 ], [ 108.805926, 34.249625 ], [ 108.805371, 34.247679 ], [ 108.804798, 34.244747 ], [ 108.804294, 34.242444 ], [ 108.804356, 34.241148 ], [ 108.804711, 34.239289 ], [ 108.80525, 34.235584 ], [ 108.806352, 34.234282 ], [ 108.809434, 34.230211 ], [ 108.809443, 34.230185 ], [ 108.812273, 34.227575 ], [ 108.81328, 34.226827 ], [ 108.81394, 34.225073 ], [ 108.813358, 34.223274 ], [ 108.812655, 34.219708 ], [ 108.811604, 34.215713 ], [ 108.811657, 34.214189 ], [ 108.812916, 34.212685 ], [ 108.814252, 34.212172 ], [ 108.815589, 34.211817 ], [ 108.815737, 34.211816 ], [ 108.81868, 34.212272 ], [ 108.820398, 34.212751 ], [ 108.822646, 34.213407 ], [ 108.824799, 34.214936 ], [ 108.825068, 34.215139 ], [ 108.825902, 34.215136 ], [ 108.82638, 34.214732 ], [ 108.826718, 34.214216 ], [ 108.827195, 34.21353 ], [ 108.827742, 34.212439 ], [ 108.827976, 34.211512 ], [ 108.827733, 34.208975 ], [ 108.824817, 34.205239 ], [ 108.823419, 34.203044 ], [ 108.820884, 34.199483 ], [ 108.820434, 34.198963 ], [ 108.820147, 34.198098 ], [ 108.820077, 34.197133 ], [ 108.820255, 34.196469 ], [ 108.821259, 34.195808 ], [ 108.822327, 34.195861 ], [ 108.824593, 34.196138 ], [ 108.826555, 34.195944 ], [ 108.82855, 34.195844 ], [ 108.830347, 34.196128 ], [ 108.832412, 34.19641 ], [ 108.833584, 34.196573 ], [ 108.834825, 34.19657 ], [ 108.835511, 34.196282 ], [ 108.836127, 34.195772 ], [ 108.836475, 34.195308 ], [ 108.836614, 34.194563 ], [ 108.836944, 34.193309 ], [ 108.83706, 34.19276 ], [ 108.837078, 34.192709 ], [ 108.837134, 34.192691 ], [ 108.837174, 34.192683 ], [ 108.837212, 34.192039 ], [ 108.837551, 34.190668 ], [ 108.83789, 34.189526 ], [ 108.838506, 34.188548 ], [ 108.83933, 34.187227 ], [ 108.840086, 34.186316 ], [ 108.841041, 34.18534 ], [ 108.841449, 34.184943 ], [ 108.84262, 34.184081 ], [ 108.843437, 34.183615 ], [ 108.844817, 34.18281 ], [ 108.845918, 34.182577 ], [ 108.846535, 34.182517 ], [ 108.848263, 34.182455 ], [ 108.849643, 34.182391 ], [ 108.8515, 34.182386 ], [ 108.852602, 34.182377 ], [ 108.853505, 34.182492 ], [ 108.854668, 34.182548 ], [ 108.855909, 34.182546 ], [ 108.85702, 34.182537 ], [ 108.858113, 34.182249 ], [ 108.858877, 34.182019 ], [ 108.859494, 34.181561 ], [ 108.86018, 34.180924 ], [ 108.860864, 34.180006 ], [ 108.861481, 34.179549 ], [ 108.862306, 34.179149 ], [ 108.8632, 34.178913 ], [ 108.863955, 34.178905 ], [ 108.865027, 34.17891 ], [ 108.865053, 34.178909 ], [ 108.865127, 34.17891 ], [ 108.865959, 34.179017 ], [ 108.867817, 34.179409 ], [ 108.869059, 34.179465 ], [ 108.870161, 34.179458 ], [ 108.87161, 34.179454 ], [ 108.871749, 34.179454 ], [ 108.873641, 34.17989 ], [ 108.875464, 34.179516 ], [ 108.877075, 34.178139 ], [ 108.877549, 34.177044 ], [ 108.878774, 34.176428 ], [ 108.878789, 34.173129 ], [ 108.877738, 34.173146 ], [ 108.877732, 34.172084 ], [ 108.877716, 34.169493 ], [ 108.877709, 34.168344 ], [ 108.878628, 34.168272 ], [ 108.878629, 34.166869 ], [ 108.878274, 34.166293 ], [ 108.87823, 34.166222 ], [ 108.878028, 34.165894 ], [ 108.87836, 34.165864 ], [ 108.879121, 34.165951 ], [ 108.882306, 34.166312 ], [ 108.885051, 34.165782 ], [ 108.885936, 34.166868 ], [ 108.886153, 34.16756 ], [ 108.887991, 34.167519 ], [ 108.889564, 34.167643 ], [ 108.8896, 34.169105 ], [ 108.892105, 34.169077 ], [ 108.89229, 34.169535 ], [ 108.893549, 34.169565 ], [ 108.893628, 34.170782 ], [ 108.894293, 34.170882 ], [ 108.89427, 34.172253 ], [ 108.897168, 34.172214 ], [ 108.897138, 34.171611 ], [ 108.897616, 34.171582 ], [ 108.897582, 34.17048 ], [ 108.898193, 34.17049 ], [ 108.898497, 34.169534 ], [ 108.901409, 34.169405 ], [ 108.901569, 34.169068 ], [ 108.904652, 34.16872 ], [ 108.905065, 34.169831 ], [ 108.905463, 34.171874 ], [ 108.906135, 34.171922 ], [ 108.906341, 34.172407 ], [ 108.906476, 34.172423 ], [ 108.906757, 34.17222 ], [ 108.906963, 34.172292 ], [ 108.907177, 34.172891 ], [ 108.907684, 34.172971 ], [ 108.907435, 34.172027 ], [ 108.908014, 34.171513 ], [ 108.90847, 34.172784 ], [ 108.91005, 34.173025 ], [ 108.913059, 34.173682 ], [ 108.913864, 34.173861 ], [ 108.912928, 34.175564 ], [ 108.913263, 34.176472 ], [ 108.912774, 34.176624 ], [ 108.912824, 34.176837 ], [ 108.913826, 34.179146 ], [ 108.916396, 34.179144 ], [ 108.916335, 34.181636 ], [ 108.918118, 34.181461 ], [ 108.919134, 34.181494 ], [ 108.921391, 34.180802 ], [ 108.923724, 34.180242 ], [ 108.92373, 34.179972 ], [ 108.925421, 34.179666 ], [ 108.925434, 34.179505 ], [ 108.924564, 34.179497 ], [ 108.924534, 34.178893 ], [ 108.929064, 34.178906 ], [ 108.929321, 34.180331 ], [ 108.930404, 34.180379 ], [ 108.930403, 34.180057 ], [ 108.930715, 34.180063 ], [ 108.930608, 34.178988 ], [ 108.930802, 34.178984 ], [ 108.931011, 34.179841 ], [ 108.931391, 34.179803 ], [ 108.931378, 34.177606 ], [ 108.934476, 34.177559 ], [ 108.934758, 34.178742 ], [ 108.935782, 34.178751 ], [ 108.935835, 34.178996 ], [ 108.938271, 34.179464 ], [ 108.938338, 34.179273 ], [ 108.93856, 34.178817 ], [ 108.938865, 34.178816 ], [ 108.938878, 34.178551 ], [ 108.939368, 34.178581 ], [ 108.93942, 34.178041 ], [ 108.939364, 34.177429 ], [ 108.939326, 34.177173 ], [ 108.93944, 34.177121 ], [ 108.940184, 34.177132 ], [ 108.940217, 34.177459 ], [ 108.940326, 34.177686 ], [ 108.940427, 34.177728 ], [ 108.940575, 34.177693 ], [ 108.940764, 34.178233 ], [ 108.940897, 34.178196 ], [ 108.941317, 34.178078 ], [ 108.940859, 34.176292 ], [ 108.940954, 34.176086 ], [ 108.944505, 34.176176 ], [ 108.944662, 34.174018 ], [ 108.945062, 34.174029 ], [ 108.945063, 34.174303 ], [ 108.945065, 34.175166 ], [ 108.948554, 34.175212 ], [ 108.948341, 34.17633 ], [ 108.948294, 34.17714 ], [ 108.948265, 34.177652 ], [ 108.948128, 34.178527 ], [ 108.951235, 34.178887 ], [ 108.951183, 34.179844 ], [ 108.951248, 34.180223 ], [ 108.955741, 34.180344 ], [ 108.955636, 34.182949 ], [ 108.955637, 34.18422 ], [ 108.95786, 34.184481 ], [ 108.958116, 34.182348 ], [ 108.959777, 34.182109 ], [ 108.959729, 34.179629 ], [ 108.961351, 34.17967 ], [ 108.961397, 34.178979 ], [ 108.961884, 34.178988 ], [ 108.964293, 34.179448 ], [ 108.967523, 34.179847 ], [ 108.967497, 34.180439 ], [ 108.970853, 34.180517 ], [ 108.971066, 34.178878 ], [ 108.972182, 34.178961 ], [ 108.972238, 34.177786 ], [ 108.972951, 34.177775 ], [ 108.973463, 34.17635 ], [ 108.974922, 34.176832 ], [ 108.97481, 34.177782 ], [ 108.976215, 34.177964 ], [ 108.976732, 34.177506 ], [ 108.977602, 34.175383 ], [ 108.979076, 34.175701 ], [ 108.979185, 34.175642 ], [ 108.980258, 34.171939 ], [ 108.981379, 34.172111 ], [ 108.981545, 34.17131 ], [ 108.981807, 34.170573 ], [ 108.983886, 34.170989 ], [ 108.986674, 34.171436 ], [ 108.989127, 34.171359 ], [ 108.990008, 34.171472 ], [ 108.991098, 34.171923 ], [ 108.991509, 34.172164 ], [ 108.99248, 34.173099 ], [ 108.993181, 34.173146 ], [ 108.993132, 34.173708 ], [ 108.995614, 34.17378 ], [ 108.995623, 34.1747 ], [ 108.99696, 34.174988 ], [ 108.997854, 34.175268 ], [ 108.998895, 34.175721 ], [ 108.999868, 34.176349 ], [ 109.000692, 34.176856 ], [ 109.001664, 34.177373 ], [ 109.003045, 34.178276 ], [ 109.003878, 34.178623 ], [ 109.004911, 34.179073 ], [ 109.005493, 34.179274 ], [ 109.007992, 34.17952 ], [ 109.008025, 34.179506 ], [ 109.008038, 34.179523 ], [ 109.010623, 34.179778 ], [ 109.014816, 34.18004 ], [ 109.018948, 34.179338 ], [ 109.01926, 34.179182 ], [ 109.020701, 34.178717 ], [ 109.021865, 34.177854 ], [ 109.023315, 34.177493 ], [ 109.024556, 34.177266 ], [ 109.02558, 34.177203 ], [ 109.026475, 34.17726 ], [ 109.027378, 34.177479 ], [ 109.028143, 34.17771 ], [ 109.028758, 34.177874 ], [ 109.029662, 34.178332 ], [ 109.030078, 34.178619 ], [ 109.030634, 34.179065 ], [ 109.031883, 34.180099 ], [ 109.032926, 34.180889 ], [ 109.034106, 34.182196 ], [ 109.035287, 34.183107 ], [ 109.036042, 34.183561 ], [ 109.037709, 34.18447 ], [ 109.039298, 34.184922 ], [ 109.042346, 34.18651 ], [ 109.04449, 34.187355 ], [ 109.045671, 34.188096 ], [ 109.047051, 34.188606 ], [ 109.047815, 34.188599 ], [ 109.048641, 34.18837 ], [ 109.049395, 34.187906 ], [ 109.05127, 34.186527 ], [ 109.051301, 34.186509 ], [ 109.05137, 34.18642 ], [ 109.051894, 34.186004 ], [ 109.052573, 34.185554 ], [ 109.053051, 34.185202 ], [ 109.053456, 34.184825 ], [ 109.053755, 34.184427 ], [ 109.054143, 34.183652 ], [ 109.054594, 34.182313 ], [ 109.054936, 34.180827 ], [ 109.055159, 34.179958 ], [ 109.055221, 34.179587 ], [ 109.05522, 34.179177 ], [ 109.05514, 34.178194 ], [ 109.055228, 34.177739 ], [ 109.055456, 34.177081 ], [ 109.055614, 34.176731 ], [ 109.055684, 34.176441 ], [ 109.055719, 34.175889 ], [ 109.05579, 34.175626 ], [ 109.05593, 34.17539 ], [ 109.056254, 34.175022 ], [ 109.056851, 34.174198 ], [ 109.057035, 34.173795 ], [ 109.057087, 34.173514 ], [ 109.057182, 34.17339 ], [ 109.057345, 34.173256 ], [ 109.057771, 34.172986 ], [ 109.058802, 34.172207 ], [ 109.059653, 34.171509 ], [ 109.059902, 34.171283 ], [ 109.060519, 34.170652 ], [ 109.060756, 34.170365 ], [ 109.063053, 34.169038 ], [ 109.065199, 34.168996 ], [ 109.06783, 34.169135 ], [ 109.069922, 34.169922 ], [ 109.070348, 34.169954 ], [ 109.071867, 34.170467 ], [ 109.072839, 34.170806 ], [ 109.07415, 34.171539 ], [ 109.074429, 34.171993 ], [ 109.074567, 34.172334 ], [ 109.074576, 34.173021 ], [ 109.074585, 34.173425 ], [ 109.074445, 34.174282 ], [ 109.074185, 34.175367 ], [ 109.074125, 34.176745 ], [ 109.074272, 34.177318 ], [ 109.07455, 34.177826 ], [ 109.075114, 34.178136 ], [ 109.076478, 34.179517 ], [ 109.079342, 34.180054 ], [ 109.080602, 34.18128 ], [ 109.080775, 34.183364 ], [ 109.080654, 34.184369 ], [ 109.080654, 34.184501 ], [ 109.08055, 34.186558 ], [ 109.079187, 34.188569 ], [ 109.078579, 34.189135 ], [ 109.077754, 34.189891 ], [ 109.077276, 34.190461 ], [ 109.077138, 34.190863 ], [ 109.077215, 34.191888 ], [ 109.077224, 34.192305 ], [ 109.077667, 34.193357 ], [ 109.078268, 34.193497 ], [ 109.078759, 34.193247 ], [ 109.080572, 34.191617 ], [ 109.081421, 34.191023 ], [ 109.082225, 34.190674 ], [ 109.084445, 34.191314 ], [ 109.087277, 34.191829 ], [ 109.089445, 34.19146 ], [ 109.093139, 34.190976 ], [ 109.095151, 34.190118 ], [ 109.097197, 34.187515 ], [ 109.097262, 34.187326 ], [ 109.097927, 34.186686 ], [ 109.098652, 34.186046 ], [ 109.099461, 34.185108 ], [ 109.100118, 34.184287 ], [ 109.101002, 34.183235 ], [ 109.101872, 34.182417 ], [ 109.102742, 34.181834 ], [ 109.10375, 34.181437 ], [ 109.105124, 34.180685 ], [ 109.107672, 34.17847 ], [ 109.108687, 34.177895 ], [ 109.109626, 34.177557 ], [ 109.110336, 34.177506 ], [ 109.111557, 34.177465 ], [ 109.112839, 34.177369 ], [ 109.11448, 34.177572 ], [ 109.115762, 34.177772 ], [ 109.117181, 34.178026 ], [ 109.118883, 34.17853 ], [ 109.121042, 34.179538 ], [ 109.122492, 34.180068 ], [ 109.123805, 34.180381 ], [ 109.12498, 34.180585 ], [ 109.126048, 34.180538 ], [ 109.127338, 34.180558 ], [ 109.12862, 34.180577 ], [ 109.129475, 34.180532 ], [ 109.130833, 34.180728 ], [ 109.132115, 34.18087 ], [ 109.133115, 34.180589 ], [ 109.134335, 34.180309 ], [ 109.135275, 34.179968 ], [ 109.135519, 34.179818 ], [ 109.13711, 34.178537 ], [ 109.13871, 34.178082 ], [ 109.140442, 34.178109 ], [ 109.141989, 34.178167 ], [ 109.145486, 34.17822 ], [ 109.147513, 34.178529 ], [ 109.148858, 34.179008 ], [ 109.150005, 34.178949 ], [ 109.15159, 34.177687 ], [ 109.155229, 34.17699 ], [ 109.156675, 34.176658 ], [ 109.158322, 34.175115 ], [ 109.158333, 34.175104 ], [ 109.159633, 34.17301 ], [ 109.161598, 34.172337 ], [ 109.163314, 34.171917 ], [ 109.163523, 34.171517 ], [ 109.163033, 34.170612 ], [ 109.163054, 34.169653 ], [ 109.165918, 34.166073 ], [ 109.166191, 34.164637 ], [ 109.166826, 34.16393 ], [ 109.168693, 34.162727 ], [ 109.171901, 34.160671 ], [ 109.172386, 34.159764 ], [ 109.172525, 34.158589 ], [ 109.17144, 34.157166 ], [ 109.170746, 34.156426 ], [ 109.169973, 34.155512 ], [ 109.169834, 34.155308 ], [ 109.168715, 34.153457 ], [ 109.16624, 34.14929 ], [ 109.164721, 34.147806 ], [ 109.162438, 34.145005 ], [ 109.162064, 34.144696 ], [ 109.161231, 34.142591 ], [ 109.161397, 34.142007 ], [ 109.161744, 34.141124 ], [ 109.163601, 34.140323 ], [ 109.167803, 34.139377 ], [ 109.167959, 34.139332 ], [ 109.170702, 34.1385 ], [ 109.171492, 34.137802 ], [ 109.171718, 34.137103 ], [ 109.171084, 34.133984 ], [ 109.171614, 34.131968 ], [ 109.172438, 34.131591 ], [ 109.174401, 34.131161 ], [ 109.176084, 34.130963 ], [ 109.176718, 34.130846 ], [ 109.177716, 34.130536 ], [ 109.180572, 34.129139 ], [ 109.181266, 34.127842 ], [ 109.182768, 34.126779 ], [ 109.186735, 34.12439 ], [ 109.18815, 34.123248 ], [ 109.190059, 34.123166 ], [ 109.193384, 34.123123 ], [ 109.194746, 34.123278 ], [ 109.194946, 34.123259 ], [ 109.196673, 34.12277 ], [ 109.197212, 34.122447 ], [ 109.198131, 34.12117 ], [ 109.199954, 34.119965 ], [ 109.201681, 34.119158 ], [ 109.202349, 34.1184 ], [ 109.203165, 34.117314 ], [ 109.203851, 34.116506 ], [ 109.204658, 34.115195 ], [ 109.205613, 34.11398 ], [ 109.20629, 34.112836 ], [ 109.20649, 34.111975 ], [ 109.206541, 34.110544 ], [ 109.206732, 34.109286 ], [ 109.206724, 34.108366 ], [ 109.206229, 34.106708 ], [ 109.205813, 34.105854 ], [ 109.205317, 34.104943 ], [ 109.204893, 34.10449 ], [ 109.204129, 34.103694 ], [ 109.203435, 34.102893 ], [ 109.202463, 34.10227 ], [ 109.201351, 34.101587 ], [ 109.199842, 34.100727 ], [ 109.197889, 34.099778 ], [ 109.196508, 34.099337 ], [ 109.195623, 34.099055 ], [ 109.195571, 34.09905 ], [ 109.192811, 34.098754 ], [ 109.191249, 34.098272 ], [ 109.190841, 34.097827 ], [ 109.189122, 34.096398 ], [ 109.187846, 34.095996 ], [ 109.186588, 34.096291 ], [ 109.185286, 34.097476 ], [ 109.183688, 34.098488 ], [ 109.182126, 34.098965 ], [ 109.180998, 34.09897 ], [ 109.179409, 34.098742 ], [ 109.177673, 34.097114 ], [ 109.176458, 34.095953 ], [ 109.173836, 34.093855 ], [ 109.169566, 34.091636 ], [ 109.167647, 34.090467 ], [ 109.167144, 34.089944 ], [ 109.165582, 34.08963 ], [ 109.163368, 34.089833 ], [ 109.160539, 34.090839 ], [ 109.156622, 34.092368 ], [ 109.149842, 34.09506 ], [ 109.146491, 34.097678 ], [ 109.142533, 34.100138 ], [ 109.138209, 34.101281 ], [ 109.136151, 34.101146 ], [ 109.134676, 34.101012 ], [ 109.133808, 34.101178 ], [ 109.131602, 34.101 ], [ 109.130378, 34.100084 ], [ 109.128998, 34.098879 ], [ 109.127904, 34.097833 ], [ 109.127401, 34.096664 ], [ 109.126801, 34.095771 ], [ 109.12569, 34.09524 ], [ 109.12528, 34.094719 ], [ 109.125946, 34.093387 ], [ 109.126802, 34.09171 ], [ 109.128286, 34.089807 ], [ 109.129512, 34.087875 ], [ 109.133371, 34.082628 ], [ 109.134178, 34.081792 ], [ 109.135132, 34.080782 ], [ 109.136353, 34.079426 ], [ 109.138115, 34.077626 ], [ 109.139748, 34.076731 ], [ 109.14151, 34.073919 ], [ 109.143281, 34.070539 ], [ 109.145044, 34.068853 ], [ 109.146806, 34.0666 ], [ 109.14734, 34.065492 ], [ 109.148015, 34.064387 ], [ 109.150075, 34.063489 ], [ 109.151304, 34.061922 ], [ 109.153641, 34.060893 ], [ 109.154593, 34.059802 ], [ 109.155626, 34.057667 ], [ 109.156581, 34.055938 ], [ 109.160271, 34.050721 ], [ 109.161818, 34.048727 ], [ 109.161337, 34.044701 ], [ 109.161264, 34.041876 ], [ 109.161857, 34.039159 ], [ 109.163408, 34.037156 ], [ 109.163654, 34.03564 ], [ 109.164196, 34.03451 ], [ 109.165958, 34.0317 ], [ 109.167142, 34.029525 ], [ 109.16879, 34.025863 ], [ 109.169201, 34.024399 ], [ 109.169153, 34.021616 ], [ 109.168561, 34.020008 ], [ 109.16761, 34.018799 ], [ 109.167609, 34.018774 ], [ 109.167619, 34.018429 ], [ 109.168, 34.017302 ], [ 109.168899, 34.016737 ], [ 109.169758, 34.015959 ], [ 109.16987, 34.015466 ], [ 109.169558, 34.013806 ], [ 109.170348, 34.01205 ], [ 109.171086, 34.00878 ], [ 109.172145, 34.002456 ], [ 109.173803, 34.000206 ], [ 109.174037, 33.999988 ], [ 109.174385, 33.998658 ], [ 109.176737, 33.997484 ], [ 109.178673, 33.997062 ], [ 109.179428, 33.996594 ], [ 109.180652, 33.995676 ], [ 109.181259, 33.994756 ], [ 109.182006, 33.993315 ], [ 109.182405, 33.991709 ], [ 109.184237, 33.988951 ], [ 109.185808, 33.987503 ], [ 109.187032, 33.985952 ], [ 109.187431, 33.984174 ], [ 109.187952, 33.98153 ], [ 109.188968, 33.979634 ], [ 109.190739, 33.977625 ], [ 109.192778, 33.975096 ], [ 109.194618, 33.973824 ], [ 109.196467, 33.97295 ], [ 109.198863, 33.971789 ], [ 109.200573, 33.971142 ], [ 109.201935, 33.970226 ], [ 109.203029, 33.9689 ], [ 109.203688, 33.967061 ], [ 109.203819, 33.965683 ], [ 109.205529, 33.964646 ], [ 109.207438, 33.963309 ], [ 109.209147, 33.961876 ], [ 109.210301, 33.960433 ], [ 109.210684, 33.958022 ], [ 109.21032, 33.955161 ], [ 109.209955, 33.952469 ], [ 109.209303, 33.949505 ], [ 109.209209, 33.945889 ], [ 109.209104, 33.942855 ], [ 109.20881, 33.940457 ], [ 109.208593, 33.939018 ], [ 109.207829, 33.937419 ], [ 109.206848, 33.936452 ], [ 109.205815, 33.935661 ], [ 109.204773, 33.934403 ], [ 109.203802, 33.932693 ], [ 109.203559, 33.929773 ], [ 109.204088, 33.926732 ], [ 109.204669, 33.923008 ], [ 109.204097, 33.920664 ], [ 109.203116, 33.918209 ], [ 109.203438, 33.915573 ], [ 109.203072, 33.913277 ], [ 109.202569, 33.911107 ], [ 109.202552, 33.909213 ], [ 109.20316, 33.908013 ], [ 109.204114, 33.907372 ], [ 109.206093, 33.905809 ], [ 109.207717, 33.905392 ], [ 109.209547, 33.903774 ], [ 109.212152, 33.902308 ], [ 109.21479, 33.902195 ], [ 109.218469, 33.900579 ], [ 109.22024, 33.899998 ], [ 109.220795, 33.89913 ], [ 109.221117, 33.897183 ], [ 109.221238, 33.895521 ], [ 109.221013, 33.893288 ], [ 109.2207, 33.889456 ], [ 109.221707, 33.88635 ], [ 109.222844, 33.884167 ], [ 109.22379, 33.882676 ], [ 109.224545, 33.88192 ], [ 109.224944, 33.881005 ], [ 109.22563, 33.880368 ], [ 109.226515, 33.87973 ], [ 109.224302, 33.878663 ], [ 109.221898, 33.877135 ], [ 109.220023, 33.875764 ], [ 109.218435, 33.874235 ], [ 109.217533, 33.87349 ], [ 109.216699, 33.872408 ], [ 109.216213, 33.871155 ], [ 109.215727, 33.870526 ], [ 109.214469, 33.869105 ], [ 109.212473, 33.868426 ], [ 109.208289, 33.867995 ], [ 109.204922, 33.86802 ], [ 109.202387, 33.868549 ], [ 109.196963, 33.868528 ], [ 109.193812, 33.868945 ], [ 109.190732, 33.869885 ], [ 109.188752, 33.870575 ], [ 109.18712, 33.871736 ], [ 109.185865, 33.872884 ], [ 109.18548, 33.873236 ], [ 109.184325, 33.874161 ], [ 109.182268, 33.875322 ], [ 109.181174, 33.875669 ], [ 109.179872, 33.875739 ], [ 109.178224, 33.875398 ], [ 109.176288, 33.874666 ], [ 109.173267, 33.874118 ], [ 109.170672, 33.874819 ], [ 109.1691, 33.875741 ], [ 109.16779, 33.875984 ], [ 109.165871, 33.875307 ], [ 109.16311, 33.873883 ], [ 109.161105, 33.873152 ], [ 109.159117, 33.872707 ], [ 109.15706, 33.872434 ], [ 109.155281, 33.873299 ], [ 109.15317, 33.875955 ], [ 109.152355, 33.877103 ], [ 109.1512, 33.877626 ], [ 109.148995, 33.877521 ], [ 109.146391, 33.87742 ], [ 109.145453, 33.877314 ], [ 109.143986, 33.877148 ], [ 109.142127, 33.877157 ], [ 109.140825, 33.877399 ], [ 109.139862, 33.876425 ], [ 109.139367, 33.875287 ], [ 109.138404, 33.874313 ], [ 109.136476, 33.874042 ], [ 109.133663, 33.874223 ], [ 109.132769, 33.874461 ], [ 109.13059, 33.875844 ], [ 109.128332, 33.877407 ], [ 109.126761, 33.87839 ], [ 109.12644, 33.878552 ], [ 109.123349, 33.878729 ], [ 109.120067, 33.878614 ], [ 109.118686, 33.877188 ], [ 109.117384, 33.877461 ], [ 109.115456, 33.877863 ], [ 109.114371, 33.879216 ], [ 109.114224, 33.879975 ], [ 109.114076, 33.88006 ], [ 109.113459, 33.880809 ], [ 109.112991, 33.882018 ], [ 109.112869, 33.883793 ], [ 109.112609, 33.885912 ], [ 109.11299, 33.890662 ], [ 109.112461, 33.892964 ], [ 109.112131, 33.894795 ], [ 109.112009, 33.896911 ], [ 109.112365, 33.898402 ], [ 109.112513, 33.899714 ], [ 109.112113, 33.901095 ], [ 109.110064, 33.902422 ], [ 109.107529, 33.903242 ], [ 109.106226, 33.904104 ], [ 109.103995, 33.907377 ], [ 109.102562, 33.908991 ], [ 109.101121, 33.909801 ], [ 109.099479, 33.910152 ], [ 109.097561, 33.910107 ], [ 109.095764, 33.909599 ], [ 109.093836, 33.908865 ], [ 109.092594, 33.908587 ], [ 109.091431, 33.908018 ], [ 109.089633, 33.908025 ], [ 109.087862, 33.909006 ], [ 109.086013, 33.909766 ], [ 109.084168, 33.910465 ], [ 109.082804, 33.910988 ], [ 109.082656, 33.911075 ], [ 109.081154, 33.911722 ], [ 109.079608, 33.911729 ], [ 109.075658, 33.911014 ], [ 109.068494, 33.908629 ], [ 109.065439, 33.908026 ], [ 109.063494, 33.909763 ], [ 109.061027, 33.910769 ], [ 109.061496, 33.912866 ], [ 109.061983, 33.915507 ], [ 109.057623, 33.9194 ], [ 109.056703, 33.919894 ], [ 109.053048, 33.920577 ], [ 109.049392, 33.921163 ], [ 109.047587, 33.923078 ], [ 109.046466, 33.924543 ], [ 109.045667, 33.924681 ], [ 109.043949, 33.924688 ], [ 109.042169, 33.924245 ], [ 109.040849, 33.923846 ], [ 109.039537, 33.922539 ], [ 109.038444, 33.921968 ], [ 109.037879, 33.920824 ], [ 109.03814, 33.919683 ], [ 109.037723, 33.91779 ], [ 109.036187, 33.915452 ], [ 109.034389, 33.912592 ], [ 109.032792, 33.910249 ], [ 109.032297, 33.908937 ], [ 109.031464, 33.907282 ], [ 109.030361, 33.905913 ], [ 109.028425, 33.904599 ], [ 109.026289, 33.902663 ], [ 109.024414, 33.901072 ], [ 109.023451, 33.899696 ], [ 109.021854, 33.897815 ], [ 109.019926, 33.896621 ], [ 109.018346, 33.896063 ], [ 109.014483, 33.894244 ], [ 109.013241, 33.893675 ], [ 109.012208, 33.892829 ], [ 109.011583, 33.891851 ], [ 109.010889, 33.890597 ], [ 109.010116, 33.88905 ], [ 109.008667, 33.88774 ], [ 109.005915, 33.886211 ], [ 109.003094, 33.884793 ], [ 109.000959, 33.884344 ], [ 108.997938, 33.884361 ], [ 108.994578, 33.884942 ], [ 108.992799, 33.884952 ], [ 108.991419, 33.884902 ], [ 108.989631, 33.884339 ], [ 108.987842, 33.882742 ], [ 108.986593, 33.881197 ], [ 108.985551, 33.879714 ], [ 108.984648, 33.87852 ], [ 108.983276, 33.878233 ], [ 108.980804, 33.878363 ], [ 108.979363, 33.878486 ], [ 108.977782, 33.878036 ], [ 108.975577, 33.876728 ], [ 108.972835, 33.87588 ], [ 108.969198, 33.876236 ], [ 108.965353, 33.877003 ], [ 108.963852, 33.87769 ], [ 108.962411, 33.878387 ], [ 108.96091, 33.878507 ], [ 108.959391, 33.878114 ], [ 108.957117, 33.876635 ], [ 108.955737, 33.875387 ], [ 108.952986, 33.87367 ], [ 108.95099, 33.873341 ], [ 108.948308, 33.872087 ], [ 108.945895, 33.870727 ], [ 108.943144, 33.869308 ], [ 108.941356, 33.86874 ], [ 108.939638, 33.86835 ], [ 108.937581, 33.868415 ], [ 108.935663, 33.868772 ], [ 108.934015, 33.868771 ], [ 108.932157, 33.868088 ], [ 108.930023, 33.867191 ], [ 108.927419, 33.867374 ], [ 108.925362, 33.86824 ], [ 108.923453, 33.868821 ], [ 108.921188, 33.86912 ], [ 108.919747, 33.86987 ], [ 108.918662, 33.870498 ], [ 108.91756, 33.871136 ], [ 108.916536, 33.870796 ], [ 108.915156, 33.87034 ], [ 108.913715, 33.870238 ], [ 108.912683, 33.869668 ], [ 108.911702, 33.866698 ], [ 108.910114, 33.864575 ], [ 108.90962, 33.862408 ], [ 108.909602, 33.859655 ], [ 108.910002, 33.857421 ], [ 108.910201, 33.855361 ], [ 108.909854, 33.853587 ], [ 108.90942, 33.852039 ], [ 108.908657, 33.850388 ], [ 108.907693, 33.849071 ], [ 108.906175, 33.847587 ], [ 108.904039, 33.846046 ], [ 108.902391, 33.844961 ], [ 108.900941, 33.843421 ], [ 108.899431, 33.842976 ], [ 108.897783, 33.843152 ], [ 108.896134, 33.843044 ], [ 108.895448, 33.842762 ], [ 108.894753, 33.841445 ], [ 108.89399, 33.839449 ], [ 108.892063, 33.8379 ], [ 108.889928, 33.836768 ], [ 108.886083, 33.835177 ], [ 108.883957, 33.835187 ], [ 108.88217, 33.835135 ], [ 108.881137, 33.834796 ], [ 108.879766, 33.834232 ], [ 108.878316, 33.832973 ], [ 108.877006, 33.831319 ], [ 108.875903, 33.830116 ], [ 108.873908, 33.828985 ], [ 108.872814, 33.828811 ], [ 108.87199, 33.828359 ], [ 108.870878, 33.826986 ], [ 108.870254, 33.826245 ], [ 108.868335, 33.825167 ], [ 108.866071, 33.82454 ], [ 108.864283, 33.824549 ], [ 108.862981, 33.82393 ], [ 108.86187, 33.823297 ], [ 108.859822, 33.823251 ], [ 108.859205, 33.823768 ], [ 108.859006, 33.824745 ], [ 108.857842, 33.825897 ], [ 108.855785, 33.826069 ], [ 108.853598, 33.826428 ], [ 108.852087, 33.827002 ], [ 108.850785, 33.827812 ], [ 108.849692, 33.828216 ], [ 108.848798, 33.828049 ], [ 108.847835, 33.826612 ], [ 108.847618, 33.825583 ], [ 108.846724, 33.824612 ], [ 108.845622, 33.824043 ], [ 108.843425, 33.823594 ], [ 108.841707, 33.823201 ], [ 108.840613, 33.82229 ], [ 108.840258, 33.82091 ], [ 108.839702, 33.819252 ], [ 108.839285, 33.817885 ], [ 108.83846, 33.8168 ], [ 108.837428, 33.816629 ], [ 108.836265, 33.816974 ], [ 108.835448, 33.817611 ], [ 108.834077, 33.818814 ], [ 108.832367, 33.818816 ], [ 108.830857, 33.818592 ], [ 108.829685, 33.819113 ], [ 108.828591, 33.820268 ], [ 108.827159, 33.821245 ], [ 108.826204, 33.821874 ], [ 108.825518, 33.822337 ], [ 108.823938, 33.822455 ], [ 108.822566, 33.822064 ], [ 108.821126, 33.820918 ], [ 108.820162, 33.820405 ], [ 108.818244, 33.819957 ], [ 108.816386, 33.819845 ], [ 108.814876, 33.819512 ], [ 108.813365, 33.818763 ], [ 108.812202, 33.818139 ], [ 108.81123, 33.816886 ], [ 108.810475, 33.816079 ], [ 108.809919, 33.815165 ], [ 108.809433, 33.814709 ], [ 108.808061, 33.814315 ], [ 108.806898, 33.814549 ], [ 108.804024, 33.817243 ], [ 108.80307, 33.818164 ], [ 108.802183, 33.818743 ], [ 108.80109, 33.81875 ], [ 108.800534, 33.817886 ], [ 108.801073, 33.817146 ], [ 108.80135, 33.81605 ], [ 108.800995, 33.815195 ], [ 108.798807, 33.814742 ], [ 108.797366, 33.814746 ], [ 108.795716, 33.814066 ], [ 108.794335, 33.813041 ], [ 108.793034, 33.81201 ], [ 108.791722, 33.810407 ], [ 108.790828, 33.8095 ], [ 108.789856, 33.808699 ], [ 108.787877, 33.808588 ], [ 108.786913, 33.809102 ], [ 108.784099, 33.810315 ], [ 108.78212, 33.810494 ], [ 108.780541, 33.809991 ], [ 108.779029, 33.809131 ], [ 108.777657, 33.808359 ], [ 108.775696, 33.80614 ], [ 108.773959, 33.80338 ], [ 108.773829, 33.800749 ], [ 108.773829, 33.799637 ], [ 108.772926, 33.799888 ], [ 108.771085, 33.801862 ], [ 108.76618, 33.803893 ], [ 108.76282, 33.80646 ], [ 108.761865, 33.806828 ], [ 108.760293, 33.808147 ], [ 108.758513, 33.809241 ], [ 108.756742, 33.810278 ], [ 108.754685, 33.811428 ], [ 108.75359, 33.812288 ], [ 108.752288, 33.813265 ], [ 108.751333, 33.814185 ], [ 108.749622, 33.81711 ], [ 108.748815, 33.819 ], [ 108.748823, 33.820773 ], [ 108.74904, 33.822607 ], [ 108.750413, 33.824669 ], [ 108.751793, 33.826719 ], [ 108.752835, 33.828775 ], [ 108.753728, 33.831694 ], [ 108.753946, 33.833701 ], [ 108.753955, 33.835765 ], [ 108.753685, 33.837481 ], [ 108.753147, 33.838686 ], [ 108.752739, 33.839782 ], [ 108.751228, 33.840636 ], [ 108.74931, 33.840871 ], [ 108.747112, 33.840877 ], [ 108.744916, 33.840195 ], [ 108.742372, 33.839688 ], [ 108.741, 33.839634 ], [ 108.739976, 33.840041 ], [ 108.739021, 33.840951 ], [ 108.737518, 33.84233 ], [ 108.736346, 33.843023 ], [ 108.734836, 33.842855 ], [ 108.732978, 33.842293 ], [ 108.730851, 33.840746 ], [ 108.726449, 33.83806 ], [ 108.72473, 33.837264 ], [ 108.723219, 33.837047 ], [ 108.720814, 33.836475 ], [ 108.719442, 33.836071 ], [ 108.718349, 33.835394 ], [ 108.716907, 33.834645 ], [ 108.715865, 33.833156 ], [ 108.714285, 33.832139 ], [ 108.712775, 33.831737 ], [ 108.711056, 33.83203 ], [ 108.709215, 33.832149 ], [ 108.706879, 33.83169 ], [ 108.705161, 33.830603 ], [ 108.703294, 33.829576 ], [ 108.701028, 33.828958 ], [ 108.699188, 33.828905 ], [ 108.697399, 33.829132 ], [ 108.696575, 33.82919 ], [ 108.693215, 33.829944 ], [ 108.69199, 33.830979 ], [ 108.691305, 33.831498 ], [ 108.690818, 33.83276 ], [ 108.691088, 33.832824 ], [ 108.69463, 33.833215 ], [ 108.695611, 33.834712 ], [ 108.699596, 33.841005 ], [ 108.701175, 33.84336 ], [ 108.705534, 33.847113 ], [ 108.709345, 33.850849 ], [ 108.709224, 33.853212 ], [ 108.708104, 33.855601 ], [ 108.709197, 33.85829 ], [ 108.712002, 33.861652 ], [ 108.712287, 33.862003 ], [ 108.712688, 33.862398 ], [ 108.713418, 33.862964 ], [ 108.713939, 33.863316 ], [ 108.714355, 33.863519 ], [ 108.714678, 33.86363 ], [ 108.714829, 33.863694 ], [ 108.715035, 33.863846 ], [ 108.715479, 33.86433 ], [ 108.715567, 33.864456 ], [ 108.715635, 33.864654 ], [ 108.715701, 33.865162 ], [ 108.715737, 33.865321 ], [ 108.715839, 33.865636 ], [ 108.715895, 33.865747 ], [ 108.716034, 33.865902 ], [ 108.716235, 33.866032 ], [ 108.716575, 33.866175 ], [ 108.716724, 33.86626 ], [ 108.717273, 33.866785 ], [ 108.717555, 33.866992 ], [ 108.717876, 33.867187 ], [ 108.718198, 33.867347 ], [ 108.71866, 33.867499 ], [ 108.719162, 33.867603 ], [ 108.719595, 33.867784 ], [ 108.720249, 33.868188 ], [ 108.720537, 33.868455 ], [ 108.720691, 33.86868 ], [ 108.720811, 33.868922 ], [ 108.720983, 33.869357 ], [ 108.721107, 33.869614 ], [ 108.721273, 33.869855 ], [ 108.721473, 33.870054 ], [ 108.721811, 33.870298 ], [ 108.722572, 33.870776 ], [ 108.723359, 33.871327 ], [ 108.724223, 33.871991 ], [ 108.724408, 33.872112 ], [ 108.724617, 33.872216 ], [ 108.72478, 33.872273 ], [ 108.725036, 33.872335 ], [ 108.72606, 33.872474 ], [ 108.726986, 33.872737 ], [ 108.72782, 33.873882 ], [ 108.728419, 33.874831 ], [ 108.728436, 33.87669 ], [ 108.728436, 33.877031 ], [ 108.728306, 33.877595 ], [ 108.728176, 33.878153 ], [ 108.728176, 33.878311 ], [ 108.730121, 33.879754 ], [ 108.732213, 33.87876 ], [ 108.734427, 33.878407 ], [ 108.737128, 33.879689 ], [ 108.74304, 33.882603 ], [ 108.745246, 33.883263 ], [ 108.745497, 33.883755 ], [ 108.74389, 33.885641 ], [ 108.743612, 33.886924 ], [ 108.744186, 33.88849 ], [ 108.743534, 33.889089 ], [ 108.74172, 33.889826 ], [ 108.738482, 33.891824 ], [ 108.739585, 33.89311 ], [ 108.740565, 33.894797 ], [ 108.740253, 33.896434 ], [ 108.749343, 33.896868 ], [ 108.749178, 33.897916 ], [ 108.745133, 33.900505 ], [ 108.740617, 33.902882 ], [ 108.739645, 33.902304 ], [ 108.736189, 33.899444 ], [ 108.732395, 33.898676 ], [ 108.729018, 33.901524 ], [ 108.726447, 33.902786 ], [ 108.722237, 33.903232 ], [ 108.720457, 33.903998 ], [ 108.719589, 33.90558 ], [ 108.71911, 33.909378 ], [ 108.717071, 33.912122 ], [ 108.717488, 33.913577 ], [ 108.7205, 33.914639 ], [ 108.722974, 33.913011 ], [ 108.732047, 33.908272 ], [ 108.739641, 33.904461 ], [ 108.739783, 33.904848 ], [ 108.739826, 33.905028 ], [ 108.739834, 33.905156 ], [ 108.739808, 33.905358 ], [ 108.739735, 33.905717 ], [ 108.739723, 33.905965 ], [ 108.739769, 33.9062 ], [ 108.739855, 33.906357 ], [ 108.74, 33.906512 ], [ 108.740388, 33.906767 ], [ 108.740688, 33.906917 ], [ 108.741021, 33.907026 ], [ 108.741217, 33.907046 ], [ 108.741419, 33.907038 ], [ 108.741621, 33.907007 ], [ 108.741893, 33.906934 ], [ 108.742304, 33.90675 ], [ 108.742624, 33.906518 ], [ 108.742744, 33.90641 ], [ 108.743053, 33.906098 ], [ 108.743161, 33.906016 ], [ 108.743379, 33.905929 ], [ 108.743531, 33.905917 ], [ 108.743683, 33.905936 ], [ 108.743828, 33.905987 ], [ 108.743946, 33.906069 ], [ 108.74405, 33.906218 ], [ 108.744132, 33.906456 ], [ 108.744276, 33.907002 ], [ 108.744318, 33.907137 ], [ 108.744376, 33.907264 ], [ 108.744459, 33.907371 ], [ 108.744598, 33.907461 ], [ 108.7448, 33.907514 ], [ 108.745123, 33.907527 ], [ 108.745637, 33.907492 ], [ 108.745805, 33.907494 ], [ 108.745982, 33.90751 ], [ 108.746219, 33.907569 ], [ 108.746316, 33.907622 ], [ 108.746425, 33.907766 ], [ 108.746451, 33.907853 ], [ 108.746481, 33.908105 ], [ 108.746489, 33.90844 ], [ 108.746463, 33.909014 ], [ 108.746462, 33.909276 ], [ 108.74648, 33.909544 ], [ 108.746523, 33.909812 ], [ 108.74659, 33.910063 ], [ 108.746655, 33.910224 ], [ 108.746792, 33.910447 ], [ 108.747064, 33.910705 ], [ 108.747511, 33.910996 ], [ 108.747867, 33.911198 ], [ 108.74836, 33.911439 ], [ 108.748821, 33.911617 ], [ 108.749302, 33.911752 ], [ 108.749723, 33.911824 ], [ 108.750397, 33.912021 ], [ 108.750718, 33.912119 ], [ 108.75112, 33.912194 ], [ 108.751522, 33.912191 ], [ 108.751905, 33.912288 ], [ 108.752184, 33.912391 ], [ 108.75248, 33.912527 ], [ 108.752705, 33.912692 ], [ 108.752885, 33.912895 ], [ 108.753238, 33.913375 ], [ 108.753401, 33.913526 ], [ 108.753531, 33.913598 ], [ 108.753821, 33.913661 ], [ 108.754497, 33.9137 ], [ 108.754868, 33.91374 ], [ 108.755354, 33.913854 ], [ 108.755625, 33.91397 ], [ 108.756344, 33.914371 ], [ 108.7572, 33.914741 ], [ 108.758048, 33.914997 ], [ 108.758566, 33.915217 ], [ 108.758794, 33.91538 ], [ 108.758889, 33.915482 ], [ 108.758967, 33.915638 ], [ 108.75898, 33.91577 ], [ 108.758935, 33.915972 ], [ 108.758773, 33.916285 ], [ 108.75871, 33.916535 ], [ 108.758753, 33.916744 ], [ 108.758831, 33.916892 ], [ 108.759127, 33.91724 ], [ 108.759241, 33.917417 ], [ 108.759288, 33.917599 ], [ 108.75928, 33.917819 ], [ 108.759181, 33.918089 ], [ 108.758519, 33.918697 ], [ 108.758364, 33.918909 ], [ 108.758186, 33.919251 ], [ 108.75782, 33.920045 ], [ 108.757742, 33.920178 ], [ 108.757541, 33.920463 ], [ 108.757475, 33.920629 ], [ 108.757469, 33.920832 ], [ 108.757531, 33.92103 ], [ 108.75782, 33.921346 ], [ 108.758054, 33.921527 ], [ 108.758365, 33.921701 ], [ 108.758746, 33.921855 ], [ 108.758966, 33.921975 ], [ 108.759617, 33.922422 ], [ 108.759891, 33.922586 ], [ 108.760246, 33.922736 ], [ 108.76067, 33.922838 ], [ 108.761086, 33.922885 ], [ 108.762008, 33.92294 ], [ 108.76242, 33.923001 ], [ 108.762729, 33.923146 ], [ 108.762952, 33.923465 ], [ 108.763021, 33.923711 ], [ 108.763042, 33.924048 ], [ 108.763019, 33.924389 ], [ 108.762978, 33.92479 ], [ 108.762875, 33.924968 ], [ 108.762597, 33.92513 ], [ 108.762304, 33.925223 ], [ 108.761783, 33.925337 ], [ 108.761579, 33.925407 ], [ 108.761366, 33.925528 ], [ 108.761204, 33.925672 ], [ 108.761051, 33.925895 ], [ 108.760957, 33.926167 ], [ 108.760832, 33.926772 ], [ 108.760853, 33.927069 ], [ 108.760937, 33.927275 ], [ 108.761238, 33.927821 ], [ 108.761452, 33.928301 ], [ 108.761563, 33.928734 ], [ 108.761808, 33.929096 ], [ 108.762255, 33.929516 ], [ 108.762409, 33.929684 ], [ 108.762539, 33.929882 ], [ 108.762778, 33.930332 ], [ 108.762951, 33.930542 ], [ 108.763273, 33.930702 ], [ 108.763626, 33.930787 ], [ 108.764033, 33.930858 ], [ 108.76462, 33.930917 ], [ 108.765459, 33.930914 ], [ 108.765654, 33.930951 ], [ 108.765883, 33.931073 ], [ 108.766066, 33.931303 ], [ 108.766307, 33.931902 ], [ 108.766282, 33.932096 ], [ 108.766156, 33.932269 ], [ 108.765993, 33.932393 ], [ 108.765832, 33.932455 ], [ 108.765431, 33.932543 ], [ 108.765207, 33.932625 ], [ 108.764937, 33.932777 ], [ 108.764772, 33.932933 ], [ 108.764653, 33.933164 ], [ 108.764488, 33.933688 ], [ 108.764308, 33.934613 ], [ 108.764306, 33.934775 ], [ 108.764371, 33.934882 ], [ 108.764542, 33.934941 ], [ 108.764803, 33.934953 ], [ 108.765094, 33.934919 ], [ 108.765508, 33.934759 ], [ 108.76605, 33.934382 ], [ 108.766618, 33.934024 ], [ 108.766816, 33.933949 ], [ 108.766929, 33.93398 ], [ 108.76701, 33.934034 ], [ 108.767096, 33.934143 ], [ 108.767169, 33.934338 ], [ 108.767174, 33.934553 ], [ 108.767129, 33.934798 ], [ 108.766964, 33.935378 ], [ 108.766926, 33.935681 ], [ 108.766933, 33.935929 ], [ 108.767003, 33.9363 ], [ 108.767116, 33.936612 ], [ 108.767324, 33.936972 ], [ 108.767517, 33.937194 ], [ 108.76794, 33.937593 ], [ 108.768157, 33.937901 ], [ 108.768462, 33.938501 ], [ 108.768531, 33.938737 ], [ 108.76854, 33.938911 ], [ 108.768516, 33.939016 ], [ 108.768426, 33.939132 ], [ 108.768251, 33.939209 ], [ 108.767974, 33.939269 ], [ 108.767739, 33.939298 ], [ 108.767337, 33.939284 ], [ 108.766901, 33.939222 ], [ 108.766684, 33.939211 ], [ 108.766544, 33.93923 ], [ 108.766399, 33.939286 ], [ 108.766303, 33.939369 ], [ 108.76627, 33.939496 ], [ 108.766359, 33.940207 ], [ 108.766444, 33.940493 ], [ 108.766546, 33.94069 ], [ 108.766695, 33.940875 ], [ 108.767064, 33.941142 ], [ 108.767412, 33.941308 ], [ 108.768284, 33.941585 ], [ 108.768539, 33.941674 ], [ 108.768711, 33.941837 ], [ 108.768793, 33.941949 ], [ 108.768822, 33.942093 ], [ 108.768802, 33.942243 ], [ 108.768745, 33.942394 ], [ 108.768626, 33.942604 ], [ 108.76851, 33.942755 ], [ 108.768379, 33.942872 ], [ 108.768257, 33.942945 ], [ 108.768107, 33.942996 ], [ 108.767846, 33.943011 ], [ 108.767647, 33.942986 ], [ 108.767245, 33.942878 ], [ 108.766541, 33.942622 ], [ 108.765908, 33.942331 ], [ 108.765726, 33.942266 ], [ 108.765536, 33.942229 ], [ 108.765273, 33.94224 ], [ 108.765116, 33.942272 ], [ 108.764886, 33.942345 ], [ 108.764341, 33.942561 ], [ 108.764086, 33.942703 ], [ 108.763961, 33.942855 ], [ 108.763892, 33.943037 ], [ 108.76387, 33.94323 ], [ 108.763893, 33.943422 ], [ 108.763992, 33.943658 ], [ 108.764236, 33.943932 ], [ 108.764558, 33.944153 ], [ 108.765277, 33.944525 ], [ 108.765552, 33.944693 ], [ 108.765737, 33.944863 ], [ 108.765968, 33.945191 ], [ 108.766316, 33.945523 ], [ 108.766589, 33.9457 ], [ 108.767575, 33.946285 ], [ 108.768476, 33.946891 ], [ 108.768656, 33.947059 ], [ 108.768834, 33.947295 ], [ 108.768924, 33.947501 ], [ 108.768949, 33.94769 ], [ 108.768887, 33.94835 ], [ 108.768808, 33.948585 ], [ 108.768712, 33.948714 ], [ 108.768553, 33.94884 ], [ 108.768269, 33.948919 ], [ 108.767996, 33.948834 ], [ 108.767773, 33.948692 ], [ 108.767604, 33.948539 ], [ 108.767362, 33.948219 ], [ 108.767059, 33.94769 ], [ 108.766915, 33.947472 ], [ 108.766715, 33.947246 ], [ 108.766507, 33.947103 ], [ 108.766201, 33.947044 ], [ 108.765998, 33.947061 ], [ 108.765763, 33.94712 ], [ 108.765431, 33.947301 ], [ 108.76523, 33.947551 ], [ 108.765174, 33.947779 ], [ 108.765219, 33.948021 ], [ 108.765365, 33.948256 ], [ 108.765725, 33.948662 ], [ 108.765805, 33.948809 ], [ 108.765838, 33.948931 ], [ 108.765837, 33.949096 ], [ 108.765723, 33.949373 ], [ 108.765464, 33.949791 ], [ 108.76537, 33.94997 ], [ 108.765306, 33.95029 ], [ 108.765335, 33.950467 ], [ 108.765451, 33.950699 ], [ 108.765785, 33.951114 ], [ 108.765838, 33.951222 ], [ 108.765849, 33.95133 ], [ 108.765777, 33.951472 ], [ 108.76561, 33.951637 ], [ 108.765412, 33.951789 ], [ 108.765011, 33.952054 ], [ 108.764849, 33.952184 ], [ 108.764689, 33.952366 ], [ 108.764567, 33.952572 ], [ 108.764478, 33.952816 ], [ 108.764461, 33.952981 ], [ 108.764494, 33.953183 ], [ 108.764684, 33.953646 ], [ 108.764709, 33.953798 ], [ 108.764693, 33.953947 ], [ 108.764612, 33.954121 ], [ 108.764361, 33.954469 ], [ 108.764245, 33.954656 ], [ 108.76385, 33.955465 ], [ 108.763525, 33.955972 ], [ 108.763449, 33.956172 ], [ 108.763439, 33.956321 ], [ 108.763475, 33.956464 ], [ 108.763601, 33.956628 ], [ 108.763792, 33.956754 ], [ 108.764021, 33.956842 ], [ 108.764191, 33.956877 ], [ 108.76445, 33.956903 ], [ 108.765549, 33.956919 ], [ 108.765763, 33.956956 ], [ 108.765974, 33.957043 ], [ 108.766149, 33.957175 ], [ 108.766269, 33.95735 ], [ 108.766302, 33.957478 ], [ 108.766289, 33.957797 ], [ 108.766142, 33.958149 ], [ 108.765935, 33.958464 ], [ 108.765541, 33.95894 ], [ 108.764131, 33.960294 ], [ 108.763983, 33.960612 ], [ 108.764017, 33.960934 ], [ 108.764304, 33.961658 ], [ 108.764332, 33.961816 ], [ 108.764298, 33.961961 ], [ 108.764156, 33.962109 ], [ 108.762968, 33.962998 ], [ 108.7628, 33.96321 ], [ 108.762772, 33.96353 ], [ 108.763016, 33.964179 ], [ 108.762982, 33.964458 ], [ 108.762785, 33.964798 ], [ 108.762416, 33.965296 ], [ 108.762427, 33.966247 ], [ 108.76235, 33.967125 ], [ 108.762123, 33.96758 ], [ 108.761743, 33.968031 ], [ 108.761078, 33.968566 ], [ 108.759954, 33.969254 ], [ 108.759736, 33.969457 ], [ 108.75962, 33.969704 ], [ 108.759524, 33.970073 ], [ 108.759431, 33.970884 ], [ 108.75937, 33.971119 ], [ 108.759044, 33.971778 ], [ 108.75864, 33.972433 ], [ 108.758569, 33.972615 ], [ 108.758547, 33.972787 ], [ 108.758585, 33.972953 ], [ 108.758692, 33.973094 ], [ 108.758851, 33.973191 ], [ 108.759058, 33.973227 ], [ 108.75928, 33.973206 ], [ 108.760591, 33.97288 ], [ 108.761715, 33.972722 ], [ 108.762599, 33.972536 ], [ 108.762892, 33.972546 ], [ 108.763134, 33.972671 ], [ 108.763291, 33.972892 ], [ 108.763313, 33.973231 ], [ 108.763222, 33.97409 ], [ 108.76325, 33.97433 ], [ 108.763634, 33.9748 ], [ 108.763895, 33.97525 ], [ 108.764217, 33.975635 ], [ 108.764557, 33.975846 ], [ 108.764902, 33.975946 ], [ 108.765857, 33.975952 ], [ 108.766085, 33.97602 ], [ 108.766433, 33.976295 ], [ 108.766608, 33.976638 ], [ 108.76666, 33.97699 ], [ 108.766604, 33.977278 ], [ 108.766466, 33.97747 ], [ 108.766169, 33.977683 ], [ 108.765975, 33.977918 ], [ 108.765871, 33.978309 ], [ 108.765843, 33.97875 ], [ 108.765708, 33.979668 ], [ 108.765349, 33.980508 ], [ 108.765285, 33.980731 ], [ 108.765287, 33.98093 ], [ 108.765366, 33.981135 ], [ 108.765481, 33.981265 ], [ 108.765638, 33.98136 ], [ 108.765957, 33.981428 ], [ 108.766255, 33.981385 ], [ 108.76694, 33.981173 ], [ 108.767646, 33.981056 ], [ 108.768051, 33.98106 ], [ 108.768298, 33.98111 ], [ 108.768518, 33.98123 ], [ 108.768641, 33.98139 ], [ 108.768647, 33.981547 ], [ 108.768552, 33.981748 ], [ 108.768245, 33.982165 ], [ 108.767894, 33.982914 ], [ 108.767698, 33.983775 ], [ 108.767539, 33.985141 ], [ 108.767003, 33.987473 ], [ 108.766873, 33.987892 ], [ 108.766592, 33.988475 ], [ 108.766262, 33.988854 ], [ 108.765766, 33.989247 ], [ 108.765366, 33.9895 ], [ 108.763782, 33.990208 ], [ 108.7629, 33.990645 ], [ 108.761945, 33.991242 ], [ 108.759429, 33.992437 ], [ 108.758829, 33.992793 ], [ 108.75776, 33.993685 ], [ 108.757258, 33.994253 ], [ 108.756951, 33.99482 ], [ 108.75609, 33.996103 ], [ 108.755979, 33.996407 ], [ 108.756046, 33.996614 ], [ 108.756266, 33.996764 ], [ 108.756765, 33.996943 ], [ 108.756993, 33.997073 ], [ 108.757274, 33.997356 ], [ 108.757508, 33.997702 ], [ 108.757678, 33.998227 ], [ 108.757675, 33.998483 ], [ 108.757551, 33.999066 ], [ 108.757557, 33.999237 ], [ 108.757636, 33.999492 ], [ 108.75786, 33.999836 ], [ 108.757861, 34.000121 ], [ 108.757751, 34.000312 ], [ 108.75773, 34.000444 ], [ 108.757748, 34.000612 ], [ 108.758004, 34.000877 ], [ 108.758029, 34.000973 ], [ 108.758022, 34.001124 ], [ 108.75799, 34.001236 ], [ 108.757916, 34.001336 ], [ 108.757462, 34.0017 ], [ 108.757184, 34.002024 ], [ 108.7571, 34.002229 ], [ 108.757064, 34.002505 ], [ 108.757143, 34.002813 ], [ 108.757254, 34.003207 ], [ 108.757272, 34.003901 ], [ 108.757246, 34.004149 ], [ 108.756764, 34.004388 ], [ 108.756356, 34.004789 ], [ 108.75574, 34.006338 ], [ 108.75548, 34.007195 ], [ 108.75541, 34.007877 ], [ 108.755419, 34.008683 ], [ 108.755758, 34.009367 ], [ 108.756044, 34.00999 ], [ 108.756799, 34.010788 ], [ 108.757077, 34.011424 ], [ 108.757434, 34.012909 ], [ 108.757095, 34.014457 ], [ 108.756871, 34.01519 ], [ 108.758141, 34.017193 ], [ 108.754656, 34.019251 ], [ 108.754298, 34.020749 ], [ 108.75416, 34.021387 ], [ 108.754168, 34.022412 ], [ 108.754125, 34.027214 ], [ 108.754125, 34.027963 ], [ 108.754133, 34.028757 ], [ 108.754133, 34.029621 ], [ 108.754142, 34.030586 ], [ 108.754151, 34.031559 ], [ 108.754151, 34.032308 ], [ 108.753812, 34.034137 ], [ 108.75389, 34.034653 ], [ 108.754298, 34.03517 ], [ 108.754724, 34.035734 ], [ 108.755749, 34.036077 ], [ 108.756582, 34.036418 ], [ 108.75699, 34.036703 ], [ 108.757199, 34.037447 ], [ 108.757138, 34.038302 ], [ 108.756868, 34.039387 ], [ 108.756738, 34.040422 ], [ 108.755913, 34.040884 ], [ 108.755018, 34.041059 ], [ 108.753777, 34.041338 ], [ 108.752328, 34.041632 ], [ 108.751372, 34.041916 ], [ 108.750131, 34.042671 ], [ 108.749175, 34.043181 ], [ 108.748004, 34.043873 ], [ 108.747326, 34.044502 ], [ 108.746571, 34.045192 ], [ 108.746023, 34.045769 ], [ 108.744852, 34.04685 ], [ 108.743896, 34.047655 ], [ 108.743142, 34.048408 ], [ 108.742664, 34.049148 ], [ 108.742316, 34.049713 ], [ 108.741986, 34.050295 ], [ 108.741638, 34.050866 ], [ 108.741231, 34.051673 ], [ 108.740128, 34.052812 ], [ 108.739721, 34.053446 ], [ 108.739034, 34.054136 ], [ 108.738626, 34.054587 ], [ 108.73821, 34.055284 ], [ 108.738019, 34.056135 ], [ 108.737949, 34.057055 ], [ 108.738087, 34.057794 ], [ 108.738157, 34.05848 ], [ 108.738235, 34.059743 ], [ 108.737966, 34.061399 ], [ 108.737766, 34.062601 ], [ 108.737766, 34.063797 ], [ 108.737775, 34.064657 ], [ 108.737636, 34.065401 ], [ 108.737636, 34.066035 ], [ 108.737784, 34.066891 ], [ 108.737854, 34.067577 ], [ 108.73827, 34.068552 ], [ 108.73932, 34.070438 ], [ 108.741118, 34.073064 ], [ 108.741674, 34.073804 ], [ 108.74209, 34.074434 ], [ 108.742507, 34.075171 ], [ 108.742507, 34.07592 ], [ 108.742586, 34.077003 ], [ 108.742594, 34.077131 ], [ 108.742082, 34.080091 ], [ 108.739676, 34.083663 ], [ 108.737167, 34.085118 ], [ 108.735474, 34.086194 ], [ 108.735508, 34.086797 ], [ 108.735908, 34.087855 ], [ 108.737254, 34.088909 ], [ 108.739677, 34.090318 ], [ 108.739754, 34.090375 ], [ 108.742151, 34.093427 ], [ 108.742376, 34.093898 ], [ 108.742454, 34.094221 ], [ 108.742741, 34.095707 ], [ 108.743019, 34.096621 ], [ 108.743228, 34.097314 ], [ 108.743574, 34.097823 ], [ 108.743922, 34.098276 ], [ 108.744321, 34.098748 ], [ 108.747881, 34.099892 ], [ 108.750598, 34.099276 ], [ 108.753056, 34.09807 ], [ 108.754792, 34.096517 ], [ 108.756677, 34.097218 ], [ 108.757779, 34.10059 ], [ 108.7577, 34.103566 ], [ 108.756867, 34.105187 ], [ 108.756502, 34.105591 ], [ 108.756259, 34.106048 ], [ 108.755083, 34.10733 ], [ 108.754254, 34.108209 ], [ 108.753935, 34.108859 ], [ 108.753553, 34.109594 ], [ 108.753523, 34.110418 ], [ 108.753576, 34.110971 ], [ 108.753707, 34.111475 ], [ 108.75369, 34.111937 ], [ 108.753435, 34.113036 ], [ 108.752258, 34.11439 ], [ 108.751846, 34.115213 ], [ 108.751258, 34.116403 ], [ 108.751145, 34.1167 ], [ 108.751033, 34.116796 ], [ 108.750416, 34.117028 ], [ 108.74986, 34.117252 ], [ 108.748489, 34.11737 ], [ 108.747316, 34.117313 ], [ 108.745658, 34.117148 ], [ 108.744, 34.117098 ], [ 108.739936, 34.116644 ], [ 108.738764, 34.116767 ], [ 108.738631, 34.116774 ], [ 108.738606, 34.11678 ], [ 108.738583, 34.116776 ], [ 108.737592, 34.116826 ], [ 108.736359, 34.11683 ], [ 108.734632, 34.116834 ], [ 108.73326, 34.116718 ], [ 108.732287, 34.116667 ], [ 108.731601, 34.11684 ], [ 108.730984, 34.117351 ], [ 108.730637, 34.118157 ], [ 108.730238, 34.119016 ], [ 108.729752, 34.119816 ], [ 108.729552, 34.120389 ], [ 108.729283, 34.121423 ], [ 108.728736, 34.122562 ], [ 108.728258, 34.123705 ], [ 108.727572, 34.125029 ], [ 108.726748, 34.125823 ], [ 108.725923, 34.126854 ], [ 108.725653, 34.127435 ], [ 108.725315, 34.128006 ], [ 108.724968, 34.128692 ], [ 108.724698, 34.12903 ], [ 108.724351, 34.129438 ], [ 108.724082, 34.129723 ], [ 108.723119, 34.13013 ], [ 108.722085, 34.130297 ], [ 108.720705, 34.13019 ], [ 108.719394, 34.129956 ], [ 108.716772, 34.129793 ], [ 108.716017, 34.129678 ], [ 108.714498, 34.129684 ], [ 108.713681, 34.129862 ], [ 108.713195, 34.130033 ], [ 108.712648, 34.130663 ], [ 108.71217, 34.131177 ], [ 108.711832, 34.132047 ], [ 108.711822, 34.132064 ], [ 108.711819, 34.132079 ], [ 108.711615, 34.132606 ], [ 108.711692, 34.133579 ], [ 108.711632, 34.135122 ], [ 108.711632, 34.136554 ], [ 108.711919, 34.137757 ], [ 108.711919, 34.138839 ], [ 108.711988, 34.139814 ], [ 108.712066, 34.140844 ], [ 108.712074, 34.142159 ], [ 108.712282, 34.143128 ], [ 108.712189, 34.144127 ], [ 108.712186, 34.144141 ], [ 108.712186, 34.144156 ], [ 108.712084, 34.14525 ], [ 108.711814, 34.146272 ], [ 108.711675, 34.14719 ], [ 108.711476, 34.148279 ], [ 108.711441, 34.148891 ], [ 108.70631, 34.15166 ], [ 108.704469, 34.154017 ], [ 108.704408, 34.156367 ], [ 108.705151, 34.157711 ], [ 108.705156, 34.157726 ], [ 108.705168, 34.157741 ], [ 108.706371, 34.159915 ], [ 108.70684, 34.160815 ], [ 108.707464, 34.161675 ], [ 108.708366, 34.162531 ], [ 108.709062, 34.163036 ], [ 108.7094, 34.163322 ], [ 108.709678, 34.163555 ], [ 108.709956, 34.163784 ], [ 108.709956, 34.164182 ], [ 108.709687, 34.1647 ], [ 108.709339, 34.165098 ], [ 108.708515, 34.165506 ], [ 108.707342, 34.165909 ], [ 108.706448, 34.166251 ], [ 108.70473, 34.166887 ], [ 108.703557, 34.167291 ], [ 108.702593, 34.167457 ], [ 108.701014, 34.167518 ], [ 108.699494, 34.167753 ], [ 108.697983, 34.167869 ], [ 108.695848, 34.167819 ], [ 108.694876, 34.167817 ], [ 108.693218, 34.167878 ], [ 108.692185, 34.16811 ], [ 108.691429, 34.16839 ], [ 108.690812, 34.168676 ], [ 108.690188, 34.169147 ], [ 108.689918, 34.169825 ], [ 108.689442, 34.170979 ], [ 108.689033, 34.17218 ], [ 108.688694, 34.173316 ], [ 108.688078, 34.173954 ], [ 108.687114, 34.17458 ], [ 108.68622, 34.175258 ], [ 108.683564, 34.176028 ], [ 108.680308, 34.176968 ], [ 108.677496, 34.177497 ], [ 108.67569, 34.18055 ], [ 108.676115, 34.18273 ], [ 108.677965, 34.186045 ], [ 108.677071, 34.189785 ], [ 108.675248, 34.192353 ], [ 108.673885, 34.194567 ], [ 108.673346, 34.197829 ], [ 108.672721, 34.199374 ], [ 108.672045, 34.200407 ], [ 108.671358, 34.201662 ], [ 108.670057, 34.204352 ], [ 108.668962, 34.20653 ], [ 108.668485, 34.20762 ], [ 108.667661, 34.208479 ], [ 108.666836, 34.208931 ], [ 108.666072, 34.209341 ], [ 108.665734, 34.209795 ], [ 108.66483, 34.210819 ], [ 108.663459, 34.212321 ], [ 108.662704, 34.213232 ], [ 108.662166, 34.214322 ], [ 108.662027, 34.21512 ], [ 108.661888, 34.215804 ], [ 108.661897, 34.216605 ], [ 108.662035, 34.217177 ], [ 108.662383, 34.217804 ], [ 108.66266, 34.218323 ], [ 108.663007, 34.218665 ], [ 108.663554, 34.218888 ], [ 108.665212, 34.219519 ], [ 108.667357, 34.220264 ], [ 108.668737, 34.220602 ], [ 108.670256, 34.221171 ], [ 108.671496, 34.221682 ], [ 108.672886, 34.222078 ], [ 108.674188, 34.22259 ], [ 108.674952, 34.223219 ], [ 108.675507, 34.22402 ], [ 108.676063, 34.225617 ], [ 108.676618, 34.22716 ], [ 108.677382, 34.228538 ], [ 108.678146, 34.229506 ], [ 108.678771, 34.230022 ], [ 108.679812, 34.230647 ], [ 108.680637, 34.231158 ], [ 108.681601, 34.231726 ], [ 108.682365, 34.232297 ], [ 108.682851, 34.233152 ], [ 108.682851, 34.234184 ], [ 108.682652, 34.234875 ], [ 108.682035, 34.235788 ], [ 108.681489, 34.2363 ], [ 108.681002, 34.236705 ], [ 108.680385, 34.236937 ], [ 108.67997, 34.237219 ], [ 108.679492, 34.237507 ], [ 108.678945, 34.237685 ], [ 108.677626, 34.237624 ], [ 108.673302, 34.236697 ], [ 108.668667, 34.234143 ], [ 108.663884, 34.234191 ], [ 108.658181, 34.235557 ], [ 108.651723, 34.240813 ], [ 108.651081, 34.241217 ], [ 108.650048, 34.241845 ], [ 108.649154, 34.242712 ], [ 108.648399, 34.243628 ], [ 108.647305, 34.245344 ], [ 108.646411, 34.247573 ], [ 108.645109, 34.250325 ], [ 108.644632, 34.251468 ], [ 108.643807, 34.253643 ], [ 108.642375, 34.257762 ], [ 108.641689, 34.259255 ], [ 108.641004, 34.26011 ], [ 108.640448, 34.26051 ], [ 108.639971, 34.26131 ], [ 108.637497, 34.264114 ], [ 108.645603, 34.267414 ], [ 108.649318, 34.267625 ], [ 108.651862, 34.265252 ], [ 108.654075, 34.260346 ], [ 108.65451, 34.259226 ], [ 108.654857, 34.258314 ], [ 108.655403, 34.257288 ], [ 108.656159, 34.25614 ], [ 108.657052, 34.255339 ], [ 108.658224, 34.254531 ], [ 108.659257, 34.254192 ], [ 108.660568, 34.253331 ], [ 108.661323, 34.252581 ], [ 108.66167, 34.251841 ], [ 108.66187, 34.251212 ], [ 108.662208, 34.249551 ], [ 108.663094, 34.247318 ], [ 108.663849, 34.2464 ], [ 108.664543, 34.245884 ], [ 108.665159, 34.245543 ], [ 108.666263, 34.245309 ], [ 108.666887, 34.245195 ], [ 108.668068, 34.245048 ], [ 108.672851, 34.243458 ], [ 108.674143, 34.242566 ], [ 108.674389, 34.240448 ], [ 108.677098, 34.240474 ], [ 108.677454, 34.238472 ], [ 108.681138, 34.238663 ], [ 108.683847, 34.238804 ], [ 108.683897, 34.238086 ], [ 108.68477, 34.237876 ], [ 108.684847, 34.236815 ], [ 108.686524, 34.236882 ], [ 108.686613, 34.2385 ], [ 108.686771, 34.239166 ], [ 108.686769, 34.241483 ], [ 108.685188, 34.24295 ], [ 108.685104, 34.243424 ], [ 108.685018, 34.243666 ], [ 108.684487, 34.245162 ], [ 108.68525, 34.245685 ], [ 108.685144, 34.245987 ], [ 108.686115, 34.247726 ], [ 108.686714, 34.253234 ], [ 108.686852, 34.254085 ], [ 108.68714, 34.254597 ], [ 108.687157, 34.254639 ], [ 108.691315, 34.255843 ], [ 108.693911, 34.255748 ], [ 108.696125, 34.255552 ], [ 108.697002, 34.255568 ], [ 108.697427, 34.255867 ], [ 108.697522, 34.256699 ], [ 108.697426, 34.257649 ], [ 108.697062, 34.258659 ], [ 108.696202, 34.260359 ], [ 108.695708, 34.261102 ], [ 108.694683, 34.262254 ], [ 108.693788, 34.263625 ], [ 108.693242, 34.264542 ], [ 108.692903, 34.265457 ], [ 108.692626, 34.26626 ], [ 108.692357, 34.267516 ], [ 108.692149, 34.267959 ], [ 108.692162, 34.268088 ], [ 108.692037, 34.268196 ], [ 108.69174, 34.268829 ], [ 108.691807, 34.269217 ], [ 108.691666, 34.2693 ], [ 108.691597, 34.269485 ], [ 108.691653, 34.269688 ], [ 108.691907, 34.269792 ], [ 108.692096, 34.270891 ], [ 108.692443, 34.272034 ], [ 108.69286, 34.272835 ], [ 108.693893, 34.273918 ], [ 108.694657, 34.274437 ], [ 108.696324, 34.275114 ], [ 108.696349, 34.275118 ], [ 108.7026, 34.275731 ], [ 108.704745, 34.276185 ], [ 108.706612, 34.276753 ], [ 108.708617, 34.277207 ], [ 108.710544, 34.277323 ], [ 108.712063, 34.277316 ], [ 108.712724, 34.277247 ], [ 108.716916, 34.277072 ], [ 108.718731, 34.277118 ], [ 108.72058, 34.277452 ], [ 108.722387, 34.279306 ], [ 108.722569, 34.279596 ], [ 108.722673, 34.280625 ], [ 108.72322, 34.281506 ], [ 108.724219, 34.282186 ], [ 108.724974, 34.283052 ], [ 108.725417, 34.283844 ], [ 108.725599, 34.284343 ], [ 108.725868, 34.284825 ], [ 108.726475, 34.285188 ], [ 108.72737, 34.285463 ], [ 108.729992, 34.285507 ], [ 108.73063, 34.285578 ], [ 108.731268, 34.285649 ], [ 108.732449, 34.285247 ], [ 108.734333, 34.283737 ], [ 108.735592, 34.28283 ], [ 108.736886, 34.281227 ], [ 108.738292, 34.280018 ], [ 108.738996, 34.27938 ], [ 108.739542, 34.27887 ], [ 108.74002, 34.278347 ], [ 108.740776, 34.277721 ], [ 108.741818, 34.277372 ], [ 108.742364, 34.277423 ], [ 108.743737, 34.277534 ], [ 108.743154, 34.2796 ], [ 108.743464, 34.280762 ], [ 108.744414, 34.281535 ], [ 108.747235, 34.28347 ], [ 108.749033, 34.285908 ], [ 108.749124, 34.287083 ], [ 108.748819, 34.288389 ], [ 108.74821, 34.289173 ], [ 108.746424, 34.29061 ], [ 108.74416, 34.292786 ], [ 108.742548, 34.294309 ], [ 108.742287, 34.294876 ], [ 108.74233, 34.295398 ], [ 108.742712, 34.295994 ], [ 108.744983, 34.296861 ], [ 108.745559, 34.297615 ], [ 108.747148, 34.297613 ], [ 108.748737, 34.297552 ], [ 108.750734, 34.297372 ], [ 108.752679, 34.297254 ], [ 108.752818, 34.297245 ], [ 108.75604, 34.296816 ], [ 108.757437, 34.296439 ], [ 108.759504, 34.29604 ], [ 108.761535, 34.295692 ], [ 108.766805, 34.295312 ], [ 108.770521, 34.295186 ], [ 108.775314, 34.295539 ], [ 108.778005, 34.295769 ], [ 108.781774, 34.295865 ], [ 108.78858, 34.295327 ], [ 108.787703, 34.294694 ], [ 108.788771, 34.292768 ], [ 108.79075, 34.290147 ], [ 108.796828, 34.287907 ], [ 108.798382, 34.285425 ], [ 108.79859, 34.284097 ], [ 108.79892, 34.281577 ], [ 108.799806, 34.278198 ], [ 108.800083, 34.2777 ], [ 108.800819, 34.277187 ], [ 108.81222, 34.277238 ], [ 108.811786, 34.272884 ], [ 108.811612, 34.271338 ], [ 108.810814, 34.269382 ], [ 108.810102, 34.267945 ], [ 108.808201, 34.266034 ], [ 108.807107, 34.264484 ], [ 108.807159, 34.263605 ], [ 108.807619, 34.262783 ], [ 108.808166, 34.258015 ], [ 108.807029, 34.251708 ], [ 108.806352, 34.250326 ] ] ] ] } },
{ "type": "Feature", "properties": { "id": "610114", "name": "阎良区", "site": "www.poi86.com" }, "geometry": { "type": "MultiPolygon", "coordinates": [ [ [ [ 109.167927, 34.692984 ], [ 109.168595, 34.694234 ], [ 109.169438, 34.695203 ], [ 109.170418, 34.696053 ], [ 109.170905, 34.696451 ], [ 109.173344, 34.698038 ], [ 109.174047, 34.698554 ], [ 109.174984, 34.698981 ], [ 109.175429, 34.699634 ], [ 109.17568, 34.699705 ], [ 109.175877, 34.699697 ], [ 109.176016, 34.699554 ], [ 109.176139, 34.69926 ], [ 109.176132, 34.699017 ], [ 109.175914, 34.6986 ], [ 109.175806, 34.698157 ], [ 109.175944, 34.698063 ], [ 109.176235, 34.698164 ], [ 109.176421, 34.698349 ], [ 109.176711, 34.699354 ], [ 109.176986, 34.699257 ], [ 109.177318, 34.698976 ], [ 109.177495, 34.698909 ], [ 109.177788, 34.69894 ], [ 109.177882, 34.697634 ], [ 109.184994, 34.697982 ], [ 109.189501, 34.698284 ], [ 109.198352, 34.698335 ], [ 109.198316, 34.69876 ], [ 109.19836, 34.70215 ], [ 109.199339, 34.702358 ], [ 109.19984, 34.70243 ], [ 109.199898, 34.702102 ], [ 109.199456, 34.700859 ], [ 109.199173, 34.699784 ], [ 109.199217, 34.69923 ], [ 109.199325, 34.699076 ], [ 109.199464, 34.699009 ], [ 109.199723, 34.699082 ], [ 109.199935, 34.699526 ], [ 109.200242, 34.701253 ], [ 109.200421, 34.701681 ], [ 109.202064, 34.701634 ], [ 109.202042, 34.699374 ], [ 109.203506, 34.699433 ], [ 109.203737, 34.698969 ], [ 109.203916, 34.697524 ], [ 109.204001, 34.696545 ], [ 109.208817, 34.696725 ], [ 109.208857, 34.694661 ], [ 109.212229, 34.694258 ], [ 109.212637, 34.694314 ], [ 109.213687, 34.694304 ], [ 109.21452, 34.694193 ], [ 109.21479, 34.693899 ], [ 109.215345, 34.693331 ], [ 109.21596, 34.692868 ], [ 109.216439, 34.69246 ], [ 109.217549, 34.692111 ], [ 109.218304, 34.691877 ], [ 109.219276, 34.691874 ], [ 109.220179, 34.691865 ], [ 109.220665, 34.691974 ], [ 109.221854, 34.69254 ], [ 109.22352, 34.692813 ], [ 109.22484, 34.693152 ], [ 109.225673, 34.693433 ], [ 109.226141, 34.69352 ], [ 109.228614, 34.692878 ], [ 109.230177, 34.691747 ], [ 109.232789, 34.690331 ], [ 109.233996, 34.689339 ], [ 109.234447, 34.688998 ], [ 109.236685, 34.68834 ], [ 109.237683, 34.688336 ], [ 109.238821, 34.688449 ], [ 109.239229, 34.689023 ], [ 109.241051, 34.691131 ], [ 109.241104, 34.691274 ], [ 109.242231, 34.69429 ], [ 109.244869, 34.698214 ], [ 109.247278, 34.699779 ], [ 109.247881, 34.700044 ], [ 109.24842, 34.700037 ], [ 109.249113, 34.699924 ], [ 109.249938, 34.699458 ], [ 109.250563, 34.69905 ], [ 109.251596, 34.698183 ], [ 109.252837, 34.69755 ], [ 109.252976, 34.697422 ], [ 109.254841, 34.695891 ], [ 109.255449, 34.695473 ], [ 109.256968, 34.694833 ], [ 109.258009, 34.694597 ], [ 109.259537, 34.694529 ], [ 109.260231, 34.69453 ], [ 109.261689, 34.695148 ], [ 109.263502, 34.696226 ], [ 109.264762, 34.697191 ], [ 109.26595, 34.697918 ], [ 109.267, 34.698491 ], [ 109.267756, 34.698773 ], [ 109.268875, 34.699052 ], [ 109.270472, 34.699153 ], [ 109.271852, 34.699199 ], [ 109.27311, 34.699073 ], [ 109.274282, 34.698837 ], [ 109.275315, 34.698548 ], [ 109.276426, 34.697849 ], [ 109.276973, 34.697213 ], [ 109.277519, 34.696241 ], [ 109.27784, 34.694578 ], [ 109.278308, 34.692695 ], [ 109.278647, 34.691429 ], [ 109.279116, 34.690451 ], [ 109.279393, 34.68988 ], [ 109.28001, 34.689417 ], [ 109.280774, 34.689066 ], [ 109.281529, 34.688833 ], [ 109.28264, 34.688769 ], [ 109.283333, 34.688934 ], [ 109.284029, 34.689104 ], [ 109.285417, 34.689321 ], [ 109.287917, 34.689541 ], [ 109.289166, 34.689527 ], [ 109.290346, 34.689227 ], [ 109.291319, 34.689167 ], [ 109.292282, 34.689049 ], [ 109.293732, 34.688869 ], [ 109.294851, 34.688977 ], [ 109.295824, 34.689313 ], [ 109.296943, 34.690393 ], [ 109.297507, 34.691245 ], [ 109.298072, 34.692093 ], [ 109.29906, 34.693234 ], [ 109.299964, 34.694031 ], [ 109.300944, 34.694423 ], [ 109.302472, 34.694588 ], [ 109.30386, 34.69458 ], [ 109.305935, 34.694673 ], [ 109.308713, 34.694657 ], [ 109.310518, 34.694593 ], [ 109.312532, 34.694577 ], [ 109.313921, 34.694568 ], [ 109.315786, 34.69478 ], [ 109.317531, 34.695115 ], [ 109.320378, 34.695718 ], [ 109.322679, 34.696339 ], [ 109.324346, 34.696612 ], [ 109.325179, 34.696831 ], [ 109.326498, 34.697227 ], [ 109.329771, 34.698172 ], [ 109.332349, 34.698958 ], [ 109.3336, 34.699238 ], [ 109.335484, 34.699742 ], [ 109.336594, 34.700241 ], [ 109.337714, 34.700922 ], [ 109.338834, 34.701606 ], [ 109.340023, 34.702448 ], [ 109.340718, 34.702965 ], [ 109.341351, 34.703705 ], [ 109.341986, 34.704551 ], [ 109.342689, 34.705465 ], [ 109.343192, 34.706836 ], [ 109.343418, 34.708149 ], [ 109.343495, 34.70907 ], [ 109.343869, 34.710606 ], [ 109.344703, 34.711456 ], [ 109.345823, 34.712364 ], [ 109.347359, 34.71282 ], [ 109.347984, 34.712807 ], [ 109.349304, 34.713547 ], [ 109.350493, 34.714283 ], [ 109.352256, 34.716099 ], [ 109.353315, 34.71792 ], [ 109.353749, 34.719518 ], [ 109.353844, 34.721523 ], [ 109.353514, 34.723528 ], [ 109.353462, 34.725077 ], [ 109.353627, 34.726675 ], [ 109.353845, 34.728046 ], [ 109.35414, 34.729645 ], [ 109.354374, 34.731416 ], [ 109.354522, 34.732851 ], [ 109.354747, 34.733648 ], [ 109.355251, 34.735012 ], [ 109.355746, 34.735987 ], [ 109.35624, 34.736959 ], [ 109.356883, 34.738496 ], [ 109.357795, 34.73918 ], [ 109.358637, 34.739854 ], [ 109.359331, 34.74008 ], [ 109.359748, 34.740248 ], [ 109.360382, 34.740248 ], [ 109.361832, 34.740128 ], [ 109.363151, 34.739656 ], [ 109.36619, 34.738949 ], [ 109.366955, 34.738827 ], [ 109.368761, 34.73876 ], [ 109.370496, 34.738682 ], [ 109.372225, 34.738737 ], [ 109.374456, 34.738774 ], [ 109.378346, 34.739665 ], [ 109.380864, 34.740209 ], [ 109.382739, 34.740601 ], [ 109.385518, 34.740805 ], [ 109.387323, 34.74074 ], [ 109.3894, 34.740553 ], [ 109.391483, 34.740253 ], [ 109.393081, 34.740123 ], [ 109.393845, 34.740119 ], [ 109.3946, 34.740052 ], [ 109.395573, 34.740105 ], [ 109.396754, 34.740329 ], [ 109.39829, 34.740836 ], [ 109.399689, 34.741393 ], [ 109.400592, 34.7419 ], [ 109.401573, 34.742408 ], [ 109.402554, 34.743038 ], [ 109.403466, 34.743546 ], [ 109.404308, 34.743882 ], [ 109.404682, 34.743995 ], [ 109.405446, 34.744013 ], [ 109.405741, 34.743807 ], [ 109.406444, 34.742772 ], [ 109.4066, 34.742532 ], [ 109.407356, 34.741653 ], [ 109.408059, 34.74113 ], [ 109.408572, 34.740819 ], [ 109.409804, 34.739943 ], [ 109.410768, 34.739081 ], [ 109.411524, 34.738047 ], [ 109.411932, 34.737066 ], [ 109.412262, 34.736157 ], [ 109.412453, 34.734896 ], [ 109.412644, 34.733346 ], [ 109.412913, 34.732314 ], [ 109.413173, 34.730936 ], [ 109.413217, 34.729388 ], [ 109.413686, 34.727676 ], [ 109.414571, 34.726062 ], [ 109.415518, 34.724109 ], [ 109.416751, 34.722495 ], [ 109.417706, 34.721462 ], [ 109.41854, 34.720943 ], [ 109.42032, 34.71955 ], [ 109.42302, 34.718332 ], [ 109.4248, 34.716885 ], [ 109.425278, 34.715966 ], [ 109.4252, 34.715398 ], [ 109.424496, 34.714777 ], [ 109.423523, 34.714211 ], [ 109.422821, 34.713869 ], [ 109.421709, 34.713591 ], [ 109.420102, 34.712921 ], [ 109.418774, 34.712185 ], [ 109.417932, 34.711386 ], [ 109.417298, 34.710533 ], [ 109.416733, 34.709741 ], [ 109.416369, 34.708998 ], [ 109.415805, 34.7078 ], [ 109.415787, 34.706826 ], [ 109.415891, 34.704211 ], [ 109.416395, 34.700862 ], [ 109.418504, 34.69544 ], [ 109.420068, 34.693227 ], [ 109.421196, 34.692233 ], [ 109.423384, 34.69068 ], [ 109.423767, 34.690508 ], [ 109.425382, 34.688964 ], [ 109.425651, 34.687846 ], [ 109.425234, 34.687196 ], [ 109.424782, 34.686584 ], [ 109.42407, 34.686112 ], [ 109.423879, 34.686049 ], [ 109.422056, 34.685353 ], [ 109.420449, 34.684446 ], [ 109.419286, 34.683495 ], [ 109.418113, 34.681824 ], [ 109.417948, 34.680546 ], [ 109.418028, 34.67969 ], [ 109.41834, 34.676822 ], [ 109.418478, 34.675242 ], [ 109.419295, 34.665665 ], [ 109.42138, 34.656985 ], [ 109.419677, 34.65744 ], [ 109.418687, 34.657427 ], [ 109.416438, 34.657383 ], [ 109.415387, 34.656793 ], [ 109.41293, 34.655753 ], [ 109.410481, 34.654856 ], [ 109.410047, 34.652827 ], [ 109.408858, 34.6522 ], [ 109.408233, 34.651919 ], [ 109.407789, 34.652038 ], [ 109.406764, 34.651997 ], [ 109.402449, 34.651758 ], [ 109.400652, 34.651698 ], [ 109.399836, 34.652134 ], [ 109.399419, 34.652933 ], [ 109.398542, 34.653961 ], [ 109.398255, 34.654176 ], [ 109.397612, 34.654241 ], [ 109.391248, 34.653438 ], [ 109.390806, 34.65274 ], [ 109.390267, 34.650961 ], [ 109.389997, 34.65055 ], [ 109.388018, 34.650304 ], [ 109.386715, 34.650471 ], [ 109.385647, 34.651082 ], [ 109.385205, 34.652051 ], [ 109.38464, 34.652411 ], [ 109.382903, 34.652367 ], [ 109.381932, 34.650789 ], [ 109.380846, 34.649508 ], [ 109.379917, 34.648132 ], [ 109.379127, 34.646336 ], [ 109.374933, 34.645604 ], [ 109.372849, 34.644962 ], [ 109.372258, 34.643076 ], [ 109.371607, 34.642596 ], [ 109.360755, 34.641892 ], [ 109.359921, 34.642339 ], [ 109.359426, 34.643348 ], [ 109.358932, 34.643745 ], [ 109.358046, 34.643734 ], [ 109.356822, 34.64366 ], [ 109.356327, 34.642862 ], [ 109.356301, 34.640635 ], [ 109.35644, 34.637015 ], [ 109.35591, 34.636012 ], [ 109.354973, 34.635428 ], [ 109.353228, 34.635003 ], [ 109.35209, 34.634764 ], [ 109.351879, 34.634429 ], [ 109.352085, 34.634246 ], [ 109.352329, 34.633905 ], [ 109.352431, 34.633544 ], [ 109.352376, 34.632981 ], [ 109.35219, 34.632147 ], [ 109.352202, 34.630924 ], [ 109.352137, 34.630487 ], [ 109.351486, 34.62949 ], [ 109.350819, 34.628765 ], [ 109.350552, 34.628389 ], [ 109.35055, 34.628025 ], [ 109.350715, 34.62778 ], [ 109.351056, 34.627543 ], [ 109.351509, 34.62742 ], [ 109.351879, 34.627432 ], [ 109.353863, 34.62774 ], [ 109.354157, 34.627755 ], [ 109.354492, 34.627666 ], [ 109.354813, 34.627339 ], [ 109.354915, 34.627019 ], [ 109.35495, 34.626617 ], [ 109.35493, 34.626231 ], [ 109.354633, 34.625165 ], [ 109.353287, 34.623069 ], [ 109.353266, 34.622777 ], [ 109.35352, 34.622287 ], [ 109.353551, 34.622114 ], [ 109.353528, 34.621965 ], [ 109.353173, 34.621661 ], [ 109.352501, 34.621356 ], [ 109.352221, 34.621085 ], [ 109.35217, 34.620688 ], [ 109.352321, 34.620499 ], [ 109.352861, 34.620369 ], [ 109.353283, 34.620149 ], [ 109.354165, 34.619429 ], [ 109.355805, 34.618513 ], [ 109.356717, 34.61799 ], [ 109.357642, 34.61772 ], [ 109.358286, 34.617651 ], [ 109.35984, 34.617675 ], [ 109.36022, 34.617816 ], [ 109.360926, 34.61867 ], [ 109.361405, 34.619216 ], [ 109.3618, 34.619498 ], [ 109.362163, 34.619475 ], [ 109.362454, 34.619335 ], [ 109.362669, 34.618975 ], [ 109.362646, 34.618403 ], [ 109.362458, 34.617709 ], [ 109.362032, 34.616946 ], [ 109.361537, 34.616366 ], [ 109.361153, 34.616163 ], [ 109.359876, 34.615626 ], [ 109.359192, 34.615094 ], [ 109.358531, 34.614894 ], [ 109.358336, 34.614629 ], [ 109.35828, 34.61434 ], [ 109.358242, 34.613586 ], [ 109.358242, 34.613329 ], [ 109.358321, 34.613155 ], [ 109.358825, 34.612602 ], [ 109.359247, 34.611295 ], [ 109.35922, 34.6107 ], [ 109.358851, 34.610346 ], [ 109.35792, 34.609862 ], [ 109.35711, 34.609564 ], [ 109.356249, 34.609332 ], [ 109.35554, 34.609439 ], [ 109.354658, 34.609776 ], [ 109.35419, 34.60999 ], [ 109.353235, 34.610041 ], [ 109.352354, 34.609783 ], [ 109.35168, 34.609439 ], [ 109.351158, 34.608978 ], [ 109.350975, 34.608636 ], [ 109.350902, 34.608156 ], [ 109.351055, 34.607696 ], [ 109.351372, 34.607328 ], [ 109.351802, 34.607 ], [ 109.352369, 34.606687 ], [ 109.35276, 34.606381 ], [ 109.35281, 34.606036 ], [ 109.352579, 34.605745 ], [ 109.351747, 34.605489 ], [ 109.351039, 34.605382 ], [ 109.350187, 34.605147 ], [ 109.349463, 34.604845 ], [ 109.348922, 34.60422 ], [ 109.348281, 34.602876 ], [ 109.348068, 34.602268 ], [ 109.34779, 34.601784 ], [ 109.347493, 34.601497 ], [ 109.347346, 34.602108 ], [ 109.347112, 34.602675 ], [ 109.34667, 34.603396 ], [ 109.34656, 34.603881 ], [ 109.346661, 34.604401 ], [ 109.347441, 34.605624 ], [ 109.347571, 34.606055 ], [ 109.347507, 34.606488 ], [ 109.347295, 34.606809 ], [ 109.346747, 34.607101 ], [ 109.345789, 34.607401 ], [ 109.344882, 34.607545 ], [ 109.344184, 34.607527 ], [ 109.343571, 34.607362 ], [ 109.34281, 34.60673 ], [ 109.341801, 34.606377 ], [ 109.340947, 34.606199 ], [ 109.339962, 34.606666 ], [ 109.338989, 34.606833 ], [ 109.338159, 34.606563 ], [ 109.337722, 34.606282 ], [ 109.337576, 34.605377 ], [ 109.337494, 34.604555 ], [ 109.336983, 34.604118 ], [ 109.335933, 34.604045 ], [ 109.333833, 34.604107 ], [ 109.331167, 34.602963 ], [ 109.329535, 34.602735 ], [ 109.328213, 34.602807 ], [ 109.327037, 34.603036 ], [ 109.326194, 34.602891 ], [ 109.325039, 34.602505 ], [ 109.324061, 34.602349 ], [ 109.321228, 34.602321 ], [ 109.315749, 34.600883 ], [ 109.313346, 34.600664 ], [ 109.311349, 34.600695 ], [ 109.310662, 34.600394 ], [ 109.310329, 34.599926 ], [ 109.31037, 34.5995 ], [ 109.311203, 34.597939 ], [ 109.311026, 34.597439 ], [ 109.310496, 34.597138 ], [ 109.309487, 34.59694 ], [ 109.307926, 34.596701 ], [ 109.305658, 34.596607 ], [ 109.304191, 34.596504 ], [ 109.303515, 34.596316 ], [ 109.303089, 34.596004 ], [ 109.302631, 34.59538 ], [ 109.302256, 34.594621 ], [ 109.301809, 34.594454 ], [ 109.301205, 34.594267 ], [ 109.300602, 34.593872 ], [ 109.299822, 34.593748 ], [ 109.298689, 34.593736 ], [ 109.298054, 34.593571 ], [ 109.297408, 34.593372 ], [ 109.296795, 34.593394 ], [ 109.295675, 34.593528 ], [ 109.294725, 34.59383 ], [ 109.294101, 34.593903 ], [ 109.293774, 34.593812 ], [ 109.29332, 34.593508 ], [ 109.292956, 34.592582 ], [ 109.292602, 34.592385 ], [ 109.292114, 34.592478 ], [ 109.291532, 34.592822 ], [ 109.29092, 34.593217 ], [ 109.290493, 34.593268 ], [ 109.289482, 34.593187 ], [ 109.288109, 34.593062 ], [ 109.285634, 34.592947 ], [ 109.284645, 34.592823 ], [ 109.283542, 34.592532 ], [ 109.282673, 34.592129 ], [ 109.282336, 34.59196 ], [ 109.282044, 34.592064 ], [ 109.281555, 34.592427 ], [ 109.281077, 34.592615 ], [ 109.280598, 34.592512 ], [ 109.280058, 34.592169 ], [ 109.279673, 34.592026 ], [ 109.279271, 34.592013 ], [ 109.273473, 34.592762 ], [ 109.272922, 34.59272 ], [ 109.272257, 34.592554 ], [ 109.270915, 34.591951 ], [ 109.270437, 34.591899 ], [ 109.268917, 34.592284 ], [ 109.268388, 34.592299 ], [ 109.26799, 34.592299 ], [ 109.267625, 34.592107 ], [ 109.266574, 34.590987 ], [ 109.265888, 34.59081 ], [ 109.265325, 34.590893 ], [ 109.264735, 34.591642 ], [ 109.264423, 34.593298 ], [ 109.26408, 34.594014 ], [ 109.263074, 34.594437 ], [ 109.262669, 34.594442 ], [ 109.259564, 34.594042 ], [ 109.258301, 34.593729 ], [ 109.256751, 34.593479 ], [ 109.251166, 34.592958 ], [ 109.250391, 34.592737 ], [ 109.249287, 34.59275 ], [ 109.247189, 34.592638 ], [ 109.244972, 34.592434 ], [ 109.243409, 34.592202 ], [ 109.241069, 34.592093 ], [ 109.238994, 34.591711 ], [ 109.236046, 34.591262 ], [ 109.234803, 34.590935 ], [ 109.233566, 34.590733 ], [ 109.23137, 34.590594 ], [ 109.229893, 34.590547 ], [ 109.229577, 34.59054 ], [ 109.229194, 34.590464 ], [ 109.228866, 34.590341 ], [ 109.228377, 34.590138 ], [ 109.228, 34.590013 ], [ 109.227614, 34.589933 ], [ 109.227217, 34.589907 ], [ 109.226814, 34.589928 ], [ 109.2262, 34.590018 ], [ 109.225797, 34.590094 ], [ 109.225412, 34.590128 ], [ 109.225157, 34.590086 ], [ 109.224927, 34.589984 ], [ 109.224721, 34.589815 ], [ 109.224552, 34.589601 ], [ 109.224439, 34.589364 ], [ 109.224356, 34.588983 ], [ 109.224341, 34.588664 ], [ 109.224308, 34.588415 ], [ 109.22422, 34.588217 ], [ 109.224077, 34.588063 ], [ 109.223926, 34.587981 ], [ 109.223683, 34.587926 ], [ 109.223415, 34.587922 ], [ 109.223153, 34.587967 ], [ 109.222943, 34.588069 ], [ 109.222789, 34.588224 ], [ 109.222677, 34.588414 ], [ 109.222549, 34.588822 ], [ 109.222447, 34.589581 ], [ 109.222285, 34.590554 ], [ 109.222194, 34.591132 ], [ 109.222064, 34.591609 ], [ 109.221907, 34.59202 ], [ 109.22175, 34.59239 ], [ 109.221606, 34.592657 ], [ 109.221407, 34.592919 ], [ 109.22115, 34.593163 ], [ 109.220852, 34.593378 ], [ 109.220543, 34.593556 ], [ 109.220122, 34.593722 ], [ 109.219754, 34.593806 ], [ 109.219492, 34.59383 ], [ 109.219219, 34.593826 ], [ 109.218998, 34.593801 ], [ 109.218884, 34.593777 ], [ 109.218163, 34.593537 ], [ 109.216204, 34.592848 ], [ 109.215225, 34.592822 ], [ 109.214352, 34.59314 ], [ 109.213055, 34.593696 ], [ 109.211414, 34.593855 ], [ 109.210329, 34.594173 ], [ 109.209515, 34.594916 ], [ 109.209032, 34.59502 ], [ 109.208529, 34.594914 ], [ 109.207974, 34.594094 ], [ 109.207312, 34.593749 ], [ 109.20665, 34.594014 ], [ 109.206094, 34.595206 ], [ 109.205512, 34.597244 ], [ 109.204847, 34.598046 ], [ 109.202964, 34.598331 ], [ 109.20247, 34.599034 ], [ 109.20278, 34.600005 ], [ 109.202804, 34.600617 ], [ 109.202537, 34.601379 ], [ 109.202109, 34.60184 ], [ 109.200016, 34.602317 ], [ 109.199027, 34.602862 ], [ 109.19876, 34.603466 ], [ 109.199019, 34.604512 ], [ 109.199002, 34.605057 ], [ 109.198568, 34.60571 ], [ 109.197981, 34.605969 ], [ 109.196582, 34.606162 ], [ 109.19474, 34.606213 ], [ 109.193911, 34.606514 ], [ 109.193325, 34.606908 ], [ 109.193091, 34.607285 ], [ 109.193132, 34.609195 ], [ 109.193048, 34.609814 ], [ 109.193023, 34.611054 ], [ 109.192915, 34.612537 ], [ 109.192663, 34.613357 ], [ 109.192337, 34.614529 ], [ 109.192253, 34.615526 ], [ 109.191801, 34.616482 ], [ 109.191642, 34.618064 ], [ 109.191491, 34.618734 ], [ 109.190545, 34.620384 ], [ 109.189766, 34.622035 ], [ 109.189113, 34.623048 ], [ 109.188501, 34.623894 ], [ 109.187145, 34.624421 ], [ 109.185478, 34.624916 ], [ 109.183895, 34.625419 ], [ 109.18227, 34.625511 ], [ 109.181056, 34.62593 ], [ 109.180478, 34.626649 ], [ 109.179858, 34.627261 ], [ 109.179012, 34.628568 ], [ 109.178761, 34.629464 ], [ 109.178795, 34.631214 ], [ 109.179122, 34.632018 ], [ 109.179406, 34.632982 ], [ 109.179306, 34.633677 ], [ 109.178836, 34.634079 ], [ 109.177891, 34.634313 ], [ 109.177053, 34.634623 ], [ 109.174867, 34.6367 ], [ 109.173585, 34.63794 ], [ 109.171131, 34.639414 ], [ 109.169531, 34.640511 ], [ 109.168519, 34.640905 ], [ 109.167271, 34.641659 ], [ 109.166793, 34.642563 ], [ 109.166747, 34.64363 ], [ 109.166768, 34.644883 ], [ 109.166391, 34.645302 ], [ 109.165921, 34.645205 ], [ 109.164833, 34.644825 ], [ 109.164255, 34.644933 ], [ 109.163896, 34.645386 ], [ 109.163493, 34.646366 ], [ 109.162999, 34.646901 ], [ 109.162371, 34.647143 ], [ 109.161818, 34.646943 ], [ 109.160687, 34.646826 ], [ 109.158406, 34.646846 ], [ 109.157094, 34.646584 ], [ 109.156248, 34.646365 ], [ 109.155058, 34.646281 ], [ 109.153634, 34.646056 ], [ 109.150887, 34.645745 ], [ 109.151042, 34.648327 ], [ 109.150834, 34.648611 ], [ 109.150513, 34.650273 ], [ 109.150426, 34.651057 ], [ 109.150383, 34.651534 ], [ 109.150321, 34.653085 ], [ 109.15033, 34.654057 ], [ 109.150556, 34.65525 ], [ 109.150972, 34.656224 ], [ 109.151894, 34.657478 ], [ 109.153082, 34.658562 ], [ 109.154611, 34.659927 ], [ 109.155939, 34.661118 ], [ 109.157484, 34.662423 ], [ 109.158812, 34.663452 ], [ 109.159924, 34.664467 ], [ 109.160774, 34.665266 ], [ 109.161746, 34.66629 ], [ 109.16217, 34.666708 ], [ 109.162177, 34.666738 ], [ 109.162193, 34.66673 ], [ 109.163074, 34.667599 ], [ 109.164055, 34.668911 ], [ 109.164837, 34.670114 ], [ 109.165124, 34.670911 ], [ 109.165479, 34.67188 ], [ 109.165626, 34.672738 ], [ 109.165635, 34.673649 ], [ 109.165149, 34.674569 ], [ 109.16488, 34.674706 ], [ 109.162883, 34.677833 ], [ 109.163005, 34.681996 ], [ 109.163908, 34.685431 ], [ 109.16482, 34.686697 ], [ 109.167571, 34.689615 ], [ 109.168231, 34.6916 ], [ 109.167927, 34.692984 ] ] ] ] } },
{ "type": "Feature", "properties": { "id": "610113", "name": "雁塔区", "site": "www.poi86.com" }, "geometry": { "type": "MultiPolygon", "coordinates": [ [ [ [ 109.051301, 34.186509 ], [ 109.05127, 34.186527 ], [ 109.049395, 34.187906 ], [ 109.048641, 34.18837 ], [ 109.047815, 34.188599 ], [ 109.047051, 34.188606 ], [ 109.045671, 34.188096 ], [ 109.04449, 34.187355 ], [ 109.042346, 34.18651 ], [ 109.039298, 34.184922 ], [ 109.037709, 34.18447 ], [ 109.036042, 34.183561 ], [ 109.035287, 34.183107 ], [ 109.034106, 34.182196 ], [ 109.032926, 34.180889 ], [ 109.031883, 34.180099 ], [ 109.030634, 34.179065 ], [ 109.030078, 34.178619 ], [ 109.029662, 34.178332 ], [ 109.028758, 34.177874 ], [ 109.028143, 34.17771 ], [ 109.027378, 34.177479 ], [ 109.026475, 34.17726 ], [ 109.02558, 34.177203 ], [ 109.024556, 34.177266 ], [ 109.023315, 34.177493 ], [ 109.021865, 34.177854 ], [ 109.020701, 34.178717 ], [ 109.01926, 34.179182 ], [ 109.018948, 34.179338 ], [ 109.014816, 34.18004 ], [ 109.010623, 34.179778 ], [ 109.008038, 34.179523 ], [ 109.008025, 34.179506 ], [ 109.007992, 34.17952 ], [ 109.005493, 34.179274 ], [ 109.004911, 34.179073 ], [ 109.003878, 34.178623 ], [ 109.003045, 34.178276 ], [ 109.001664, 34.177373 ], [ 109.000692, 34.176856 ], [ 108.999868, 34.176349 ], [ 108.998895, 34.175721 ], [ 108.997854, 34.175268 ], [ 108.99696, 34.174988 ], [ 108.995623, 34.1747 ], [ 108.995614, 34.17378 ], [ 108.993132, 34.173708 ], [ 108.993181, 34.173146 ], [ 108.99248, 34.173099 ], [ 108.991509, 34.172164 ], [ 108.991098, 34.171923 ], [ 108.990008, 34.171472 ], [ 108.989127, 34.171359 ], [ 108.986674, 34.171436 ], [ 108.983886, 34.170989 ], [ 108.981807, 34.170573 ], [ 108.981545, 34.17131 ], [ 108.981379, 34.172111 ], [ 108.980258, 34.171939 ], [ 108.979185, 34.175642 ], [ 108.979076, 34.175701 ], [ 108.977602, 34.175383 ], [ 108.976732, 34.177506 ], [ 108.976215, 34.177964 ], [ 108.97481, 34.177782 ], [ 108.974922, 34.176832 ], [ 108.973463, 34.17635 ], [ 108.972951, 34.177775 ], [ 108.972238, 34.177786 ], [ 108.972182, 34.178961 ], [ 108.971066, 34.178878 ], [ 108.970853, 34.180517 ], [ 108.967497, 34.180439 ], [ 108.967523, 34.179847 ], [ 108.964293, 34.179448 ], [ 108.961884, 34.178988 ], [ 108.961397, 34.178979 ], [ 108.961351, 34.17967 ], [ 108.959729, 34.179629 ], [ 108.959777, 34.182109 ], [ 108.958116, 34.182348 ], [ 108.95786, 34.184481 ], [ 108.955637, 34.18422 ], [ 108.955636, 34.182949 ], [ 108.955741, 34.180344 ], [ 108.951248, 34.180223 ], [ 108.951183, 34.179844 ], [ 108.951235, 34.178887 ], [ 108.948128, 34.178527 ], [ 108.948265, 34.177652 ], [ 108.948294, 34.17714 ], [ 108.948341, 34.17633 ], [ 108.948554, 34.175212 ], [ 108.945065, 34.175166 ], [ 108.945063, 34.174303 ], [ 108.945062, 34.174029 ], [ 108.944662, 34.174018 ], [ 108.944505, 34.176176 ], [ 108.940954, 34.176086 ], [ 108.940859, 34.176292 ], [ 108.941317, 34.178078 ], [ 108.940897, 34.178196 ], [ 108.940764, 34.178233 ], [ 108.940575, 34.177693 ], [ 108.940427, 34.177728 ], [ 108.940326, 34.177686 ], [ 108.940217, 34.177459 ], [ 108.940184, 34.177132 ], [ 108.93944, 34.177121 ], [ 108.939326, 34.177173 ], [ 108.939364, 34.177429 ], [ 108.93942, 34.178041 ], [ 108.939368, 34.178581 ], [ 108.938878, 34.178551 ], [ 108.938865, 34.178816 ], [ 108.93856, 34.178817 ], [ 108.938338, 34.179273 ], [ 108.938271, 34.179464 ], [ 108.935835, 34.178996 ], [ 108.935782, 34.178751 ], [ 108.934758, 34.178742 ], [ 108.934476, 34.177559 ], [ 108.931378, 34.177606 ], [ 108.931391, 34.179803 ], [ 108.931011, 34.179841 ], [ 108.930802, 34.178984 ], [ 108.930608, 34.178988 ], [ 108.930715, 34.180063 ], [ 108.930403, 34.180057 ], [ 108.930404, 34.180379 ], [ 108.929321, 34.180331 ], [ 108.929064, 34.178906 ], [ 108.924534, 34.178893 ], [ 108.924564, 34.179497 ], [ 108.925434, 34.179505 ], [ 108.925421, 34.179666 ], [ 108.92373, 34.179972 ], [ 108.923724, 34.180242 ], [ 108.921391, 34.180802 ], [ 108.919134, 34.181494 ], [ 108.918118, 34.181461 ], [ 108.916335, 34.181636 ], [ 108.916396, 34.179144 ], [ 108.913826, 34.179146 ], [ 108.912824, 34.176837 ], [ 108.912774, 34.176624 ], [ 108.913263, 34.176472 ], [ 108.912928, 34.175564 ], [ 108.913864, 34.173861 ], [ 108.913059, 34.173682 ], [ 108.91005, 34.173025 ], [ 108.90847, 34.172784 ], [ 108.908014, 34.171513 ], [ 108.907435, 34.172027 ], [ 108.907684, 34.172971 ], [ 108.907177, 34.172891 ], [ 108.906963, 34.172292 ], [ 108.906757, 34.17222 ], [ 108.906476, 34.172423 ], [ 108.906341, 34.172407 ], [ 108.906135, 34.171922 ], [ 108.905463, 34.171874 ], [ 108.905065, 34.169831 ], [ 108.904652, 34.16872 ], [ 108.901569, 34.169068 ], [ 108.901409, 34.169405 ], [ 108.898497, 34.169534 ], [ 108.898193, 34.17049 ], [ 108.897582, 34.17048 ], [ 108.897616, 34.171582 ], [ 108.897138, 34.171611 ], [ 108.897168, 34.172214 ], [ 108.89427, 34.172253 ], [ 108.894293, 34.170882 ], [ 108.893628, 34.170782 ], [ 108.893549, 34.169565 ], [ 108.89229, 34.169535 ], [ 108.892105, 34.169077 ], [ 108.8896, 34.169105 ], [ 108.889564, 34.167643 ], [ 108.887991, 34.167519 ], [ 108.886153, 34.16756 ], [ 108.885936, 34.166868 ], [ 108.885051, 34.165782 ], [ 108.882306, 34.166312 ], [ 108.879121, 34.165951 ], [ 108.87836, 34.165864 ], [ 108.878028, 34.165894 ], [ 108.87823, 34.166222 ], [ 108.878274, 34.166293 ], [ 108.878629, 34.166869 ], [ 108.878628, 34.168272 ], [ 108.877709, 34.168344 ], [ 108.877716, 34.169493 ], [ 108.877732, 34.172084 ], [ 108.877738, 34.173146 ], [ 108.878789, 34.173129 ], [ 108.878774, 34.176428 ], [ 108.877549, 34.177044 ], [ 108.877075, 34.178139 ], [ 108.875464, 34.179516 ], [ 108.873641, 34.17989 ], [ 108.871749, 34.179454 ], [ 108.87161, 34.179454 ], [ 108.870161, 34.179458 ], [ 108.869059, 34.179465 ], [ 108.867817, 34.179409 ], [ 108.865959, 34.179017 ], [ 108.865127, 34.17891 ], [ 108.865053, 34.178909 ], [ 108.865027, 34.17891 ], [ 108.863955, 34.178905 ], [ 108.8632, 34.178913 ], [ 108.862306, 34.179149 ], [ 108.861481, 34.179549 ], [ 108.860864, 34.180006 ], [ 108.86018, 34.180924 ], [ 108.859494, 34.181561 ], [ 108.858877, 34.182019 ], [ 108.858113, 34.182249 ], [ 108.85702, 34.182537 ], [ 108.855909, 34.182546 ], [ 108.854668, 34.182548 ], [ 108.853505, 34.182492 ], [ 108.852602, 34.182377 ], [ 108.8515, 34.182386 ], [ 108.849643, 34.182391 ], [ 108.848263, 34.182455 ], [ 108.846535, 34.182517 ], [ 108.845918, 34.182577 ], [ 108.844817, 34.18281 ], [ 108.843437, 34.183615 ], [ 108.84262, 34.184081 ], [ 108.841449, 34.184943 ], [ 108.841041, 34.18534 ], [ 108.840086, 34.186316 ], [ 108.83933, 34.187227 ], [ 108.838506, 34.188548 ], [ 108.83789, 34.189526 ], [ 108.837551, 34.190668 ], [ 108.837212, 34.192039 ], [ 108.837174, 34.192683 ], [ 108.837134, 34.192691 ], [ 108.837078, 34.192709 ], [ 108.83706, 34.19276 ], [ 108.836944, 34.193309 ], [ 108.836614, 34.194563 ], [ 108.836475, 34.195308 ], [ 108.836127, 34.195772 ], [ 108.835511, 34.196282 ], [ 108.834825, 34.19657 ], [ 108.833584, 34.196573 ], [ 108.832412, 34.19641 ], [ 108.830347, 34.196128 ], [ 108.82855, 34.195844 ], [ 108.826555, 34.195944 ], [ 108.824593, 34.196138 ], [ 108.822327, 34.195861 ], [ 108.821259, 34.195808 ], [ 108.820255, 34.196469 ], [ 108.820077, 34.197133 ], [ 108.820147, 34.198098 ], [ 108.820434, 34.198963 ], [ 108.820884, 34.199483 ], [ 108.823419, 34.203044 ], [ 108.824817, 34.205239 ], [ 108.827733, 34.208975 ], [ 108.827976, 34.211512 ], [ 108.827742, 34.212439 ], [ 108.827195, 34.21353 ], [ 108.826718, 34.214216 ], [ 108.82638, 34.214732 ], [ 108.825902, 34.215136 ], [ 108.825068, 34.215139 ], [ 108.824799, 34.214936 ], [ 108.822646, 34.213407 ], [ 108.820398, 34.212751 ], [ 108.81868, 34.212272 ], [ 108.815737, 34.211816 ], [ 108.815589, 34.211817 ], [ 108.814252, 34.212172 ], [ 108.812916, 34.212685 ], [ 108.811657, 34.214189 ], [ 108.811604, 34.215713 ], [ 108.812655, 34.219708 ], [ 108.813358, 34.223274 ], [ 108.81394, 34.225073 ], [ 108.81328, 34.226827 ], [ 108.812273, 34.227575 ], [ 108.809443, 34.230185 ], [ 108.809434, 34.230211 ], [ 108.806352, 34.234282 ], [ 108.80525, 34.235584 ], [ 108.804711, 34.239289 ], [ 108.804356, 34.241148 ], [ 108.804294, 34.242444 ], [ 108.804798, 34.244747 ], [ 108.805371, 34.247679 ], [ 108.805926, 34.249625 ], [ 108.806352, 34.250326 ], [ 108.818185, 34.250251 ], [ 108.820876, 34.252489 ], [ 108.822043, 34.248825 ], [ 108.822803, 34.248131 ], [ 108.823661, 34.248054 ], [ 108.82591, 34.24861 ], [ 108.828581, 34.249989 ], [ 108.828632, 34.250088 ], [ 108.828698, 34.250094 ], [ 108.82972, 34.250577 ], [ 108.830423, 34.251076 ], [ 108.831361, 34.251322 ], [ 108.832116, 34.251293 ], [ 108.836738, 34.25132 ], [ 108.836761, 34.251296 ], [ 108.836778, 34.25132 ], [ 108.836992, 34.251321 ], [ 108.837056, 34.252034 ], [ 108.838257, 34.252002 ], [ 108.83832, 34.253469 ], [ 108.83833, 34.253496 ], [ 108.838323, 34.253539 ], [ 108.838354, 34.254239 ], [ 108.840905, 34.254875 ], [ 108.842185, 34.255193 ], [ 108.842637, 34.254034 ], [ 108.848344, 34.254053 ], [ 108.848344, 34.255403 ], [ 108.848547, 34.255383 ], [ 108.848572, 34.255797 ], [ 108.84992, 34.256295 ], [ 108.849983, 34.253905 ], [ 108.855205, 34.253908 ], [ 108.86078, 34.253932 ], [ 108.867652, 34.253931 ], [ 108.872049, 34.253931 ], [ 108.877276, 34.25393 ], [ 108.883422, 34.253933 ], [ 108.88343, 34.253889 ], [ 108.883468, 34.253685 ], [ 108.883469, 34.253501 ], [ 108.883469, 34.253361 ], [ 108.88347, 34.253228 ], [ 108.883473, 34.252288 ], [ 108.883473, 34.252111 ], [ 108.883494, 34.251627 ], [ 108.880404, 34.251518 ], [ 108.879433, 34.251509 ], [ 108.877276, 34.250932 ], [ 108.87724, 34.250024 ], [ 108.877244, 34.249652 ], [ 108.877244, 34.249597 ], [ 108.87723, 34.246891 ], [ 108.878429, 34.246857 ], [ 108.880192, 34.24688 ], [ 108.880457, 34.246884 ], [ 108.881412, 34.246898 ], [ 108.881491, 34.246899 ], [ 108.88159, 34.246844 ], [ 108.882272, 34.246869 ], [ 108.883418, 34.246812 ], [ 108.883438, 34.246668 ], [ 108.883459, 34.246061 ], [ 108.883439, 34.245612 ], [ 108.883195, 34.245471 ], [ 108.881888, 34.244566 ], [ 108.88103, 34.24453 ], [ 108.880772, 34.244423 ], [ 108.880406, 34.244068 ], [ 108.880322, 34.24366 ], [ 108.880536, 34.243041 ], [ 108.880601, 34.241231 ], [ 108.883391, 34.241269 ], [ 108.883434, 34.238999 ], [ 108.885236, 34.239011 ], [ 108.885236, 34.23957 ], [ 108.88632, 34.239579 ], [ 108.886331, 34.239871 ], [ 108.887489, 34.240739 ], [ 108.890515, 34.240722 ], [ 108.890535, 34.240722 ], [ 108.891157, 34.241733 ], [ 108.893023, 34.240954 ], [ 108.895641, 34.24505 ], [ 108.89588, 34.244946 ], [ 108.89795, 34.244038 ], [ 108.9049, 34.240986 ], [ 108.904878, 34.240948 ], [ 108.904849, 34.240904 ], [ 108.904799, 34.240824 ], [ 108.904767, 34.24077 ], [ 108.904833, 34.240752 ], [ 108.904968, 34.240693 ], [ 108.905056, 34.240659 ], [ 108.90522, 34.240571 ], [ 108.908428, 34.239172 ], [ 108.90914, 34.238851 ], [ 108.909186, 34.238779 ], [ 108.909282, 34.238787 ], [ 108.91159, 34.237748 ], [ 108.911609, 34.237687 ], [ 108.911704, 34.237638 ], [ 108.9118, 34.237652 ], [ 108.914081, 34.236624 ], [ 108.914673, 34.236313 ], [ 108.91496, 34.236165 ], [ 108.917964, 34.234594 ], [ 108.920511, 34.233506 ], [ 108.921202, 34.233403 ], [ 108.923348, 34.232444 ], [ 108.923383, 34.232401 ], [ 108.92346, 34.232366 ], [ 108.923501, 34.232378 ], [ 108.924956, 34.231794 ], [ 108.925283, 34.23167 ], [ 108.925455, 34.231544 ], [ 108.925607, 34.231397 ], [ 108.92598, 34.231315 ], [ 108.926799, 34.231306 ], [ 108.92683, 34.231299 ], [ 108.926892, 34.231294 ], [ 108.926934, 34.231274 ], [ 108.926971, 34.231265 ], [ 108.927194, 34.23112 ], [ 108.927268, 34.231132 ], [ 108.927331, 34.231103 ], [ 108.927451, 34.231103 ], [ 108.927477, 34.231131 ], [ 108.927578, 34.231138 ], [ 108.92779, 34.231251 ], [ 108.927952, 34.231277 ], [ 108.930985, 34.231292 ], [ 108.931013, 34.231282 ], [ 108.931174, 34.231293 ], [ 108.933926, 34.23131 ], [ 108.933986, 34.231291 ], [ 108.933989, 34.23131 ], [ 108.934061, 34.231291 ], [ 108.934138, 34.231237 ], [ 108.93421, 34.231183 ], [ 108.934302, 34.231138 ], [ 108.934398, 34.231119 ], [ 108.934495, 34.231118 ], [ 108.934601, 34.23114 ], [ 108.934708, 34.23119 ], [ 108.934798, 34.231255 ], [ 108.934868, 34.231282 ], [ 108.934947, 34.231299 ], [ 108.941138, 34.231162 ], [ 108.942054, 34.231028 ], [ 108.942195, 34.231015 ], [ 108.943082, 34.231119 ], [ 108.943271, 34.231137 ], [ 108.943617, 34.231138 ], [ 108.944015, 34.231139 ], [ 108.944453, 34.231303 ], [ 108.945156, 34.231303 ], [ 108.948669, 34.231343 ], [ 108.960688, 34.231311 ], [ 108.967892, 34.234158 ], [ 108.968699, 34.234477 ], [ 108.968909, 34.23456 ], [ 108.974651, 34.237056 ], [ 108.974894, 34.237167 ], [ 108.975577, 34.237461 ], [ 108.984336, 34.241136 ], [ 108.985119, 34.241511 ], [ 108.98977, 34.243483 ], [ 108.991037, 34.244044 ], [ 108.991613, 34.24419 ], [ 109.001443, 34.244156 ], [ 109.006778, 34.244141 ], [ 109.007563, 34.244178 ], [ 109.007683, 34.244217 ], [ 109.007831, 34.244191 ], [ 109.009386, 34.244267 ], [ 109.009433, 34.244474 ], [ 109.01102, 34.244569 ], [ 109.011142, 34.24062 ], [ 109.013479, 34.240651 ], [ 109.018166, 34.240601 ], [ 109.018182, 34.239281 ], [ 109.018948, 34.239284 ], [ 109.018912, 34.237437 ], [ 109.019473, 34.237424 ], [ 109.019494, 34.236048 ], [ 109.025834, 34.236045 ], [ 109.025802, 34.237607 ], [ 109.025859, 34.243252 ], [ 109.025877, 34.246195 ], [ 109.025933, 34.249989 ], [ 109.025924, 34.251643 ], [ 109.025924, 34.252625 ], [ 109.025924, 34.252717 ], [ 109.02875, 34.252682 ], [ 109.042728, 34.252749 ], [ 109.043297, 34.252052 ], [ 109.043485, 34.251645 ], [ 109.043683, 34.251162 ], [ 109.04393, 34.250534 ], [ 109.044025, 34.249838 ], [ 109.044323, 34.249135 ], [ 109.044532, 34.248407 ], [ 109.044538, 34.247747 ], [ 109.044425, 34.247083 ], [ 109.044443, 34.246639 ], [ 109.044735, 34.245916 ], [ 109.044982, 34.245017 ], [ 109.044943, 34.244442 ], [ 109.044792, 34.243725 ], [ 109.044792, 34.242478 ], [ 109.045007, 34.241742 ], [ 109.045191, 34.241128 ], [ 109.045565, 34.23966 ], [ 109.045639, 34.238991 ], [ 109.045565, 34.238249 ], [ 109.045446, 34.237105 ], [ 109.045164, 34.235071 ], [ 109.045161, 34.235052 ], [ 109.045159, 34.235027 ], [ 109.044982, 34.233191 ], [ 109.044956, 34.232475 ], [ 109.044773, 34.2311 ], [ 109.044513, 34.230157 ], [ 109.044178, 34.229326 ], [ 109.043969, 34.228332 ], [ 109.043886, 34.227774 ], [ 109.043981, 34.227261 ], [ 109.044343, 34.226361 ], [ 109.044647, 34.225456 ], [ 109.044729, 34.225038 ], [ 109.044704, 34.224777 ], [ 109.044526, 34.224126 ], [ 109.044393, 34.223701 ], [ 109.044406, 34.223074 ], [ 109.044494, 34.222568 ], [ 109.044539, 34.222073 ], [ 109.044501, 34.221547 ], [ 109.044374, 34.221065 ], [ 109.044159, 34.220603 ], [ 109.043797, 34.21997 ], [ 109.043708, 34.219565 ], [ 109.043665, 34.218229 ], [ 109.043635, 34.217813 ], [ 109.043144, 34.216447 ], [ 109.043088, 34.215858 ], [ 109.043193, 34.213929 ], [ 109.043219, 34.213813 ], [ 109.043254, 34.213707 ], [ 109.043336, 34.213534 ], [ 109.043503, 34.213257 ], [ 109.044318, 34.212779 ], [ 109.044496, 34.212541 ], [ 109.044496, 34.212512 ], [ 109.044495, 34.212496 ], [ 109.044496, 34.21248 ], [ 109.044496, 34.212391 ], [ 109.044495, 34.212373 ], [ 109.044496, 34.212357 ], [ 109.044496, 34.21217 ], [ 109.044348, 34.211754 ], [ 109.043486, 34.2107 ], [ 109.043104, 34.210061 ], [ 109.042493, 34.207897 ], [ 109.042407, 34.207494 ], [ 109.04236, 34.207134 ], [ 109.042345, 34.206814 ], [ 109.042391, 34.206375 ], [ 109.042493, 34.206043 ], [ 109.04269, 34.205552 ], [ 109.0428, 34.205204 ], [ 109.043085, 34.203958 ], [ 109.043138, 34.203549 ], [ 109.043168, 34.202764 ], [ 109.043267, 34.201683 ], [ 109.043454, 34.201087 ], [ 109.043863, 34.200119 ], [ 109.044215, 34.1995 ], [ 109.044503, 34.198867 ], [ 109.044798, 34.198414 ], [ 109.044859, 34.198169 ], [ 109.044906, 34.19765 ], [ 109.04501, 34.197318 ], [ 109.045457, 34.196366 ], [ 109.046269, 34.194718 ], [ 109.046405, 34.194488 ], [ 109.046594, 34.194254 ], [ 109.046887, 34.193963 ], [ 109.047113, 34.193772 ], [ 109.047891, 34.193129 ], [ 109.048124, 34.192873 ], [ 109.048354, 34.192535 ], [ 109.0485, 34.19224 ], [ 109.048699, 34.191703 ], [ 109.048816, 34.191459 ], [ 109.049335, 34.190694 ], [ 109.049957, 34.189663 ], [ 109.050457, 34.18863 ], [ 109.050572, 34.188333 ], [ 109.050669, 34.187945 ], [ 109.051162, 34.18669 ], [ 109.051301, 34.186509 ] ] ] ] } },
{ "type": "Feature", "properties": { "id": "610117", "name": "高陵区", "site": "www.poi86.com" }, "geometry": { "type": "MultiPolygon", "coordinates": [ [ [ [ 108.95143, 34.444969 ], [ 108.951222, 34.445655 ], [ 108.951126, 34.446436 ], [ 108.952142, 34.448194 ], [ 108.954407, 34.449977 ], [ 108.956108, 34.450548 ], [ 108.956603, 34.450596 ], [ 108.957506, 34.45071 ], [ 108.958468, 34.450699 ], [ 108.959649, 34.450703 ], [ 108.960404, 34.450695 ], [ 108.961299, 34.450575 ], [ 108.962478, 34.450395 ], [ 108.963441, 34.450054 ], [ 108.963988, 34.449708 ], [ 108.964198, 34.449364 ], [ 108.964683, 34.448504 ], [ 108.965152, 34.447242 ], [ 108.965282, 34.445928 ], [ 108.96549, 34.445642 ], [ 108.966245, 34.445006 ], [ 108.967196, 34.444739 ], [ 108.969226, 34.444834 ], [ 108.970126, 34.445308 ], [ 108.970514, 34.445688 ], [ 108.9706, 34.446068 ], [ 108.970359, 34.449003 ], [ 108.970239, 34.449138 ], [ 108.970163, 34.450138 ], [ 108.970254, 34.450291 ], [ 108.97019, 34.451072 ], [ 108.970029, 34.451856 ], [ 108.969406, 34.455683 ], [ 108.969426, 34.456247 ], [ 108.969907, 34.457244 ], [ 108.969938, 34.457759 ], [ 108.969707, 34.458273 ], [ 108.969345, 34.458618 ], [ 108.968077, 34.459819 ], [ 108.96739, 34.460904 ], [ 108.966983, 34.461882 ], [ 108.966635, 34.46274 ], [ 108.966375, 34.463604 ], [ 108.966384, 34.464456 ], [ 108.966592, 34.465487 ], [ 108.966949, 34.466169 ], [ 108.967434, 34.466972 ], [ 108.968128, 34.467828 ], [ 108.968831, 34.468454 ], [ 108.969803, 34.469535 ], [ 108.970159, 34.470159 ], [ 108.970645, 34.470844 ], [ 108.971209, 34.472275 ], [ 108.971557, 34.473249 ], [ 108.971157, 34.474848 ], [ 108.97075, 34.476164 ], [ 108.970271, 34.477544 ], [ 108.971163, 34.478259 ], [ 108.971103, 34.479058 ], [ 108.970556, 34.479888 ], [ 108.969725, 34.480389 ], [ 108.969907, 34.481825 ], [ 108.970732, 34.484412 ], [ 108.971253, 34.486632 ], [ 108.971056, 34.488653 ], [ 108.970932, 34.491398 ], [ 108.970159, 34.492611 ], [ 108.969899, 34.492876 ], [ 108.969412, 34.49351 ], [ 108.969074, 34.494143 ], [ 108.968943, 34.494708 ], [ 108.968943, 34.4954 ], [ 108.96923, 34.49648 ], [ 108.969994, 34.497511 ], [ 108.970557, 34.498423 ], [ 108.970914, 34.498996 ], [ 108.971044, 34.499853 ], [ 108.970853, 34.500769 ], [ 108.970098, 34.501571 ], [ 108.969612, 34.501921 ], [ 108.966384, 34.504388 ], [ 108.966305, 34.504463 ], [ 108.965914, 34.506153 ], [ 108.966365, 34.507483 ], [ 108.967538, 34.509811 ], [ 108.967884, 34.514451 ], [ 108.968327, 34.515138 ], [ 108.969021, 34.516274 ], [ 108.969308, 34.517706 ], [ 108.969394, 34.519655 ], [ 108.969403, 34.521545 ], [ 108.96962, 34.523144 ], [ 108.970479, 34.526284 ], [ 108.97041, 34.527033 ], [ 108.97021, 34.528173 ], [ 108.969802, 34.529612 ], [ 108.969194, 34.530527 ], [ 108.968934, 34.531389 ], [ 108.968709, 34.532133 ], [ 108.968448, 34.532812 ], [ 108.968387, 34.534194 ], [ 108.968396, 34.535622 ], [ 108.968613, 34.536936 ], [ 108.969108, 34.538539 ], [ 108.969394, 34.539679 ], [ 108.969533, 34.540763 ], [ 108.969542, 34.541682 ], [ 108.969273, 34.542715 ], [ 108.968726, 34.543225 ], [ 108.967962, 34.543973 ], [ 108.966721, 34.544663 ], [ 108.964725, 34.545135 ], [ 108.963058, 34.545142 ], [ 108.961678, 34.545437 ], [ 108.960367, 34.546182 ], [ 108.959543, 34.546817 ], [ 108.958779, 34.547271 ], [ 108.958233, 34.548083 ], [ 108.958033, 34.548647 ], [ 108.957964, 34.549391 ], [ 108.957972, 34.55037 ], [ 108.957711, 34.552662 ], [ 108.957026, 34.554038 ], [ 108.956419, 34.555576 ], [ 108.955525, 34.556553 ], [ 108.954561, 34.557595 ], [ 108.953667, 34.558572 ], [ 108.952157, 34.560742 ], [ 108.951402, 34.562063 ], [ 108.950994, 34.563038 ], [ 108.950655, 34.564412 ], [ 108.950456, 34.565736 ], [ 108.950465, 34.56688 ], [ 108.950465, 34.567259 ], [ 108.951697, 34.568754 ], [ 108.955689, 34.5709 ], [ 108.957069, 34.570989 ], [ 108.95818, 34.570847 ], [ 108.960194, 34.570847 ], [ 108.961782, 34.570886 ], [ 108.962476, 34.570886 ], [ 108.965393, 34.570545 ], [ 108.96961, 34.570963 ], [ 108.972891, 34.571259 ], [ 108.974262, 34.571687 ], [ 108.976371, 34.572023 ], [ 108.977387, 34.573136 ], [ 108.978403, 34.575287 ], [ 108.978811, 34.576296 ], [ 108.980407, 34.577708 ], [ 108.98188, 34.57812 ], [ 108.982452, 34.578132 ], [ 108.983746, 34.578028 ], [ 108.984348, 34.57784 ], [ 108.98631, 34.577342 ], [ 108.98782, 34.577205 ], [ 108.990363, 34.577409 ], [ 108.99341, 34.577684 ], [ 108.995273, 34.578173 ], [ 108.9968, 34.578802 ], [ 108.99812, 34.579481 ], [ 108.998962, 34.58033 ], [ 108.999318, 34.580907 ], [ 108.999874, 34.581814 ], [ 109.000507, 34.582791 ], [ 109.001271, 34.583874 ], [ 109.001696, 34.584496 ], [ 109.00246, 34.585184 ], [ 109.003224, 34.58581 ], [ 109.005803, 34.586942 ], [ 109.006914, 34.587372 ], [ 109.011731, 34.587813 ], [ 109.015708, 34.588768 ], [ 109.01865, 34.590138 ], [ 109.02135, 34.59142 ], [ 109.026194, 34.592434 ], [ 109.026351, 34.592461 ], [ 109.03044, 34.592724 ], [ 109.031716, 34.592845 ], [ 109.041136, 34.593776 ], [ 109.042568, 34.593816 ], [ 109.04513, 34.593867 ], [ 109.048186, 34.594024 ], [ 109.05172, 34.594116 ], [ 109.05429, 34.594392 ], [ 109.056096, 34.594609 ], [ 109.058519, 34.594713 ], [ 109.061011, 34.594709 ], [ 109.06246, 34.59464 ], [ 109.063919, 34.594636 ], [ 109.065517, 34.594574 ], [ 109.067592, 34.59439 ], [ 109.068564, 34.594273 ], [ 109.069329, 34.594093 ], [ 109.070083, 34.593746 ], [ 109.070639, 34.593349 ], [ 109.071039, 34.592599 ], [ 109.071456, 34.59203 ], [ 109.071794, 34.591511 ], [ 109.072072, 34.590938 ], [ 109.072419, 34.59053 ], [ 109.072966, 34.590068 ], [ 109.074347, 34.589721 ], [ 109.075111, 34.589664 ], [ 109.076423, 34.589603 ], [ 109.077673, 34.589766 ], [ 109.078854, 34.589875 ], [ 109.079966, 34.590103 ], [ 109.081693, 34.590264 ], [ 109.083508, 34.590427 ], [ 109.084541, 34.590587 ], [ 109.085653, 34.590588 ], [ 109.086826, 34.590356 ], [ 109.08773, 34.590002 ], [ 109.088416, 34.589485 ], [ 109.089179, 34.589086 ], [ 109.090343, 34.588275 ], [ 109.091524, 34.587413 ], [ 109.092479, 34.586663 ], [ 109.09372, 34.585797 ], [ 109.095102, 34.584699 ], [ 109.095857, 34.58419 ], [ 109.096335, 34.583782 ], [ 109.09696, 34.583325 ], [ 109.097377, 34.582977 ], [ 109.098201, 34.582227 ], [ 109.098887, 34.581544 ], [ 109.099712, 34.580621 ], [ 109.100563, 34.57995 ], [ 109.103697, 34.578781 ], [ 109.105694, 34.578661 ], [ 109.108907, 34.57878 ], [ 109.113457, 34.579743 ], [ 109.122469, 34.580862 ], [ 109.126021, 34.581412 ], [ 109.127532, 34.578708 ], [ 109.127957, 34.57665 ], [ 109.128427, 34.575903 ], [ 109.129043, 34.575328 ], [ 109.129945, 34.574584 ], [ 109.130701, 34.574181 ], [ 109.131873, 34.573487 ], [ 109.132767, 34.572788 ], [ 109.133254, 34.57222 ], [ 109.133801, 34.571644 ], [ 109.1342, 34.57078 ], [ 109.134687, 34.570096 ], [ 109.135016, 34.568437 ], [ 109.135277, 34.567402 ], [ 109.135208, 34.566371 ], [ 109.13519, 34.564823 ], [ 109.135181, 34.563677 ], [ 109.135173, 34.562595 ], [ 109.135164, 34.561849 ], [ 109.135363, 34.560653 ], [ 109.135424, 34.560026 ], [ 109.135902, 34.559154 ], [ 109.13631, 34.558585 ], [ 109.137352, 34.558125 ], [ 109.138523, 34.557889 ], [ 109.139079, 34.557828 ], [ 109.139696, 34.557591 ], [ 109.14059, 34.557129 ], [ 109.141285, 34.556725 ], [ 109.142109, 34.556207 ], [ 109.142864, 34.555511 ], [ 109.14355, 34.55483 ], [ 109.144227, 34.553731 ], [ 109.144644, 34.552991 ], [ 109.145469, 34.551726 ], [ 109.145739, 34.550982 ], [ 109.146684, 34.549317 ], [ 109.147379, 34.548226 ], [ 109.148056, 34.547128 ], [ 109.148603, 34.546328 ], [ 109.149359, 34.545585 ], [ 109.149836, 34.545064 ], [ 109.150591, 34.544427 ], [ 109.151486, 34.544079 ], [ 109.152249, 34.543854 ], [ 109.153074, 34.54362 ], [ 109.153908, 34.543272 ], [ 109.155001, 34.542519 ], [ 109.155626, 34.541945 ], [ 109.155757, 34.541545 ], [ 109.156235, 34.540621 ], [ 109.156642, 34.53942 ], [ 109.156972, 34.538166 ], [ 109.157233, 34.53633 ], [ 109.15771, 34.535182 ], [ 109.158248, 34.533799 ], [ 109.158518, 34.532717 ], [ 109.158986, 34.531568 ], [ 109.158978, 34.530714 ], [ 109.158978, 34.529737 ], [ 109.159038, 34.528995 ], [ 109.15903, 34.52819 ], [ 109.158882, 34.526821 ], [ 109.158796, 34.525959 ], [ 109.158588, 34.524933 ], [ 109.158153, 34.523959 ], [ 109.157736, 34.523222 ], [ 109.157033, 34.522192 ], [ 109.15633, 34.52128 ], [ 109.155983, 34.520716 ], [ 109.155566, 34.519918 ], [ 109.15541, 34.518717 ], [ 109.155254, 34.517281 ], [ 109.155176, 34.515225 ], [ 109.15508, 34.513448 ], [ 109.155002, 34.512482 ], [ 109.154933, 34.511506 ], [ 109.154785, 34.51082 ], [ 109.154776, 34.509677 ], [ 109.154976, 34.508644 ], [ 109.155514, 34.507723 ], [ 109.156409, 34.506808 ], [ 109.157302, 34.506001 ], [ 109.158335, 34.505304 ], [ 109.15936, 34.504501 ], [ 109.159985, 34.504095 ], [ 109.16074, 34.503518 ], [ 109.161565, 34.502828 ], [ 109.162112, 34.502253 ], [ 109.162589, 34.501685 ], [ 109.163075, 34.500879 ], [ 109.163475, 34.499838 ], [ 109.163674, 34.49887 ], [ 109.164005, 34.497444 ], [ 109.164204, 34.496237 ], [ 109.164395, 34.49474 ], [ 109.164586, 34.492457 ], [ 109.164838, 34.490738 ], [ 109.165307, 34.488844 ], [ 109.165419, 34.485819 ], [ 109.165689, 34.484725 ], [ 109.16575, 34.483579 ], [ 109.166088, 34.482611 ], [ 109.166149, 34.481798 ], [ 109.166478, 34.480714 ], [ 109.166748, 34.479853 ], [ 109.167017, 34.479054 ], [ 109.167494, 34.478252 ], [ 109.168181, 34.477271 ], [ 109.168727, 34.47624 ], [ 109.168987, 34.475209 ], [ 109.169318, 34.474004 ], [ 109.169586, 34.472856 ], [ 109.169847, 34.470914 ], [ 109.170116, 34.469933 ], [ 109.170099, 34.46799 ], [ 109.170437, 34.46673 ], [ 109.170558, 34.465524 ], [ 109.170689, 34.464504 ], [ 109.17075, 34.463239 ], [ 109.170663, 34.462207 ], [ 109.170446, 34.46101 ], [ 109.170228, 34.459699 ], [ 109.170072, 34.458552 ], [ 109.170003, 34.457288 ], [ 109.169916, 34.455921 ], [ 109.169829, 34.454836 ], [ 109.16989, 34.453861 ], [ 109.169952, 34.452889 ], [ 109.170082, 34.451633 ], [ 109.170073, 34.450542 ], [ 109.170064, 34.44951 ], [ 109.170125, 34.448252 ], [ 109.170256, 34.447397 ], [ 109.170446, 34.446364 ], [ 109.170846, 34.44481 ], [ 109.171254, 34.443894 ], [ 109.171522, 34.443549 ], [ 109.171583, 34.442865 ], [ 109.171652, 34.442236 ], [ 109.171644, 34.441839 ], [ 109.171644, 34.440919 ], [ 109.171358, 34.440229 ], [ 109.17101, 34.439717 ], [ 109.170906, 34.439624 ], [ 109.167616, 34.434639 ], [ 109.166141, 34.433141 ], [ 109.164934, 34.433458 ], [ 109.163935, 34.434137 ], [ 109.157269, 34.440255 ], [ 109.156192, 34.440934 ], [ 109.154621, 34.441355 ], [ 109.15325, 34.441376 ], [ 109.151661, 34.440978 ], [ 109.147658, 34.437425 ], [ 109.146147, 34.43526 ], [ 109.142892, 34.432779 ], [ 109.142659, 34.432556 ], [ 109.141747, 34.431586 ], [ 109.140766, 34.430509 ], [ 109.140566, 34.430232 ], [ 109.135774, 34.426158 ], [ 109.132431, 34.423682 ], [ 109.131997, 34.423518 ], [ 109.130746, 34.423117 ], [ 109.130252, 34.422965 ], [ 109.127361, 34.423162 ], [ 109.126579, 34.423442 ], [ 109.125563, 34.423801 ], [ 109.123619, 34.425385 ], [ 109.122612, 34.426802 ], [ 109.12124, 34.429604 ], [ 109.120979, 34.430322 ], [ 109.120241, 34.43193 ], [ 109.119486, 34.432622 ], [ 109.119008, 34.433312 ], [ 109.118252, 34.433711 ], [ 109.117558, 34.433892 ], [ 109.116446, 34.433956 ], [ 109.114928, 34.433617 ], [ 109.113191, 34.432714 ], [ 109.11201, 34.431922 ], [ 109.110621, 34.431349 ], [ 109.108328, 34.430502 ], [ 109.106739, 34.430289 ], [ 109.105836, 34.430293 ], [ 109.104803, 34.430468 ], [ 109.104109, 34.430753 ], [ 109.103501, 34.431499 ], [ 109.102676, 34.432304 ], [ 109.102137, 34.433454 ], [ 109.101964, 34.433639 ], [ 109.098187, 34.434445 ], [ 109.095035, 34.434227 ], [ 109.09131, 34.434476 ], [ 109.091275, 34.434487 ], [ 109.08748, 34.43525 ], [ 109.083948, 34.435639 ], [ 109.0813, 34.435621 ], [ 109.079677, 34.436156 ], [ 109.079538, 34.436196 ], [ 109.07906, 34.436655 ], [ 109.078452, 34.437519 ], [ 109.076342, 34.441318 ], [ 109.074171, 34.445135 ], [ 109.070142, 34.449811 ], [ 109.068006, 34.452519 ], [ 109.064238, 34.454475 ], [ 109.0631, 34.455004 ], [ 109.062458, 34.454219 ], [ 109.060791, 34.453342 ], [ 109.059654, 34.452912 ], [ 109.056477, 34.451747 ], [ 109.050042, 34.449564 ], [ 109.040937, 34.446907 ], [ 109.031627, 34.442786 ], [ 109.022207, 34.438919 ], [ 109.021374, 34.438651 ], [ 109.016582, 34.438898 ], [ 109.009289, 34.440073 ], [ 109.003264, 34.439557 ], [ 109.001266, 34.439868 ], [ 108.99576, 34.441289 ], [ 108.99157, 34.441298 ], [ 108.988825, 34.440668 ], [ 108.986348, 34.439768 ], [ 108.982748, 34.438553 ], [ 108.980496, 34.437833 ], [ 108.978966, 34.437383 ], [ 108.976265, 34.435808 ], [ 108.97343, 34.433737 ], [ 108.970684, 34.432747 ], [ 108.969693, 34.432304 ], [ 108.967453, 34.431504 ], [ 108.963932, 34.429744 ], [ 108.959928, 34.427558 ], [ 108.957645, 34.426692 ], [ 108.956135, 34.425554 ], [ 108.956274, 34.426231 ], [ 108.954824, 34.433155 ], [ 108.954554, 34.435162 ], [ 108.954165, 34.437389 ], [ 108.953756, 34.439103 ], [ 108.953348, 34.440483 ], [ 108.95301, 34.441397 ], [ 108.952532, 34.442371 ], [ 108.952263, 34.443181 ], [ 108.952063, 34.443858 ], [ 108.951613, 34.44435 ], [ 108.95143, 34.444969 ] ] ] ] } },
{ "type": "Feature", "properties": { "id": "610104", "name": "莲湖区", "site": "www.poi86.com" }, "geometry": { "type": "MultiPolygon", "coordinates": [ [ [ [ 108.948664, 34.294216 ], [ 108.948702, 34.292686 ], [ 108.948749, 34.29267 ], [ 108.948703, 34.292653 ], [ 108.948731, 34.291532 ], [ 108.94871, 34.291094 ], [ 108.946424, 34.291085 ], [ 108.946313, 34.289964 ], [ 108.946238, 34.287848 ], [ 108.946047, 34.287839 ], [ 108.944353, 34.287936 ], [ 108.943867, 34.287605 ], [ 108.943562, 34.287544 ], [ 108.943406, 34.287383 ], [ 108.943177, 34.287145 ], [ 108.942863, 34.28691 ], [ 108.942775, 34.282787 ], [ 108.942691, 34.278858 ], [ 108.942643, 34.276641 ], [ 108.942583, 34.276459 ], [ 108.942615, 34.275236 ], [ 108.94261, 34.275199 ], [ 108.942616, 34.27518 ], [ 108.942623, 34.27337 ], [ 108.942623, 34.273225 ], [ 108.942624, 34.273118 ], [ 108.942613, 34.272675 ], [ 108.942629, 34.271692 ], [ 108.942676, 34.271601 ], [ 108.942671, 34.271374 ], [ 108.942624, 34.271283 ], [ 108.942573, 34.270311 ], [ 108.942587, 34.270216 ], [ 108.942615, 34.269706 ], [ 108.942572, 34.269449 ], [ 108.94255, 34.268586 ], [ 108.942566, 34.268448 ], [ 108.942552, 34.268392 ], [ 108.942576, 34.26768 ], [ 108.942555, 34.266925 ], [ 108.942533, 34.266202 ], [ 108.942574, 34.266177 ], [ 108.942502, 34.266096 ], [ 108.942535, 34.266062 ], [ 108.94251, 34.266019 ], [ 108.942533, 34.265845 ], [ 108.942539, 34.263354 ], [ 108.942541, 34.262966 ], [ 108.942514, 34.261824 ], [ 108.942886, 34.261395 ], [ 108.942911, 34.26093 ], [ 108.942373, 34.260829 ], [ 108.94053, 34.260684 ], [ 108.93907, 34.260629 ], [ 108.931857, 34.260637 ], [ 108.931409, 34.260696 ], [ 108.931466, 34.252684 ], [ 108.931471, 34.252507 ], [ 108.931412, 34.252505 ], [ 108.931353, 34.252509 ], [ 108.929461, 34.252501 ], [ 108.928939, 34.252494 ], [ 108.928457, 34.252495 ], [ 108.928418, 34.252458 ], [ 108.92834, 34.252495 ], [ 108.927677, 34.252496 ], [ 108.927632, 34.252476 ], [ 108.927583, 34.252496 ], [ 108.927205, 34.252496 ], [ 108.927008, 34.252481 ], [ 108.92693, 34.252497 ], [ 108.925167, 34.2525 ], [ 108.924847, 34.252497 ], [ 108.924639, 34.252502 ], [ 108.923558, 34.252503 ], [ 108.918661, 34.252516 ], [ 108.918651, 34.250681 ], [ 108.915746, 34.250617 ], [ 108.915768, 34.250228 ], [ 108.914637, 34.249849 ], [ 108.910289, 34.249554 ], [ 108.907807, 34.248329 ], [ 108.906836, 34.247713 ], [ 108.906785, 34.247663 ], [ 108.906717, 34.247638 ], [ 108.905846, 34.247086 ], [ 108.905386, 34.247029 ], [ 108.90545, 34.243141 ], [ 108.905491, 34.242637 ], [ 108.90545, 34.24188 ], [ 108.905154, 34.241398 ], [ 108.905049, 34.241229 ], [ 108.904972, 34.241162 ], [ 108.9049, 34.240986 ], [ 108.89795, 34.244038 ], [ 108.89588, 34.244946 ], [ 108.895641, 34.24505 ], [ 108.893023, 34.240954 ], [ 108.891157, 34.241733 ], [ 108.890535, 34.240722 ], [ 108.890515, 34.240722 ], [ 108.887489, 34.240739 ], [ 108.886331, 34.239871 ], [ 108.88632, 34.239579 ], [ 108.885236, 34.23957 ], [ 108.885236, 34.239011 ], [ 108.883434, 34.238999 ], [ 108.883391, 34.241269 ], [ 108.880601, 34.241231 ], [ 108.880536, 34.243041 ], [ 108.880322, 34.24366 ], [ 108.880406, 34.244068 ], [ 108.880772, 34.244423 ], [ 108.88103, 34.24453 ], [ 108.881888, 34.244566 ], [ 108.883195, 34.245471 ], [ 108.883439, 34.245612 ], [ 108.883459, 34.246061 ], [ 108.883438, 34.246668 ], [ 108.883418, 34.246812 ], [ 108.882272, 34.246869 ], [ 108.88159, 34.246844 ], [ 108.881491, 34.246899 ], [ 108.881412, 34.246898 ], [ 108.880457, 34.246884 ], [ 108.880192, 34.24688 ], [ 108.878429, 34.246857 ], [ 108.87723, 34.246891 ], [ 108.877244, 34.249597 ], [ 108.877244, 34.249652 ], [ 108.87724, 34.250024 ], [ 108.877276, 34.250932 ], [ 108.879433, 34.251509 ], [ 108.880404, 34.251518 ], [ 108.883494, 34.251627 ], [ 108.883473, 34.252111 ], [ 108.883473, 34.252288 ], [ 108.88347, 34.253228 ], [ 108.883469, 34.253361 ], [ 108.883469, 34.253501 ], [ 108.883468, 34.253685 ], [ 108.88343, 34.253889 ], [ 108.883422, 34.253933 ], [ 108.877276, 34.25393 ], [ 108.872049, 34.253931 ], [ 108.867652, 34.253931 ], [ 108.86078, 34.253932 ], [ 108.855205, 34.253908 ], [ 108.849983, 34.253905 ], [ 108.84992, 34.256295 ], [ 108.849818, 34.259066 ], [ 108.849777, 34.260795 ], [ 108.849784, 34.260824 ], [ 108.849772, 34.260877 ], [ 108.849774, 34.260908 ], [ 108.849743, 34.262165 ], [ 108.84967, 34.266041 ], [ 108.849662, 34.266421 ], [ 108.849631, 34.266508 ], [ 108.849661, 34.266545 ], [ 108.849636, 34.267895 ], [ 108.84959, 34.268248 ], [ 108.84959, 34.270364 ], [ 108.849493, 34.273846 ], [ 108.849425, 34.276708 ], [ 108.849402, 34.277249 ], [ 108.849322, 34.280531 ], [ 108.849294, 34.281679 ], [ 108.849249, 34.281766 ], [ 108.84929, 34.281836 ], [ 108.849214, 34.284935 ], [ 108.849197, 34.285032 ], [ 108.849215, 34.285136 ], [ 108.84922, 34.288512 ], [ 108.849343, 34.28907 ], [ 108.849679, 34.289828 ], [ 108.849984, 34.290218 ], [ 108.850711, 34.290673 ], [ 108.851936, 34.2911 ], [ 108.850646, 34.291824 ], [ 108.850518, 34.292285 ], [ 108.850495, 34.29356 ], [ 108.850539, 34.294199 ], [ 108.852509, 34.293796 ], [ 108.870623, 34.291268 ], [ 108.870672, 34.291287 ], [ 108.870713, 34.291264 ], [ 108.878545, 34.291141 ], [ 108.878673, 34.291197 ], [ 108.878928, 34.291268 ], [ 108.879231, 34.291292 ], [ 108.879848, 34.291303 ], [ 108.881019, 34.291278 ], [ 108.881669, 34.291273 ], [ 108.882207, 34.291257 ], [ 108.882665, 34.29125 ], [ 108.883047, 34.291268 ], [ 108.883799, 34.291249 ], [ 108.884167, 34.291229 ], [ 108.884328, 34.291215 ], [ 108.884453, 34.291212 ], [ 108.885316, 34.291208 ], [ 108.88739, 34.291213 ], [ 108.88798, 34.293669 ], [ 108.889385, 34.293687 ], [ 108.892045, 34.293847 ], [ 108.89381, 34.294148 ], [ 108.900488, 34.2941 ], [ 108.906647, 34.294147 ], [ 108.908854, 34.294136 ], [ 108.917531, 34.294229 ], [ 108.917693, 34.29423 ], [ 108.920545, 34.294161 ], [ 108.921089, 34.294079 ], [ 108.926927, 34.294225 ], [ 108.92708, 34.294273 ], [ 108.929562, 34.294267 ], [ 108.929604, 34.294256 ], [ 108.929644, 34.294267 ], [ 108.934255, 34.294254 ], [ 108.938832, 34.294269 ], [ 108.938866, 34.294257 ], [ 108.938895, 34.294269 ], [ 108.940088, 34.294272 ], [ 108.940112, 34.294256 ], [ 108.940139, 34.294273 ], [ 108.942403, 34.29428 ], [ 108.94246, 34.294253 ], [ 108.942686, 34.294249 ], [ 108.942715, 34.294279 ], [ 108.945002, 34.294255 ], [ 108.948664, 34.294216 ] ] ] ] } },
{ "type": "Feature", "properties": { "id": "610103", "name": "碑林区", "site": "www.poi86.com" }, "geometry": { "type": "MultiPolygon", "coordinates": [ [ [ [ 108.942911, 34.26093 ], [ 108.943676, 34.26114 ], [ 108.947055, 34.26119 ], [ 108.947447, 34.261039 ], [ 108.949374, 34.261022 ], [ 108.949395, 34.260979 ], [ 108.949471, 34.26098 ], [ 108.949497, 34.261022 ], [ 108.958224, 34.260945 ], [ 108.958263, 34.260944 ], [ 108.958396, 34.260944 ], [ 108.95846, 34.260943 ], [ 108.964985, 34.260884 ], [ 108.965441, 34.261371 ], [ 108.965605, 34.261367 ], [ 108.966162, 34.261453 ], [ 108.966283, 34.261472 ], [ 108.966358, 34.261483 ], [ 108.967392, 34.26144 ], [ 108.967647, 34.261199 ], [ 108.967809, 34.26093 ], [ 108.967851, 34.260941 ], [ 108.967778, 34.261494 ], [ 108.967769, 34.261566 ], [ 108.967756, 34.261663 ], [ 108.967727, 34.261883 ], [ 108.967504, 34.263051 ], [ 108.967446, 34.265437 ], [ 108.967441, 34.26582 ], [ 108.967456, 34.26585 ], [ 108.967441, 34.265876 ], [ 108.967405, 34.268703 ], [ 108.967397, 34.269152 ], [ 108.967476, 34.269122 ], [ 108.967576, 34.269133 ], [ 108.968918, 34.268885 ], [ 108.970364, 34.268594 ], [ 108.970568, 34.268528 ], [ 108.974707, 34.268475 ], [ 108.974734, 34.26846 ], [ 108.974751, 34.268473 ], [ 108.9757, 34.268462 ], [ 108.976019, 34.268493 ], [ 108.976331, 34.26862 ], [ 108.977397, 34.268608 ], [ 108.977413, 34.268632 ], [ 108.977431, 34.268608 ], [ 108.979469, 34.268585 ], [ 108.979486, 34.268585 ], [ 108.981447, 34.268558 ], [ 108.981465, 34.268575 ], [ 108.981489, 34.268558 ], [ 108.983302, 34.268533 ], [ 108.983336, 34.268563 ], [ 108.983402, 34.268565 ], [ 108.983428, 34.268547 ], [ 108.990539, 34.269345 ], [ 108.990567, 34.269327 ], [ 108.990614, 34.269354 ], [ 108.990696, 34.269354 ], [ 108.990713, 34.269163 ], [ 108.993916, 34.269129 ], [ 108.993864, 34.268096 ], [ 108.994552, 34.268083 ], [ 108.994551, 34.267985 ], [ 108.997541, 34.267914 ], [ 108.997517, 34.265745 ], [ 108.997515, 34.265726 ], [ 108.997533, 34.265697 ], [ 108.997515, 34.26568 ], [ 108.997513, 34.26546 ], [ 108.997936, 34.26546 ], [ 108.998048, 34.260582 ], [ 108.99802, 34.260552 ], [ 108.997535, 34.260591 ], [ 108.997187, 34.260596 ], [ 108.996948, 34.260607 ], [ 108.996751, 34.260626 ], [ 108.996733, 34.26062 ], [ 108.996718, 34.260628 ], [ 108.996642, 34.260633 ], [ 108.994996, 34.260744 ], [ 108.994947, 34.260754 ], [ 108.994904, 34.26075 ], [ 108.994707, 34.260767 ], [ 108.994643, 34.260764 ], [ 108.994563, 34.260768 ], [ 108.994509, 34.260771 ], [ 108.994493, 34.259323 ], [ 108.996947, 34.259343 ], [ 108.996906, 34.256604 ], [ 108.996887, 34.25487 ], [ 108.993985, 34.254884 ], [ 108.993972, 34.252428 ], [ 108.994707, 34.252447 ], [ 108.994869, 34.252488 ], [ 108.995204, 34.25248 ], [ 108.995602, 34.252487 ], [ 108.996031, 34.252479 ], [ 108.998304, 34.252474 ], [ 108.998345, 34.252478 ], [ 108.998384, 34.252474 ], [ 108.998462, 34.252508 ], [ 108.998499, 34.252475 ], [ 108.999324, 34.252506 ], [ 108.999755, 34.252472 ], [ 109.001378, 34.252469 ], [ 109.001442, 34.252439 ], [ 109.001442, 34.251802 ], [ 109.001459, 34.251071 ], [ 109.001442, 34.250875 ], [ 109.001442, 34.250247 ], [ 109.001472, 34.250164 ], [ 109.001442, 34.250059 ], [ 109.001442, 34.249344 ], [ 109.001443, 34.249259 ], [ 109.001442, 34.24918 ], [ 109.001405, 34.246586 ], [ 109.001431, 34.246529 ], [ 109.001414, 34.246495 ], [ 109.001421, 34.245848 ], [ 109.001481, 34.245759 ], [ 109.001426, 34.245503 ], [ 109.001439, 34.2445 ], [ 109.001446, 34.244457 ], [ 109.001437, 34.244437 ], [ 109.001442, 34.244236 ], [ 109.001443, 34.244156 ], [ 108.991613, 34.24419 ], [ 108.991037, 34.244044 ], [ 108.98977, 34.243483 ], [ 108.985119, 34.241511 ], [ 108.984336, 34.241136 ], [ 108.975577, 34.237461 ], [ 108.974894, 34.237167 ], [ 108.974651, 34.237056 ], [ 108.968909, 34.23456 ], [ 108.968699, 34.234477 ], [ 108.967892, 34.234158 ], [ 108.960688, 34.231311 ], [ 108.948669, 34.231343 ], [ 108.945156, 34.231303 ], [ 108.944453, 34.231303 ], [ 108.944015, 34.231139 ], [ 108.943617, 34.231138 ], [ 108.943271, 34.231137 ], [ 108.943082, 34.231119 ], [ 108.942195, 34.231015 ], [ 108.942054, 34.231028 ], [ 108.941138, 34.231162 ], [ 108.934947, 34.231299 ], [ 108.934868, 34.231282 ], [ 108.934798, 34.231255 ], [ 108.934708, 34.23119 ], [ 108.934601, 34.23114 ], [ 108.934495, 34.231118 ], [ 108.934398, 34.231119 ], [ 108.934302, 34.231138 ], [ 108.93421, 34.231183 ], [ 108.934138, 34.231237 ], [ 108.934061, 34.231291 ], [ 108.933989, 34.23131 ], [ 108.933986, 34.231291 ], [ 108.933926, 34.23131 ], [ 108.931174, 34.231293 ], [ 108.931013, 34.231282 ], [ 108.930985, 34.231292 ], [ 108.927952, 34.231277 ], [ 108.92779, 34.231251 ], [ 108.927578, 34.231138 ], [ 108.927477, 34.231131 ], [ 108.927451, 34.231103 ], [ 108.927331, 34.231103 ], [ 108.927268, 34.231132 ], [ 108.927194, 34.23112 ], [ 108.926971, 34.231265 ], [ 108.926934, 34.231274 ], [ 108.926892, 34.231294 ], [ 108.92683, 34.231299 ], [ 108.926799, 34.231306 ], [ 108.92598, 34.231315 ], [ 108.925607, 34.231397 ], [ 108.925455, 34.231544 ], [ 108.925283, 34.23167 ], [ 108.924956, 34.231794 ], [ 108.923501, 34.232378 ], [ 108.92346, 34.232366 ], [ 108.923383, 34.232401 ], [ 108.923348, 34.232444 ], [ 108.921202, 34.233403 ], [ 108.920511, 34.233506 ], [ 108.917964, 34.234594 ], [ 108.91496, 34.236165 ], [ 108.914673, 34.236313 ], [ 108.914081, 34.236624 ], [ 108.9118, 34.237652 ], [ 108.911704, 34.237638 ], [ 108.911609, 34.237687 ], [ 108.91159, 34.237748 ], [ 108.909282, 34.238787 ], [ 108.909186, 34.238779 ], [ 108.90914, 34.238851 ], [ 108.908428, 34.239172 ], [ 108.90522, 34.240571 ], [ 108.905056, 34.240659 ], [ 108.904968, 34.240693 ], [ 108.904833, 34.240752 ], [ 108.904767, 34.24077 ], [ 108.904799, 34.240824 ], [ 108.904849, 34.240904 ], [ 108.904878, 34.240948 ], [ 108.9049, 34.240986 ], [ 108.904972, 34.241162 ], [ 108.905049, 34.241229 ], [ 108.905154, 34.241398 ], [ 108.90545, 34.24188 ], [ 108.905491, 34.242637 ], [ 108.90545, 34.243141 ], [ 108.905386, 34.247029 ], [ 108.905846, 34.247086 ], [ 108.906717, 34.247638 ], [ 108.906785, 34.247663 ], [ 108.906836, 34.247713 ], [ 108.907807, 34.248329 ], [ 108.910289, 34.249554 ], [ 108.914637, 34.249849 ], [ 108.915768, 34.250228 ], [ 108.915746, 34.250617 ], [ 108.918651, 34.250681 ], [ 108.918661, 34.252516 ], [ 108.923558, 34.252503 ], [ 108.924639, 34.252502 ], [ 108.924847, 34.252497 ], [ 108.925167, 34.2525 ], [ 108.92693, 34.252497 ], [ 108.927008, 34.252481 ], [ 108.927205, 34.252496 ], [ 108.927583, 34.252496 ], [ 108.927632, 34.252476 ], [ 108.927677, 34.252496 ], [ 108.92834, 34.252495 ], [ 108.928418, 34.252458 ], [ 108.928457, 34.252495 ], [ 108.928939, 34.252494 ], [ 108.929461, 34.252501 ], [ 108.931353, 34.252509 ], [ 108.931412, 34.252505 ], [ 108.931471, 34.252507 ], [ 108.931466, 34.252684 ], [ 108.931409, 34.260696 ], [ 108.931857, 34.260637 ], [ 108.93907, 34.260629 ], [ 108.94053, 34.260684 ], [ 108.942373, 34.260829 ], [ 108.942911, 34.26093 ] ] ] ] } },
{ "type": "Feature", "properties": { "id": "610112", "name": "未央区", "site": "www.poi86.com" }, "geometry": { "type": "MultiPolygon", "coordinates": [ [ [ [ 108.990943, 34.29544 ], [ 108.990934, 34.295797 ], [ 108.990932, 34.295805 ], [ 108.990934, 34.295809 ], [ 108.990924, 34.296226 ], [ 108.990445, 34.296261 ], [ 108.989534, 34.296366 ], [ 108.988874, 34.29655 ], [ 108.988833, 34.296558 ], [ 108.988845, 34.296616 ], [ 108.988788, 34.296574 ], [ 108.986557, 34.297195 ], [ 108.985471, 34.297487 ], [ 108.984432, 34.297604 ], [ 108.97798, 34.297657 ], [ 108.975852, 34.297674 ], [ 108.975747, 34.297651 ], [ 108.975669, 34.297552 ], [ 108.975583, 34.297278 ], [ 108.975536, 34.297219 ], [ 108.97534, 34.297466 ], [ 108.974998, 34.297833 ], [ 108.974826, 34.298056 ], [ 108.974725, 34.2983 ], [ 108.974538, 34.298285 ], [ 108.972277, 34.298219 ], [ 108.968305, 34.297831 ], [ 108.968305, 34.297255 ], [ 108.968989, 34.297237 ], [ 108.969008, 34.295417 ], [ 108.968125, 34.294373 ], [ 108.966864, 34.29441 ], [ 108.966883, 34.295634 ], [ 108.964165, 34.295605 ], [ 108.962434, 34.295259 ], [ 108.962362, 34.294227 ], [ 108.956784, 34.294222 ], [ 108.956705, 34.294222 ], [ 108.956627, 34.294222 ], [ 108.951151, 34.294217 ], [ 108.95096, 34.299404 ], [ 108.947311, 34.299561 ], [ 108.947311, 34.299294 ], [ 108.946802, 34.299288 ], [ 108.946758, 34.297836 ], [ 108.946356, 34.296369 ], [ 108.946087, 34.294791 ], [ 108.945108, 34.294783 ], [ 108.945002, 34.294255 ], [ 108.942715, 34.294279 ], [ 108.942686, 34.294249 ], [ 108.94246, 34.294253 ], [ 108.942403, 34.29428 ], [ 108.940139, 34.294273 ], [ 108.940112, 34.294256 ], [ 108.940088, 34.294272 ], [ 108.938895, 34.294269 ], [ 108.938866, 34.294257 ], [ 108.938832, 34.294269 ], [ 108.934255, 34.294254 ], [ 108.929644, 34.294267 ], [ 108.929604, 34.294256 ], [ 108.929562, 34.294267 ], [ 108.92708, 34.294273 ], [ 108.926927, 34.294225 ], [ 108.921089, 34.294079 ], [ 108.920545, 34.294161 ], [ 108.917693, 34.29423 ], [ 108.917531, 34.294229 ], [ 108.908854, 34.294136 ], [ 108.906647, 34.294147 ], [ 108.900488, 34.2941 ], [ 108.89381, 34.294148 ], [ 108.892045, 34.293847 ], [ 108.889385, 34.293687 ], [ 108.88798, 34.293669 ], [ 108.88739, 34.291213 ], [ 108.885316, 34.291208 ], [ 108.884453, 34.291212 ], [ 108.884328, 34.291215 ], [ 108.884167, 34.291229 ], [ 108.883799, 34.291249 ], [ 108.883047, 34.291268 ], [ 108.882665, 34.29125 ], [ 108.882207, 34.291257 ], [ 108.881669, 34.291273 ], [ 108.881019, 34.291278 ], [ 108.879848, 34.291303 ], [ 108.879231, 34.291292 ], [ 108.878928, 34.291268 ], [ 108.878673, 34.291197 ], [ 108.878545, 34.291141 ], [ 108.870713, 34.291264 ], [ 108.870672, 34.291287 ], [ 108.870623, 34.291268 ], [ 108.852509, 34.293796 ], [ 108.850539, 34.294199 ], [ 108.850495, 34.29356 ], [ 108.850518, 34.292285 ], [ 108.850646, 34.291824 ], [ 108.851936, 34.2911 ], [ 108.850711, 34.290673 ], [ 108.849984, 34.290218 ], [ 108.849679, 34.289828 ], [ 108.849343, 34.28907 ], [ 108.84922, 34.288512 ], [ 108.849215, 34.285136 ], [ 108.849197, 34.285032 ], [ 108.849214, 34.284935 ], [ 108.84929, 34.281836 ], [ 108.849249, 34.281766 ], [ 108.849294, 34.281679 ], [ 108.849322, 34.280531 ], [ 108.849402, 34.277249 ], [ 108.849425, 34.276708 ], [ 108.849493, 34.273846 ], [ 108.84959, 34.270364 ], [ 108.84959, 34.268248 ], [ 108.849636, 34.267895 ], [ 108.849661, 34.266545 ], [ 108.849631, 34.266508 ], [ 108.849662, 34.266421 ], [ 108.84967, 34.266041 ], [ 108.849743, 34.262165 ], [ 108.849774, 34.260908 ], [ 108.849772, 34.260877 ], [ 108.849784, 34.260824 ], [ 108.849777, 34.260795 ], [ 108.849818, 34.259066 ], [ 108.84992, 34.256295 ], [ 108.848572, 34.255797 ], [ 108.848547, 34.255383 ], [ 108.848344, 34.255403 ], [ 108.848344, 34.254053 ], [ 108.842637, 34.254034 ], [ 108.842185, 34.255193 ], [ 108.840905, 34.254875 ], [ 108.838354, 34.254239 ], [ 108.838323, 34.253539 ], [ 108.83833, 34.253496 ], [ 108.83832, 34.253469 ], [ 108.838257, 34.252002 ], [ 108.837056, 34.252034 ], [ 108.836992, 34.251321 ], [ 108.836778, 34.25132 ], [ 108.836761, 34.251296 ], [ 108.836738, 34.25132 ], [ 108.832116, 34.251293 ], [ 108.831361, 34.251322 ], [ 108.830423, 34.251076 ], [ 108.82972, 34.250577 ], [ 108.828698, 34.250094 ], [ 108.828632, 34.250088 ], [ 108.828581, 34.249989 ], [ 108.82591, 34.24861 ], [ 108.823661, 34.248054 ], [ 108.822803, 34.248131 ], [ 108.822043, 34.248825 ], [ 108.820876, 34.252489 ], [ 108.818185, 34.250251 ], [ 108.806352, 34.250326 ], [ 108.807029, 34.251708 ], [ 108.808166, 34.258015 ], [ 108.807619, 34.262783 ], [ 108.807159, 34.263605 ], [ 108.807107, 34.264484 ], [ 108.808201, 34.266034 ], [ 108.810102, 34.267945 ], [ 108.810814, 34.269382 ], [ 108.811612, 34.271338 ], [ 108.811786, 34.272884 ], [ 108.81222, 34.277238 ], [ 108.800819, 34.277187 ], [ 108.800083, 34.2777 ], [ 108.799806, 34.278198 ], [ 108.79892, 34.281577 ], [ 108.79859, 34.284097 ], [ 108.798382, 34.285425 ], [ 108.796828, 34.287907 ], [ 108.79075, 34.290147 ], [ 108.788771, 34.292768 ], [ 108.787703, 34.294694 ], [ 108.78858, 34.295327 ], [ 108.790238, 34.295872 ], [ 108.791158, 34.296455 ], [ 108.791341, 34.296763 ], [ 108.790538, 34.298154 ], [ 108.792074, 34.298186 ], [ 108.791957, 34.300668 ], [ 108.791298, 34.300678 ], [ 108.790623, 34.305828 ], [ 108.78818, 34.305804 ], [ 108.788072, 34.309927 ], [ 108.792633, 34.308966 ], [ 108.792481, 34.315018 ], [ 108.79164, 34.317776 ], [ 108.791601, 34.319534 ], [ 108.79128, 34.320558 ], [ 108.790759, 34.323123 ], [ 108.79121, 34.326178 ], [ 108.791002, 34.327372 ], [ 108.790455, 34.328796 ], [ 108.789778, 34.330692 ], [ 108.789508, 34.332123 ], [ 108.789378, 34.333672 ], [ 108.789369, 34.334004 ], [ 108.789595, 34.335603 ], [ 108.79161, 34.336754 ], [ 108.794057, 34.33787 ], [ 108.794769, 34.339646 ], [ 108.793076, 34.341676 ], [ 108.791791, 34.342606 ], [ 108.791921, 34.343379 ], [ 108.792759, 34.343778 ], [ 108.797466, 34.344624 ], [ 108.797816, 34.345439 ], [ 108.798016, 34.347537 ], [ 108.797721, 34.349067 ], [ 108.797617, 34.349215 ], [ 108.797061, 34.349551 ], [ 108.795958, 34.349892 ], [ 108.795412, 34.350841 ], [ 108.79744, 34.354814 ], [ 108.798554, 34.360981 ], [ 108.801115, 34.363424 ], [ 108.806943, 34.368347 ], [ 108.80991, 34.370075 ], [ 108.813174, 34.369836 ], [ 108.823415, 34.367396 ], [ 108.828294, 34.368915 ], [ 108.829685, 34.370087 ], [ 108.83069, 34.372014 ], [ 108.832953, 34.373607 ], [ 108.836975, 34.375199 ], [ 108.8384, 34.376289 ], [ 108.839909, 34.377797 ], [ 108.842183, 34.379871 ], [ 108.844686, 34.382323 ], [ 108.847702, 34.383914 ], [ 108.850635, 34.385423 ], [ 108.852813, 34.388356 ], [ 108.855244, 34.390199 ], [ 108.857087, 34.390953 ], [ 108.860416, 34.391718 ], [ 108.863169, 34.392028 ], [ 108.866685, 34.392602 ], [ 108.869879, 34.392685 ], [ 108.875177, 34.392997 ], [ 108.880725, 34.391674 ], [ 108.884777, 34.391497 ], [ 108.8883, 34.392378 ], [ 108.892527, 34.394843 ], [ 108.896138, 34.396869 ], [ 108.899749, 34.400567 ], [ 108.9029, 34.40489 ], [ 108.905532, 34.406784 ], [ 108.908858, 34.407616 ], [ 108.918805, 34.406098 ], [ 108.919124, 34.406114 ], [ 108.925201, 34.405936 ], [ 108.929956, 34.408138 ], [ 108.933568, 34.411396 ], [ 108.937267, 34.414303 ], [ 108.94255, 34.415799 ], [ 108.948187, 34.418529 ], [ 108.95413, 34.424044 ], [ 108.956135, 34.425554 ], [ 108.957645, 34.426692 ], [ 108.959928, 34.427558 ], [ 108.963932, 34.429744 ], [ 108.967453, 34.431504 ], [ 108.969693, 34.432304 ], [ 108.970684, 34.432747 ], [ 108.97343, 34.433737 ], [ 108.976265, 34.435808 ], [ 108.978966, 34.437383 ], [ 108.980496, 34.437833 ], [ 108.982748, 34.438553 ], [ 108.986348, 34.439768 ], [ 108.988825, 34.440668 ], [ 108.99157, 34.441298 ], [ 108.99576, 34.441289 ], [ 109.001266, 34.439868 ], [ 109.003264, 34.439557 ], [ 109.009289, 34.440073 ], [ 109.016582, 34.438898 ], [ 109.021374, 34.438651 ], [ 109.020473, 34.436952 ], [ 109.019939, 34.434447 ], [ 109.019629, 34.433378 ], [ 109.019207, 34.431942 ], [ 109.017968, 34.430732 ], [ 109.01597, 34.429831 ], [ 109.014844, 34.429184 ], [ 109.014365, 34.428086 ], [ 109.012873, 34.426256 ], [ 109.01065, 34.425271 ], [ 109.009636, 34.424539 ], [ 109.009046, 34.423582 ], [ 109.009158, 34.422091 ], [ 109.008961, 34.421274 ], [ 109.008145, 34.420627 ], [ 109.007666, 34.419922 ], [ 109.007807, 34.418798 ], [ 109.007638, 34.417418 ], [ 109.007948, 34.415222 ], [ 109.008708, 34.413618 ], [ 109.008989, 34.411114 ], [ 109.008623, 34.409031 ], [ 109.00868, 34.404695 ], [ 109.007808, 34.40219 ], [ 109.006597, 34.39977 ], [ 109.006288, 34.397799 ], [ 109.006456, 34.395689 ], [ 109.006851, 34.392733 ], [ 109.006512, 34.389468 ], [ 109.006228, 34.38763 ], [ 109.005223, 34.384715 ], [ 109.005093, 34.383112 ], [ 109.005353, 34.381855 ], [ 109.006068, 34.379858 ], [ 109.006678, 34.3766 ], [ 109.00676, 34.37511 ], [ 109.006168, 34.372809 ], [ 109.005999, 34.36998 ], [ 109.005979, 34.366434 ], [ 109.006092, 34.361232 ], [ 109.006004, 34.36058 ], [ 109.005662, 34.359616 ], [ 109.005527, 34.358761 ], [ 109.005726, 34.354696 ], [ 109.006147, 34.35134 ], [ 109.006524, 34.348535 ], [ 109.007434, 34.345199 ], [ 109.00817, 34.343378 ], [ 109.009601, 34.341862 ], [ 109.011074, 34.340735 ], [ 109.012678, 34.340086 ], [ 109.013371, 34.339652 ], [ 109.015321, 34.337919 ], [ 109.018094, 34.3361 ], [ 109.020174, 34.33454 ], [ 109.029751, 34.329732 ], [ 109.034345, 34.327175 ], [ 109.039231, 34.323416 ], [ 109.034903, 34.317836 ], [ 109.034685, 34.317404 ], [ 109.034685, 34.31697 ], [ 109.035406, 34.313719 ], [ 109.035336, 34.313428 ], [ 109.035119, 34.313285 ], [ 109.027943, 34.313146 ], [ 109.027473, 34.31309 ], [ 109.026603, 34.312617 ], [ 109.026354, 34.312457 ], [ 109.026411, 34.312313 ], [ 109.029086, 34.311273 ], [ 109.029254, 34.311141 ], [ 109.029311, 34.310953 ], [ 109.028686, 34.309959 ], [ 109.028469, 34.309742 ], [ 109.027462, 34.30902 ], [ 109.026594, 34.308804 ], [ 109.019588, 34.308299 ], [ 109.019076, 34.308007 ], [ 109.018642, 34.307648 ], [ 109.018208, 34.307502 ], [ 109.014744, 34.307576 ], [ 109.014024, 34.30743 ], [ 109.013409, 34.307195 ], [ 109.005189, 34.303843 ], [ 109.005215, 34.303217 ], [ 109.004301, 34.303139 ], [ 109.004327, 34.301754 ], [ 109.002735, 34.301598 ], [ 109.002474, 34.301467 ], [ 109.002393, 34.301229 ], [ 109.002759, 34.297871 ], [ 108.996106, 34.297871 ], [ 108.996106, 34.295415 ], [ 108.990943, 34.29544 ] ] ] ] } },
{ "type": "Feature", "properties": { "id": "610102", "name": "新城区", "site": "www.poi86.com" }, "geometry": { "type": "MultiPolygon", "coordinates": [ [ [ [ 109.001443, 34.244156 ], [ 109.001442, 34.244236 ], [ 109.001437, 34.244437 ], [ 109.001446, 34.244457 ], [ 109.001439, 34.2445 ], [ 109.001426, 34.245503 ], [ 109.001481, 34.245759 ], [ 109.001421, 34.245848 ], [ 109.001414, 34.246495 ], [ 109.001431, 34.246529 ], [ 109.001405, 34.246586 ], [ 109.001442, 34.24918 ], [ 109.001443, 34.249259 ], [ 109.001442, 34.249344 ], [ 109.001442, 34.250059 ], [ 109.001472, 34.250164 ], [ 109.001442, 34.250247 ], [ 109.001442, 34.250875 ], [ 109.001459, 34.251071 ], [ 109.001442, 34.251802 ], [ 109.001442, 34.252439 ], [ 109.001378, 34.252469 ], [ 108.999755, 34.252472 ], [ 108.999324, 34.252506 ], [ 108.998499, 34.252475 ], [ 108.998462, 34.252508 ], [ 108.998384, 34.252474 ], [ 108.998345, 34.252478 ], [ 108.998304, 34.252474 ], [ 108.996031, 34.252479 ], [ 108.995602, 34.252487 ], [ 108.995204, 34.25248 ], [ 108.994869, 34.252488 ], [ 108.994707, 34.252447 ], [ 108.993972, 34.252428 ], [ 108.993985, 34.254884 ], [ 108.996887, 34.25487 ], [ 108.996906, 34.256604 ], [ 108.996947, 34.259343 ], [ 108.994493, 34.259323 ], [ 108.994509, 34.260771 ], [ 108.994563, 34.260768 ], [ 108.994643, 34.260764 ], [ 108.994707, 34.260767 ], [ 108.994904, 34.26075 ], [ 108.994947, 34.260754 ], [ 108.994996, 34.260744 ], [ 108.996642, 34.260633 ], [ 108.996718, 34.260628 ], [ 108.996733, 34.26062 ], [ 108.996751, 34.260626 ], [ 108.996948, 34.260607 ], [ 108.997187, 34.260596 ], [ 108.997535, 34.260591 ], [ 108.99802, 34.260552 ], [ 108.998048, 34.260582 ], [ 108.997936, 34.26546 ], [ 108.997513, 34.26546 ], [ 108.997515, 34.26568 ], [ 108.997533, 34.265697 ], [ 108.997515, 34.265726 ], [ 108.997517, 34.265745 ], [ 108.997541, 34.267914 ], [ 108.994551, 34.267985 ], [ 108.994552, 34.268083 ], [ 108.993864, 34.268096 ], [ 108.993916, 34.269129 ], [ 108.990713, 34.269163 ], [ 108.990696, 34.269354 ], [ 108.990614, 34.269354 ], [ 108.990567, 34.269327 ], [ 108.990539, 34.269345 ], [ 108.983428, 34.268547 ], [ 108.983402, 34.268565 ], [ 108.983336, 34.268563 ], [ 108.983302, 34.268533 ], [ 108.981489, 34.268558 ], [ 108.981465, 34.268575 ], [ 108.981447, 34.268558 ], [ 108.979486, 34.268585 ], [ 108.979469, 34.268585 ], [ 108.977431, 34.268608 ], [ 108.977413, 34.268632 ], [ 108.977397, 34.268608 ], [ 108.976331, 34.26862 ], [ 108.976019, 34.268493 ], [ 108.9757, 34.268462 ], [ 108.974751, 34.268473 ], [ 108.974734, 34.26846 ], [ 108.974707, 34.268475 ], [ 108.970568, 34.268528 ], [ 108.970364, 34.268594 ], [ 108.968918, 34.268885 ], [ 108.967576, 34.269133 ], [ 108.967476, 34.269122 ], [ 108.967397, 34.269152 ], [ 108.967405, 34.268703 ], [ 108.967441, 34.265876 ], [ 108.967456, 34.26585 ], [ 108.967441, 34.26582 ], [ 108.967446, 34.265437 ], [ 108.967504, 34.263051 ], [ 108.967727, 34.261883 ], [ 108.967756, 34.261663 ], [ 108.967769, 34.261566 ], [ 108.967778, 34.261494 ], [ 108.967851, 34.260941 ], [ 108.967809, 34.26093 ], [ 108.967647, 34.261199 ], [ 108.967392, 34.26144 ], [ 108.966358, 34.261483 ], [ 108.966283, 34.261472 ], [ 108.966162, 34.261453 ], [ 108.965605, 34.261367 ], [ 108.965441, 34.261371 ], [ 108.964985, 34.260884 ], [ 108.95846, 34.260943 ], [ 108.958396, 34.260944 ], [ 108.958263, 34.260944 ], [ 108.958224, 34.260945 ], [ 108.949497, 34.261022 ], [ 108.949471, 34.26098 ], [ 108.949395, 34.260979 ], [ 108.949374, 34.261022 ], [ 108.947447, 34.261039 ], [ 108.947055, 34.26119 ], [ 108.943676, 34.26114 ], [ 108.942911, 34.26093 ], [ 108.942886, 34.261395 ], [ 108.942514, 34.261824 ], [ 108.942541, 34.262966 ], [ 108.942539, 34.263354 ], [ 108.942533, 34.265845 ], [ 108.94251, 34.266019 ], [ 108.942535, 34.266062 ], [ 108.942502, 34.266096 ], [ 108.942574, 34.266177 ], [ 108.942533, 34.266202 ], [ 108.942555, 34.266925 ], [ 108.942576, 34.26768 ], [ 108.942552, 34.268392 ], [ 108.942566, 34.268448 ], [ 108.94255, 34.268586 ], [ 108.942572, 34.269449 ], [ 108.942615, 34.269706 ], [ 108.942587, 34.270216 ], [ 108.942573, 34.270311 ], [ 108.942624, 34.271283 ], [ 108.942671, 34.271374 ], [ 108.942676, 34.271601 ], [ 108.942629, 34.271692 ], [ 108.942613, 34.272675 ], [ 108.942624, 34.273118 ], [ 108.942623, 34.273225 ], [ 108.942623, 34.27337 ], [ 108.942616, 34.27518 ], [ 108.94261, 34.275199 ], [ 108.942615, 34.275236 ], [ 108.942583, 34.276459 ], [ 108.942643, 34.276641 ], [ 108.942691, 34.278858 ], [ 108.942775, 34.282787 ], [ 108.942863, 34.28691 ], [ 108.943177, 34.287145 ], [ 108.943406, 34.287383 ], [ 108.943562, 34.287544 ], [ 108.943867, 34.287605 ], [ 108.944353, 34.287936 ], [ 108.946047, 34.287839 ], [ 108.946238, 34.287848 ], [ 108.946313, 34.289964 ], [ 108.946424, 34.291085 ], [ 108.94871, 34.291094 ], [ 108.948731, 34.291532 ], [ 108.948703, 34.292653 ], [ 108.948749, 34.29267 ], [ 108.948702, 34.292686 ], [ 108.948664, 34.294216 ], [ 108.945002, 34.294255 ], [ 108.945108, 34.294783 ], [ 108.946087, 34.294791 ], [ 108.946356, 34.296369 ], [ 108.946758, 34.297836 ], [ 108.946802, 34.299288 ], [ 108.947311, 34.299294 ], [ 108.947311, 34.299561 ], [ 108.95096, 34.299404 ], [ 108.951151, 34.294217 ], [ 108.956627, 34.294222 ], [ 108.956705, 34.294222 ], [ 108.956784, 34.294222 ], [ 108.962362, 34.294227 ], [ 108.962434, 34.295259 ], [ 108.964165, 34.295605 ], [ 108.966883, 34.295634 ], [ 108.966864, 34.29441 ], [ 108.968125, 34.294373 ], [ 108.969008, 34.295417 ], [ 108.968989, 34.297237 ], [ 108.968305, 34.297255 ], [ 108.968305, 34.297831 ], [ 108.972277, 34.298219 ], [ 108.974538, 34.298285 ], [ 108.974725, 34.2983 ], [ 108.974826, 34.298056 ], [ 108.974998, 34.297833 ], [ 108.97534, 34.297466 ], [ 108.975536, 34.297219 ], [ 108.975583, 34.297278 ], [ 108.975669, 34.297552 ], [ 108.975747, 34.297651 ], [ 108.975852, 34.297674 ], [ 108.97798, 34.297657 ], [ 108.984432, 34.297604 ], [ 108.985471, 34.297487 ], [ 108.986557, 34.297195 ], [ 108.988788, 34.296574 ], [ 108.988845, 34.296616 ], [ 108.988833, 34.296558 ], [ 108.988874, 34.29655 ], [ 108.989534, 34.296366 ], [ 108.990445, 34.296261 ], [ 108.990924, 34.296226 ], [ 108.990934, 34.295809 ], [ 108.990932, 34.295805 ], [ 108.990934, 34.295797 ], [ 108.990943, 34.29544 ], [ 108.990931, 34.295187 ], [ 108.990935, 34.295139 ], [ 108.990931, 34.295106 ], [ 108.990952, 34.295023 ], [ 108.99406, 34.294977 ], [ 108.994092, 34.2921 ], [ 108.998535, 34.292164 ], [ 108.998427, 34.289729 ], [ 108.999795, 34.290321 ], [ 109.001847, 34.290459 ], [ 109.002577, 34.29055 ], [ 109.003329, 34.290755 ], [ 109.007578, 34.292638 ], [ 109.010412, 34.29268 ], [ 109.012469, 34.292691 ], [ 109.013007, 34.292645 ], [ 109.013726, 34.292514 ], [ 109.014624, 34.292252 ], [ 109.015512, 34.29187 ], [ 109.016297, 34.291403 ], [ 109.016862, 34.290976 ], [ 109.017605, 34.290281 ], [ 109.018156, 34.289543 ], [ 109.019128, 34.287907 ], [ 109.019446, 34.287029 ], [ 109.019634, 34.286347 ], [ 109.019774, 34.284769 ], [ 109.019846, 34.28332 ], [ 109.020008, 34.278834 ], [ 109.020054, 34.276816 ], [ 109.020194, 34.2749 ], [ 109.020231, 34.273783 ], [ 109.020226, 34.273734 ], [ 109.020235, 34.27369 ], [ 109.020241, 34.273499 ], [ 109.020286, 34.27327 ], [ 109.020335, 34.27248 ], [ 109.020502, 34.270957 ], [ 109.02068, 34.270051 ], [ 109.02097, 34.269005 ], [ 109.021242, 34.268069 ], [ 109.02181, 34.266618 ], [ 109.020958, 34.265139 ], [ 109.020546, 34.264286 ], [ 109.020516, 34.264118 ], [ 109.020365, 34.263488 ], [ 109.015188, 34.263532 ], [ 109.015177, 34.263798 ], [ 109.012922, 34.263779 ], [ 109.012929, 34.263651 ], [ 109.012965, 34.263043 ], [ 109.011363, 34.26311 ], [ 109.011341, 34.262977 ], [ 109.014675, 34.262887 ], [ 109.01538, 34.262885 ], [ 109.015401, 34.262557 ], [ 109.014942, 34.262545 ], [ 109.01494, 34.262473 ], [ 109.014974, 34.261779 ], [ 109.015454, 34.261688 ], [ 109.015743, 34.260935 ], [ 109.017324, 34.261258 ], [ 109.017409, 34.262904 ], [ 109.017967, 34.262943 ], [ 109.017993, 34.262561 ], [ 109.018108, 34.261746 ], [ 109.018179, 34.261105 ], [ 109.02023, 34.26109 ], [ 109.020433, 34.260451 ], [ 109.020672, 34.260419 ], [ 109.022153, 34.260225 ], [ 109.023882, 34.260226 ], [ 109.024484, 34.258673 ], [ 109.025108, 34.256763 ], [ 109.025553, 34.255149 ], [ 109.025924, 34.252717 ], [ 109.025924, 34.252625 ], [ 109.025924, 34.251643 ], [ 109.025933, 34.249989 ], [ 109.025877, 34.246195 ], [ 109.025859, 34.243252 ], [ 109.025802, 34.237607 ], [ 109.025834, 34.236045 ], [ 109.019494, 34.236048 ], [ 109.019473, 34.237424 ], [ 109.018912, 34.237437 ], [ 109.018948, 34.239284 ], [ 109.018182, 34.239281 ], [ 109.018166, 34.240601 ], [ 109.013479, 34.240651 ], [ 109.011142, 34.24062 ], [ 109.01102, 34.244569 ], [ 109.009433, 34.244474 ], [ 109.009386, 34.244267 ], [ 109.007831, 34.244191 ], [ 109.007683, 34.244217 ], [ 109.007563, 34.244178 ], [ 109.006778, 34.244141 ], [ 109.001443, 34.244156 ] ] ] ] } }
]
}
