点位名称,SO2,NO2,PM10,CO,O31小时,O38小时,PM2.5,首要污染物,时间
高压开关厂 ,23.0,79.0,140.0,42.0,107.0,116.0,133.0,轻度,2013-04-26
高压开关厂 ,26.0,88.0,167.0,46.0,95.0,99.0,169.0,中度,2013-04-25
高压开关厂 ,,,154.0,77.0,59.0,78.0,195.0,中度,2013-04-24
高压开关厂 ,24.0,82.0,133.0,79.0,40.0,44.0,200.0,中度,2013-04-23
高压开关厂 ,13.0,45.0,125.0,71.0,9.0,9.0,220.0,重度,2013-04-22
高压开关厂 ,21.0,40.0,98.0,67.0,26.0,32.0,168.0,中度,2013-04-21
高压开关厂 ,15.0,37.0,70.0,50.0,22.0,26.0,88.0,良,2013-04-20
高压开关厂 ,8.0,34.0,87.0,71.0,23.0,33.0,125.0,轻度,2013-04-19
高压开关厂 ,31.0,40.0,318.0,93.0,39.0,52.0,200.0,严重,2013-04-18
高压开关厂 ,42.0,52.0,155.0,99.0,107.0,115.0,170.0,中度,2013-04-17
高压开关厂 ,54.0,45.0,98.0,76.0,64.0,79.0,92.0,良,2013-04-16
高压开关厂 ,76.0,52.0,106.0,93.0,49.0,78.0,85.0,轻度,2013-04-15
高压开关厂 ,62.0,47.0,88.0,82.0,49.0,72.0,64.0,良,2013-04-14
高压开关厂 ,34.0,62.0,107.0,89.0,41.0,52.0,105.0,轻度,2013-04-13
高压开关厂 ,56.0,,110.0,101.0,44.0,62.0,108.0,轻度,2013-04-12
高压开关厂 ,83.0,167.0,119.0,102.0,41.0,57.0,134.0,中度,2013-04-11
高压开关厂 ,37.0,,108.0,89.0,38.0,,113.0,轻度,2013-04-10
高压开关厂 ,19.0,,90.0,79.0,42.0,65.0,85.0,良,2013-04-09
高压开关厂 ,36.0,165.0,159.0,87.0,35.0,55.0,112.0,中度,2013-04-08
高压开关厂 ,65.0,155.0,125.0,96.0,,,147.0,中度,2013-04-07
高压开关厂 ,40.0,97.0,96.0,77.0,,,93.0,良,2013-04-06
高压开关厂 ,30.0,,109.0,68.0,30.0,40.0,89.0,轻度,2013-04-05
高压开关厂 ,47.0,59.0,127.0,83.0,24.0,27.0,158.0,中度,2013-04-04
高压开关厂 ,62.0,79.0,134.0,91.0,54.0,68.0,179.0,中度,2013-04-03
高压开关厂 ,81.0,64.0,126.0,82.0,15.0,21.0,138.0,轻度,2013-04-02
高压开关厂 ,54.0,92.0,191.0,99.0,50.0,76.0,229.0,重度,2013-04-01
高压开关厂 ,46.0,59.0,147.0,87.0,41.0,44.0,237.0,重度,2013-03-31
高压开关厂 ,65.0,90.0,176.0,89.0,41.0,52.0,235.0,重度,2013-03-30
高压开关厂 ,54.0,65.0,146.0,80.0,30.0,40.0,198.0,中度,2013-03-29
高压开关厂 ,57.0,,143.0,101.0,40.0,50.0,150.0,轻度,2013-03-28
高压开关厂 ,52.0,94.0,140.0,99.0,37.0,44.0,148.0,轻度,2013-03-27
高压开关厂 ,44.0,,105.0,78.0,40.0,50.0,145.0,轻度,2013-03-26
高压开关厂 ,56.0,62.0,115.0,71.0,13.0,,133.0,轻度,2013-03-25
高压开关厂 ,43.0,,146.0,63.0,36.0,48.0,115.0,轻度,2013-03-24
高压开关厂 ,58.0,85.0,166.0,83.0,46.0,56.0,208.0,重度,2013-03-23
高压开关厂 ,58.0,101.0,143.0,85.0,32.0,38.0,208.0,重度,2013-03-22
高压开关厂 ,52.0,70.0,136.0,71.0,23.0,28.0,173.0,中度,2013-03-21
高压开关厂 ,42.0,53.0,148.0,59.0,32.0,44.0,114.0,轻度,2013-03-20
高压开关厂 ,57.0,,175.0,98.0,32.0,34.0,163.0,中度,2013-03-19
高压开关厂 ,55.0,,153.0,70.0,35.0,42.0,108.0,中度,2013-03-18
高压开关厂 ,63.0,,139.0,64.0,45.0,65.0,158.0,中度,2013-03-17
高压开关厂 ,66.0,,166.0,75.0,15.0,18.0,280.0,重度,2013-03-16
高压开关厂 ,67.0,75.0,149.0,62.0,26.0,34.0,229.0,重度,2013-03-15
高压开关厂 ,61.0,,118.0,48.0,22.0,27.0,166.0,中度,2013-03-14
高压开关厂 ,68.0,,500.0,59.0,15.0,19.0,364.0,严重,2013-03-13
高压开关厂 ,60.0,,500.0,50.0,19.0,21.0,268.0,严重,2013-03-12
高压开关厂 ,67.0,,107.0,33.0,18.0,22.0,105.0,轻度,2013-03-11
高压开关厂 ,45.0,,364.0,24.0,27.0,37.0,112.0,严重,2013-03-10
高压开关厂 ,50.0,98.0,500.0,48.0,23.0,32.0,309.0,严重,2013-03-09
高压开关厂 ,100.0,,152.0,63.0,38.0,49.0,162.0,中度,2013-03-08
高压开关厂 ,76.0,,191.0,57.0,36.0,42.0,195.0,中度,2013-03-07
高压开关厂 ,74.0,,196.0,33.0,33.0,46.0,209.0,重度,2013-03-06
高压开关厂 ,85.0,,192.0,60.0,33.0,35.0,252.0,重度,2013-03-05
高压开关厂 ,69.0,,171.0,43.0,33.0,37.0,169.0,中度,2013-03-04
高压开关厂 ,60.0,88.0,153.0,32.0,38.0,48.0,127.0,中度,2013-03-03
高压开关厂 ,94.0,88.0,144.0,20.0,30.0,35.0,103.0,轻度,2013-03-02
高压开关厂 ,63.0,63.0,145.0,10.0,27.0,40.0,67.0,轻度,2013-03-01
高压开关厂 ,70.0,,270.0,52.0,27.0,28.0,272.0,重度,2013-02-28
高压开关厂 ,99.0,,322.0,91.0,41.0,38.0,402.0,严重,2013-02-27
高压开关厂 ,116.0,,282.0,87.0,31.0,32.0,412.0,严重,2013-02-26
高压开关厂 ,104.0,,270.0,81.0,20.0,20.0,354.0,严重,2013-02-25
高压开关厂 ,105.0,,270.0,81.0,38.0,41.0,412.0,严重,2013-02-24
高压开关厂 ,86.0,116.0,158.0,69.0,40.0,47.0,285.0,重度,2013-02-23
高压开关厂 ,78.0,,125.0,65.0,39.0,45.0,225.0,重度,2013-02-22
高压开关厂 ,100.0,,118.0,61.0,38.0,48.0,208.0,重度,2013-02-21
高压开关厂 ,60.0,,82.0,36.0,24.0,30.0,138.0,轻度,2013-02-20
高压开关厂 ,63.0,,82.0,38.0,21.0,26.0,140.0,轻度,2013-02-19
高压开关厂 ,58.0,,83.0,34.0,29.0,33.0,119.0,轻度,2013-02-18
高压开关厂 ,96.0,,160.0,41.0,22.0,19.0,296.0,重度,2013-02-17
高压开关厂 ,105.0,,178.0,101.0,34.0,44.0,347.0,严重,2013-02-16
高压开关厂 ,78.0,93.0,89.0,108.0,34.0,41.0,99.0,轻度,2013-02-15
高压开关厂 ,104.0,103.0,109.0,109.0,26.0,28.0,159.0,中度,2013-02-14
高压开关厂 ,128.0,107.0,100.0,109.0,20.0,18.0,145.0,轻度,2013-02-13
高压开关厂 ,68.0,77.0,114.0,108.0,33.0,42.0,185.0,中度,2013-02-12
高压开关厂 ,74.0,82.0,155.0,111.0,9.0,11.0,305.0,严重,2013-02-11
高压开关厂 ,106.0,105.0,487.0,114.0,40.0,40.0,500.0,严重,2013-02-10
高压开关厂 ,127.0,107.0,178.0,111.0,22.0,28.0,327.0,严重,2013-02-09
高压开关厂 ,102.0,106.0,105.0,110.0,9.0,10.0,190.0,中度,2013-02-08
高压开关厂 ,104.0,108.0,134.0,113.0,11.0,14.0,221.0,重度,2013-02-07
高压开关厂 ,117.0,120.0,196.0,118.0,11.0,11.0,346.0,严重,2013-02-06
高压开关厂 ,107.0,110.0,102.0,114.0,29.0,31.0,166.0,中度,2013-02-05
高压开关厂 ,90.0,107.0,,113.0,4.0,6.0,199.0,中度,2013-02-04
高压开关厂 ,98.0,115.0,,114.0,4.0,5.0,240.0,重度,2013-02-03
高压开关厂 ,101.0,131.0,253.0,118.0,5.0,6.0,391.0,严重,2013-02-02
高压开关厂 ,122.0,144.0,342.0,119.0,6.0,7.0,440.0,严重,2013-02-01
高压开关厂 ,107.0,134.0,172.0,114.0,10.0,10.0,318.0,严重,2013-01-31
高压开关厂 ,118.0,148.0,322.0,115.0,10.0,10.0,429.0,严重,2013-01-30
高压开关厂 ,108.0,142.0,319.0,116.0,13.0,12.0,413.0,严重,2013-01-29
高压开关厂 ,135.0,132.0,169.0,109.0,14.0,14.0,293.0,重度,2013-01-28
高压开关厂 ,118.0,138.0,182.0,109.0,8.0,8.0,266.0,重度,2013-01-27
高压开关厂 ,117.0,119.0,114.0,103.0,17.0,20.0,172.0,中度,2013-01-26
高压开关厂 ,80.0,109.0,117.0,102.0,25.0,28.0,169.0,中度,2013-01-25
高压开关厂 ,99.0,97.0,83.0,86.0,31.0,39.0,65.0,良,2013-01-24
高压开关厂 ,114.0,128.0,176.0,106.0,20.0,22.0,312.0,严重,2013-01-23
高压开关厂 ,101.0,119.0,128.0,104.0,23.0,20.0,219.0,重度,2013-01-23
高压开关厂 ,102.0,91.0,82.0,88.0,26.0,33.0,94.0,轻度,2013-01-21
高压开关厂 ,103.0,116.0,183.0,107.0,17.0,21.0,319.0,严重,2013-01-20
高压开关厂 ,121.0,146.0,407.0,115.0,4.0,6.0,458.0,严重,2013-01-19
高压开关厂 ,132.0,140.0,205.0,109.0,8.0,8.0,329.0,严重,2013-01-18
高压开关厂 ,107.0,117.0,143.0,101.0,12.0,14.0,214.0,重度,2013-01-17
高压开关厂 ,107.0,122.0,235.0,107.0,24.0,20.0,300.0,重度,2013-01-16
高压开关厂 ,109.0,103.0,151.0,89.0,25.0,31.0,148.0,中度,2013-01-15
高压开关厂 ,126.0,155.0,500.0,114.0,11.0,5.0,500.0,严重,2013-01-14
高压开关厂 ,115.0,144.0,298.0,108.0,12.0,15.0,399.0,严重,2013-01-13
高压开关厂 ,133.0,139.0,215.0,103.0,10.0,14.0,308.0,严重,2013-01-12
高压开关厂 ,112.0,122.0,171.0,104.0,33.0,37.0,269.0,重度,2013-01-11
高压开关厂 ,124.0,133.0,198.0,102.0,14.0,18.0,333.0,严重,2013-01-10
高压开关厂 ,110.0,115.0,149.0,89.0,16.0,22.0,216.0,重度,2013-01-09
高压开关厂 ,116.0,138.0,273.0,105.0,10.0,13.0,383.0,严重,2013-01-08
高压开关厂 ,114.0,117.0,182.0,45.0,9.0,13.0,320.0,严重,2013-01-05
高压开关厂 ,110.0,111.0,131.0,35.0,25.0,9.0,143.0,轻度,2013-01-04
高压开关厂 ,76.0,84.0,68.0,21.0,58.0,24.0,39.0,良,2013-01-03
高压开关厂 ,86.0,92.0,73.0,23.0,40.0,18.0,69.0,良,2013-01-02
高压开关厂 ,90.0,116.0,115.0,30.0,52.0,17.0,139.0,轻度,2013-01-01
高压开关厂 ,80.0,65.0,94.0,,,,,良,2012-12-31
高压开关厂 ,74.0,50.0,82.0,,,,,良,2012-12-30
高压开关厂 ,73.0,32.0,97.0,,,,,良,2012-12-29
高压开关厂 ,100.0,97.0,230.0,,,,,中度污染,2012-12-28
高压开关厂 ,66.0,60.0,123.0,,,,,轻微污染,2012-12-25
高压开关厂 ,42.0,22.0,95.0,,,,,良,2012-12-24
高压开关厂 ,49.0,27.0,74.0,,,,,良,2012-12-23
高压开关厂 ,52.0,31.0,87.0,,,,,良,2012-12-22
高压开关厂 ,54.0,41.0,97.0,,,,,良,2012-12-21
高压开关厂 ,60.0,39.0,95.0,,,,,良,2012-12-20
高压开关厂 ,56.0,30.0,94.0,,,,,良,2012-12-19
高压开关厂 ,41.0,27.0,83.0,,,,,良,2012-12-18
高压开关厂 ,56.0,22.0,209.0,,,,,中度污染,2012-12-17
高压开关厂 ,62.0,28.0,362.0,,,,,重污染,2012-12-16
高压开关厂 ,65.0,31.0,304.0,,,,,重污染,2012-12-15
高压开关厂 ,61.0,29.0,295.0,,,,,中度重污染,2012-12-14
高压开关厂 ,67.0,34.0,269.0,,,,,中度重污染,2012-12-13
高压开关厂 ,60.0,34.0,293.0,,,,,中度重污染,2012-12-12
高压开关厂 ,61.0,36.0,131.0,,,,,轻微污染,2012-12-11
高压开关厂 ,59.0,27.0,132.0,,,,,轻微污染,2012-12-10
高压开关厂 ,61.0,15.0,92.0,,,,,良,2012-12-09
高压开关厂 ,64.0,27.0,95.0,,,,,良,2012-12-08
高压开关厂 ,61.0,28.0,95.0,,,,,良,2012-12-07
高压开关厂 ,65.0,17.0,95.0,,,,,良,2012-12-06
高压开关厂 ,71.0,17.0,98.0,,,,,良,2012-12-05
高压开关厂 ,82.0,34.0,100.0,,,,,良,2012-12-04
高压开关厂 ,86.0,21.0,130.0,,,,,轻微污染,2012-12-03
高压开关厂 ,85.0,30.0,268.0,,,,,中度重污染,2012-12-02
高压开关厂 ,92.0,35.0,226.0,,,,,中度污染,2012-12-01
高压开关厂 ,62.0,27.0,97.0,,,,,良,2012-11-30
高压开关厂 ,44.0,19.0,98.0,,,,,良,2012-11-29
高压开关厂 ,46.0,27.0,95.0,,,,,良,2012-11-28
高压开关厂 ,40.0,22.0,90.0,,,,,良,2012-11-27
高压开关厂 ,46.0,17.0,82.0,,,,,良,2012-11-26
高压开关厂 ,43.0,15.0,88.0,,,,,良,2012-11-25
高压开关厂 ,32.0,17.0,87.0,,,,,良,2012-11-24
高压开关厂 ,35.0,10.0,84.0,,,,,良,2012-11-23
高压开关厂 ,36.0,32.0,167.0,,,,,轻度污染,2012-11-22
高压开关厂 ,35.0,29.0,144.0,,,,,轻微污染,2012-11-21
高压开关厂 ,53.0,27.0,130.0,,,,,轻微污染,2012-11-20
高压开关厂 ,39.0,27.0,90.0,,,,,良,2012-11-19
高压开关厂 ,38.0,43.0,96.0,,,,,良,2012-11-18
高压开关厂 ,34.0,30.0,82.0,,,,,良,2012-11-17
高压开关厂 ,40.0,18.0,66.0,,,,,良,2012-11-16
高压开关厂 ,60.0,38.0,129.0,,,,,轻微污染,2012-11-15
高压开关厂 ,35.0,29.0,96.0,,,,,良,2012-11-14
高压开关厂 ,41.0,32.0,95.0,,,,,良,2012-11-13
高压开关厂 ,35.0,25.0,84.0,,,,,良,2012-11-12
高压开关厂 ,27.0,19.0,75.0,,,,,良,2012-11-11
高压开关厂 ,29.0,21.0,94.0,,,,,良,2012-11-10
高压开关厂 ,34.0,23.0,89.0,,,,,良,2012-11-09
高压开关厂 ,29.0,14.0,57.0,,,,,良,2012-11-08
高压开关厂 ,29.0,30.0,96.0,,,,,良,2012-11-07
高压开关厂 ,29.0,29.0,91.0,,,,,良,2012-11-06
高压开关厂 ,28.0,29.0,92.0,,,,,良,2012-11-05
高压开关厂 ,23.0,21.0,76.0,,,,,良,2012-11-04
高压开关厂 ,33.0,19.0,99.0,,,,,良,2012-11-03
高压开关厂 ,40.0,28.0,222.0,,,,,中度污染,2012-11-02
高压开关厂 ,33.0,33.0,98.0,,,,,良,2012-11-01
高压开关厂 ,30.0,26.0,95.0,,,,,良,2012-10-31
高压开关厂 ,30.0,27.0,91.0,,,,,良,2012-10-30
高压开关厂 ,30.0,33.0,98.0,,,,,良,2012-10-29
高压开关厂 ,26.0,32.0,97.0,,,,,良,2012-10-28
高压开关厂 ,29.0,32.0,98.0,,,,,良,2012-10-27
高压开关厂 ,31.0,35.0,119.0,,,,,轻微污染,2012-10-26
高压开关厂 ,26.0,34.0,93.0,,,,,良,2012-10-25
高压开关厂 ,25.0,27.0,93.0,,,,,良,2012-10-24
高压开关厂 ,30.0,33.0,94.0,,,,,良,2012-10-23
高压开关厂 ,28.0,22.0,58.0,,,,,良,2012-10-22
高压开关厂 ,36.0,32.0,99.0,,,,,良,2012-10-21
高压开关厂 ,32.0,30.0,108.0,,,,,轻微污染,2012-10-20
高压开关厂 ,34.0,27.0,96.0,,,,,良,2012-10-19
高压开关厂 ,32.0,30.0,104.0,,,,,轻微污染,2012-10-18
高压开关厂 ,26.0,27.0,76.0,,,,,良,2012-10-17
高压开关厂 ,32.0,30.0,98.0,,,,,良,2012-10-16
高压开关厂 ,31.0,30.0,144.0,,,,,轻微污染,2012-10-15
高压开关厂 ,35.0,28.0,95.0,,,,,良,2012-10-14
高压开关厂 ,30.0,25.0,93.0,,,,,良,2012-10-13
高压开关厂 ,33.0,35.0,133.0,,,,,轻微污染,2012-10-12
高压开关厂 ,30.0,29.0,129.0,,,,,轻微污染,2012-10-11
高压开关厂 ,31.0,23.0,83.0,,,,,良,2012-10-10
高压开关厂 ,31.0,24.0,96.0,,,,,良,2012-10-09
高压开关厂 ,33.0,29.0,149.0,,,,,轻微污染,2012-10-08
高压开关厂 ,25.0,27.0,114.0,,,,,轻微污染,2012-10-07
高压开关厂 ,22.0,25.0,106.0,,,,,轻微污染,2012-10-06
高压开关厂 ,24.0,22.0,89.0,,,,,良,2012-10-05
高压开关厂 ,25.0,24.0,81.0,,,,,良,2012-10-04
高压开关厂 ,21.0,22.0,92.0,,,,,良,2012-10-03
高压开关厂 ,25.0,29.0,114.0,,,,,轻微污染,2012-10-02
高压开关厂 ,20.0,27.0,87.0,,,,,良,2012-10-01
高压开关厂 ,27.0,23.0,98.0,,,,,良,2012-09-30
高压开关厂 ,21.0,26.0,89.0,,,,,良,2012-09-29
高压开关厂 ,26.0,20.0,78.0,,,,,良,2012-09-28
高压开关厂 ,21.0,25.0,89.0,,,,,良,2012-09-27
高压开关厂 ,18.0,19.0,54.0,,,,,良,2012-09-26
高压开关厂 ,24.0,22.0,110.0,,,,,轻微污染,2012-09-25
高压开关厂 ,32.0,26.0,125.0,,,,,轻微污染,2012-09-24
高压开关厂 ,36.0,21.0,121.0,,,,,轻微污染,2012-09-23
高压开关厂 ,27.0,22.0,98.0,,,,,良,2012-09-22
高压开关厂 ,26.0,21.0,95.0,,,,,良,2012-09-21
高压开关厂 ,30.0,25.0,95.0,,,,,良,2012-09-20
高压开关厂 ,31.0,22.0,88.0,,,,,良,2012-09-19
高压开关厂 ,30.0,19.0,94.0,,,,,良,2012-09-18
高压开关厂 ,24.0,15.0,90.0,,,,,良,2012-09-17
高压开关厂 ,19.0,17.0,62.0,,,,,良,2012-09-16
高压开关厂 ,28.0,21.0,74.0,,,,,良,2012-09-15
高压开关厂 ,26.0,20.0,67.0,,,,,良,2012-09-14
高压开关厂 ,25.0,19.0,56.0,,,,,良,2012-09-13
高压开关厂 ,23.0,20.0,58.0,,,,,良,2012-09-12
高压开关厂 ,20.0,19.0,64.0,,,,,良,2012-09-11
高压开关厂 ,27.0,20.0,72.0,,,,,良,2012-09-10
高压开关厂 ,26.0,19.0,68.0,,,,,良,2012-09-09
高压开关厂 ,29.0,20.0,81.0,,,,,良,2012-09-08
高压开关厂 ,28.0,18.0,78.0,,,,,良,2012-09-07
高压开关厂 ,29.0,25.0,88.0,,,,,良,2012-09-06
高压开关厂 ,35.0,24.0,81.0,,,,,良,2012-09-05
高压开关厂 ,35.0,24.0,54.0,,,,,良,2012-09-04
高压开关厂 ,35.0,24.0,54.0,,,,,优,2012-09-04
高压开关厂 ,35.0,23.0,37.0,,,,,优,2012-09-03
高压开关厂 ,26.0,14.0,37.0,,,,,优,2012-09-02
高压开关厂 ,26.0,15.0,42.0,,,,,优,2012-09-01
高压开关厂 ,27.0,19.0,73.0,,,,,良,2012-08-31
高压开关厂 ,27.0,27.0,66.0,,,,,良,2012-08-30
高压开关厂 ,28.0,27.0,62.0,,,,,良,2012-08-29
高压开关厂 ,28.0,20.0,79.0,,,,,良,2012-08-28
高压开关厂 ,23.0,24.0,96.0,,,,,良,2012-08-27
高压开关厂 ,22.0,17.0,82.0,,,,,良,2012-08-26
高压开关厂 ,23.0,19.0,77.0,,,,,良,2012-08-25
高压开关厂 ,23.0,14.0,59.0,,,,,良,2012-08-24
高压开关厂 ,20.0,16.0,57.0,,,,,良,2012-08-23
高压开关厂 ,28.0,27.0,62.0,,,,,良,2012-08-22
高压开关厂 ,19.0,24.0,43.0,,,,,优,2012-08-21
高压开关厂 ,19.0,15.0,37.0,,,,,优,2012-08-20
高压开关厂 ,27.0,16.0,43.0,,,,,优,2012-08-19
高压开关厂 ,32.0,14.0,59.0,,,,,良,2012-08-18
高压开关厂 ,30.0,15.0,63.0,,,,,良,2012-08-17
高压开关厂 ,31.0,27.0,87.0,,,,,良,2012-08-16
高压开关厂 ,32.0,23.0,65.0,,,,,良,2012-08-15
高压开关厂 ,31.0,19.0,55.0,,,,,良,2012-08-14
高压开关厂 ,30.0,22.0,73.0,,,,,良,2012-08-13
高压开关厂 ,29.0,19.0,89.0,,,,,良,2012-08-12
高压开关厂 ,28.0,20.0,85.0,,,,,良,2012-08-11
高压开关厂 ,27.0,22.0,80.0,,,,,良,2012-08-10
高压开关厂 ,24.0,20.0,79.0,,,,,良,2012-08-09
高压开关厂 ,25.0,19.0,75.0,,,,,良,2012-08-08
高压开关厂 ,26.0,22.0,57.0,,,,,良,2012-08-07
高压开关厂 ,21.0,17.0,58.0,,,,,良,2012-08-06
高压开关厂 ,19.0,15.0,75.0,,,,,良,2012-08-05
高压开关厂 ,18.0,13.0,80.0,,,,,良,2012-08-04
高压开关厂 ,24.0,22.0,63.0,,,,,良,2012-08-03
高压开关厂 ,31.0,21.0,51.0,,,,,良,2012-08-02
高压开关厂 ,30.0,20.0,44.0,,,,,优,2012-08-01
高压开关厂 ,28.0,17.0,59.0,,,,,良,2012-07-31
高压开关厂 ,34.0,22.0,64.0,,,,,良,2012-07-30
高压开关厂 ,27.0,23.0,66.0,,,,,良,2012-07-29
高压开关厂 ,39.0,25.0,46.0,,,,,优,2012-07-28
高压开关厂 ,36.0,27.0,48.0,,,,,优,2012-07-27
高压开关厂 ,34.0,25.0,76.0,,,,,良,2012-07-26
高压开关厂 ,30.0,24.0,61.0,,,,,良,2012-07-25
高压开关厂 ,27.0,22.0,57.0,,,,,良,2012-07-24
高压开关厂 ,25.0,20.0,55.0,,,,,良,2012-07-23
高压开关厂 ,24.0,16.0,57.0,,,,,良,2012-07-22
高压开关厂 ,25.0,15.0,78.0,,,,,良,2012-07-21
高压开关厂 ,23.0,18.0,85.0,,,,,良,2012-07-20
高压开关厂 ,24.0,17.0,87.0,,,,,良,2012-07-19
高压开关厂 ,29.0,18.0,78.0,,,,,良,2012-07-18
高压开关厂 ,22.0,17.0,72.0,,,,,良,2012-07-17
高压开关厂 ,25.0,15.0,71.0,,,,,良,2012-07-16
高压开关厂 ,25.0,15.0,71.0,,,,,良,2012-07-16
高压开关厂 ,23.0,19.0,70.0,,,,,良,2012-07-15
高压开关厂 ,25.0,20.0,63.0,,,,,良,2012-07-14
高压开关厂 ,32.0,25.0,60.0,,,,,良,2012-07-13
高压开关厂 ,30.0,24.0,66.0,,,,,良,2012-07-12
高压开关厂 ,21.0,15.0,64.0,,,,,良,2012-07-11
高压开关厂 ,23.0,21.0,54.0,,,,,良,2012-07-10
高压开关厂 ,15.0,16.0,45.0,,,,,优,2012-07-09
高压开关厂 ,26.0,15.0,57.0,,,,,良,2012-07-08
高压开关厂 ,28.0,18.0,50.0,,,,,优,2012-07-07
高压开关厂 ,27.0,24.0,59.0,,,,,良,2012-07-06
高压开关厂 ,19.0,23.0,40.0,,,,,优,2012-07-05
高压开关厂 ,20.0,14.0,41.0,,,,,优,2012-07-04
高压开关厂 ,23.0,20.0,46.0,,,,,优,2012-07-03
高压开关厂 ,26.0,25.0,64.0,,,,,良,2012-07-02
高压开关厂 ,24.0,20.0,36.0,,,,,优,2012-07-01
高压开关厂 ,18.0,20.0,40.0,,,,,优,2012-06-30
高压开关厂 ,26.0,17.0,58.0,,,,,良,2012-06-29
高压开关厂 ,28.0,16.0,52.0,,,,,良,2012-06-28
高压开关厂 ,24.0,21.0,68.0,,,,,良,2012-06-27
高压开关厂 ,26.0,21.0,57.0,,,,,良,2012-06-26
高压开关厂 ,37.0,22.0,74.0,,,,,良,2012-06-25
高压开关厂 ,37.0,25.0,69.0,,,,,良,2012-06-24
高压开关厂 ,40.0,24.0,63.0,,,,,良,2012-06-23
高压开关厂 ,40.0,25.0,65.0,,,,,良,2012-06-22
高压开关厂 ,35.0,30.0,68.0,,,,,良,2012-06-21
高压开关厂 ,32.0,26.0,69.0,,,,,良,2012-06-20
高压开关厂 ,36.0,24.0,71.0,,,,,良,2012-06-19
高压开关厂 ,41.0,23.0,66.0,,,,,良,2012-06-18
高压开关厂 ,33.0,31.0,63.0,,,,,良,2012-06-17
高压开关厂 ,31.0,29.0,65.0,,,,,良,2012-06-16
高压开关厂 ,34.0,25.0,64.0,,,,,良,2012-06-15
高压开关厂 ,32.0,20.0,62.0,,,,,良,2012-06-14
高压开关厂 ,28.0,26.0,56.0,,,,,良,2012-06-13
高压开关厂 ,34.0,23.0,65.0,,,,,良,2012-06-12
高压开关厂 ,34.0,28.0,61.0,,,,,良,2012-06-11
高压开关厂 ,40.0,30.0,57.0,,,,,良,2012-06-10
高压开关厂 ,40.0,24.0,58.0,,,,,良,2012-06-09
高压开关厂 ,23.0,25.0,54.0,,,,,良,2012-06-08
高压开关厂 ,34.0,25.0,74.0,,,,,良,2012-06-07
高压开关厂 ,34.0,19.0,68.0,,,,,良,2012-06-06
高压开关厂 ,36.0,19.0,78.0,,,,,良,2012-06-05
高压开关厂 ,43.0,23.0,70.0,,,,,良,2012-06-04
高压开关厂 ,38.0,16.0,52.0,,,,,良,2012-06-03
高压开关厂 ,40.0,20.0,58.0,,,,,良,2012-06-02
高压开关厂 ,41.0,23.0,67.0,,,,,良,2012-06-01
高压开关厂 ,36.0,22.0,53.0,,,,,良,2012-05-31
高压开关厂 ,32.0,23.0,49.0,,,,,优,2012-05-30
高压开关厂 ,35.0,19.0,53.0,,,,,良,2012-05-29
高压开关厂 ,36.0,21.0,54.0,,,,,良,2012-05-28
高压开关厂 ,35.0,20.0,67.0,,,,,良,2012-05-27
高压开关厂 ,30.0,24.0,72.0,,,,,良,2012-05-26
高压开关厂 ,22.0,24.0,81.0,,,,,良,2012-05-25
高压开关厂 ,23.0,24.0,88.0,,,,,良,2012-05-24
高压开关厂 ,16.0,22.0,90.0,,,,,良,2012-05-23
高压开关厂 ,16.0,17.0,60.0,,,,,良,2012-05-22
高压开关厂 ,13.0,10.0,69.0,,,,,良,2012-05-21
高压开关厂 ,30.0,27.0,78.0,,,,,良,2012-05-20
高压开关厂 ,37.0,39.0,94.0,,,,,良,2012-05-19
高压开关厂 ,38.0,42.0,87.0,,,,,良,2012-05-18
高压开关厂 ,29.0,38.0,68.0,,,,,良,2012-05-17
高压开关厂 ,34.0,40.0,71.0,,,,,良,2012-05-16
高压开关厂 ,30.0,31.0,59.0,,,,,良,2012-05-15
高压开关厂 ,30.0,24.0,69.0,,,,,良,2012-05-14
高压开关厂 ,22.0,24.0,94.0,,,,,良,2012-05-13
高压开关厂 ,22.0,20.0,66.0,,,,,良,2012-05-12
高压开关厂 ,25.0,17.0,60.0,,,,,良,2012-05-11
高压开关厂 ,35.0,27.0,81.0,,,,,良,2012-05-10
高压开关厂 ,35.0,31.0,81.0,,,,,良,2012-05-09
高压开关厂 ,36.0,28.0,92.0,,,,,良,2012-05-08
高压开关厂 ,35.0,30.0,92.0,,,,,良,2012-05-07
高压开关厂 ,49.0,34.0,90.0,,,,,良,2012-05-06
高压开关厂 ,49.0,36.0,79.0,,,,,良,2012-05-05
高压开关厂 ,44.0,36.0,91.0,,,,,良,2012-05-04
高压开关厂 ,29.0,37.0,77.0,,,,,良,2012-05-03
高压开关厂 ,15.0,22.0,74.0,,,,,良,2012-05-02
高压开关厂 ,18.0,22.0,96.0,,,,,良,2012-05-01
高压开关厂 ,25.0,18.0,80.0,,,,,良,2012-04-30
高压开关厂 ,32.0,28.0,96.0,,,,,良,2012-04-29
高压开关厂 ,36.0,34.0,106.0,,,,,轻微污染,2012-04-28
高压开关厂 ,42.0,34.0,84.0,,,,,良,2012-04-27
高压开关厂 ,44.0,40.0,98.0,,,,,良,2012-04-26
高压开关厂 ,38.0,34.0,93.0,,,,,良,2012-04-25
高压开关厂 ,32.0,29.0,77.0,,,,,良,2012-04-24
高压开关厂 ,41.0,36.0,97.0,,,,,良,2012-04-23
高压开关厂 ,32.0,29.0,83.0,,,,,良,2012-04-22
高压开关厂 ,34.0,28.0,92.0,,,,,良,2012-04-21
高压开关厂 ,37.0,27.0,83.0,,,,,良,2012-04-20
高压开关厂 ,36.0,32.0,67.0,,,,,良,2012-04-19
高压开关厂 ,42.0,31.0,91.0,,,,,良,2012-04-18
高压开关厂 ,53.0,37.0,92.0,,,,,良,2012-04-17
高压开关厂 ,38.0,34.0,69.0,,,,,良,2012-04-16
高压开关厂 ,36.0,36.0,73.0,,,,,良,2012-04-15
高压开关厂 ,33.0,32.0,68.0,,,,,良,2012-04-14
高压开关厂 ,29.0,20.0,51.0,,,,,良,2012-04-13
高压开关厂 ,38.0,28.0,54.0,,,,,良,2012-04-12
高压开关厂 ,30.0,37.0,71.0,,,,,良,2012-04-11
高压开关厂 ,31.0,27.0,58.0,,,,,良,2012-04-10
高压开关厂 ,33.0,27.0,71.0,,,,,良,2012-04-09
高压开关厂 ,41.0,33.0,91.0,,,,,良,2012-04-08
高压开关厂 ,39.0,30.0,93.0,,,,,良,2012-04-07
高压开关厂 ,33.0,27.0,91.0,,,,,良,2012-04-06
高压开关厂 ,27.0,30.0,85.0,,,,,良,2012-04-05
高压开关厂 ,35.0,27.0,94.0,,,,,良,2012-04-04
高压开关厂 ,32.0,29.0,88.0,,,,,良,2012-04-03
高压开关厂 ,41.0,32.0,84.0,,,,,良,2012-04-02
高压开关厂 ,35.0,32.0,87.0,,,,,良,2012-04-01
高压开关厂 ,32.0,28.0,67.0,,,,,良,2012-03-31
高压开关厂 ,52.0,35.0,80.0,,,,,良,2012-03-30
高压开关厂 ,53.0,34.0,99.0,,,,,良,2012-03-29
高压开关厂 ,59.0,37.0,93.0,,,,,良,2012-03-28
高压开关厂 ,59.0,40.0,106.0,,,,,轻微污染,2012-03-27
高压开关厂 ,59.0,46.0,96.0,,,,,良,2012-03-26
高压开关厂 ,58.0,42.0,88.0,,,,,良,2012-03-25
高压开关厂 ,49.0,37.0,80.0,,,,,良,2012-03-24
高压开关厂 ,48.0,31.0,61.0,,,,,良,2012-03-23
高压开关厂 ,47.0,37.0,74.0,,,,,良,2012-03-22
高压开关厂 ,52.0,41.0,82.0,,,,,良,2012-03-21
高压开关厂 ,51.0,40.0,76.0,,,,,良,2012-03-20
高压开关厂 ,52.0,39.0,119.0,,,,,轻微污染,2012-03-19
高压开关厂 ,65.0,46.0,112.0,,,,,轻微污染,2012-03-18
高压开关厂 ,47.0,42.0,83.0,,,,,良,2012-03-17
高压开关厂 ,44.0,40.0,78.0,,,,,良,2012-03-16
高压开关厂 ,49.0,46.0,90.0,,,,,良,2012-03-15
高压开关厂 ,51.0,50.0,99.0,,,,,良,2012-03-14
高压开关厂 ,60.0,62.0,119.0,,,,,轻微污染,2012-03-13
高压开关厂 ,49.0,45.0,98.0,,,,,良,2012-03-12
高压开关厂 ,36.0,50.0,80.0,,,,,良,2012-03-11
高压开关厂 ,48.0,54.0,90.0,,,,,良,2012-03-10
高压开关厂 ,45.0,39.0,81.0,,,,,良,2012-03-09
高压开关厂 ,47.0,43.0,71.0,,,,,良,2012-03-08
高压开关厂 ,49.0,41.0,79.0,,,,,良,2012-03-07
高压开关厂 ,39.0,45.0,68.0,,,,,良,2012-03-06
高压开关厂 ,40.0,39.0,90.0,,,,,良,2012-03-05
高压开关厂 ,34.0,42.0,75.0,,,,,良,2012-03-04
高压开关厂 ,43.0,37.0,74.0,,,,,良,2012-03-03
高压开关厂 ,42.0,50.0,119.0,,,,,轻微污染,2012-03-02
高压开关厂 ,52.0,85.0,130.0,,,,,轻微污染,2012-03-01
高压开关厂 ,47.0,54.0,117.0,,,,,轻微污染,2012-02-29
高压开关厂 ,58.0,47.0,116.0,,,,,轻微污染,2012-02-28
高压开关厂 ,54.0,45.0,90.0,,,,,良,2012-02-27
高压开关厂 ,66.0,45.0,74.0,,,,,良,2012-02-26
高压开关厂 ,64.0,39.0,93.0,,,,,良,2012-02-25
高压开关厂 ,76.0,82.0,108.0,,,,,轻微污染,2012-02-24
高压开关厂 ,77.0,83.0,136.0,,,,,轻微污染,2012-02-23
高压开关厂 ,79.0,55.0,117.0,,,,,轻微污染,2012-02-22
高压开关厂 ,87.0,63.0,112.0,,,,,轻微污染,2012-02-21
高压开关厂 ,74.0,74.0,95.0,,,,,良,2012-02-20
高压开关厂 ,52.0,44.0,61.0,,,,,良,2012-02-19
高压开关厂 ,52.0,34.0,59.0,,,,,良,2012-02-18
高压开关厂 ,48.0,35.0,59.0,,,,,良,2012-02-17
高压开关厂 ,56.0,44.0,119.0,,,,,轻微污染,2012-02-16
高压开关厂 ,67.0,54.0,129.0,,,,,轻微污染,2012-02-15
高压开关厂 ,65.0,47.0,123.0,,,,,轻微污染,2012-02-14
高压开关厂 ,59.0,38.0,97.0,,,,,良,2012-02-13
高压开关厂 ,53.0,35.0,93.0,,,,,良,2012-02-12
高压开关厂 ,52.0,31.0,77.0,,,,,良,2012-02-11
高压开关厂 ,34.0,26.0,62.0,,,,,良,2012-02-10
高压开关厂 ,51.0,30.0,58.0,,,,,良,2012-02-09
高压开关厂 ,45.0,29.0,61.0,,,,,良,2012-02-08
高压开关厂 ,32.0,26.0,61.0,,,,,良,2012-02-07
高压开关厂 ,76.0,78.0,149.0,,,,,轻微污染,2012-02-06
高压开关厂 ,70.0,52.0,88.0,,,,,良,2012-02-05
高压开关厂 ,59.0,50.0,83.0,,,,,良,2012-02-04
高压开关厂 ,30.0,38.0,60.0,,,,,良,2012-02-03
高压开关厂 ,39.0,29.0,64.0,,,,,良,2012-02-02
高压开关厂 ,86.0,68.0,127.0,,,,,轻微污染,2012-02-01
高压开关厂 ,93.0,84.0,121.0,,,,,轻微污染,2012-01-31
高压开关厂 ,94.0,80.0,130.0,,,,,轻微污染,2012-01-30
高压开关厂 ,89.0,85.0,108.0,,,,,轻微污染,2012-01-29
高压开关厂 ,85.0,79.0,96.0,,,,,良,2012-01-28
高压开关厂 ,61.0,29.0,92.0,,,,,良,2012-01-27
高压开关厂 ,65.0,50.0,93.0,,,,,良,2012-01-26
高压开关厂 ,39.0,34.0,59.0,,,,,良,2012-01-25
高压开关厂 ,50.0,33.0,78.0,,,,,良,2012-01-24
高压开关厂 ,59.0,35.0,77.0,,,,,良,2012-01-23
高压开关厂 ,59.0,47.0,68.0,,,,,良,2012-01-22
高压开关厂 ,63.0,39.0,66.0,,,,,良,2012-01-21
高压开关厂 ,78.0,79.0,98.0,,,,,良,2012-01-20
高压开关厂 ,99.0,88.0,128.0,,,,,轻微污染,2012-01-19
高压开关厂 ,76.0,82.0,177.0,,,,,轻度污染,2012-01-18
高压开关厂 ,96.0,77.0,113.0,,,,,轻微污染,2012-01-17
高压开关厂 ,102.0,99.0,113.0,,,,,轻微污染,2012-01-16
高压开关厂 ,81.0,78.0,91.0,,,,,良,2012-01-15
高压开关厂 ,99.0,70.0,104.0,,,,,轻微污染,2012-01-14
高压开关厂 ,98.0,98.0,110.0,,,,,轻微污染,2012-01-13
高压开关厂 ,88.0,93.0,103.0,,,,,轻微污染,2012-01-12
高压开关厂 ,111.0,98.0,153.0,,,,,轻度污染,2012-01-11
高压开关厂 ,108.0,109.0,171.0,,,,,轻度污染,2012-01-10
高压开关厂 ,111.0,89.0,134.0,,,,,轻微污染,2012-01-09
高压开关厂 ,87.0,99.0,113.0,,,,,轻微污染,2012-01-08
高压开关厂 ,79.0,72.0,83.0,,,,,良,2012-01-07
高压开关厂 ,77.0,52.0,96.0,,,,,良,2012-01-06
高压开关厂 ,55.0,43.0,58.0,,,,,良,2012-01-05
高压开关厂 ,50.0,39.0,34.0,,,,,优,2012-01-04
高压开关厂 ,57.0,49.0,62.0,,,,,良,2012-01-03
高压开关厂 ,104.0,118.0,145.0,,,,,轻微污染,2012-01-02
高压开关厂 ,110.0,99.0,256.0,,,,,中度重污染,2012-01-01
高压开关厂 ,96.0,79.0,185.0,,,,,轻度污染,2011-12-31
高压开关厂 ,100.0,83.0,216.0,,,,,中度污染,2011-12-30
高压开关厂 ,103.0,49.0,140.0,,,,,轻微污染,2011-12-29
高压开关厂 ,76.0,73.0,126.0,,,,,轻微污染,2011-12-28
高压开关厂 ,71.0,45.0,124.0,,,,,轻微污染,2011-12-27
高压开关厂 ,61.0,50.0,118.0,,,,,轻微污染,2011-12-26
高压开关厂 ,64.0,40.0,101.0,,,,,轻微污染,2011-12-25
高压开关厂 ,67.0,41.0,77.0,,,,,良,2011-12-24
高压开关厂 ,66.0,37.0,85.0,,,,,良,2011-12-23
高压开关厂 ,60.0,36.0,76.0,,,,,良,2011-12-22
高压开关厂 ,76.0,48.0,96.0,,,,,良,2011-12-21
高压开关厂 ,85.0,47.0,125.0,,,,,轻微污染,2011-12-20
高压开关厂 ,82.0,57.0,108.0,,,,,轻微污染,2011-12-19
高压开关厂 ,66.0,31.0,109.0,,,,,轻微污染,2011-12-18
高压开关厂 ,62.0,33.0,75.0,,,,,良,2011-12-17
高压开关厂 ,70.0,40.0,94.0,,,,,良,2011-12-16
高压开关厂 ,57.0,41.0,104.0,,,,,轻微污染,2011-12-15
高压开关厂 ,68.0,49.0,113.0,,,,,轻微污染,2011-12-14
高压开关厂 ,61.0,30.0,104.0,,,,,轻微污染,2011-12-13
高压开关厂 ,55.0,26.0,63.0,,,,,良,2011-12-12
高压开关厂 ,63.0,34.0,103.0,,,,,轻微污染,2011-12-11
高压开关厂 ,90.0,34.0,57.0,,,,,良,2011-12-10
高压开关厂 ,73.0,27.0,71.0,,,,,良,2011-12-09
高压开关厂 ,57.0,32.0,60.0,,,,,良,2011-12-08
高压开关厂 ,56.0,27.0,72.0,,,,,良,2011-12-07
高压开关厂 ,66.0,32.0,74.0,,,,,良,2011-12-06
高压开关厂 ,69.0,27.0,77.0,,,,,良,2011-12-05
高压开关厂 ,70.0,25.0,112.0,,,,,轻微污染,2011-12-04
高压开关厂 ,67.0,37.0,108.0,,,,,轻微污染,2011-12-03
高压开关厂 ,57.0,32.0,77.0,,,,,良,2011-12-02
高压开关厂 ,47.0,22.0,53.0,,,,,良,2011-12-01
高压开关厂 ,46.0,29.0,35.0,,,,,优,2011-11-30
高压开关厂 ,44.0,21.0,77.0,,,,,良,2011-11-29
高压开关厂 ,43.0,24.0,119.0,,,,,轻微,2011-11-28
高压开关厂 ,40.0,32.0,104.0,,,,,轻微污染,2011-11-27
高压开关厂 ,31.0,26.0,105.0,,,,,轻微污染,2011-11-26
高压开关厂 ,36.0,27.0,111.0,,,,,轻微,2011-11-25
高压开关厂 ,27.0,29.0,64.0,,,,,良,2011-11-24
高压开关厂 ,26.0,26.0,67.0,,,,,良,2011-11-23
高压开关厂 ,29.0,15.0,72.0,,,,,良,2011-11-22
高压开关厂 ,38.0,23.0,83.0,,,,,良,2011-11-21
高压开关厂 ,28.0,25.0,56.0,,,,,良,2011-11-20
高压开关厂 ,29.0,25.0,58.0,,,,,良,2011-11-19
高压开关厂 ,28.0,12.0,67.0,,,,,良,2011-11-18
高压开关厂 ,28.0,20.0,63.0,,,,,良,2011-11-17
高压开关厂 ,29.0,22.0,98.0,,,,,良,2011-11-16
高压开关厂 ,37.0,27.0,87.0,,,,,良,2011-11-15
高压开关厂 ,25.0,27.0,95.0,,,,,良,2011-11-14
高压开关厂 ,22.0,17.0,81.0,,,,,良,2011-11-13
高压开关厂 ,31.0,17.0,87.0,,,,,良,2011-11-12
高压开关厂 ,33.0,21.0,95.0,,,,,良,2011-11-11
高压开关厂 ,25.0,22.0,75.0,,,,,良,2011-11-10
高压开关厂 ,26.0,19.0,57.0,,,,,良,2011-11-09
高压开关厂 ,21.0,15.0,43.0,,,,,优,2011-11-08
高压开关厂 ,24.0,14.0,56.0,,,,,良,2011-11-07
高压开关厂 ,40.0,16.0,72.0,,,,,良,2011-11-05
高压开关厂 ,35.0,8.0,68.0,,,,,良,2011-11-05
高压开关厂 ,21.0,23.0,89.0,,,,,良,2011-11-04
高压开关厂 ,19.0,22.0,93.0,,,,,良,2011-11-03
高压开关厂 ,23.0,15.0,99.0,,,,,良,2011-11-02
高压开关厂 ,21.0,19.0,106.0,,,,,轻微,2011-11-01
高压开关厂 ,26.0,29.0,110.0,,,,,轻微,2011-10-31
高压开关厂 ,21.0,15.0,93.0,,,,,良,2011-10-30
高压开关厂 ,20.0,23.0,94.0,,,,,良,2011-10-29
高压开关厂 ,25.0,30.0,112.0,,,,,轻微污染,2011-10-28
高压开关厂 ,21.0,21.0,89.0,,,,,良,2011-10-27
高压开关厂 ,20.0,23.0,53.0,,,,,良,2011-10-26
高压开关厂 ,19.0,14.0,58.0,,,,,良,2011-10-25
高压开关厂 ,21.0,16.0,55.0,,,,,良,2011-10-24
高压开关厂 ,19.0,20.0,77.0,,,,,良,2011-10-23
高压开关厂 ,18.0,22.0,93.0,,,,,良,2011-10-22
高压开关厂 ,27.0,23.0,99.0,,,,,良,2011-10-21
高压开关厂 ,23.0,29.0,94.0,,,,,良,2011-10-20
高压开关厂 ,21.0,22.0,86.0,,,,,良,2011-10-19
高压开关厂 ,12.0,20.0,74.0,,,,,良,2011-10-18
高压开关厂 ,19.0,25.0,52.0,,,,,良,2011-10-17
高压开关厂 ,21.0,24.0,41.0,,,,,优,2011-10-16
高压开关厂 ,28.0,24.0,64.0,,,,,良,2011-10-15
高压开关厂 ,24.0,23.0,47.0,,,,,优,2011-10-14
高压开关厂 ,18.0,19.0,55.0,,,,,良,2011-10-13
高压开关厂 ,19.0,19.0,63.0,,,,,良,2011-10-12
高压开关厂 ,19.0,29.0,79.0,,,,,良,2011-10-11
高压开关厂 ,18.0,21.0,76.0,,,,,良,2011-10-10
高压开关厂 ,22.0,31.0,91.0,,,,,良,2011-10-09
高压开关厂 ,25.0,24.0,96.0,,,,,良,2011-10-08
高压开关厂 ,19.0,29.0,90.0,,,,,良,2011-10-07
高压开关厂 ,16.0,24.0,67.0,,,,,良,2011-10-06
高压开关厂 ,23.0,19.0,69.0,,,,,良,2011-10-05
高压开关厂 ,23.0,19.0,69.0,,,,,良,2011-10-05
高压开关厂 ,22.0,22.0,73.0,,,,,良,2011-10-04
高压开关厂 ,22.0,19.0,67.0,,,,,良,2011-10-03
高压开关厂 ,17.0,14.0,77.0,,,,,良,2011-10-02
高压开关厂 ,20.0,24.0,80.0,,,,,良,2011-10-01
高压开关厂 ,28.0,23.0,67.0,,,,,良,2011-09-30
高压开关厂 ,20.0,17.0,44.0,,,,,优,2011-09-29
高压开关厂 ,13.0,24.0,72.0,,,,,良,2011-09-28
高压开关厂 ,23.0,27.0,70.0,,,,,良,2011-09-27
高压开关厂 ,24.0,27.0,78.0,,,,,良,2011-09-26
高压开关厂 ,45.0,27.0,92.0,,,,,良,2011-09-25
高压开关厂 ,45.0,25.0,76.0,,,,,良,2011-09-24
高压开关厂 ,35.0,23.0,63.0,,,,,良,2011-09-23
高压开关厂 ,23.0,25.0,60.0,,,,,良,2011-09-22
高压开关厂 ,14.0,15.0,60.0,,,,,良,2011-09-21
高压开关厂 ,13.0,12.0,44.0,,,,,优,2011-09-20
高压开关厂 ,7.0,8.0,35.0,,,,,优,2011-09-19
高压开关厂 ,6.0,9.0,29.0,,,,,优,2011-09-18
高压开关厂 ,16.0,9.0,47.0,,,,,优,2011-09-17
高压开关厂 ,11.0,15.0,73.0,,,,,良,2011-09-16
高压开关厂 ,18.0,18.0,64.0,,,,,良,2011-09-15
高压开关厂 ,11.0,13.0,45.0,,,,,优,2011-09-14
高压开关厂 ,23.0,19.0,47.0,,,,,优,2011-09-13
高压开关厂 ,11.0,14.0,24.0,,,,,优,2011-09-12
高压开关厂 ,16.0,14.0,53.0,,,,,良,2011-09-11
高压开关厂 ,28.0,24.0,66.0,,,,,良,2011-09-10
高压开关厂 ,22.0,29.0,74.0,,,,,良,2011-09-09
高压开关厂 ,16.0,19.0,57.0,,,,,良,2011-09-08
高压开关厂 ,12.0,19.0,42.0,,,,,优,2011-09-07
高压开关厂 ,8.0,19.0,33.0,,,,,优,2011-09-06
高压开关厂 ,13.0,20.0,38.0,,,,,优,2011-09-05
高压开关厂 ,31.0,30.0,61.0,,,,,良,2011-09-04
高压开关厂 ,25.0,18.0,76.0,,,,,良,2011-09-03
高压开关厂 ,35.0,37.0,100.0,,,,,良,2011-09-02
高压开关厂 ,28.0,34.0,92.0,,,,,良,2011-09-01
高压开关厂 ,35.0,33.0,95.0,,,,,良,2011-08-31
高压开关厂 ,39.0,27.0,85.0,,,,,良,2011-08-30
高压开关厂 ,37.0,29.0,68.0,,,,,良,2011-08-29
高压开关厂 ,16.0,20.0,79.0,,,,,良,2011-08-28
高压开关厂 ,15.0,20.0,72.0,,,,,良,2011-08-27
高压开关厂 ,17.0,16.0,54.0,,,,,良,2011-08-26
高压开关厂 ,18.0,13.0,90.0,,,,,良,2011-08-25
高压开关厂 ,23.0,25.0,75.0,,,,,良,2011-08-24
高压开关厂 ,18.0,20.0,67.0,,,,,良,2011-08-23
高压开关厂 ,13.0,20.0,58.0,,,,,良,2011-08-22
高压开关厂 ,13.0,14.0,54.0,,,,,良,2011-08-21
高压开关厂 ,18.0,12.0,51.0,,,,,良,2011-08-20
高压开关厂 ,12.0,9.0,41.0,,,,,优,2011-08-19
高压开关厂 ,28.0,12.0,64.0,,,,,良,2011-08-18
高压开关厂 ,25.0,21.0,55.0,,,,,良,2011-08-17
高压开关厂 ,15.0,12.0,79.0,,,,,良,2011-08-16
高压开关厂 ,14.0,24.0,87.0,,,,,良,2011-08-15
高压开关厂 ,15.0,29.0,108.0,,,,,轻微污染,2011-08-14
高压开关厂 ,10.0,24.0,87.0,,,,,良,2011-08-13
高压开关厂 ,17.0,24.0,88.0,,,,,良,2011-08-12
高压开关厂 ,25.0,21.0,84.0,,,,,良,2011-08-11
高压开关厂 ,35.0,19.0,86.0,,,,,良,2011-08-10
高压开关厂 ,19.0,24.0,109.0,,,,,轻微污染,2011-08-09
高压开关厂 ,23.0,21.0,90.0,,,,,良,2011-08-08
高压开关厂 ,32.0,14.0,84.0,,,,,良,2011-08-07
高压开关厂 ,11.0,15.0,59.0,,,,,良,2011-08-06
高压开关厂 ,16.0,15.0,84.0,,,,,良,2011-08-05
高压开关厂 ,14.0,15.0,99.0,,,,,良,2011-08-04
高压开关厂 ,16.0,14.0,69.0,,,,,良,2011-08-03
高压开关厂 ,13.0,15.0,55.0,,,,,良,2011-08-02
高压开关厂 ,10.0,12.0,48.0,,,,,优,2011-08-01
高压开关厂 ,17.0,16.0,49.0,,,,,优,2011-07-31
高压开关厂 ,13.0,9.0,36.0,,,,,优,2011-07-30
高压开关厂 ,26.0,10.0,52.0,,,,,良,2011-07-29
高压开关厂 ,32.0,22.0,60.0,,,,,良,2011-07-28
高压开关厂 ,21.0,21.0,71.0,,,,,良,2011-07-27
高压开关厂 ,26.0,19.0,65.0,,,,,良,2011-07-26
高压开关厂 ,16.0,20.0,66.0,,,,,良,2011-07-25
高压开关厂 ,42.0,29.0,97.0,,,,,良,2011-07-24
高压开关厂 ,17.0,27.0,73.0,,,,,良,2011-07-23
高压开关厂 ,17.0,20.0,68.0,,,,,良,2011-07-22
高压开关厂 ,15.0,15.0,63.0,,,,,良,2011-07-21
高压开关厂 ,28.0,22.0,85.0,,,,,良,2011-07-20
高压开关厂 ,25.0,15.0,80.0,,,,,良,2011-07-19
高压开关厂 ,22.0,15.0,66.0,,,,,良,2011-07-18
高压开关厂 ,17.0,22.0,76.0,,,,,良,2011-07-17
高压开关厂 ,15.0,22.0,83.0,,,,,良,2011-07-16
高压开关厂 ,35.0,30.0,87.0,,,,,良,2011-07-15
高压开关厂 ,29.0,24.0,62.0,,,,,良,2011-07-14
高压开关厂 ,36.0,24.0,79.0,,,,,良,2011-07-13
高压开关厂 ,40.0,22.0,75.0,,,,,良,2011-07-12
高压开关厂 ,26.0,19.0,90.0,,,,,良,2011-07-11
高压开关厂 ,29.0,32.0,87.0,,,,,良,2011-07-10
高压开关厂 ,15.0,17.0,71.0,,,,,良,2011-07-09
高压开关厂 ,20.0,15.0,77.0,,,,,良,2011-07-08
高压开关厂 ,12.0,18.0,49.0,,,,,优,2011-07-07
高压开关厂 ,12.0,14.0,31.0,,,,,优,2011-07-06
高压开关厂 ,27.0,21.0,79.0,,,,,良,2011-07-05
高压开关厂 ,9.0,17.0,57.0,,,,,良,2011-07-04
高压开关厂 ,12.0,27.0,58.0,,,,,良,2011-07-03
高压开关厂 ,14.0,20.0,52.0,,,,,良,2011-07-02
高压开关厂 ,25.0,31.0,58.0,,,,,良,2011-07-01
高压开关厂 ,17.0,27.0,58.0,,,,,良,2011-06-30
高压开关厂 ,17.0,25.0,47.0,,,,,优,2011-06-29
高压开关厂 ,21.0,17.0,55.0,,,,,良,2011-06-28
高压开关厂 ,21.0,14.0,56.0,,,,,良,2011-06-27
高压开关厂 ,34.0,23.0,61.0,,,,,良,2011-06-26
高压开关厂 ,31.0,20.0,61.0,,,,,良,2011-06-25
高压开关厂 ,14.0,17.0,51.0,,,,,良,2011-06-24
高压开关厂 ,16.0,15.0,38.0,,,,,优,2011-06-23
高压开关厂 ,16.0,22.0,64.0,,,,,良,2011-06-22
高压开关厂 ,11.0,11.0,67.0,,,,,良,2011-06-21
高压开关厂 ,18.0,19.0,71.0,,,,,良,2011-06-20
高压开关厂 ,18.0,22.0,76.0,,,,,良,2011-06-19
高压开关厂 ,13.0,14.0,50.0,,,,,优,2011-06-18
高压开关厂 ,13.0,17.0,71.0,,,,,良,2011-06-17
高压开关厂 ,16.0,25.0,69.0,,,,,良,2011-06-16
高压开关厂 ,40.0,32.0,62.0,,,,,良,2011-06-15
高压开关厂 ,12.0,18.0,61.0,,,,,良,2011-06-14
高压开关厂 ,22.0,18.0,71.0,,,,,良,2011-06-13
高压开关厂 ,32.0,28.0,76.0,,,,,良,2011-06-12
高压开关厂 ,18.0,29.0,61.0,,,,,良,2011-06-11
高压开关厂 ,29.0,20.0,46.0,,,,,优,2011-06-10
高压开关厂 ,24.0,17.0,76.0,,,,,良,2011-06-09
高压开关厂 ,29.0,28.0,67.0,,,,,良,2011-06-08
高压开关厂 ,47.0,48.0,75.0,,,,,良,2011-06-07
高压开关厂 ,45.0,67.0,72.0,,,,,良,2011-06-07
高压开关厂 ,52.0,47.0,94.0,,,,,良,2011-06-06
高压开关厂 ,16.0,20.0,92.0,,,,,良,2011-06-05
高压开关厂 ,11.0,23.0,84.0,,,,,良,2011-06-04
高压开关厂 ,21.0,43.0,77.0,,,,,良,2011-06-03
高压开关厂 ,20.0,22.0,71.0,,,,,良,2011-06-02
高压开关厂 ,18.0,13.0,73.0,,,,,良,2011-06-01
高压开关厂 ,10.0,19.0,59.0,,,,,良,2011-05-31
高压开关厂 ,5.0,25.0,80.0,,,,,良,2011-05-30
高压开关厂 ,7.0,22.0,73.0,,,,,良,2011-05-29
高压开关厂 ,15.0,15.0,90.0,,,,,良,2011-05-28
高压开关厂 ,20.0,24.0,75.0,,,,,良,2011-05-27
高压开关厂 ,16.0,19.0,78.0,,,,,良,2011-05-26
高压开关厂 ,14.0,23.0,70.0,,,,,良,2011-05-25
高压开关厂 ,21.0,30.0,55.0,,,,,良,2011-05-24
高压开关厂 ,19.0,15.0,37.0,,,,,优,2011-05-23
高压开关厂 ,17.0,20.0,39.0,,,,,优,2011-05-22
高压开关厂 ,13.0,21.0,39.0,,,,,优,2011-05-21
高压开关厂 ,44.0,26.0,91.0,,,,,良,2011-05-20
高压开关厂 ,38.0,43.0,112.0,,,,,轻微污染,2011-05-19
高压开关厂 ,22.0,47.0,98.0,,,,,良,2011-05-18
高压开关厂 ,21.0,40.0,72.0,,,,,良,2011-05-17
高压开关厂 ,34.0,30.0,67.0,,,,,良,2011-05-16
高压开关厂 ,30.0,39.0,69.0,,,,,良,2011-05-15
高压开关厂 ,29.0,25.0,52.0,,,,,良,2011-05-14
高压开关厂 ,29.0,23.0,63.0,,,,,良,2011-05-13
高压开关厂 ,12.0,22.0,71.0,,,,,良,2011-05-12
高压开关厂 ,13.0,28.0,63.0,,,,,良,2011-05-11
高压开关厂 ,15.0,10.0,67.0,,,,,良,2011-05-10
高压开关厂 ,19.0,18.0,89.0,,,,,良,2011-05-09
高压开关厂 ,13.0,20.0,95.0,,,,,良,2011-05-08
高压开关厂 ,13.0,20.0,94.0,,,,,良,2011-05-07
高压开关厂 ,12.0,23.0,87.0,,,,,良,2011-05-06
高压开关厂 ,9.0,19.0,78.0,,,,,良,2011-05-05
高压开关厂 ,9.0,24.0,84.0,,,,,良,2011-05-04
高压开关厂 ,8.0,34.0,79.0,,,,,良,2011-05-03
高压开关厂 ,10.0,20.0,52.0,,,,,良,2011-05-02
高压开关厂 ,27.0,28.0,82.0,,,,,良,2011-05-01
高压开关厂 ,36.0,33.0,164.0,,,,,轻度污染,2011-04-30
高压开关厂 ,36.0,42.0,95.0,,,,,良,2011-04-29
高压开关厂 ,20.0,35.0,80.0,,,,,良,2011-04-28
高压开关厂 ,20.0,20.0,87.0,,,,,良,2011-04-27
高压开关厂 ,36.0,35.0,104.0,,,,,轻微污染,2011-04-26
高压开关厂 ,40.0,45.0,107.0,,,,,轻微污染,2011-04-25
高压开关厂 ,32.0,30.0,80.0,,,,,良,2011-04-24
高压开关厂 ,25.0,25.0,90.0,,,,,良,2011-04-23
高压开关厂 ,28.0,33.0,98.0,,,,,良,2011-04-22
高压开关厂 ,19.0,25.0,91.0,,,,,良,2011-04-21
高压开关厂 ,30.0,26.0,97.0,,,,,良,2011-04-20
高压开关厂 ,31.0,21.0,85.0,,,,,良,2011-04-19
高压开关厂 ,39.0,16.0,92.0,,,,,良,2011-04-18
高压开关厂 ,10.0,30.0,73.0,,,,,良,2011-04-17
高压开关厂 ,28.0,22.0,90.0,,,,,良,2011-04-16
高压开关厂 ,14.0,15.0,94.0,,,,,良,2011-04-15
高压开关厂 ,12.0,54.0,118.0,,,,,轻微污染,2011-04-14
高压开关厂 ,36.0,58.0,124.0,,,,,轻微污染,2011-04-13
高压开关厂 ,32.0,36.0,106.0,,,,,轻微污染,2011-04-12
高压开关厂 ,30.0,30.0,85.0,,,,,良,2011-04-11
高压开关厂 ,47.0,55.0,128.0,,,,,轻微污染,2011-04-10
高压开关厂 ,52.0,39.0,93.0,,,,,良,2011-04-09
高压开关厂 ,29.0,37.0,96.0,,,,,良,2011-04-08
高压开关厂 ,28.0,35.0,95.0,,,,,良,2011-04-07
高压开关厂 ,29.0,35.0,82.0,,,,,良,2011-04-06
高压开关厂 ,44.0,37.0,91.0,,,,,良,2011-04-05
高压开关厂 ,35.0,38.0,91.0,,,,,良,2011-04-04
高压开关厂 ,33.0,22.0,59.0,,,,,良,2011-04-03
高压开关厂 ,19.0,27.0,73.0,,,,,良,2011-04-02
高压开关厂 ,49.0,44.0,90.0,,,,,良,2011-04-01
高压开关厂 ,48.0,50.0,99.0,,,,,良,2011-03-31
高压开关厂 ,62.0,54.0,115.0,,,,,轻微污染,2011-03-30
高压开关厂 ,51.0,40.0,95.0,,,,,良,2011-03-29
高压开关厂 ,59.0,41.0,97.0,,,,,良,2011-03-28
高压开关厂 ,47.0,26.0,95.0,,,,,良,2011-03-27
高压开关厂 ,43.0,24.0,95.0,,,,,良,2011-03-26
高压开关厂 ,40.0,37.0,99.0,,,,,良,2011-03-25
高压开关厂 ,33.0,35.0,94.0,,,,,良,2011-03-24
高压开关厂 ,28.0,35.0,98.0,,,,,良,2011-03-23
高压开关厂 ,12.0,22.0,60.0,,,,,良,2011-03-22
高压开关厂 ,27.0,29.0,57.0,,,,,良,2011-03-21
高压开关厂 ,34.0,27.0,96.0,,,,,良,2011-03-20
高压开关厂 ,33.0,31.0,134.0,,,,,轻微污染,2011-03-19
高压开关厂 ,65.0,47.0,157.0,,,,,轻度污染,2011-03-18
高压开关厂 ,35.0,44.0,82.0,,,,,良,2011-03-17
高压开关厂 ,46.0,35.0,89.0,,,,,良,2011-03-16
高压开关厂 ,32.0,24.0,74.0,,,,,良,2011-03-15
高压开关厂 ,41.0,24.0,163.0,,,,,轻度污染,2011-03-14
高压开关厂 ,56.0,44.0,95.0,,,,,良,2011-03-13
高压开关厂 ,69.0,45.0,95.0,,,,,良,2011-03-12
高压开关厂 ,51.0,40.0,96.0,,,,,良,2011-03-11
高压开关厂 ,52.0,37.0,77.0,,,,,良,2011-03-10
高压开关厂 ,63.0,37.0,83.0,,,,,良,2011-03-09
高压开关厂 ,63.0,35.0,87.0,,,,,良,2011-03-08
高压开关厂 ,62.0,35.0,93.0,,,,,良,2011-03-07
高压开关厂 ,80.0,40.0,116.0,,,,,轻微污染,2011-03-06
高压开关厂 ,66.0,38.0,89.0,,,,,良,2011-03-05
高压开关厂 ,61.0,25.0,56.0,,,,,良,2011-03-04
高压开关厂 ,61.0,34.0,81.0,,,,,良,2011-03-03
高压开关厂 ,47.0,34.0,68.0,,,,,良,2011-03-02
高压开关厂 ,45.0,24.0,51.0,,,,,良,2011-03-01
高压开关厂 ,66.0,36.0,77.0,,,,,良,2011-02-28
高压开关厂 ,57.0,34.0,92.0,,,,,良,2011-02-27
高压开关厂 ,62.0,39.0,113.0,,,,,轻微污染,2011-02-26
高压开关厂 ,102.0,90.0,175.0,,,,,轻度污染,2011-02-25
高压开关厂 ,78.0,72.0,154.0,,,,,轻度污染,2011-02-24
高压开关厂 ,86.0,73.0,125.0,,,,,轻微污染,2011-02-23
高压开关厂 ,80.0,47.0,104.0,,,,,轻微污染,2011-02-22
高压开关厂 ,97.0,70.0,150.0,,,,,轻微污染,2011-02-21
高压开关厂 ,94.0,45.0,152.0,,,,,轻度污染,2011-02-20
高压开关厂 ,61.0,40.0,122.0,,,,,轻微污染,2011-02-19
高压开关厂 ,71.0,40.0,108.0,,,,,轻微污染,2011-02-18
高压开关厂 ,80.0,43.0,125.0,,,,,轻微污染,2011-02-17
高压开关厂 ,72.0,37.0,84.0,,,,,良,2011-02-16
高压开关厂 ,64.0,31.0,75.0,,,,,良,2011-02-15
高压开关厂 ,52.0,24.0,35.0,,,,,良,2011-02-14
高压开关厂 ,81.0,36.0,82.0,,,,,良,2011-02-13
高压开关厂 ,72.0,39.0,73.0,,,,,良,2011-02-12
高压开关厂 ,66.0,38.0,94.0,,,,,良,2011-02-11
高压开关厂 ,69.0,33.0,69.0,,,,,良,2011-02-10
高压开关厂 ,88.0,47.0,118.0,,,,,轻微污染,2011-02-09
高压开关厂 ,65.0,52.0,94.0,,,,,良,2011-02-08
高压开关厂 ,74.0,45.0,95.0,,,,,良,2011-02-07
高压开关厂 ,101.0,68.0,105.0,,,,,轻微污染,2011-02-06
高压开关厂 ,75.0,46.0,88.0,,,,,良,2011-02-05
高压开关厂 ,79.0,49.0,137.0,,,,,轻微污染,2011-02-04
高压开关厂 ,105.0,69.0,205.0,,,,,中度污染,2011-02-03
高压开关厂 ,92.0,63.0,117.0,,,,,轻微污染,2011-02-02
高压开关厂 ,95.0,55.0,108.0,,,,,轻微污染,2011-02-01
高压开关厂 ,73.0,44.0,84.0,,,,,良,2011-01-31
高压开关厂 ,62.0,35.0,71.0,,,,,良,2011-01-30
高压开关厂 ,63.0,24.0,59.0,,,,,良,2011-01-29
高压开关厂 ,86.0,36.0,96.0,,,,,良,2011-01-28
高压开关厂 ,106.0,44.0,117.0,,,,,轻微污染,2011-01-27
高压开关厂 ,95.0,39.0,108.0,,,,,轻微污染,2011-01-26
高压开关厂 ,101.0,47.0,102.0,,,,,轻微污染,2011-01-25
高压开关厂 ,63.0,32.0,83.0,,,,,良,2011-01-24
高压开关厂 ,86.0,62.0,118.0,,,,,轻微污染,2011-01-23
高压开关厂 ,103.0,94.0,171.0,,,,,轻度污染,2011-01-22
高压开关厂 ,73.0,70.0,144.0,,,,,轻微污染,2011-01-21
高压开关厂 ,90.0,14.0,140.0,,,,,轻微污染,2011-01-20
高压开关厂 ,77.0,28.0,93.0,,,,,良,2011-01-19
高压开关厂 ,68.0,27.0,93.0,,,,,良,2011-01-18
高压开关厂 ,69.0,35.0,70.0,,,,,良,2011-01-17
高压开关厂 ,74.0,35.0,96.0,,,,,良,2011-01-16
高压开关厂 ,84.0,42.0,116.0,,,,,轻微污染,2011-01-15
高压开关厂 ,99.0,44.0,161.0,,,,,轻度污染,2011-01-14
高压开关厂 ,104.0,47.0,118.0,,,,,轻微污染,2011-01-13
高压开关厂 ,85.0,27.0,80.0,,,,,良,2011-01-12
高压开关厂 ,74.0,37.0,80.0,,,,,良,2011-01-11
高压开关厂 ,60.0,23.0,81.0,,,,,良,2011-01-10
高压开关厂 ,74.0,25.0,100.0,,,,,良,2011-01-09
高压开关厂 ,76.0,21.0,84.0,,,,,良,2011-01-09
高压开关厂 ,72.0,19.0,78.0,,,,,良,2011-01-07
高压开关厂 ,63.0,24.0,65.0,,,,,良,2011-01-06
高压开关厂 ,63.0,27.0,119.0,,,,,轻微污染,2011-01-05
高压开关厂 ,76.0,19.0,86.0,,,,,良,2011-01-04
高压开关厂 ,47.0,16.0,62.0,,,,,良,2011-01-03
高压开关厂 ,35.0,15.0,79.0,,,,,良,2011-01-02
高压开关厂 ,64.0,10.0,66.0,,,,,良,2011-01-01
高压开关厂 ,62.0,17.0,65.0,,,,,良,2010-12-31
高压开关厂 ,60.0,21.0,69.0,,,,,良,2010-12-30
高压开关厂 ,73.0,40.0,97.0,,,,,良,2010-12-29
高压开关厂 ,67.0,39.0,81.0,,,,,良,2010-12-28
高压开关厂 ,72.0,43.0,112.0,,,,,轻微污染,2010-12-27
高压开关厂 ,62.0,29.0,97.0,,,,,良,2010-12-26
高压开关厂 ,75.0,31.0,70.0,,,,,良,2010-12-25
高压开关厂 ,73.0,40.0,86.0,,,,,良,2010-12-24
高压开关厂 ,91.0,79.0,146.0,,,,,轻微污染,2010-12-23
高压开关厂 ,76.0,74.0,110.0,,,,,轻微污染,2010-12-22
高压开关厂 ,83.0,52.0,96.0,,,,,良,2010-12-21
高压开关厂 ,89.0,68.0,115.0,,,,,轻微污染,2010-12-20
高压开关厂 ,76.0,55.0,96.0,,,,,良,2010-12-19
高压开关厂 ,94.0,46.0,120.0,,,,,轻微污染,2010-12-18
高压开关厂 ,78.0,32.0,94.0,,,,,良,2010-12-17
高压开关厂 ,55.0,14.0,62.0,,,,,良,2010-12-16
高压开关厂 ,59.0,22.0,59.0,,,,,良,2010-12-15
高压开关厂 ,69.0,32.0,88.0,,,,,良,2010-12-14
高压开关厂 ,101.0,54.0,153.0,,,,,轻度污染,2010-12-13
高压开关厂 ,59.0,21.0,97.0,,,,,良,2010-12-12
高压开关厂 ,65.0,42.0,92.0,,,,,良,2010-12-11
高压开关厂 ,88.0,57.0,127.0,,,,,轻微污染,2010-12-10
高压开关厂 ,91.0,38.0,113.0,,,,,轻微污染,2010-12-09
高压开关厂 ,65.0,42.0,74.0,,,,,良,2010-12-08
高压开关厂 ,81.0,32.0,92.0,,,,,良,2010-12-07
高压开关厂 ,64.0,27.0,100.0,,,,,良,2010-12-06
高压开关厂 ,102.0,74.0,137.0,,,,,轻微污染,2010-12-05
高压开关厂 ,107.0,70.0,136.0,,,,,轻微污染,2010-12-04
高压开关厂 ,73.0,42.0,97.0,,,,,良,2010-12-03
高压开关厂 ,95.0,50.0,98.0,,,,,良,2010-12-02
高压开关厂 ,89.0,44.0,93.0,,,,,良,2010-12-01
高压开关厂 ,73.0,30.0,77.0,,,,,良,2010-11-30
高压开关厂 ,81.0,38.0,92.0,,,,,良,2010-11-29
高压开关厂 ,82.0,43.0,97.0,,,,,良,2010-11-28
高压开关厂 ,95.0,52.0,97.0,,,,,良,2010-11-27
高压开关厂 ,105.0,74.0,132.0,,,,,轻微污染,2010-11-26
高压开关厂 ,103.0,87.0,112.0,,,,,轻微污染,2010-11-25
高压开关厂 ,106.0,104.0,122.0,,,,,轻微污染,2010-11-24
高压开关厂 ,94.0,33.0,97.0,,,,,良,2010-11-23
高压开关厂 ,80.0,44.0,74.0,,,,,良,2010-11-22
高压开关厂 ,95.0,34.0,98.0,,,,,良,2010-11-21
高压开关厂 ,96.0,27.0,137.0,,,,,轻微污染,2010-11-20
高压开关厂 ,74.0,20.0,85.0,,,,,良,2010-11-19
高压开关厂 ,98.0,99.0,140.0,,,,,轻微污染,2010-11-18
高压开关厂 ,91.0,34.0,118.0,,,,,轻微污染,2010-11-17
高压开关厂 ,59.0,25.0,85.0,,,,,良,2010-11-16
高压开关厂 ,65.0,14.0,64.0,,,,,良,2010-11-15
高压开关厂 ,55.0,19.0,66.0,,,,,良,2010-11-14
高压开关厂 ,69.0,27.0,90.0,,,,,良,2010-11-13
高压开关厂 ,57.0,38.0,126.0,,,,,轻微污染,2010-11-12
高压开关厂 ,60.0,22.0,93.0,,,,,良,2010-11-11
高压开关厂 ,67.0,27.0,99.0,,,,,良,2010-11-10
高压开关厂 ,51.0,27.0,94.0,,,,,良,2010-11-10
高压开关厂 ,60.0,20.0,100.0,,,,,良,2010-11-08
高压开关厂 ,71.0,29.0,88.0,,,,,良,2010-11-07
高压开关厂 ,51.0,38.0,126.0,,,,,轻微污染,2010-11-06
高压开关厂 ,59.0,53.0,94.0,,,,,良,2010-11-05
高压开关厂 ,52.0,30.0,86.0,,,,,良,2010-11-04
高压开关厂 ,53.0,28.0,67.0,,,,,良,2010-11-03
高压开关厂 ,42.0,31.0,78.0,,,,,良,2010-11-02
高压开关厂 ,58.0,62.0,125.0,,,,,轻微污染,2010-11-01
高压开关厂 ,41.0,89.0,140.0,,,,,轻微污染,2010-10-31
高压开关厂 ,42.0,78.0,114.0,,,,,轻微污染,2010-10-30
高压开关厂 ,49.0,40.0,96.0,,,,,良,2010-10-29
高压开关厂 ,46.0,15.0,98.0,,,,,良,2010-10-28
高压开关厂 ,31.0,18.0,79.0,,,,,良,2010-10-27
高压开关厂 ,26.0,7.0,53.0,,,,,良,2010-10-26
高压开关厂 ,32.0,21.0,56.0,,,,,良,2010-10-25
高压开关厂 ,50.0,57.0,145.0,,,,,轻微污染,2010-10-24
高压开关厂 ,34.0,41.0,110.0,,,,,轻微污染,2010-10-23
高压开关厂 ,51.0,50.0,107.0,,,,,轻微污染,2010-10-22
高压开关厂 ,48.0,63.0,130.0,,,,,轻微污染,2010-10-21
高压开关厂 ,39.0,58.0,140.0,,,,,轻微污染,2010-10-20
高压开关厂 ,21.0,65.0,177.0,,,,,轻度污染,2010-10-19
高压开关厂 ,53.0,93.0,123.0,,,,,轻微污染,2010-10-18
高压开关厂 ,57.0,73.0,142.0,,,,,轻微污染,2010-10-17
高压开关厂 ,48.0,82.0,124.0,,,,,轻微污染,2010-10-16
高压开关厂 ,48.0,44.0,100.0,,,,,良,2010-10-15
高压开关厂 ,60.0,39.0,97.0,,,,,良,2010-10-14
高压开关厂 ,40.0,33.0,97.0,,,,,良,2010-10-13
高压开关厂 ,29.0,40.0,88.0,,,,,良,2010-10-12
高压开关厂 ,36.0,30.0,54.0,,,,,良,2010-10-11
高压开关厂 ,35.0,48.0,98.0,,,,,良,2010-10-10
高压开关厂 ,43.0,47.0,148.0,,,,,轻微污染,2010-10-09
高压开关厂 ,47.0,39.0,94.0,,,,,良,2010-10-08
高压开关厂 ,38.0,50.0,88.0,,,,,良,2010-10-07
高压开关厂 ,38.0,27.0,86.0,,,,,良,2010-10-06
高压开关厂 ,44.0,26.0,93.0,,,,,良,2010-10-05
高压开关厂 ,35.0,44.0,88.0,,,,,良,2010-10-04
高压开关厂 ,37.0,31.0,98.0,,,,,良,2010-10-03
高压开关厂 ,31.0,25.0,96.0,,,,,良,2010-10-02
高压开关厂 ,38.0,30.0,100.0,,,,,良,2010-10-01
高压开关厂 ,42.0,32.0,97.0,,,,,良,2010-09-30
高压开关厂 ,36.0,27.0,117.0,,,,,轻微污染,2010-09-29
高压开关厂 ,49.0,48.0,118.0,,,,,轻微污染,2010-09-28
高压开关厂 ,45.0,26.0,94.0,,,,,良,2010-09-27
高压开关厂 ,40.0,33.0,88.0,,,,,良,2010-09-26
高压开关厂 ,12.0,15.0,75.0,,,,,良,2010-09-25
高压开关厂 ,44.0,39.0,83.0,,,,,良,2010-09-24
高压开关厂 ,27.0,29.0,54.0,,,,,良,2010-09-23
高压开关厂 ,16.0,20.0,51.0,,,,,良,2010-09-22
高压开关厂 ,45.0,32.0,100.0,,,,,良,2010-09-21
高压开关厂 ,32.0,29.0,93.0,,,,,良,2010-09-20
高压开关厂 ,27.0,32.0,95.0,,,,,良,2010-09-19
高压开关厂 ,23.0,28.0,92.0,,,,,良,2010-09-18
高压开关厂 ,14.0,27.0,88.0,,,,,良,2010-09-17
高压开关厂 ,25.0,29.0,99.0,,,,,良,2010-09-16
高压开关厂 ,13.0,26.0,94.0,,,,,良,2010-09-15
高压开关厂 ,16.0,25.0,85.0,,,,,良,2010-09-14
高压开关厂 ,15.0,39.0,94.0,,,,,良,2010-09-13
高压开关厂 ,32.0,32.0,96.0,,,,,良,2010-09-12
高压开关厂 ,40.0,27.0,92.0,,,,,良,2010-09-11
高压开关厂 ,22.0,27.0,64.0,,,,,良,2010-09-10
高压开关厂 ,35.0,24.0,98.0,,,,,良,2010-09-09
高压开关厂 ,32.0,26.0,92.0,,,,,良,2010-09-08
高压开关厂 ,14.0,20.0,84.0,,,,,良,2010-09-07
高压开关厂 ,21.0,24.0,100.0,,,,,良,2010-09-06
高压开关厂 ,30.0,28.0,97.0,,,,,良,2010-09-05
高压开关厂 ,24.0,22.0,87.0,,,,,良,2010-09-04
高压开关厂 ,30.0,30.0,96.0,,,,,良,2010-09-03
高压开关厂 ,33.0,32.0,96.0,,,,,良,2010-09-02
高压开关厂 ,40.0,30.0,78.0,,,,,良,2010-09-01
高压开关厂 ,35.0,24.0,83.0,,,,,良,2010-08-31
高压开关厂 ,30.0,31.0,98.0,,,,,良,2010-08-30
高压开关厂 ,29.0,22.0,94.0,,,,,良,2010-08-29
高压开关厂 ,35.0,23.0,93.0,,,,,良,2010-08-28
高压开关厂 ,25.0,27.0,94.0,,,,,良,2010-08-27
高压开关厂 ,34.0,25.0,88.0,,,,,良,2010-08-26
高压开关厂 ,23.0,31.0,84.0,,,,,良,2010-08-25
高压开关厂 ,5.0,15.0,39.0,,,,,优,2010-08-24
高压开关厂 ,24.0,22.0,69.0,,,,,良,2010-08-23
高压开关厂 ,16.0,22.0,49.0,,,,,优,2010-08-22
高压开关厂 ,17.0,19.0,67.0,,,,,良,2010-08-21
高压开关厂 ,9.0,17.0,43.0,,,,,优,2010-08-20
高压开关厂 ,32.0,22.0,96.0,,,,,良,2010-08-19
高压开关厂 ,25.0,30.0,99.0,,,,,良,2010-08-18
高压开关厂 ,26.0,24.0,99.0,,,,,良,2010-08-17
高压开关厂 ,34.0,22.0,92.0,,,,,良,2010-08-16
高压开关厂 ,21.0,20.0,76.0,,,,,良,2010-08-15
高压开关厂 ,12.0,14.0,52.0,,,,,良,2010-08-14
高压开关厂 ,7.0,17.0,68.0,,,,,良,2010-08-13
高压开关厂 ,6.0,12.0,92.0,,,,,良,2010-08-12
高压开关厂 ,12.0,15.0,98.0,,,,,良,2010-08-11
高压开关厂 ,19.0,25.0,74.0,,,,,良,2010-08-10
高压开关厂 ,22.0,19.0,96.0,,,,,良,2010-08-09
高压开关厂 ,19.0,22.0,82.0,,,,,良,2010-08-08
高压开关厂 ,17.0,21.0,99.0,,,,,良,2010-08-07
高压开关厂 ,15.0,27.0,83.0,,,,,良,2010-08-06
高压开关厂 ,16.0,23.0,68.0,,,,,良,2010-08-05
高压开关厂 ,17.0,29.0,76.0,,,,,良,2010-08-04
高压开关厂 ,10.0,23.0,96.0,,,,,良,2010-08-03
高压开关厂 ,12.0,16.0,57.0,,,,,良,2010-08-02
高压开关厂 ,23.0,22.0,99.0,,,,,良,2010-08-01
高压开关厂 ,22.0,24.0,98.0,,,,,良,2010-07-31
高压开关厂 ,21.0,30.0,96.0,,,,,良,2010-07-30
高压开关厂 ,23.0,29.0,97.0,,,,,良,2010-07-29
高压开关厂 ,15.0,20.0,93.0,,,,,良,2010-07-28
高压开关厂 ,14.0,26.0,89.0,,,,,良,2010-07-27
高压开关厂 ,13.0,15.0,75.0,,,,,良,2010-07-26
高压开关厂 ,7.0,10.0,61.0,,,,,良,2010-07-25
高压开关厂 ,11.0,14.0,78.0,,,,,良,2010-07-24
高压开关厂 ,16.0,27.0,94.0,,,,,良,2010-07-23
高压开关厂 ,14.0,17.0,68.0,,,,,良,2010-07-22
高压开关厂 ,24.0,31.0,88.0,,,,,良,2010-07-21
高压开关厂 ,17.0,37.0,88.0,,,,,良,2010-07-20
高压开关厂 ,9.0,21.0,73.0,,,,,良,2010-07-19
高压开关厂 ,11.0,19.0,63.0,,,,,良,2010-07-18
高压开关厂 ,13.0,23.0,71.0,,,,,良,2010-07-17
高压开关厂 ,5.0,22.0,95.0,,,,,良,2010-07-16
高压开关厂 ,6.0,9.0,90.0,,,,,良,2010-07-15
高压开关厂 ,17.0,15.0,88.0,,,,,良,2010-07-14
高压开关厂 ,19.0,9.0,93.0,,,,,良,2010-07-13
高压开关厂 ,22.0,24.0,96.0,,,,,良,2010-07-13
高压开关厂 ,39.0,32.0,78.0,,,,,良,2010-07-11
高压开关厂 ,15.0,14.0,43.0,,,,,优,2010-07-10
高压开关厂 ,14.0,15.0,94.0,,,,,良,2010-07-09
高压开关厂 ,32.0,21.0,100.0,,,,,良,2010-07-08
高压开关厂 ,29.0,19.0,87.0,,,,,良,2010-07-07
高压开关厂 ,44.0,32.0,99.0,,,,,良,2010-07-06
高压开关厂 ,28.0,27.0,76.0,,,,,良,2010-07-05
高压开关厂 ,39.0,29.0,71.0,,,,,良,2010-07-04
高压开关厂 ,15.0,20.0,73.0,,,,,良,2010-07-03
高压开关厂 ,39.0,29.0,74.0,,,,,良,2010-07-02
高压开关厂 ,25.0,25.0,55.0,,,,,良,2010-07-01
高压开关厂 ,25.0,25.0,64.0,,,,,良,2010-06-30
高压开关厂 ,32.0,22.0,81.0,,,,,良,2010-06-29
高压开关厂 ,45.0,25.0,94.0,,,,,良,2010-06-28
高压开关厂 ,26.0,24.0,79.0,,,,,良,2010-06-27
高压开关厂 ,27.0,24.0,98.0,,,,,良,2010-06-26
高压开关厂 ,22.0,21.0,96.0,,,,,良,2010-06-25
高压开关厂 ,22.0,15.0,94.0,,,,,良,2010-06-24
高压开关厂 ,34.0,24.0,94.0,,,,,良,2010-06-23
高压开关厂 ,40.0,14.0,80.0,,,,,良,2010-06-22
高压开关厂 ,27.0,26.0,65.0,,,,,良,2010-06-21
高压开关厂 ,43.0,34.0,69.0,,,,,良,2010-06-20
高压开关厂 ,44.0,34.0,108.0,,,,,轻微污染,2010-06-19
高压开关厂 ,49.0,32.0,98.0,,,,,良,2010-06-18
高压开关厂 ,47.0,36.0,99.0,,,,,良,2010-06-17
高压开关厂 ,24.0,36.0,66.0,,,,,良,2010-06-16
高压开关厂 ,38.0,34.0,89.0,,,,,良,2010-06-15
高压开关厂 ,37.0,31.0,83.0,,,,,良,2010-06-14
高压开关厂 ,39.0,25.0,89.0,,,,,良,2010-06-13
高压开关厂 ,34.0,21.0,84.0,,,,,良,2010-06-12
高压开关厂 ,22.0,33.0,97.0,,,,,良,2010-06-11
高压开关厂 ,21.0,26.0,86.0,,,,,良,2010-06-10
高压开关厂 ,9.0,15.0,69.0,,,,,良,2010-06-09
高压开关厂 ,15.0,20.0,93.0,,,,,良,2010-06-08
高压开关厂 ,16.0,20.0,77.0,,,,,良,2010-06-07
高压开关厂 ,14.0,22.0,80.0,,,,,良,2010-06-06
高压开关厂 ,22.0,37.0,76.0,,,,,良,2010-06-05
高压开关厂 ,21.0,32.0,67.0,,,,,良,2010-06-04
高压开关厂 ,39.0,31.0,82.0,,,,,良,2010-06-03
高压开关厂 ,21.0,22.0,66.0,,,,,良,2010-06-02
高压开关厂 ,27.0,20.0,71.0,,,,,良,2010-06-01
高压开关厂 ,35.0,27.0,95.0,,,,,良,2010-05-31
高压开关厂 ,36.0,36.0,96.0,,,,,良,2010-05-30
高压开关厂 ,39.0,32.0,99.0,,,,,良,2010-05-29
高压开关厂 ,25.0,22.0,69.0,,,,,良,2010-05-28
高压开关厂 ,21.0,21.0,56.0,,,,,良,2010-05-27
高压开关厂 ,13.0,24.0,64.0,,,,,良,2010-05-26
高压开关厂 ,33.0,29.0,94.0,,,,,良,2010-05-25
高压开关厂 ,36.0,34.0,103.0,,,,,轻微污染,2010-05-24
高压开关厂 ,37.0,29.0,72.0,,,,,良,2010-05-23
高压开关厂 ,24.0,34.0,51.0,,,,,良,2010-05-22
高压开关厂 ,30.0,28.0,94.0,,,,,良,2010-05-21
高压开关厂 ,31.0,29.0,95.0,,,,,良,2010-05-20
高压开关厂 ,44.0,25.0,80.0,,,,,良,2010-05-19
高压开关厂 ,25.0,27.0,51.0,,,,,良,2010-05-18
高压开关厂 ,37.0,37.0,96.0,,,,,良,2010-05-17
高压开关厂 ,36.0,30.0,97.0,,,,,良,2010-05-16
高压开关厂 ,23.0,30.0,103.0,,,,,轻微污染,2010-05-15
高压开关厂 ,20.0,29.0,70.0,,,,,良,2010-05-14
高压开关厂 ,24.0,20.0,70.0,,,,,良,2010-05-13
高压开关厂 ,28.0,22.0,96.0,,,,,良,2010-05-12
高压开关厂 ,27.0,41.0,104.0,,,,,轻微污染,2010-05-11
高压开关厂 ,35.0,34.0,119.0,,,,,轻微污染,2010-05-10
高压开关厂 ,35.0,30.0,93.0,,,,,良,2010-05-09
高压开关厂 ,36.0,31.0,86.0,,,,,良,2010-05-08
高压开关厂 ,37.0,35.0,67.0,,,,,良,2010-05-07
高压开关厂 ,30.0,25.0,59.0,,,,,良,2010-05-06
高压开关厂 ,38.0,29.0,103.0,,,,,轻微污染,2010-05-05
高压开关厂 ,40.0,27.0,105.0,,,,,轻微污染,2010-05-04
高压开关厂 ,55.0,40.0,106.0,,,,,轻微污染,2010-05-03
高压开关厂 ,44.0,31.0,97.0,,,,,良,2010-05-02
高压开关厂 ,31.0,22.0,98.0,,,,,良,2010-05-01
高压开关厂 ,31.0,27.0,124.0,,,,,轻微污染,2010-04-30
高压开关厂 ,26.0,26.0,113.0,,,,,轻微污染,2010-04-29
高压开关厂 ,33.0,27.0,128.0,,,,,轻微污染,2010-04-28
高压开关厂 ,28.0,27.0,163.0,,,,,轻度污染,2010-04-27
高压开关厂 ,23.0,30.0,403.0,,,,,重度污染,2010-04-26
高压开关厂 ,34.0,53.0,116.0,,,,,轻微污染,2010-04-25
高压开关厂 ,41.0,29.0,77.0,,,,,良,2010-04-24
高压开关厂 ,42.0,30.0,82.0,,,,,良,2010-04-23
高压开关厂 ,37.0,25.0,48.0,,,,,优,2010-04-22
高压开关厂 ,36.0,26.0,64.0,,,,,良,2010-04-21
高压开关厂 ,45.0,30.0,67.0,,,,,良,2010-04-20
高压开关厂 ,41.0,20.0,88.0,,,,,良,2010-04-19
高压开关厂 ,46.0,29.0,72.0,,,,,良,2010-04-18
高压开关厂 ,39.0,37.0,67.0,,,,,良,2010-04-17
高压开关厂 ,39.0,31.0,57.0,,,,,良,2010-04-16
高压开关厂 ,25.0,26.0,57.0,,,,,良,2010-04-15
高压开关厂 ,35.0,49.0,57.0,,,,,良,2010-04-14
高压开关厂 ,26.0,29.0,57.0,,,,,良,2010-04-13
高压开关厂 ,39.0,29.0,77.0,,,,,良,2010-04-12
高压开关厂 ,28.0,36.0,96.0,,,,,良,2010-04-11
高压开关厂 ,46.0,32.0,90.0,,,,,良,2010-04-10
高压开关厂 ,30.0,34.0,91.0,,,,,良,2010-04-09
高压开关厂 ,33.0,32.0,87.0,,,,,良,2010-04-08
高压开关厂 ,31.0,38.0,75.0,,,,,良,2010-04-07
高压开关厂 ,33.0,34.0,78.0,,,,,良,2010-04-06
高压开关厂 ,41.0,32.0,72.0,,,,,良,2010-04-05
高压开关厂 ,49.0,44.0,68.0,,,,,良,2010-04-04
高压开关厂 ,46.0,28.0,82.0,,,,,良,2010-04-03
高压开关厂 ,43.0,37.0,65.0,,,,,良,2010-04-02
高压开关厂 ,46.0,39.0,81.0,,,,,良,2010-04-01
高压开关厂 ,47.0,31.0,62.0,,,,,良,2010-03-31
高压开关厂 ,34.0,29.0,77.0,,,,,良,2010-03-30
高压开关厂 ,43.0,35.0,99.0,,,,,良,2010-03-29
高压开关厂 ,59.0,44.0,71.0,,,,,良,2010-03-28
高压开关厂 ,53.0,44.0,106.0,,,,,轻微污染,2010-03-27
高压开关厂 ,49.0,40.0,82.0,,,,,良,2010-03-26
高压开关厂 ,51.0,40.0,90.0,,,,,良,2010-03-25
高压开关厂 ,32.0,34.0,91.0,,,,,良,2010-03-24
高压开关厂 ,19.0,30.0,90.0,,,,,良,2010-03-23
高压开关厂 ,52.0,62.0,167.0,,,,,轻度污染,2010-03-22
高压开关厂 ,47.0,44.0,118.0,,,,,轻微污染,2010-03-21
高压开关厂 ,43.0,32.0,152.0,,,,,轻度污染,2010-03-20
高压开关厂 ,44.0,31.0,92.0,,,,,良,2010-03-19
高压开关厂 ,41.0,41.0,169.0,,,,,轻度污染,2010-03-18
高压开关厂 ,45.0,31.0,94.0,,,,,良,2010-03-17
高压开关厂 ,48.0,34.0,77.0,,,,,良,2010-03-16
高压开关厂 ,45.0,35.0,71.0,,,,,良,2010-03-15
高压开关厂 ,37.0,29.0,87.0,,,,,良,2010-03-14
高压开关厂 ,50.0,38.0,112.0,,,,,轻微污染,2010-03-13
高压开关厂 ,52.0,39.0,77.0,,,,,良,2010-03-12
高压开关厂 ,42.0,33.0,61.0,,,,,良,2010-03-11
高压开关厂 ,50.0,35.0,86.0,,,,,良,2010-03-10
高压开关厂 ,30.0,18.0,50.0,,,,,优,2010-03-09
高压开关厂 ,34.0,30.0,68.0,,,,,良,2010-03-08
高压开关厂 ,66.0,32.0,67.0,,,,,良,2010-03-07
高压开关厂 ,45.0,27.0,74.0,,,,,良,2010-03-06
高压开关厂 ,59.0,33.0,88.0,,,,,良,2010-03-05
高压开关厂 ,70.0,34.0,82.0,,,,,良,2010-03-04
高压开关厂 ,64.0,53.0,77.0,,,,,良,2010-03-03
高压开关厂 ,64.0,38.0,115.0,,,,,轻微污染,2010-03-02
高压开关厂 ,77.0,32.0,154.0,,,,,轻度污染,2010-03-01
高压开关厂 ,62.0,42.0,66.0,,,,,良,2010-02-28
高压开关厂 ,60.0,39.0,98.0,,,,,良,2010-02-27
高压开关厂 ,63.0,37.0,66.0,,,,,良,2010-02-26
高压开关厂 ,62.0,36.0,100.0,,,,,良,2010-02-25
高压开关厂 ,61.0,49.0,109.0,,,,,轻微污染,2010-02-24
高压开关厂 ,58.0,47.0,83.0,,,,,良,2010-02-23
高压开关厂 ,53.0,42.0,66.0,,,,,良,2010-02-22
高压开关厂 ,55.0,45.0,62.0,,,,,良,2010-02-21
高压开关厂 ,47.0,28.0,60.0,,,,,良,2010-02-20
高压开关厂 ,41.0,36.0,27.0,,,,,优,2010-02-19
高压开关厂 ,48.0,23.0,64.0,,,,,良,2010-02-18
高压开关厂 ,45.0,16.0,72.0,,,,,良,2010-02-17
高压开关厂 ,37.0,25.0,65.0,,,,,良,2010-02-16
高压开关厂 ,40.0,16.0,65.0,,,,,良,2010-02-15
高压开关厂 ,86.0,27.0,113.0,,,,,轻微污染,2010-02-14
高压开关厂 ,66.0,30.0,58.0,,,,,良,2010-02-13
高压开关厂 ,51.0,23.0,56.0,,,,,良,2010-02-12
高压开关厂 ,46.0,22.0,47.0,,,,,优,2010-02-11
高压开关厂 ,58.0,39.0,64.0,,,,,良,2010-02-10
高压开关厂 ,71.0,53.0,126.0,,,,,轻微污染,2010-02-09
高压开关厂 ,76.0,53.0,120.0,,,,,轻微污染,2010-02-08
高压开关厂 ,75.0,49.0,138.0,,,,,轻微污染,2010-02-07
高压开关厂 ,74.0,59.0,114.0,,,,,轻微污染,2010-02-06
高压开关厂 ,70.0,49.0,107.0,,,,,轻微污染,2010-02-05
高压开关厂 ,63.0,36.0,115.0,,,,,轻微污染,2010-02-04
高压开关厂 ,56.0,30.0,99.0,,,,,良,2010-02-03
高压开关厂 ,71.0,25.0,94.0,,,,,良,2010-02-02
高压开关厂 ,56.0,34.0,90.0,,,,,良,2010-02-01
高压开关厂 ,65.0,40.0,88.0,,,,,良,2010-01-31
高压开关厂 ,78.0,49.0,97.0,,,,,良,2010-01-30
高压开关厂 ,52.0,57.0,79.0,,,,,良,2010-01-29
高压开关厂 ,72.0,64.0,100.0,,,,,良,2010-01-28
高压开关厂 ,63.0,48.0,100.0,,,,,良,2010-01-27
高压开关厂 ,62.0,42.0,90.0,,,,,良,2010-01-26
高压开关厂 ,52.0,50.0,99.0,,,,,良,2010-01-25
高压开关厂 ,70.0,48.0,111.0,,,,,轻微污染,2010-01-24
高压开关厂 ,76.0,37.0,99.0,,,,,良,2010-01-23
高压开关厂 ,69.0,39.0,118.0,,,,,轻微污染,2010-01-22
高压开关厂 ,54.0,33.0,114.0,,,,,轻微污染,2010-01-21
高压开关厂 ,99.0,60.0,122.0,,,,,轻微污染,2010-01-20
高压开关厂 ,78.0,74.0,118.0,,,,,轻微污染,2010-01-19
高压开关厂 ,86.0,60.0,121.0,,,,,轻微污染,2010-01-18
高压开关厂 ,88.0,63.0,135.0,,,,,轻微污染,2010-01-17
高压开关厂 ,97.0,39.0,106.0,,,,,轻微污染,2010-01-16
高压开关厂 ,101.0,45.0,114.0,,,,,轻微污染,2010-01-15
高压开关厂 ,82.0,36.0,97.0,,,,,良,2010-01-14
高压开关厂 ,72.0,26.0,65.0,,,,,良,2010-01-13
高压开关厂 ,73.0,49.0,79.0,,,,,良,2010-01-12
高压开关厂 ,69.0,37.0,126.0,,,,,轻微污染,2010-01-11
高压开关厂 ,46.0,31.0,177.0,,,,,轻度污染,2010-01-10
高压开关厂 ,67.0,32.0,168.0,,,,,轻度污染,2010-01-09
高压开关厂 ,110.0,45.0,110.0,,,,,轻微污染,2010-01-08
高压开关厂 ,93.0,84.0,109.0,,,,,轻微污染,2010-01-07
高压开关厂 ,68.0,64.0,83.0,,,,,良,2010-01-06
高压开关厂 ,68.0,58.0,64.0,,,,,良,2010-01-05
高压开关厂 ,61.0,19.0,98.0,,,,,良,2010-01-04
高压开关厂 ,89.0,54.0,115.0,,,,,轻微污染,2010-01-03
高压开关厂 ,85.0,50.0,88.0,,,,,良,2010-01-02
高压开关厂 ,80.0,53.0,96.0,,,,,良,2010-01-01
兴庆小区 ,32.0,104.0,117.0,38.0,67.0,85.0,108.0,轻度,2013-04-26
兴庆小区 ,28.0,93.0,122.0,34.0,46.0,67.0,100.0,轻度,2013-04-25
兴庆小区 ,34.0,106.0,134.0,45.0,35.0,48.0,144.0,轻度,2013-04-24
兴庆小区 ,17.0,83.0,106.0,51.0,26.0,26.0,137.0,轻度,2013-04-23
兴庆小区 ,6.0,82.0,123.0,49.0,2.0,2.0,198.0,中度,2013-04-22
兴庆小区 ,18.0,84.0,97.0,42.0,15.0,15.0,162.0,中度,2013-04-21
兴庆小区 ,10.0,55.0,65.0,29.0,15.0,18.0,100.0,良,2013-04-20
兴庆小区 ,4.0,48.0,81.0,29.0,17.0,24.0,102.0,轻度,2013-04-19
兴庆小区 ,24.0,53.0,182.0,34.0,32.0,42.0,158.0,中度,2013-04-18
兴庆小区 ,44.0,,151.0,37.0,58.0,,155.0,中度,2013-04-17
兴庆小区 ,25.0,65.0,93.0,20.0,39.0,50.0,83.0,良,2013-04-16
兴庆小区 ,38.0,102.0,100.0,26.0,43.0,58.0,87.0,轻度,2013-04-15
兴庆小区 ,20.0,92.0,96.0,24.0,34.0,44.0,83.0,良,2013-04-14
兴庆小区 ,15.0,102.0,96.0,25.0,38.0,50.0,70.0,轻度,2013-04-13
兴庆小区 ,18.0,90.0,94.0,25.0,35.0,44.0,72.0,良,2013-04-12
兴庆小区 ,25.0,93.0,104.0,24.0,32.0,40.0,90.0,轻度,2013-04-11
兴庆小区 ,14.0,74.0,100.0,18.0,27.0,38.0,68.0,良,2013-04-10
兴庆小区 ,12.0,50.0,87.0,14.0,29.0,43.0,55.0,良,2013-04-09
兴庆小区 ,14.0,65.0,153.0,23.0,27.0,40.0,109.0,中度,2013-04-08
兴庆小区 ,29.0,79.0,102.0,24.0,31.0,36.0,99.0,轻度,2013-04-07
兴庆小区 ,14.0,,104.0,17.0,34.0,43.0,83.0,轻度,2013-04-06
兴庆小区 ,23.0,48.0,114.0,15.0,20.0,27.0,64.0,轻度,2013-04-05
兴庆小区 ,19.0,90.0,136.0,32.0,22.0,21.0,173.0,中度,2013-04-04
兴庆小区 ,45.0,102.0,143.0,35.0,54.0,70.0,172.0,中度,2013-04-03
兴庆小区 ,44.0,101.0,135.0,32.0,11.0,15.0,129.0,轻度,2013-04-02
兴庆小区 ,30.0,106.0,192.0,36.0,39.0,49.0,210.0,重度,2013-04-01
兴庆小区 ,30.0,103.0,156.0,31.0,38.0,40.0,231.0,重度,2013-03-31
兴庆小区 ,46.0,106.0,171.0,31.0,38.0,50.0,223.0,重度,2013-03-30
兴庆小区 ,32.0,98.0,154.0,25.0,25.0,30.0,196.0,中度,2013-03-29
兴庆小区 ,38.0,106.0,139.0,31.0,32.0,37.0,124.0,轻度,2013-03-28
兴庆小区 ,31.0,107.0,126.0,31.0,28.0,33.0,109.0,轻度,2013-03-27
兴庆小区 ,16.0,82.0,105.0,23.0,36.0,45.0,120.0,轻度,2013-03-26
兴庆小区 ,32.0,60.0,155.0,16.0,36.0,46.0,119.0,中度,2013-03-24
兴庆小区 ,37.0,106.0,174.0,32.0,37.0,40.0,192.0,中度,2013-03-23
兴庆小区 ,36.0,102.0,132.0,29.0,28.0,32.0,130.0,轻度,2013-03-22
兴庆小区 ,28.0,88.0,151.0,31.0,16.0,18.0,170.0,中度,2013-03-21
兴庆小区 ,32.0,70.0,153.0,25.0,31.0,43.0,108.0,中度,2013-03-20
兴庆小区 ,31.0,102.0,160.0,38.0,26.0,25.0,114.0,中度,2013-03-19
兴庆小区 ,31.0,97.0,165.0,47.0,28.0,28.0,85.0,中度,2013-03-18
兴庆小区 ,44.0,89.0,137.0,68.0,37.0,47.0,147.0,轻度,2013-03-17
兴庆小区 ,45.0,93.0,171.0,75.0,16.0,17.0,256.0,重度,2013-03-16
兴庆小区 ,40.0,,156.0,70.0,25.0,32.0,210.0,重度,2013-03-15
兴庆小区 ,29.0,69.0,133.0,60.0,23.0,33.0,158.0,中度,2013-03-14
兴庆小区 ,46.0,82.0,500.0,66.0,14.0,16.0,315.0,严重,2013-03-13
兴庆小区 ,52.0,90.0,500.0,62.0,15.0,12.0,274.0,严重,2013-03-12
兴庆小区 ,47.0,,120.0,51.0,16.0,21.0,112.0,轻度,2013-03-11
兴庆小区 ,60.0,117.0,179.0,63.0,38.0,41.0,127.0,中度,2013-03-08
兴庆小区 ,57.0,104.0,288.0,61.0,26.0,29.0,162.0,重度,2013-03-06
兴庆小区 ,69.0,111.0,345.0,74.0,32.0,41.0,223.0,严重,2013-03-05
兴庆小区 ,41.0,98.0,177.0,53.0,,,125.0,中度,2013-03-04
兴庆小区 ,50.0,93.0,205.0,57.0,,,130.0,重度,2013-03-03
兴庆小区 ,65.0,94.0,168.0,50.0,,,112.0,中度,2013-03-02
兴庆小区 ,45.0,59.0,164.0,38.0,22.0,31.0,65.0,中度,2013-03-01
兴庆小区 ,72.0,113.0,357.0,88.0,15.0,33.0,326.0,严重,2013-02-28
兴庆小区 ,81.0,117.0,349.0,86.0,39.0,48.0,382.0,严重,2013-02-27
兴庆小区 ,94.0,130.0,347.0,101.0,21.0,17.0,394.0,严重,2013-02-26
兴庆小区 ,,114.0,282.0,73.0,94.0,27.0,365.0,严重,2013-02-25
兴庆小区 ,,109.0,282.0,73.0,44.0,51.0,354.0,严重,2013-02-24
兴庆小区 ,,103.0,153.0,65.0,42.0,50.0,252.0,重度,2013-02-23
兴庆小区 ,,87.0,100.0,46.0,46.0,54.0,133.0,轻度,2013-02-22
兴庆小区 ,92.0,102.0,113.0,50.0,18.0,16.0,175.0,中度,2013-02-21
兴庆小区 ,80.0,75.0,90.0,35.0,9.0,9.0,137.0,轻度,2013-02-20
兴庆小区 ,58.0,59.0,84.0,30.0,9.0,8.0,122.0,轻度,2013-02-19
兴庆小区 ,27.0,57.0,95.0,32.0,17.0,17.0,120.0,轻度,2013-02-18
兴庆小区 ,84.0,94.0,169.0,68.0,20.0,15.0,291.0,重度,2013-02-17
兴庆小区 ,69.0,95.0,181.0,70.0,20.0,21.0,345.0,严重,2013-02-16
兴庆小区 ,44.0,69.0,84.0,46.0,23.0,28.0,90.0,良,2013-02-15
兴庆小区 ,66.0,79.0,87.0,46.0,16.0,17.0,124.0,轻度,2013-02-13
兴庆小区 ,62.0,64.0,111.0,52.0,20.0,24.0,175.0,中度,2013-02-12
兴庆小区 ,53.0,70.0,,63.0,4.0,4.0,307.0,严重,2013-02-11
兴庆小区 ,77.0,94.0,500.0,71.0,18.0,18.0,500.0,严重,2013-02-10
兴庆小区 ,102.0,105.0,172.0,64.0,12.0,13.0,303.0,严重,2013-02-09
兴庆小区 ,53.0,85.0,91.0,56.0,9.0,7.0,150.0,轻度,2013-02-08
兴庆小区 ,65.0,87.0,127.0,67.0,6.0,6.0,208.0,重度,2013-02-07
兴庆小区 ,84.0,113.0,205.0,96.0,3.0,4.0,325.0,严重,2013-02-06
兴庆小区 ,69.0,72.0,97.0,72.0,13.0,13.0,144.0,轻度,2013-02-05
兴庆小区 ,28.0,18.0,104.0,75.0,2.0,2.0,200.0,中度,2013-02-04
兴庆小区 ,53.0,20.0,129.0,70.0,2.0,2.0,250.0,重度,2013-02-03
兴庆小区 ,78.0,24.0,297.0,91.0,3.0,3.0,385.0,严重,2013-02-02
兴庆小区 ,87.0,26.0,416.0,102.0,3.0,3.0,459.0,严重,2013-02-01
兴庆小区 ,84.0,25.0,246.0,87.0,6.0,6.0,370.0,严重,2013-01-31
兴庆小区 ,106.0,30.0,438.0,94.0,6.0,6.0,447.0,严重,2013-01-30
兴庆小区 ,93.0,28.0,269.0,78.0,10.0,10.0,346.0,严重,2013-01-29
兴庆小区 ,102.0,80.0,289.0,81.0,3.0,4.0,321.0,严重,2013-01-28
兴庆小区 ,94.0,121.0,170.0,59.0,5.0,6.0,219.0,重度,2013-01-27
兴庆小区 ,108.0,113.0,170.0,58.0,8.0,9.0,183.0,中度,2013-01-26
兴庆小区 ,72.0,106.0,136.0,56.0,11.0,13.0,137.0,轻度,2013-01-25
兴庆小区 ,68.0,77.0,87.0,36.0,18.0,23.0,54.0,良,2013-01-24
兴庆小区 ,81.0,131.0,199.0,79.0,4.0,5.0,299.0,重度,2013-01-23
兴庆小区 ,68.0,89.0,98.0,44.0,20.0,22.0,124.0,轻度,2013-01-22
兴庆小区 ,87.0,84.0,79.0,36.0,16.0,18.0,78.0,良,2013-01-21
兴庆小区 ,76.0,111.0,250.0,83.0,4.0,3.0,368.0,严重,2013-01-20
兴庆小区 ,113.0,131.0,478.0,103.0,3.0,4.0,458.0,严重,2013-01-19
兴庆小区 ,108.0,125.0,325.0,92.0,4.0,4.0,349.0,严重,2013-01-18
兴庆小区 ,91.0,105.0,185.0,61.0,6.0,7.0,242.0,重度,2013-01-17
兴庆小区 ,100.0,104.0,167.0,50.0,8.0,8.0,193.0,中度,2013-01-16
兴庆小区 ,104.0,84.0,160.0,41.0,13.0,14.0,120.0,中度,2013-01-15
兴庆小区 ,116.0,139.0,449.0,90.0,4.0,5.0,,严重,2013-01-14
兴庆小区 ,107.0,120.0,275.0,69.0,5.0,5.0,,重度,2013-01-13
兴庆小区 ,115.0,119.0,216.0,66.0,4.0,5.0,,重度,2013-01-12
兴庆小区 ,102.0,114.0,200.0,80.0,13.0,14.0,250.0,重度,2013-01-11
兴庆小区 ,116.0,129.0,416.0,84.0,6.0,9.0,389.0,严重,2013-01-10
兴庆小区 ,105.0,104.0,176.0,65.0,4.0,5.0,236.0,重度,2013-01-09
兴庆小区 ,106.0,125.0,407.0,87.0,6.0,9.0,373.0,严重,2013-01-08
兴庆小区 ,108.0,121.0,,101.0,7.0,10.0,,轻度,2013-01-07
兴庆小区 ,104.0,82.0,,95.0,8.0,11.0,,轻度,2013-01-06
兴庆小区 ,120.0,70.0,258.0,71.0,7.0,10.0,278.0,重度,2013-01-05
兴庆小区 ,107.0,44.0,126.0,41.0,21.0,10.0,156.0,中度,2013-01-04
兴庆小区 ,46.0,23.0,63.0,13.0,46.0,21.0,42.0,良,2013-01-03
兴庆小区 ,61.0,27.0,105.0,21.0,34.0,15.0,87.0,轻度,2013-01-02
兴庆小区 ,62.0,43.0,144.0,33.0,43.0,17.0,103.0,轻度,2013-01-01
兴庆小区 ,74.0,47.0,117.0,,,,,轻微污染,2012-12-31
兴庆小区 ,78.0,20.0,87.0,,,,,良,2012-12-30
兴庆小区 ,66.0,24.0,94.0,,,,,良,2012-12-29
兴庆小区 ,97.0,44.0,246.0,,,,,中度污染,2012-12-28
兴庆小区 ,70.0,29.0,95.0,,,,,良,2012-12-25
兴庆小区 ,29.0,19.0,91.0,,,,,良,2012-12-24
兴庆小区 ,40.0,18.0,71.0,,,,,良,2012-12-23
兴庆小区 ,48.0,22.0,81.0,,,,,良,2012-12-22
兴庆小区 ,55.0,25.0,94.0,,,,,良,2012-12-21
兴庆小区 ,57.0,27.0,96.0,,,,,良,2012-12-20
兴庆小区 ,52.0,25.0,87.0,,,,,良,2012-12-19
兴庆小区 ,39.0,21.0,77.0,,,,,良,2012-12-18
兴庆小区 ,49.0,32.0,213.0,,,,,中度污染,2012-12-17
兴庆小区 ,51.0,30.0,353.0,,,,,重污染,2012-12-16
兴庆小区 ,58.0,34.0,266.0,,,,,中度重污染,2012-12-15
兴庆小区 ,53.0,34.0,260.0,,,,,中度重污染,2012-12-14
兴庆小区 ,56.0,37.0,260.0,,,,,中度重污染,2012-12-13
兴庆小区 ,63.0,35.0,314.0,,,,,重污染,2012-12-12
兴庆小区 ,59.0,38.0,99.0,,,,,良,2012-12-11
兴庆小区 ,61.0,30.0,126.0,,,,,轻微污染,2012-12-10
兴庆小区 ,57.0,20.0,95.0,,,,,良,2012-12-09
兴庆小区 ,55.0,25.0,92.0,,,,,良,2012-12-08
兴庆小区 ,61.0,31.0,98.0,,,,,良,2012-12-07
兴庆小区 ,59.0,22.0,96.0,,,,,良,2012-12-06
兴庆小区 ,65.0,17.0,94.0,,,,,良,2012-12-05
兴庆小区 ,69.0,26.0,126.0,,,,,轻微污染,2012-12-04
兴庆小区 ,77.0,25.0,128.0,,,,,轻微污染,2012-12-03
兴庆小区 ,83.0,29.0,255.0,,,,,中度重污染,2012-12-02
兴庆小区 ,86.0,32.0,196.0,,,,,轻度污染,2012-12-01
兴庆小区 ,50.0,25.0,93.0,,,,,良,2012-11-30
兴庆小区 ,38.0,22.0,99.0,,,,,良,2012-11-29
兴庆小区 ,33.0,35.0,92.0,,,,,良,2012-11-28
兴庆小区 ,31.0,19.0,82.0,,,,,良,2012-11-27
兴庆小区 ,41.0,12.0,72.0,,,,,良,2012-11-26
兴庆小区 ,37.0,20.0,86.0,,,,,良,2012-11-25
兴庆小区 ,35.0,21.0,84.0,,,,,良,2012-11-24
兴庆小区 ,28.0,15.0,65.0,,,,,良,2012-11-23
兴庆小区 ,34.0,31.0,159.0,,,,,轻度污染,2012-11-22
兴庆小区 ,27.0,30.0,137.0,,,,,轻微污染,2012-11-21
兴庆小区 ,48.0,30.0,119.0,,,,,轻微污染,2012-11-20
兴庆小区 ,34.0,29.0,85.0,,,,,良,2012-11-19
兴庆小区 ,43.0,41.0,91.0,,,,,良,2012-11-18
兴庆小区 ,39.0,26.0,88.0,,,,,良,2012-11-17
兴庆小区 ,45.0,22.0,62.0,,,,,良,2012-11-16
兴庆小区 ,56.0,35.0,122.0,,,,,轻微污染,2012-11-15
兴庆小区 ,29.0,26.0,95.0,,,,,良,2012-11-14
兴庆小区 ,34.0,31.0,88.0,,,,,良,2012-11-13
兴庆小区 ,28.0,23.0,81.0,,,,,良,2012-11-12
兴庆小区 ,24.0,19.0,73.0,,,,,良,2012-11-11
兴庆小区 ,22.0,15.0,93.0,,,,,良,2012-11-10
兴庆小区 ,32.0,24.0,91.0,,,,,良,2012-11-09
兴庆小区 ,22.0,22.0,54.0,,,,,良,2012-11-08
兴庆小区 ,24.0,32.0,94.0,,,,,良,2012-11-07
兴庆小区 ,25.0,27.0,81.0,,,,,良,2012-11-06
兴庆小区 ,23.0,27.0,88.0,,,,,良,2012-11-05
兴庆小区 ,21.0,14.0,71.0,,,,,良,2012-11-04
兴庆小区 ,25.0,23.0,96.0,,,,,良,2012-11-03
兴庆小区 ,35.0,26.0,119.0,,,,,轻微污染,2012-11-02
兴庆小区 ,26.0,17.0,92.0,,,,,良,2012-11-01
兴庆小区 ,22.0,19.0,90.0,,,,,良,2012-10-31
兴庆小区 ,25.0,20.0,83.0,,,,,良,2012-10-30
兴庆小区 ,20.0,31.0,95.0,,,,,良,2012-10-29
兴庆小区 ,23.0,30.0,91.0,,,,,良,2012-10-28
兴庆小区 ,28.0,29.0,95.0,,,,,良,2012-10-27
兴庆小区 ,27.0,30.0,120.0,,,,,轻微污染,2012-10-26
兴庆小区 ,19.0,24.0,78.0,,,,,良,2012-10-25
兴庆小区 ,20.0,22.0,82.0,,,,,良,2012-10-24
兴庆小区 ,20.0,27.0,83.0,,,,,良,2012-10-23
兴庆小区 ,24.0,20.0,54.0,,,,,良,2012-10-22
兴庆小区 ,25.0,30.0,97.0,,,,,良,2012-10-21
兴庆小区 ,22.0,29.0,95.0,,,,,良,2012-10-20
兴庆小区 ,23.0,28.0,94.0,,,,,良,2012-10-19
兴庆小区 ,21.0,27.0,101.0,,,,,轻微污染,2012-10-18
兴庆小区 ,17.0,26.0,75.0,,,,,良,2012-10-17
兴庆小区 ,20.0,29.0,92.0,,,,,良,2012-10-16
兴庆小区 ,23.0,27.0,131.0,,,,,轻微污染,2012-10-15
兴庆小区 ,28.0,27.0,92.0,,,,,良,2012-10-14
兴庆小区 ,22.0,25.0,82.0,,,,,良,2012-10-13
兴庆小区 ,25.0,37.0,119.0,,,,,轻微污染,2012-10-12
兴庆小区 ,19.0,26.0,118.0,,,,,轻微污染,2012-10-11
兴庆小区 ,20.0,20.0,70.0,,,,,良,2012-10-10
兴庆小区 ,19.0,15.0,87.0,,,,,良,2012-10-09
兴庆小区 ,19.0,22.0,146.0,,,,,轻微污染,2012-10-08
兴庆小区 ,21.0,23.0,117.0,,,,,轻微污染,2012-10-07
兴庆小区 ,17.0,22.0,97.0,,,,,良,2012-10-06
兴庆小区 ,18.0,16.0,82.0,,,,,良,2012-10-05
兴庆小区 ,18.0,19.0,77.0,,,,,良,2012-10-04
兴庆小区 ,16.0,19.0,88.0,,,,,良,2012-10-03
兴庆小区 ,23.0,25.0,107.0,,,,,轻微污染,2012-10-02
兴庆小区 ,19.0,20.0,92.0,,,,,良,2012-10-01
兴庆小区 ,20.0,20.0,83.0,,,,,良,2012-09-30
兴庆小区 ,16.0,15.0,69.0,,,,,良,2012-09-29
兴庆小区 ,20.0,17.0,63.0,,,,,良,2012-09-28
兴庆小区 ,14.0,15.0,75.0,,,,,良,2012-09-27
兴庆小区 ,14.0,17.0,47.0,,,,,优,2012-09-26
兴庆小区 ,18.0,14.0,85.0,,,,,良,2012-09-25
兴庆小区 ,27.0,20.0,124.0,,,,,轻微污染,2012-09-24
兴庆小区 ,22.0,13.0,109.0,,,,,轻微污染,2012-09-23
兴庆小区 ,15.0,10.0,96.0,,,,,良,2012-09-22
兴庆小区 ,17.0,10.0,85.0,,,,,良,2012-09-21
兴庆小区 ,25.0,14.0,84.0,,,,,良,2012-09-20
兴庆小区 ,24.0,12.0,74.0,,,,,良,2012-09-19
兴庆小区 ,21.0,17.0,86.0,,,,,良,2012-09-18
兴庆小区 ,16.0,17.0,80.0,,,,,良,2012-09-17
兴庆小区 ,16.0,12.0,56.0,,,,,良,2012-09-16
兴庆小区 ,19.0,14.0,69.0,,,,,良,2012-09-15
兴庆小区 ,18.0,13.0,56.0,,,,,良,2012-09-14
兴庆小区 ,19.0,11.0,55.0,,,,,良,2012-09-13
兴庆小区 ,17.0,13.0,56.0,,,,,良,2012-09-12
兴庆小区 ,16.0,12.0,59.0,,,,,良,2012-09-11
兴庆小区 ,20.0,14.0,67.0,,,,,良,2012-09-10
兴庆小区 ,18.0,15.0,59.0,,,,,良,2012-09-09
兴庆小区 ,15.0,14.0,66.0,,,,,良,2012-09-08
兴庆小区 ,15.0,14.0,79.0,,,,,良,2012-09-07
兴庆小区 ,16.0,18.0,81.0,,,,,良,2012-09-06
兴庆小区 ,21.0,17.0,82.0,,,,,良,2012-09-05
兴庆小区 ,23.0,19.0,55.0,,,,,良,2012-09-04
兴庆小区 ,23.0,19.0,55.0,,,,,良,2012-09-04
兴庆小区 ,23.0,15.0,39.0,,,,,优,2012-09-03
兴庆小区 ,22.0,12.0,39.0,,,,,优,2012-09-02
兴庆小区 ,20.0,11.0,34.0,,,,,优,2012-09-01
兴庆小区 ,21.0,14.0,75.0,,,,,良,2012-08-31
兴庆小区 ,18.0,18.0,76.0,,,,,良,2012-08-30
兴庆小区 ,26.0,22.0,65.0,,,,,良,2012-08-29
兴庆小区 ,20.0,18.0,80.0,,,,,良,2012-08-28
兴庆小区 ,16.0,20.0,95.0,,,,,良,2012-08-27
兴庆小区 ,20.0,15.0,88.0,,,,,良,2012-08-26
兴庆小区 ,21.0,21.0,77.0,,,,,良,2012-08-25
兴庆小区 ,19.0,12.0,59.0,,,,,良,2012-08-24
兴庆小区 ,17.0,14.0,56.0,,,,,良,2012-08-23
兴庆小区 ,21.0,22.0,64.0,,,,,良,2012-08-22
兴庆小区 ,17.0,20.0,37.0,,,,,优,2012-08-21
兴庆小区 ,18.0,14.0,35.0,,,,,优,2012-08-20
兴庆小区 ,21.0,14.0,39.0,,,,,优,2012-08-19
兴庆小区 ,21.0,15.0,60.0,,,,,良,2012-08-18
兴庆小区 ,23.0,18.0,65.0,,,,,良,2012-08-17
兴庆小区 ,27.0,23.0,88.0,,,,,良,2012-08-16
兴庆小区 ,28.0,24.0,62.0,,,,,良,2012-08-15
兴庆小区 ,26.0,15.0,56.0,,,,,良,2012-08-14
兴庆小区 ,25.0,15.0,70.0,,,,,良,2012-08-13
兴庆小区 ,24.0,18.0,85.0,,,,,良,2012-08-12
兴庆小区 ,23.0,13.0,80.0,,,,,良,2012-08-11
兴庆小区 ,21.0,16.0,75.0,,,,,良,2012-08-10
兴庆小区 ,16.0,15.0,73.0,,,,,良,2012-08-09
兴庆小区 ,20.0,17.0,63.0,,,,,良,2012-08-08
兴庆小区 ,21.0,20.0,62.0,,,,,良,2012-08-07
兴庆小区 ,15.0,19.0,63.0,,,,,良,2012-08-06
兴庆小区 ,16.0,12.0,72.0,,,,,良,2012-08-05
兴庆小区 ,16.0,11.0,70.0,,,,,良,2012-08-04
兴庆小区 ,13.0,16.0,60.0,,,,,良,2012-08-03
兴庆小区 ,19.0,19.0,46.0,,,,,优,2012-08-02
兴庆小区 ,19.0,15.0,40.0,,,,,优,2012-08-01
兴庆小区 ,22.0,12.0,43.0,,,,,优,2012-07-31
兴庆小区 ,23.0,17.0,62.0,,,,,良,2012-07-30
兴庆小区 ,20.0,17.0,65.0,,,,,良,2012-07-29
兴庆小区 ,28.0,19.0,47.0,,,,,优,2012-07-28
兴庆小区 ,27.0,19.0,36.0,,,,,优,2012-07-27
兴庆小区 ,23.0,19.0,71.0,,,,,良,2012-07-26
兴庆小区 ,21.0,16.0,64.0,,,,,良,2012-07-25
兴庆小区 ,20.0,17.0,54.0,,,,,良,2012-07-24
兴庆小区 ,15.0,15.0,51.0,,,,,良,2012-07-23
兴庆小区 ,19.0,12.0,49.0,,,,,优,2012-07-22
兴庆小区 ,19.0,15.0,69.0,,,,,良,2012-07-21
兴庆小区 ,18.0,12.0,79.0,,,,,良,2012-07-20
兴庆小区 ,22.0,14.0,78.0,,,,,良,2012-07-19
兴庆小区 ,20.0,13.0,70.0,,,,,良,2012-07-18
兴庆小区 ,19.0,14.0,69.0,,,,,良,2012-07-17
兴庆小区 ,18.0,12.0,67.0,,,,,良,2012-07-16
兴庆小区 ,18.0,12.0,67.0,,,,,良,2012-07-16
兴庆小区 ,12.0,15.0,63.0,,,,,良,2012-07-15
兴庆小区 ,16.0,12.0,65.0,,,,,良,2012-07-14
兴庆小区 ,27.0,20.0,58.0,,,,,良,2012-07-13
兴庆小区 ,19.0,19.0,59.0,,,,,良,2012-07-12
兴庆小区 ,17.0,15.0,61.0,,,,,良,2012-07-11
兴庆小区 ,19.0,15.0,43.0,,,,,优,2012-07-10
兴庆小区 ,13.0,13.0,42.0,,,,,优,2012-07-09
兴庆小区 ,22.0,12.0,54.0,,,,,良,2012-07-08
兴庆小区 ,23.0,10.0,45.0,,,,,优,2012-07-07
兴庆小区 ,21.0,17.0,54.0,,,,,良,2012-07-06
兴庆小区 ,21.0,15.0,51.0,,,,,良,2012-07-05
兴庆小区 ,21.0,17.0,43.0,,,,,优,2012-07-04
兴庆小区 ,21.0,17.0,48.0,,,,,优,2012-07-03
兴庆小区 ,22.0,19.0,61.0,,,,,良,2012-07-02
兴庆小区 ,16.0,14.0,34.0,,,,,优,2012-07-01
兴庆小区 ,12.0,16.0,38.0,,,,,优,2012-06-30
兴庆小区 ,17.0,11.0,53.0,,,,,良,2012-06-29
兴庆小区 ,18.0,9.0,52.0,,,,,良,2012-06-28
兴庆小区 ,17.0,14.0,69.0,,,,,良,2012-06-27
兴庆小区 ,12.0,15.0,55.0,,,,,良,2012-06-26
兴庆小区 ,22.0,13.0,64.0,,,,,良,2012-06-25
兴庆小区 ,23.0,15.0,60.0,,,,,良,2012-06-24
兴庆小区 ,24.0,18.0,57.0,,,,,良,2012-06-23
兴庆小区 ,28.0,14.0,58.0,,,,,良,2012-06-22
兴庆小区 ,25.0,22.0,68.0,,,,,良,2012-06-21
兴庆小区 ,23.0,20.0,68.0,,,,,良,2012-06-20
兴庆小区 ,34.0,22.0,67.0,,,,,良,2012-06-19
兴庆小区 ,28.0,17.0,59.0,,,,,良,2012-06-18
兴庆小区 ,32.0,22.0,62.0,,,,,良,2012-06-17
兴庆小区 ,28.0,25.0,61.0,,,,,良,2012-06-16
兴庆小区 ,35.0,18.0,63.0,,,,,良,2012-06-15
兴庆小区 ,31.0,17.0,61.0,,,,,良,2012-06-14
兴庆小区 ,26.0,22.0,59.0,,,,,良,2012-06-13
兴庆小区 ,31.0,20.0,62.0,,,,,良,2012-06-12
兴庆小区 ,31.0,20.0,65.0,,,,,良,2012-06-11
兴庆小区 ,35.0,24.0,57.0,,,,,良,2012-06-10
兴庆小区 ,42.0,19.0,61.0,,,,,良,2012-06-09
兴庆小区 ,35.0,20.0,52.0,,,,,良,2012-06-08
兴庆小区 ,35.0,21.0,74.0,,,,,良,2012-06-07
兴庆小区 ,30.0,19.0,62.0,,,,,良,2012-06-06
兴庆小区 ,34.0,16.0,82.0,,,,,良,2012-06-05
兴庆小区 ,36.0,17.0,76.0,,,,,良,2012-06-04
兴庆小区 ,31.0,12.0,58.0,,,,,良,2012-06-03
兴庆小区 ,34.0,14.0,61.0,,,,,良,2012-06-02
兴庆小区 ,32.0,14.0,67.0,,,,,良,2012-06-01
兴庆小区 ,31.0,18.0,54.0,,,,,良,2012-05-31
兴庆小区 ,29.0,15.0,46.0,,,,,优,2012-05-30
兴庆小区 ,28.0,17.0,54.0,,,,,良,2012-05-29
兴庆小区 ,31.0,15.0,53.0,,,,,良,2012-05-28
兴庆小区 ,30.0,17.0,68.0,,,,,良,2012-05-27
兴庆小区 ,23.0,16.0,68.0,,,,,良,2012-05-26
兴庆小区 ,19.0,17.0,77.0,,,,,良,2012-05-25
兴庆小区 ,29.0,19.0,99.0,,,,,良,2012-05-24
兴庆小区 ,12.0,16.0,98.0,,,,,良,2012-05-23
兴庆小区 ,22.0,13.0,54.0,,,,,良,2012-05-22
兴庆小区 ,18.0,14.0,70.0,,,,,良,2012-05-21
兴庆小区 ,21.0,21.0,74.0,,,,,良,2012-05-20
兴庆小区 ,24.0,30.0,92.0,,,,,良,2012-05-19
兴庆小区 ,19.0,34.0,83.0,,,,,良,2012-05-18
兴庆小区 ,17.0,35.0,76.0,,,,,良,2012-05-17
兴庆小区 ,17.0,30.0,74.0,,,,,良,2012-05-16
兴庆小区 ,17.0,21.0,54.0,,,,,良,2012-05-15
兴庆小区 ,18.0,22.0,75.0,,,,,良,2012-05-14
兴庆小区 ,21.0,21.0,95.0,,,,,良,2012-05-13
兴庆小区 ,16.0,15.0,61.0,,,,,良,2012-05-12
兴庆小区 ,23.0,12.0,61.0,,,,,良,2012-05-11
兴庆小区 ,27.0,25.0,79.0,,,,,良,2012-05-10
兴庆小区 ,33.0,30.0,80.0,,,,,良,2012-05-09
兴庆小区 ,34.0,23.0,91.0,,,,,良,2012-05-08
兴庆小区 ,29.0,26.0,104.0,,,,,轻微污染,2012-05-07
兴庆小区 ,27.0,32.0,88.0,,,,,良,2012-05-06
兴庆小区 ,36.0,27.0,87.0,,,,,良,2012-05-05
兴庆小区 ,21.0,25.0,90.0,,,,,良,2012-05-04
兴庆小区 ,15.0,24.0,74.0,,,,,良,2012-05-03
兴庆小区 ,13.0,20.0,67.0,,,,,良,2012-05-02
兴庆小区 ,15.0,17.0,94.0,,,,,良,2012-05-01
兴庆小区 ,22.0,12.0,93.0,,,,,良,2012-04-30
兴庆小区 ,28.0,22.0,92.0,,,,,良,2012-04-29
兴庆小区 ,28.0,30.0,90.0,,,,,良,2012-04-28
兴庆小区 ,30.0,25.0,103.0,,,,,轻微污染,2012-04-27
兴庆小区 ,34.0,27.0,99.0,,,,,良,2012-04-26
兴庆小区 ,27.0,27.0,97.0,,,,,良,2012-04-25
兴庆小区 ,26.0,18.0,78.0,,,,,良,2012-04-24
兴庆小区 ,24.0,29.0,91.0,,,,,良,2012-04-23
兴庆小区 ,23.0,28.0,82.0,,,,,良,2012-04-22
兴庆小区 ,27.0,26.0,80.0,,,,,良,2012-04-21
兴庆小区 ,31.0,27.0,78.0,,,,,良,2012-04-20
兴庆小区 ,27.0,26.0,61.0,,,,,良,2012-04-19
兴庆小区 ,36.0,30.0,80.0,,,,,良,2012-04-18
兴庆小区 ,47.0,34.0,77.0,,,,,良,2012-04-17
兴庆小区 ,24.0,32.0,61.0,,,,,良,2012-04-16
兴庆小区 ,34.0,27.0,65.0,,,,,良,2012-04-15
兴庆小区 ,23.0,31.0,63.0,,,,,良,2012-04-14
兴庆小区 ,15.0,22.0,39.0,,,,,优,2012-04-13
兴庆小区 ,26.0,17.0,37.0,,,,,优,2012-04-12
兴庆小区 ,27.0,29.0,62.0,,,,,良,2012-04-11
兴庆小区 ,28.0,20.0,55.0,,,,,良,2012-04-10
兴庆小区 ,22.0,22.0,57.0,,,,,良,2012-04-09
兴庆小区 ,36.0,29.0,79.0,,,,,良,2012-04-08
兴庆小区 ,35.0,27.0,86.0,,,,,良,2012-04-07
兴庆小区 ,26.0,24.0,81.0,,,,,良,2012-04-06
兴庆小区 ,28.0,27.0,73.0,,,,,良,2012-04-05
兴庆小区 ,34.0,22.0,76.0,,,,,良,2012-04-04
兴庆小区 ,29.0,24.0,83.0,,,,,良,2012-04-03
兴庆小区 ,39.0,30.0,81.0,,,,,良,2012-04-02
兴庆小区 ,28.0,27.0,79.0,,,,,良,2012-04-01
兴庆小区 ,18.0,23.0,52.0,,,,,良,2012-03-31
兴庆小区 ,32.0,25.0,72.0,,,,,良,2012-03-30
兴庆小区 ,47.0,27.0,91.0,,,,,良,2012-03-29
兴庆小区 ,39.0,45.0,89.0,,,,,良,2012-03-28
兴庆小区 ,42.0,33.0,90.0,,,,,良,2012-03-27
兴庆小区 ,41.0,45.0,81.0,,,,,良,2012-03-26
兴庆小区 ,48.0,39.0,84.0,,,,,良,2012-03-25
兴庆小区 ,34.0,27.0,72.0,,,,,良,2012-03-24
兴庆小区 ,34.0,23.0,57.0,,,,,良,2012-03-23
兴庆小区 ,36.0,30.0,60.0,,,,,良,2012-03-22
兴庆小区 ,43.0,29.0,70.0,,,,,良,2012-03-21
兴庆小区 ,39.0,28.0,61.0,,,,,良,2012-03-20
兴庆小区 ,39.0,27.0,104.0,,,,,轻微污染,2012-03-19
兴庆小区 ,60.0,37.0,124.0,,,,,轻微污染,2012-03-18
兴庆小区 ,33.0,35.0,97.0,,,,,良,2012-03-17
兴庆小区 ,33.0,37.0,80.0,,,,,良,2012-03-16
兴庆小区 ,38.0,35.0,92.0,,,,,良,2012-03-15
兴庆小区 ,47.0,39.0,108.0,,,,,轻微污染,2012-03-14
兴庆小区 ,58.0,57.0,105.0,,,,,轻微污染,2012-03-13
兴庆小区 ,45.0,40.0,83.0,,,,,良,2012-03-12
兴庆小区 ,35.0,41.0,71.0,,,,,良,2012-03-11
兴庆小区 ,41.0,50.0,83.0,,,,,良,2012-03-10
兴庆小区 ,36.0,40.0,76.0,,,,,良,2012-03-09
兴庆小区 ,38.0,39.0,67.0,,,,,良,2012-03-08
兴庆小区 ,36.0,37.0,76.0,,,,,良,2012-03-07
兴庆小区 ,34.0,41.0,66.0,,,,,良,2012-03-06
兴庆小区 ,36.0,35.0,83.0,,,,,良,2012-03-05
兴庆小区 ,31.0,34.0,71.0,,,,,良,2012-03-04
兴庆小区 ,38.0,35.0,68.0,,,,,良,2012-03-03
兴庆小区 ,41.0,48.0,118.0,,,,,轻微污染,2012-03-02
兴庆小区 ,51.0,65.0,126.0,,,,,轻微污染,2012-03-01
兴庆小区 ,52.0,60.0,124.0,,,,,轻微污染,2012-02-29
兴庆小区 ,42.0,45.0,99.0,,,,,良,2012-02-28
兴庆小区 ,36.0,39.0,80.0,,,,,良,2012-02-27
兴庆小区 ,54.0,42.0,68.0,,,,,良,2012-02-26
兴庆小区 ,42.0,35.0,82.0,,,,,良,2012-02-25
兴庆小区 ,54.0,47.0,90.0,,,,,良,2012-02-24
兴庆小区 ,72.0,69.0,124.0,,,,,轻微污染,2012-02-23
兴庆小区 ,82.0,41.0,112.0,,,,,轻微污染,2012-02-22
兴庆小区 ,70.0,41.0,91.0,,,,,良,2012-02-21
兴庆小区 ,59.0,37.0,86.0,,,,,良,2012-02-20
兴庆小区 ,37.0,39.0,51.0,,,,,良,2012-02-19
兴庆小区 ,50.0,30.0,46.0,,,,,优,2012-02-18
兴庆小区 ,36.0,27.0,52.0,,,,,良,2012-02-17
兴庆小区 ,57.0,35.0,102.0,,,,,轻微污染,2012-02-16
兴庆小区 ,61.0,49.0,113.0,,,,,轻微污染,2012-02-15
兴庆小区 ,57.0,36.0,109.0,,,,,轻微污染,2012-02-14
兴庆小区 ,41.0,34.0,87.0,,,,,良,2012-02-13
兴庆小区 ,52.0,32.0,76.0,,,,,良,2012-02-12
兴庆小区 ,41.0,25.0,63.0,,,,,良,2012-02-11
兴庆小区 ,40.0,25.0,46.0,,,,,优,2012-02-10
兴庆小区 ,46.0,19.0,48.0,,,,,优,2012-02-09
兴庆小区 ,35.0,25.0,53.0,,,,,良,2012-02-08
兴庆小区 ,25.0,14.0,48.0,,,,,优,2012-02-07
兴庆小区 ,72.0,73.0,121.0,,,,,轻微污染,2012-02-06
兴庆小区 ,68.0,49.0,86.0,,,,,良,2012-02-05
兴庆小区 ,58.0,49.0,78.0,,,,,良,2012-02-04
兴庆小区 ,32.0,33.0,59.0,,,,,良,2012-02-03
兴庆小区 ,32.0,26.0,51.0,,,,,良,2012-02-02
兴庆小区 ,88.0,82.0,124.0,,,,,轻微污染,2012-02-01
兴庆小区 ,87.0,68.0,117.0,,,,,轻微污染,2012-01-31
兴庆小区 ,92.0,54.0,122.0,,,,,轻微污染,2012-01-30
兴庆小区 ,83.0,62.0,106.0,,,,,轻微污染,2012-01-29
兴庆小区 ,77.0,90.0,91.0,,,,,良,2012-01-28
兴庆小区 ,67.0,19.0,80.0,,,,,良,2012-01-27
兴庆小区 ,40.0,29.0,66.0,,,,,良,2012-01-26
兴庆小区 ,36.0,24.0,39.0,,,,,优,2012-01-25
兴庆小区 ,57.0,27.0,80.0,,,,,良,2012-01-24
兴庆小区 ,48.0,30.0,66.0,,,,,良,2012-01-23
兴庆小区 ,32.0,38.0,57.0,,,,,良,2012-01-22
兴庆小区 ,52.0,40.0,60.0,,,,,良,2012-01-21
兴庆小区 ,67.0,58.0,95.0,,,,,良,2012-01-20
兴庆小区 ,90.0,64.0,117.0,,,,,轻微污染,2012-01-19
兴庆小区 ,79.0,99.0,159.0,,,,,轻度污染,2012-01-18
兴庆小区 ,80.0,68.0,118.0,,,,,轻微污染,2012-01-17
兴庆小区 ,102.0,78.0,109.0,,,,,轻微污染,2012-01-16
兴庆小区 ,79.0,82.0,93.0,,,,,良,2012-01-15
兴庆小区 ,100.0,99.0,109.0,,,,,轻微污染,2012-01-14
兴庆小区 ,97.0,87.0,103.0,,,,,轻微污染,2012-01-13
兴庆小区 ,95.0,90.0,97.0,,,,,良,2012-01-12
兴庆小区 ,113.0,89.0,139.0,,,,,轻微污染,2012-01-11
兴庆小区 ,109.0,113.0,146.0,,,,,轻微污染,2012-01-10
兴庆小区 ,104.0,64.0,122.0,,,,,轻微污染,2012-01-09
兴庆小区 ,65.0,73.0,113.0,,,,,轻微污染,2012-01-08
兴庆小区 ,69.0,50.0,83.0,,,,,良,2012-01-07
兴庆小区 ,62.0,47.0,77.0,,,,,良,2012-01-06
兴庆小区 ,46.0,30.0,56.0,,,,,良,2012-01-05
兴庆小区 ,49.0,47.0,51.0,,,,,良,2012-01-04
兴庆小区 ,59.0,37.0,60.0,,,,,良,2012-01-03
兴庆小区 ,103.0,89.0,136.0,,,,,轻微污染,2012-01-02
兴庆小区 ,106.0,82.0,197.0,,,,,轻度污染,2012-01-01
兴庆小区 ,89.0,70.0,149.0,,,,,轻微污染,2011-12-31
兴庆小区 ,96.0,60.0,173.0,,,,,轻度污染,2011-12-30
兴庆小区 ,104.0,41.0,124.0,,,,,轻微污染,2011-12-29
兴庆小区 ,80.0,44.0,119.0,,,,,轻微污染,2011-12-28
兴庆小区 ,65.0,37.0,118.0,,,,,轻微污染,2011-12-27
兴庆小区 ,65.0,46.0,102.0,,,,,轻微污染,2011-12-26
兴庆小区 ,65.0,37.0,116.0,,,,,轻微污染,2011-12-25
兴庆小区 ,63.0,39.0,78.0,,,,,良,2011-12-24
兴庆小区 ,63.0,29.0,80.0,,,,,良,2011-12-23
兴庆小区 ,65.0,27.0,77.0,,,,,良,2011-12-22
兴庆小区 ,76.0,44.0,99.0,,,,,良,2011-12-21
兴庆小区 ,78.0,40.0,123.0,,,,,轻微污染,2011-12-20
兴庆小区 ,59.0,36.0,118.0,,,,,轻微污染,2011-12-19
兴庆小区 ,72.0,30.0,107.0,,,,,轻微污染,2011-12-18
兴庆小区 ,63.0,36.0,94.0,,,,,良,2011-12-17
兴庆小区 ,61.0,36.0,97.0,,,,,良,2011-12-16
兴庆小区 ,53.0,36.0,116.0,,,,,轻微污染,2011-12-15
兴庆小区 ,59.0,30.0,99.0,,,,,良,2011-12-14
兴庆小区 ,53.0,30.0,106.0,,,,,轻微污染,2011-12-13
兴庆小区 ,57.0,29.0,91.0,,,,,良,2011-12-12
兴庆小区 ,57.0,20.0,104.0,,,,,轻微污染,2011-12-11
兴庆小区 ,58.0,21.0,78.0,,,,,良,2011-12-10
兴庆小区 ,67.0,23.0,74.0,,,,,良,2011-12-09
兴庆小区 ,52.0,17.0,67.0,,,,,良,2011-12-08
兴庆小区 ,57.0,23.0,70.0,,,,,良,2011-12-07
兴庆小区 ,60.0,25.0,79.0,,,,,良,2011-12-06
兴庆小区 ,67.0,15.0,92.0,,,,,良,2011-12-05
兴庆小区 ,64.0,15.0,113.0,,,,,轻微污染,2011-12-04
兴庆小区 ,66.0,27.0,99.0,,,,,良,2011-12-03
兴庆小区 ,62.0,26.0,77.0,,,,,良,2011-12-02
兴庆小区 ,51.0,18.0,63.0,,,,,良,2011-12-01
兴庆小区 ,40.0,18.0,44.0,,,,,优,2011-11-30
兴庆小区 ,46.0,14.0,85.0,,,,,良,2011-11-29
兴庆小区 ,25.0,22.0,122.0,,,,,轻微,2011-11-28
兴庆小区 ,28.0,14.0,105.0,,,,,轻微污染,2011-11-27
兴庆小区 ,24.0,15.0,108.0,,,,,轻微污染,2011-11-26
兴庆小区 ,28.0,20.0,119.0,,,,,轻微,2011-11-25
兴庆小区 ,20.0,12.0,79.0,,,,,良,2011-11-24
兴庆小区 ,20.0,20.0,82.0,,,,,良,2011-11-23
兴庆小区 ,18.0,12.0,78.0,,,,,良,2011-11-22
兴庆小区 ,23.0,14.0,100.0,,,,,良,2011-11-21
兴庆小区 ,21.0,17.0,60.0,,,,,良,2011-11-20
兴庆小区 ,20.0,16.0,55.0,,,,,良,2011-11-19
兴庆小区 ,17.0,13.0,68.0,,,,,良,2011-11-18
兴庆小区 ,13.0,18.0,84.0,,,,,良,2011-11-17
兴庆小区 ,19.0,14.0,89.0,,,,,良,2011-11-16
兴庆小区 ,17.0,21.0,96.0,,,,,良,2011-11-15
兴庆小区 ,21.0,17.0,91.0,,,,,良,2011-11-14
兴庆小区 ,19.0,18.0,63.0,,,,,良,2011-11-13
兴庆小区 ,18.0,14.0,88.0,,,,,良,2011-11-12
兴庆小区 ,15.0,14.0,97.0,,,,,良,2011-11-11
兴庆小区 ,21.0,19.0,84.0,,,,,良,2011-11-10
兴庆小区 ,19.0,10.0,48.0,,,,,优,2011-11-09
兴庆小区 ,12.0,11.0,40.0,,,,,优,2011-11-08
兴庆小区 ,20.0,12.0,50.0,,,,,优,2011-11-07
兴庆小区 ,11.0,9.0,70.0,,,,,良,2011-11-05
兴庆小区 ,11.0,10.0,58.0,,,,,良,2011-11-05
兴庆小区 ,10.0,16.0,79.0,,,,,良,2011-11-04
兴庆小区 ,11.0,15.0,86.0,,,,,良,2011-11-03
兴庆小区 ,13.0,13.0,98.0,,,,,良,2011-11-02
兴庆小区 ,15.0,18.0,99.0,,,,,良,2011-11-01
兴庆小区 ,12.0,25.0,112.0,,,,,轻微,2011-10-31
兴庆小区 ,15.0,14.0,106.0,,,,,轻微,2011-10-30
兴庆小区 ,14.0,12.0,96.0,,,,,良,2011-10-29
兴庆小区 ,14.0,14.0,93.0,,,,,良,2011-10-28
兴庆小区 ,12.0,13.0,80.0,,,,,良,2011-10-27
兴庆小区 ,11.0,15.0,52.0,,,,,良,2011-10-26
兴庆小区 ,11.0,12.0,49.0,,,,,优,2011-10-25
兴庆小区 ,11.0,10.0,59.0,,,,,良,2011-10-24
兴庆小区 ,10.0,9.0,87.0,,,,,良,2011-10-23
兴庆小区 ,15.0,11.0,95.0,,,,,良,2011-10-22
兴庆小区 ,21.0,18.0,111.0,,,,,轻微污染,2011-10-21
兴庆小区 ,13.0,19.0,88.0,,,,,良,2011-10-20
兴庆小区 ,17.0,14.0,89.0,,,,,良,2011-10-19
兴庆小区 ,19.0,16.0,89.0,,,,,良,2011-10-18
兴庆小区 ,15.0,17.0,45.0,,,,,优,2011-10-17
兴庆小区 ,16.0,10.0,53.0,,,,,良,2011-10-16
兴庆小区 ,20.0,10.0,65.0,,,,,良,2011-10-15
兴庆小区 ,12.0,11.0,55.0,,,,,良,2011-10-14
兴庆小区 ,9.0,15.0,48.0,,,,,优,2011-10-13
兴庆小区 ,17.0,10.0,75.0,,,,,良,2011-10-12
兴庆小区 ,15.0,14.0,68.0,,,,,良,2011-10-11
兴庆小区 ,16.0,15.0,79.0,,,,,良,2011-10-10
兴庆小区 ,13.0,15.0,81.0,,,,,良,2011-10-09
兴庆小区 ,17.0,22.0,81.0,,,,,良,2011-10-08
兴庆小区 ,15.0,17.0,66.0,,,,,良,2011-10-07
兴庆小区 ,12.0,15.0,61.0,,,,,良,2011-10-06
兴庆小区 ,18.0,12.0,61.0,,,,,良,2011-10-05
兴庆小区 ,18.0,12.0,61.0,,,,,良,2011-10-05
兴庆小区 ,17.0,16.0,61.0,,,,,良,2011-10-04
兴庆小区 ,19.0,12.0,61.0,,,,,良,2011-10-03
兴庆小区 ,19.0,9.0,61.0,,,,,良,2011-10-02
兴庆小区 ,15.0,11.0,62.0,,,,,良,2011-10-01
兴庆小区 ,25.0,16.0,55.0,,,,,良,2011-09-30
兴庆小区 ,17.0,15.0,52.0,,,,,良,2011-09-29
兴庆小区 ,15.0,12.0,61.0,,,,,良,2011-09-28
兴庆小区 ,28.0,15.0,79.0,,,,,良,2011-09-27
兴庆小区 ,21.0,10.0,90.0,,,,,良,2011-09-26
兴庆小区 ,27.0,11.0,93.0,,,,,良,2011-09-25
兴庆小区 ,29.0,10.0,74.0,,,,,良,2011-09-24
兴庆小区 ,24.0,10.0,65.0,,,,,良,2011-09-23
兴庆小区 ,20.0,16.0,53.0,,,,,良,2011-09-22
兴庆小区 ,13.0,10.0,48.0,,,,,优,2011-09-21
兴庆小区 ,11.0,9.0,49.0,,,,,优,2011-09-20
兴庆小区 ,9.0,7.0,25.0,,,,,优,2011-09-19
兴庆小区 ,8.0,6.0,37.0,,,,,优,2011-09-18
兴庆小区 ,14.0,7.0,48.0,,,,,优,2011-09-17
兴庆小区 ,13.0,10.0,70.0,,,,,良,2011-09-16
兴庆小区 ,12.0,12.0,48.0,,,,,优,2011-09-15
兴庆小区 ,16.0,12.0,37.0,,,,,优,2011-09-14
兴庆小区 ,20.0,12.0,30.0,,,,,优,2011-09-13
兴庆小区 ,9.0,9.0,29.0,,,,,优,2011-09-12
兴庆小区 ,12.0,9.0,41.0,,,,,优,2011-09-11
兴庆小区 ,21.0,12.0,60.0,,,,,良,2011-09-10
兴庆小区 ,19.0,14.0,62.0,,,,,良,2011-09-09
兴庆小区 ,10.0,13.0,48.0,,,,,优,2011-09-08
兴庆小区 ,9.0,14.0,35.0,,,,,优,2011-09-07
兴庆小区 ,10.0,13.0,40.0,,,,,优,2011-09-06
兴庆小区 ,9.0,7.0,35.0,,,,,优,2011-09-05
兴庆小区 ,20.0,9.0,61.0,,,,,良,2011-09-04
兴庆小区 ,12.0,14.0,72.0,,,,,良,2011-09-03
兴庆小区 ,15.0,10.0,89.0,,,,,良,2011-09-02
兴庆小区 ,18.0,22.0,81.0,,,,,良,2011-09-01
兴庆小区 ,21.0,20.0,83.0,,,,,良,2011-08-31
兴庆小区 ,12.0,13.0,87.0,,,,,良,2011-08-30
兴庆小区 ,11.0,9.0,90.0,,,,,良,2011-08-29
兴庆小区 ,11.0,14.0,72.0,,,,,良,2011-08-28
兴庆小区 ,12.0,15.0,53.0,,,,,良,2011-08-27
兴庆小区 ,11.0,8.0,74.0,,,,,良,2011-08-26
兴庆小区 ,11.0,9.0,90.0,,,,,良,2011-08-25
兴庆小区 ,10.0,12.0,80.0,,,,,良,2011-08-24
兴庆小区 ,13.0,17.0,56.0,,,,,良,2011-08-23
兴庆小区 ,11.0,15.0,44.0,,,,,优,2011-08-22
兴庆小区 ,8.0,10.0,58.0,,,,,良,2011-08-21
兴庆小区 ,13.0,7.0,55.0,,,,,良,2011-08-20
兴庆小区 ,13.0,10.0,42.0,,,,,优,2011-08-19
兴庆小区 ,13.0,10.0,63.0,,,,,良,2011-08-18
兴庆小区 ,13.0,14.0,51.0,,,,,良,2011-08-17
兴庆小区 ,13.0,15.0,61.0,,,,,良,2011-08-16
兴庆小区 ,13.0,19.0,89.0,,,,,良,2011-08-15
兴庆小区 ,13.0,23.0,96.0,,,,,良,2011-08-14
兴庆小区 ,13.0,17.0,79.0,,,,,良,2011-08-13
兴庆小区 ,15.0,17.0,93.0,,,,,良,2011-08-12
兴庆小区 ,16.0,19.0,83.0,,,,,良,2011-08-11
兴庆小区 ,15.0,20.0,87.0,,,,,良,2011-08-10
兴庆小区 ,13.0,21.0,97.0,,,,,良,2011-08-09
兴庆小区 ,29.0,23.0,93.0,,,,,良,2011-08-08
兴庆小区 ,22.0,10.0,63.0,,,,,良,2011-08-07
兴庆小区 ,13.0,16.0,55.0,,,,,良,2011-08-06
兴庆小区 ,18.0,10.0,85.0,,,,,良,2011-08-05
兴庆小区 ,10.0,17.0,89.0,,,,,良,2011-08-04
兴庆小区 ,9.0,9.0,82.0,,,,,良,2011-08-03
兴庆小区 ,9.0,9.0,54.0,,,,,良,2011-08-02
兴庆小区 ,9.0,9.0,43.0,,,,,优,2011-08-01
兴庆小区 ,9.0,11.0,47.0,,,,,优,2011-07-31
兴庆小区 ,9.0,7.0,41.0,,,,,优,2011-07-30
兴庆小区 ,13.0,8.0,66.0,,,,,良,2011-07-29
兴庆小区 ,13.0,9.0,63.0,,,,,良,2011-07-28
兴庆小区 ,26.0,17.0,82.0,,,,,良,2011-07-27
兴庆小区 ,24.0,10.0,68.0,,,,,良,2011-07-26
兴庆小区 ,15.0,15.0,68.0,,,,,良,2011-07-25
兴庆小区 ,25.0,9.0,87.0,,,,,良,2011-07-24
兴庆小区 ,25.0,9.0,71.0,,,,,良,2011-07-23
兴庆小区 ,24.0,9.0,56.0,,,,,良,2011-07-22
兴庆小区 ,25.0,9.0,68.0,,,,,良,2011-07-21
兴庆小区 ,25.0,9.0,83.0,,,,,良,2011-07-20
兴庆小区 ,37.0,10.0,84.0,,,,,良,2011-07-19
兴庆小区 ,25.0,14.0,66.0,,,,,良,2011-07-18
兴庆小区 ,10.0,18.0,70.0,,,,,良,2011-07-17
兴庆小区 ,10.0,14.0,80.0,,,,,良,2011-07-16
兴庆小区 ,30.0,17.0,74.0,,,,,良,2011-07-15
兴庆小区 ,24.0,15.0,64.0,,,,,良,2011-07-14
兴庆小区 ,25.0,19.0,81.0,,,,,良,2011-07-13
兴庆小区 ,34.0,16.0,92.0,,,,,良,2011-07-12
兴庆小区 ,22.0,22.0,92.0,,,,,良,2011-07-11
兴庆小区 ,31.0,22.0,93.0,,,,,良,2011-07-10
兴庆小区 ,18.0,16.0,64.0,,,,,良,2011-07-09
兴庆小区 ,17.0,14.0,77.0,,,,,良,2011-07-08
兴庆小区 ,10.0,10.0,39.0,,,,,优,2011-07-07
兴庆小区 ,17.0,10.0,36.0,,,,,优,2011-07-06
兴庆小区 ,17.0,10.0,77.0,,,,,良,2011-07-05
兴庆小区 ,17.0,10.0,51.0,,,,,良,2011-07-04
兴庆小区 ,17.0,10.0,56.0,,,,,良,2011-07-03
兴庆小区 ,16.0,10.0,46.0,,,,,优,2011-07-02
兴庆小区 ,14.0,14.0,66.0,,,,,良,2011-07-01
兴庆小区 ,10.0,17.0,57.0,,,,,良,2011-06-30
兴庆小区 ,8.0,9.0,53.0,,,,,良,2011-06-29
兴庆小区 ,17.0,11.0,56.0,,,,,良,2011-06-28
兴庆小区 ,12.0,9.0,57.0,,,,,良,2011-06-27
兴庆小区 ,20.0,9.0,65.0,,,,,良,2011-06-26
兴庆小区 ,20.0,17.0,60.0,,,,,良,2011-06-25
兴庆小区 ,7.0,10.0,46.0,,,,,优,2011-06-24
兴庆小区 ,15.0,7.0,44.0,,,,,优,2011-06-23
兴庆小区 ,10.0,16.0,55.0,,,,,良,2011-06-22
兴庆小区 ,9.0,9.0,56.0,,,,,良,2011-06-21
兴庆小区 ,12.0,10.0,77.0,,,,,良,2011-06-20
兴庆小区 ,16.0,14.0,67.0,,,,,良,2011-06-19
兴庆小区 ,5.0,9.0,48.0,,,,,优,2011-06-18
兴庆小区 ,11.0,19.0,71.0,,,,,良,2011-06-17
兴庆小区 ,9.0,19.0,70.0,,,,,良,2011-06-16
兴庆小区 ,23.0,10.0,58.0,,,,,良,2011-06-15
兴庆小区 ,7.0,15.0,61.0,,,,,良,2011-06-14
兴庆小区 ,13.0,10.0,79.0,,,,,良,2011-06-13
兴庆小区 ,19.0,15.0,65.0,,,,,良,2011-06-12
兴庆小区 ,11.0,12.0,48.0,,,,,优,2011-06-11
兴庆小区 ,18.0,13.0,39.0,,,,,优,2011-06-10
兴庆小区 ,21.0,15.0,79.0,,,,,良,2011-06-09
兴庆小区 ,18.0,17.0,65.0,,,,,良,2011-06-08
兴庆小区 ,39.0,23.0,73.0,,,,,良,2011-06-07
兴庆小区 ,2.0,14.0,50.0,,,,,优,2011-06-07
兴庆小区 ,28.0,18.0,88.0,,,,,良,2011-06-06
兴庆小区 ,7.0,14.0,94.0,,,,,良,2011-06-05
兴庆小区 ,13.0,18.0,64.0,,,,,良,2011-06-04
兴庆小区 ,15.0,27.0,69.0,,,,,良,2011-06-03
兴庆小区 ,13.0,17.0,64.0,,,,,良,2011-06-02
兴庆小区 ,10.0,11.0,44.0,,,,,优,2011-06-01
兴庆小区 ,13.0,17.0,54.0,,,,,良,2011-05-31
兴庆小区 ,7.0,15.0,60.0,,,,,良,2011-05-30
兴庆小区 ,8.0,9.0,85.0,,,,,良,2011-05-29
兴庆小区 ,10.0,9.0,72.0,,,,,良,2011-05-28
兴庆小区 ,11.0,9.0,58.0,,,,,良,2011-05-27
兴庆小区 ,10.0,8.0,73.0,,,,,良,2011-05-26
兴庆小区 ,17.0,13.0,60.0,,,,,良,2011-05-25
兴庆小区 ,17.0,19.0,34.0,,,,,优,2011-05-24
兴庆小区 ,12.0,10.0,21.0,,,,,优,2011-05-23
兴庆小区 ,10.0,11.0,26.0,,,,,优,2011-05-22
兴庆小区 ,12.0,12.0,27.0,,,,,优,2011-05-21
兴庆小区 ,27.0,18.0,84.0,,,,,良,2011-05-20
兴庆小区 ,28.0,24.0,91.0,,,,,良,2011-05-19
兴庆小区 ,20.0,21.0,86.0,,,,,良,2011-05-18
兴庆小区 ,19.0,23.0,60.0,,,,,良,2011-05-17
兴庆小区 ,28.0,17.0,43.0,,,,,优,2011-05-16
兴庆小区 ,19.0,22.0,50.0,,,,,优,2011-05-15
兴庆小区 ,21.0,14.0,46.0,,,,,优,2011-05-14
兴庆小区 ,18.0,14.0,53.0,,,,,良,2011-05-13
兴庆小区 ,20.0,14.0,68.0,,,,,良,2011-05-12
兴庆小区 ,7.0,12.0,56.0,,,,,良,2011-05-11
兴庆小区 ,12.0,14.0,63.0,,,,,良,2011-05-10
兴庆小区 ,18.0,19.0,83.0,,,,,良,2011-05-09
兴庆小区 ,10.0,19.0,98.0,,,,,良,2011-05-08
兴庆小区 ,10.0,22.0,75.0,,,,,良,2011-05-07
兴庆小区 ,10.0,20.0,88.0,,,,,良,2011-05-06
兴庆小区 ,8.0,17.0,57.0,,,,,良,2011-05-05
兴庆小区 ,7.0,17.0,52.0,,,,,良,2011-05-04
兴庆小区 ,10.0,18.0,70.0,,,,,良,2011-05-03
兴庆小区 ,11.0,10.0,48.0,,,,,优,2011-05-02
兴庆小区 ,14.0,19.0,87.0,,,,,良,2011-05-01
兴庆小区 ,29.0,17.0,173.0,,,,,轻度污染,2011-04-30
兴庆小区 ,30.0,20.0,93.0,,,,,良,2011-04-29
兴庆小区 ,17.0,29.0,82.0,,,,,良,2011-04-28
兴庆小区 ,11.0,18.0,80.0,,,,,良,2011-04-27
兴庆小区 ,29.0,25.0,106.0,,,,,轻微污染,2011-04-26
兴庆小区 ,29.0,24.0,92.0,,,,,良,2011-04-25
兴庆小区 ,22.0,22.0,66.0,,,,,良,2011-04-24
兴庆小区 ,26.0,23.0,69.0,,,,,良,2011-04-23
兴庆小区 ,24.0,30.0,91.0,,,,,良,2011-04-22
兴庆小区 ,18.0,21.0,94.0,,,,,良,2011-04-21
兴庆小区 ,32.0,25.0,99.0,,,,,良,2011-04-20
兴庆小区 ,13.0,19.0,93.0,,,,,良,2011-04-19
兴庆小区 ,13.0,19.0,90.0,,,,,良,2011-04-18
兴庆小区 ,21.0,21.0,87.0,,,,,良,2011-04-17
兴庆小区 ,19.0,23.0,92.0,,,,,良,2011-04-16
兴庆小区 ,31.0,20.0,96.0,,,,,良,2011-04-15
兴庆小区 ,22.0,22.0,135.0,,,,,轻微污染,2011-04-14
兴庆小区 ,23.0,25.0,144.0,,,,,轻微污染,2011-04-13
兴庆小区 ,30.0,29.0,110.0,,,,,轻微污染,2011-04-12
兴庆小区 ,18.0,14.0,98.0,,,,,良,2011-04-11
兴庆小区 ,34.0,31.0,132.0,,,,,轻微污染,2011-04-10
兴庆小区 ,36.0,26.0,96.0,,,,,良,2011-04-09
兴庆小区 ,17.0,15.0,98.0,,,,,良,2011-04-08
兴庆小区 ,18.0,22.0,100.0,,,,,良,2011-04-07
兴庆小区 ,23.0,14.0,98.0,,,,,良,2011-04-06
兴庆小区 ,24.0,17.0,100.0,,,,,良,2011-04-05
兴庆小区 ,25.0,16.0,91.0,,,,,良,2011-04-04
兴庆小区 ,23.0,21.0,73.0,,,,,良,2011-04-03
兴庆小区 ,16.0,20.0,97.0,,,,,良,2011-04-02
兴庆小区 ,36.0,32.0,93.0,,,,,良,2011-04-01
兴庆小区 ,42.0,35.0,98.0,,,,,良,2011-03-31
兴庆小区 ,48.0,39.0,109.0,,,,,轻微污染,2011-03-30
兴庆小区 ,45.0,31.0,92.0,,,,,良,2011-03-29
兴庆小区 ,48.0,33.0,99.0,,,,,良,2011-03-28
兴庆小区 ,21.0,19.0,95.0,,,,,良,2011-03-27
兴庆小区 ,31.0,25.0,93.0,,,,,良,2011-03-26
兴庆小区 ,31.0,24.0,93.0,,,,,良,2011-03-25
兴庆小区 ,17.0,12.0,93.0,,,,,良,2011-03-24
兴庆小区 ,20.0,17.0,71.0,,,,,良,2011-03-23
兴庆小区 ,14.0,7.0,63.0,,,,,良,2011-03-22
兴庆小区 ,14.0,7.0,62.0,,,,,良,2011-03-21
兴庆小区 ,15.0,19.0,98.0,,,,,良,2011-03-20
兴庆小区 ,23.0,15.0,166.0,,,,,轻度污染,2011-03-19
兴庆小区 ,43.0,26.0,147.0,,,,,轻微污染,2011-03-18
兴庆小区 ,32.0,24.0,98.0,,,,,良,2011-03-17
兴庆小区 ,21.0,28.0,89.0,,,,,良,2011-03-16
兴庆小区 ,25.0,19.0,74.0,,,,,良,2011-03-15
兴庆小区 ,40.0,22.0,187.0,,,,,轻度污染,2011-03-14
兴庆小区 ,52.0,34.0,98.0,,,,,良,2011-03-13
兴庆小区 ,52.0,35.0,93.0,,,,,良,2011-03-12
兴庆小区 ,48.0,30.0,98.0,,,,,良,2011-03-11
兴庆小区 ,40.0,22.0,95.0,,,,,良,2011-03-10
兴庆小区 ,56.0,24.0,87.0,,,,,良,2011-03-09
兴庆小区 ,49.0,30.0,94.0,,,,,良,2011-03-08
兴庆小区 ,42.0,22.0,96.0,,,,,良,2011-03-07
兴庆小区 ,56.0,31.0,134.0,,,,,轻微污染,2011-03-06
兴庆小区 ,60.0,29.0,98.0,,,,,良,2011-03-05
兴庆小区 ,59.0,25.0,70.0,,,,,良,2011-03-04
兴庆小区 ,56.0,27.0,96.0,,,,,良,2011-03-03
兴庆小区 ,27.0,13.0,80.0,,,,,良,2011-03-02
兴庆小区 ,44.0,20.0,40.0,,,,,优,2011-03-01
兴庆小区 ,62.0,20.0,68.0,,,,,良,2011-02-28
兴庆小区 ,30.0,20.0,96.0,,,,,良,2011-02-27
兴庆小区 ,46.0,20.0,130.0,,,,,轻微污染,2011-02-26
兴庆小区 ,69.0,40.0,182.0,,,,,轻度污染,2011-02-25
兴庆小区 ,74.0,40.0,185.0,,,,,轻度污染,2011-02-24
兴庆小区 ,62.0,35.0,167.0,,,,,轻度污染,2011-02-23
兴庆小区 ,69.0,29.0,166.0,,,,,轻度污染,2011-02-22
兴庆小区 ,71.0,43.0,196.0,,,,,轻度污染,2011-02-21
兴庆小区 ,67.0,39.0,186.0,,,,,轻度污染,2011-02-20
兴庆小区 ,57.0,35.0,126.0,,,,,轻微污染,2011-02-19
兴庆小区 ,65.0,27.0,133.0,,,,,轻微污染,2011-02-18
兴庆小区 ,61.0,35.0,147.0,,,,,轻微污染,2011-02-17
兴庆小区 ,78.0,27.0,97.0,,,,,良,2011-02-16
兴庆小区 ,76.0,22.0,97.0,,,,,良,2011-02-15
兴庆小区 ,58.0,20.0,69.0,,,,,良,2011-02-14
兴庆小区 ,62.0,24.0,78.0,,,,,良,2011-02-13
兴庆小区 ,80.0,29.0,89.0,,,,,良,2011-02-12
兴庆小区 ,63.0,17.0,90.0,,,,,良,2011-02-11
兴庆小区 ,61.0,15.0,76.0,,,,,良,2011-02-10
兴庆小区 ,106.0,32.0,121.0,,,,,轻微污染,2011-02-09
兴庆小区 ,63.0,14.0,88.0,,,,,良,2011-02-08
兴庆小区 ,64.0,13.0,93.0,,,,,良,2011-02-07
兴庆小区 ,74.0,33.0,108.0,,,,,轻微污染,2011-02-06
兴庆小区 ,66.0,29.0,98.0,,,,,良,2011-02-05
兴庆小区 ,102.0,38.0,145.0,,,,,轻微污染,2011-02-04
兴庆小区 ,116.0,54.0,200.0,,,,,轻度污染,2011-02-03
兴庆小区 ,99.0,13.0,113.0,,,,,轻微污染,2011-02-02
兴庆小区 ,98.0,27.0,116.0,,,,,轻微污染,2011-02-01
兴庆小区 ,75.0,24.0,78.0,,,,,良,2011-01-31
兴庆小区 ,71.0,10.0,76.0,,,,,良,2011-01-30
兴庆小区 ,81.0,22.0,64.0,,,,,良,2011-01-29
兴庆小区 ,99.0,32.0,99.0,,,,,良,2011-01-28
兴庆小区 ,117.0,31.0,144.0,,,,,轻微污染,2011-01-27
兴庆小区 ,103.0,32.0,110.0,,,,,轻微污染,2011-01-26
兴庆小区 ,107.0,42.0,119.0,,,,,轻微污染,2011-01-25
兴庆小区 ,54.0,29.0,88.0,,,,,良,2011-01-24
兴庆小区 ,33.0,15.0,124.0,,,,,轻微污染,2011-01-23
兴庆小区 ,77.0,52.0,159.0,,,,,轻度污染,2011-01-22
兴庆小区 ,62.0,25.0,157.0,,,,,轻度污染,2011-01-21
兴庆小区 ,64.0,14.0,133.0,,,,,轻微污染,2011-01-20
兴庆小区 ,63.0,19.0,119.0,,,,,轻微污染,2011-01-19
兴庆小区 ,73.0,40.0,95.0,,,,,良,2011-01-18
兴庆小区 ,60.0,22.0,86.0,,,,,良,2011-01-17
兴庆小区 ,38.0,20.0,96.0,,,,,良,2011-01-16
兴庆小区 ,54.0,20.0,112.0,,,,,轻微污染,2011-01-15
兴庆小区 ,69.0,38.0,166.0,,,,,轻度污染,2011-01-14
兴庆小区 ,58.0,24.0,115.0,,,,,轻微污染,2011-01-13
兴庆小区 ,61.0,11.0,72.0,,,,,良,2011-01-12
兴庆小区 ,22.0,15.0,80.0,,,,,良,2011-01-11
兴庆小区 ,52.0,9.0,90.0,,,,,良,2011-01-10
兴庆小区 ,47.0,15.0,92.0,,,,,良,2011-01-09
兴庆小区 ,55.0,18.0,98.0,,,,,良,2011-01-08
兴庆小区 ,50.0,17.0,83.0,,,,,良,2011-01-07
兴庆小区 ,53.0,22.0,83.0,,,,,良,2011-01-06
兴庆小区 ,54.0,23.0,106.0,,,,,轻微污染,2011-01-05
兴庆小区 ,48.0,15.0,90.0,,,,,良,2011-01-04
兴庆小区 ,31.0,14.0,71.0,,,,,良,2011-01-03
兴庆小区 ,36.0,22.0,90.0,,,,,良,2011-01-02
兴庆小区 ,21.0,28.0,95.0,,,,,良,2011-01-01
兴庆小区 ,32.0,11.0,85.0,,,,,良,2010-12-31
兴庆小区 ,22.0,17.0,68.0,,,,,良,2010-12-30
兴庆小区 ,15.0,11.0,88.0,,,,,良,2010-12-29
兴庆小区 ,44.0,12.0,63.0,,,,,良,2010-12-28
兴庆小区 ,23.0,16.0,124.0,,,,,轻微污染,2010-12-27
兴庆小区 ,21.0,19.0,84.0,,,,,良,2010-12-26
兴庆小区 ,33.0,23.0,74.0,,,,,良,2010-12-25
兴庆小区 ,39.0,23.0,75.0,,,,,良,2010-12-24
兴庆小区 ,59.0,37.0,116.0,,,,,轻微污染,2010-12-23
兴庆小区 ,45.0,28.0,100.0,,,,,良,2010-12-22
兴庆小区 ,71.0,25.0,97.0,,,,,良,2010-12-21
兴庆小区 ,80.0,33.0,89.0,,,,,良,2010-12-20
兴庆小区 ,90.0,42.0,98.0,,,,,良,2010-12-19
兴庆小区 ,106.0,42.0,113.0,,,,,轻微污染,2010-12-18
兴庆小区 ,59.0,31.0,93.0,,,,,良,2010-12-17
兴庆小区 ,32.0,15.0,55.0,,,,,良,2010-12-16
兴庆小区 ,47.0,14.0,58.0,,,,,良,2010-12-15
兴庆小区 ,50.0,21.0,86.0,,,,,良,2010-12-14
兴庆小区 ,78.0,38.0,169.0,,,,,轻度污染,2010-12-13
兴庆小区 ,55.0,26.0,98.0,,,,,良,2010-12-12
兴庆小区 ,57.0,10.0,86.0,,,,,良,2010-12-11
兴庆小区 ,56.0,47.0,130.0,,,,,轻微污染,2010-12-10
兴庆小区 ,26.0,27.0,101.0,,,,,轻微污染,2010-12-09
兴庆小区 ,32.0,30.0,84.0,,,,,良,2010-12-08
兴庆小区 ,49.0,22.0,95.0,,,,,良,2010-12-07
兴庆小区 ,45.0,25.0,96.0,,,,,良,2010-12-06
兴庆小区 ,59.0,48.0,123.0,,,,,轻微污染,2010-12-05
兴庆小区 ,69.0,35.0,108.0,,,,,轻微污染,2010-12-04
兴庆小区 ,41.0,22.0,100.0,,,,,良,2010-12-03
兴庆小区 ,35.0,22.0,88.0,,,,,良,2010-12-02
兴庆小区 ,34.0,29.0,88.0,,,,,良,2010-12-01
兴庆小区 ,49.0,21.0,86.0,,,,,良,2010-11-30
兴庆小区 ,39.0,25.0,95.0,,,,,良,2010-11-29
兴庆小区 ,65.0,34.0,93.0,,,,,良,2010-11-28
兴庆小区 ,64.0,25.0,95.0,,,,,良,2010-11-27
兴庆小区 ,70.0,40.0,132.0,,,,,轻微污染,2010-11-26
兴庆小区 ,92.0,73.0,107.0,,,,,轻微污染,2010-11-25
兴庆小区 ,101.0,70.0,114.0,,,,,轻微污染,2010-11-24
兴庆小区 ,90.0,70.0,97.0,,,,,良,2010-11-23
兴庆小区 ,67.0,42.0,78.0,,,,,良,2010-11-22
兴庆小区 ,74.0,35.0,93.0,,,,,良,2010-11-21
兴庆小区 ,61.0,98.0,118.0,,,,,轻微污染,2010-11-20
兴庆小区 ,55.0,65.0,83.0,,,,,良,2010-11-19
兴庆小区 ,100.0,83.0,134.0,,,,,轻微污染,2010-11-18
兴庆小区 ,55.0,62.0,113.0,,,,,轻微污染,2010-11-17
兴庆小区 ,64.0,27.0,93.0,,,,,良,2010-11-16
兴庆小区 ,58.0,32.0,77.0,,,,,良,2010-11-15
兴庆小区 ,22.0,14.0,67.0,,,,,良,2010-11-14
兴庆小区 ,31.0,22.0,88.0,,,,,良,2010-11-13
兴庆小区 ,28.0,26.0,96.0,,,,,良,2010-11-12
兴庆小区 ,32.0,17.0,86.0,,,,,良,2010-11-11
兴庆小区 ,31.0,17.0,86.0,,,,,良,2010-11-10
兴庆小区 ,42.0,20.0,90.0,,,,,良,2010-11-09
兴庆小区 ,34.0,20.0,95.0,,,,,良,2010-11-08
兴庆小区 ,30.0,28.0,91.0,,,,,良,2010-11-07
兴庆小区 ,42.0,29.0,98.0,,,,,良,2010-11-06
兴庆小区 ,39.0,28.0,96.0,,,,,良,2010-11-05
兴庆小区 ,38.0,27.0,85.0,,,,,良,2010-11-04
兴庆小区 ,33.0,19.0,62.0,,,,,良,2010-11-03
兴庆小区 ,21.0,29.0,68.0,,,,,良,2010-11-02
兴庆小区 ,43.0,105.0,130.0,,,,,轻微污染,2010-11-01
兴庆小区 ,32.0,117.0,118.0,,,,,轻微污染,2010-10-31
兴庆小区 ,45.0,42.0,94.0,,,,,良,2010-10-30
兴庆小区 ,36.0,27.0,93.0,,,,,良,2010-10-29
兴庆小区 ,30.0,20.0,72.0,,,,,良,2010-10-28
兴庆小区 ,33.0,24.0,81.0,,,,,良,2010-10-27
兴庆小区 ,5.0,19.0,51.0,,,,,良,2010-10-26
兴庆小区 ,17.0,26.0,53.0,,,,,良,2010-10-25
兴庆小区 ,51.0,50.0,129.0,,,,,轻微污染,2010-10-24
兴庆小区 ,25.0,40.0,99.0,,,,,良,2010-10-23
兴庆小区 ,34.0,49.0,111.0,,,,,轻微污染,2010-10-22
兴庆小区 ,33.0,27.0,106.0,,,,,轻微污染,2010-10-21
兴庆小区 ,22.0,47.0,148.0,,,,,轻微污染,2010-10-20
兴庆小区 ,35.0,70.0,175.0,,,,,轻度污染,2010-10-19
兴庆小区 ,26.0,59.0,115.0,,,,,轻微污染,2010-10-18
兴庆小区 ,43.0,58.0,97.0,,,,,良,2010-10-17
兴庆小区 ,29.0,75.0,75.0,,,,,良,2010-10-16
兴庆小区 ,20.0,27.0,75.0,,,,,良,2010-10-15
兴庆小区 ,31.0,21.0,70.0,,,,,良,2010-10-14
兴庆小区 ,20.0,22.0,63.0,,,,,良,2010-10-13
兴庆小区 ,13.0,34.0,69.0,,,,,良,2010-10-12
兴庆小区 ,16.0,21.0,28.0,,,,,优,2010-10-11
兴庆小区 ,29.0,34.0,93.0,,,,,良,2010-10-10
兴庆小区 ,46.0,40.0,138.0,,,,,轻微污染,2010-10-09
兴庆小区 ,37.0,27.0,87.0,,,,,良,2010-10-08
兴庆小区 ,44.0,21.0,82.0,,,,,良,2010-10-07
兴庆小区 ,30.0,21.0,97.0,,,,,良,2010-10-06
兴庆小区 ,24.0,21.0,69.0,,,,,良,2010-10-05
兴庆小区 ,27.0,27.0,51.0,,,,,良,2010-10-04
兴庆小区 ,25.0,21.0,62.0,,,,,良,2010-10-03
兴庆小区 ,29.0,21.0,80.0,,,,,良,2010-10-02
兴庆小区 ,36.0,21.0,97.0,,,,,良,2010-10-01
兴庆小区 ,40.0,21.0,98.0,,,,,良,2010-09-30
兴庆小区 ,30.0,21.0,109.0,,,,,轻微污染,2010-09-29
兴庆小区 ,33.0,29.0,128.0,,,,,轻微污染,2010-09-28
兴庆小区 ,32.0,21.0,98.0,,,,,良,2010-09-27
兴庆小区 ,31.0,21.0,81.0,,,,,良,2010-09-26
兴庆小区 ,18.0,18.0,68.0,,,,,良,2010-09-25
兴庆小区 ,46.0,25.0,85.0,,,,,良,2010-09-24
兴庆小区 ,28.0,20.0,63.0,,,,,良,2010-09-23
兴庆小区 ,28.0,21.0,57.0,,,,,良,2010-09-22
兴庆小区 ,49.0,21.0,91.0,,,,,良,2010-09-21
兴庆小区 ,49.0,21.0,81.0,,,,,良,2010-09-20
兴庆小区 ,31.0,21.0,78.0,,,,,良,2010-09-19
兴庆小区 ,21.0,21.0,65.0,,,,,良,2010-09-18
兴庆小区 ,30.0,21.0,78.0,,,,,良,2010-09-17
兴庆小区 ,35.0,21.0,84.0,,,,,良,2010-09-16
兴庆小区 ,20.0,21.0,71.0,,,,,良,2010-09-15
兴庆小区 ,21.0,21.0,68.0,,,,,良,2010-09-14
兴庆小区 ,23.0,21.0,73.0,,,,,良,2010-09-13
兴庆小区 ,30.0,21.0,86.0,,,,,良,2010-09-12
兴庆小区 ,27.0,21.0,82.0,,,,,良,2010-09-11
兴庆小区 ,19.0,15.0,71.0,,,,,良,2010-09-10
兴庆小区 ,31.0,21.0,89.0,,,,,良,2010-09-09
兴庆小区 ,27.0,21.0,63.0,,,,,良,2010-09-08
兴庆小区 ,7.0,19.0,61.0,,,,,良,2010-09-07
兴庆小区 ,15.0,21.0,72.0,,,,,良,2010-09-06
兴庆小区 ,28.0,21.0,78.0,,,,,良,2010-09-05
兴庆小区 ,21.0,19.0,71.0,,,,,良,2010-09-04
兴庆小区 ,27.0,21.0,74.0,,,,,良,2010-09-03
兴庆小区 ,22.0,21.0,77.0,,,,,良,2010-09-02
兴庆小区 ,20.0,21.0,60.0,,,,,良,2010-09-01
兴庆小区 ,17.0,15.0,79.0,,,,,良,2010-08-31
兴庆小区 ,28.0,21.0,95.0,,,,,良,2010-08-30
兴庆小区 ,33.0,21.0,89.0,,,,,良,2010-08-29
兴庆小区 ,36.0,21.0,95.0,,,,,良,2010-08-28
兴庆小区 ,22.0,21.0,87.0,,,,,良,2010-08-27
兴庆小区 ,28.0,21.0,85.0,,,,,良,2010-08-26
兴庆小区 ,22.0,21.0,64.0,,,,,良,2010-08-25
兴庆小区 ,20.0,21.0,29.0,,,,,优,2010-08-24
兴庆小区 ,14.0,15.0,66.0,,,,,良,2010-08-23
兴庆小区 ,13.0,15.0,44.0,,,,,优,2010-08-22
兴庆小区 ,14.0,15.0,72.0,,,,,良,2010-08-21
兴庆小区 ,9.0,18.0,55.0,,,,,良,2010-08-20
兴庆小区 ,12.0,18.0,89.0,,,,,良,2010-08-19
兴庆小区 ,19.0,21.0,97.0,,,,,良,2010-08-18
兴庆小区 ,17.0,21.0,94.0,,,,,良,2010-08-17
兴庆小区 ,19.0,24.0,83.0,,,,,良,2010-08-16
兴庆小区 ,12.0,15.0,54.0,,,,,良,2010-08-15
兴庆小区 ,9.0,14.0,47.0,,,,,优,2010-08-14
兴庆小区 ,9.0,14.0,56.0,,,,,良,2010-08-13
兴庆小区 ,16.0,7.0,94.0,,,,,良,2010-08-12
兴庆小区 ,32.0,10.0,84.0,,,,,良,2010-08-11
兴庆小区 ,33.0,10.0,79.0,,,,,良,2010-08-10
兴庆小区 ,25.0,19.0,97.0,,,,,良,2010-08-09
兴庆小区 ,15.0,17.0,97.0,,,,,良,2010-08-08
兴庆小区 ,11.0,18.0,87.0,,,,,良,2010-08-07
兴庆小区 ,10.0,20.0,72.0,,,,,良,2010-08-06
兴庆小区 ,12.0,24.0,65.0,,,,,良,2010-08-05
兴庆小区 ,15.0,24.0,94.0,,,,,良,2010-08-04
兴庆小区 ,18.0,22.0,98.0,,,,,良,2010-08-03
兴庆小区 ,9.0,8.0,72.0,,,,,良,2010-08-02
兴庆小区 ,19.0,13.0,80.0,,,,,良,2010-08-01
兴庆小区 ,19.0,14.0,82.0,,,,,良,2010-07-31
兴庆小区 ,13.0,10.0,98.0,,,,,良,2010-07-30
兴庆小区 ,12.0,15.0,92.0,,,,,良,2010-07-29
兴庆小区 ,27.0,10.0,87.0,,,,,良,2010-07-28
兴庆小区 ,36.0,12.0,89.0,,,,,良,2010-07-27
兴庆小区 ,18.0,9.0,70.0,,,,,良,2010-07-26
兴庆小区 ,15.0,7.0,62.0,,,,,良,2010-07-25
兴庆小区 ,18.0,10.0,73.0,,,,,良,2010-07-24
兴庆小区 ,12.0,26.0,92.0,,,,,良,2010-07-23
兴庆小区 ,12.0,20.0,67.0,,,,,良,2010-07-22
兴庆小区 ,21.0,24.0,80.0,,,,,良,2010-07-21
兴庆小区 ,19.0,28.0,89.0,,,,,良,2010-07-20
兴庆小区 ,15.0,29.0,95.0,,,,,良,2010-07-19
兴庆小区 ,13.0,27.0,60.0,,,,,良,2010-07-18
兴庆小区 ,16.0,27.0,91.0,,,,,良,2010-07-17
兴庆小区 ,12.0,19.0,78.0,,,,,良,2010-07-16
兴庆小区 ,15.0,13.0,72.0,,,,,良,2010-07-15
兴庆小区 ,34.0,20.0,87.0,,,,,良,2010-07-14
兴庆小区 ,37.0,20.0,68.0,,,,,良,2010-07-13
兴庆小区 ,36.0,20.0,73.0,,,,,良,2010-07-12
兴庆小区 ,28.0,24.0,66.0,,,,,良,2010-07-11
兴庆小区 ,19.0,16.0,35.0,,,,,优,2010-07-10
兴庆小区 ,24.0,13.0,88.0,,,,,良,2010-07-09
兴庆小区 ,30.0,26.0,75.0,,,,,良,2010-07-08
兴庆小区 ,25.0,15.0,78.0,,,,,良,2010-07-07
兴庆小区 ,38.0,28.0,78.0,,,,,良,2010-07-06
兴庆小区 ,30.0,27.0,63.0,,,,,良,2010-07-05
兴庆小区 ,33.0,29.0,62.0,,,,,良,2010-07-04
兴庆小区 ,21.0,15.0,54.0,,,,,良,2010-07-03
兴庆小区 ,35.0,20.0,57.0,,,,,良,2010-07-02
兴庆小区 ,21.0,16.0,52.0,,,,,良,2010-07-01
兴庆小区 ,22.0,16.0,63.0,,,,,良,2010-06-30
兴庆小区 ,27.0,17.0,79.0,,,,,良,2010-06-29
兴庆小区 ,27.0,10.0,85.0,,,,,良,2010-06-28
兴庆小区 ,19.0,9.0,65.0,,,,,良,2010-06-27
兴庆小区 ,21.0,12.0,88.0,,,,,良,2010-06-26
兴庆小区 ,31.0,11.0,81.0,,,,,良,2010-06-25
兴庆小区 ,24.0,20.0,80.0,,,,,良,2010-06-24
兴庆小区 ,31.0,19.0,68.0,,,,,良,2010-06-23
兴庆小区 ,32.0,22.0,78.0,,,,,良,2010-06-22
兴庆小区 ,26.0,28.0,86.0,,,,,良,2010-06-21
兴庆小区 ,38.0,40.0,87.0,,,,,良,2010-06-20
兴庆小区 ,34.0,37.0,96.0,,,,,良,2010-06-19
兴庆小区 ,29.0,38.0,95.0,,,,,良,2010-06-18
兴庆小区 ,37.0,27.0,91.0,,,,,良,2010-06-17
兴庆小区 ,26.0,31.0,75.0,,,,,良,2010-06-16
兴庆小区 ,31.0,39.0,90.0,,,,,良,2010-06-15
兴庆小区 ,29.0,23.0,79.0,,,,,良,2010-06-14
兴庆小区 ,26.0,33.0,87.0,,,,,良,2010-06-13
兴庆小区 ,30.0,12.0,83.0,,,,,良,2010-06-12
兴庆小区 ,19.0,21.0,80.0,,,,,良,2010-06-11
兴庆小区 ,14.0,17.0,73.0,,,,,良,2010-06-10
兴庆小区 ,11.0,12.0,71.0,,,,,良,2010-06-09
兴庆小区 ,20.0,9.0,87.0,,,,,良,2010-06-08
兴庆小区 ,13.0,25.0,72.0,,,,,良,2010-06-07
兴庆小区 ,16.0,18.0,77.0,,,,,良,2010-06-06
兴庆小区 ,10.0,40.0,71.0,,,,,良,2010-06-05
兴庆小区 ,16.0,30.0,65.0,,,,,良,2010-06-04
兴庆小区 ,19.0,20.0,71.0,,,,,良,2010-06-03
兴庆小区 ,13.0,25.0,61.0,,,,,良,2010-06-02
兴庆小区 ,13.0,20.0,57.0,,,,,良,2010-06-01
兴庆小区 ,26.0,30.0,97.0,,,,,良,2010-05-31
兴庆小区 ,22.0,31.0,97.0,,,,,良,2010-05-30
兴庆小区 ,13.0,27.0,99.0,,,,,良,2010-05-29
兴庆小区 ,13.0,23.0,66.0,,,,,良,2010-05-28
兴庆小区 ,10.0,18.0,51.0,,,,,良,2010-05-27
兴庆小区 ,14.0,22.0,91.0,,,,,良,2010-05-26
兴庆小区 ,14.0,24.0,92.0,,,,,良,2010-05-25
兴庆小区 ,19.0,43.0,86.0,,,,,良,2010-05-24
兴庆小区 ,21.0,34.0,67.0,,,,,良,2010-05-23
兴庆小区 ,19.0,39.0,59.0,,,,,良,2010-05-22
兴庆小区 ,17.0,34.0,92.0,,,,,良,2010-05-21
兴庆小区 ,26.0,24.0,88.0,,,,,良,2010-05-20
兴庆小区 ,21.0,24.0,82.0,,,,,良,2010-05-19
兴庆小区 ,25.0,25.0,65.0,,,,,良,2010-05-18
兴庆小区 ,12.0,24.0,81.0,,,,,良,2010-05-17
兴庆小区 ,21.0,24.0,96.0,,,,,良,2010-05-16
兴庆小区 ,20.0,22.0,89.0,,,,,良,2010-05-15
兴庆小区 ,10.0,21.0,68.0,,,,,良,2010-05-14
兴庆小区 ,13.0,14.0,71.0,,,,,良,2010-05-13
兴庆小区 ,27.0,17.0,95.0,,,,,良,2010-05-12
兴庆小区 ,23.0,38.0,89.0,,,,,良,2010-05-11
兴庆小区 ,27.0,29.0,123.0,,,,,轻微污染,2010-05-10
兴庆小区 ,16.0,20.0,69.0,,,,,良,2010-05-09
兴庆小区 ,29.0,20.0,73.0,,,,,良,2010-05-08
兴庆小区 ,18.0,27.0,63.0,,,,,良,2010-05-07
兴庆小区 ,21.0,18.0,73.0,,,,,良,2010-05-06
兴庆小区 ,29.0,22.0,97.0,,,,,良,2010-05-05
兴庆小区 ,21.0,24.0,87.0,,,,,良,2010-05-04
兴庆小区 ,42.0,32.0,94.0,,,,,良,2010-05-03
兴庆小区 ,37.0,20.0,86.0,,,,,良,2010-05-02
兴庆小区 ,37.0,22.0,100.0,,,,,良,2010-05-01
兴庆小区 ,22.0,21.0,137.0,,,,,轻微污染,2010-04-30
兴庆小区 ,20.0,19.0,124.0,,,,,轻微污染,2010-04-29
兴庆小区 ,20.0,19.0,132.0,,,,,轻微污染,2010-04-28
兴庆小区 ,20.0,22.0,155.0,,,,,轻度污染,2010-04-27
兴庆小区 ,28.0,23.0,491.0,,,,,重度污染,2010-04-26
兴庆小区 ,30.0,25.0,109.0,,,,,轻微污染,2010-04-25
兴庆小区 ,38.0,31.0,95.0,,,,,良,2010-04-24
兴庆小区 ,38.0,34.0,85.0,,,,,良,2010-04-23
兴庆小区 ,22.0,32.0,53.0,,,,,良,2010-04-22
兴庆小区 ,17.0,15.0,61.0,,,,,良,2010-04-21
兴庆小区 ,31.0,13.0,66.0,,,,,良,2010-04-20
兴庆小区 ,30.0,22.0,86.0,,,,,良,2010-04-19
兴庆小区 ,45.0,20.0,66.0,,,,,良,2010-04-18
兴庆小区 ,29.0,29.0,66.0,,,,,良,2010-04-17
兴庆小区 ,24.0,14.0,66.0,,,,,良,2010-04-16
兴庆小区 ,17.0,15.0,66.0,,,,,良,2010-04-15
兴庆小区 ,27.0,9.0,66.0,,,,,良,2010-04-14
兴庆小区 ,24.0,29.0,60.0,,,,,良,2010-04-13
兴庆小区 ,15.0,24.0,79.0,,,,,良,2010-04-12
兴庆小区 ,27.0,35.0,99.0,,,,,良,2010-04-11
兴庆小区 ,33.0,29.0,90.0,,,,,良,2010-04-10
兴庆小区 ,25.0,29.0,97.0,,,,,良,2010-04-09
兴庆小区 ,29.0,30.0,110.0,,,,,轻微污染,2010-04-08
兴庆小区 ,22.0,33.0,87.0,,,,,良,2010-04-07
兴庆小区 ,27.0,32.0,98.0,,,,,良,2010-04-06
兴庆小区 ,29.0,30.0,99.0,,,,,良,2010-04-05
兴庆小区 ,28.0,35.0,71.0,,,,,良,2010-04-04
兴庆小区 ,34.0,25.0,93.0,,,,,良,2010-04-03
兴庆小区 ,26.0,36.0,100.0,,,,,良,2010-04-02
兴庆小区 ,11.0,38.0,100.0,,,,,良,2010-04-01
兴庆小区 ,32.0,24.0,114.0,,,,,轻微污染,2010-03-31
兴庆小区 ,24.0,20.0,87.0,,,,,良,2010-03-30
兴庆小区 ,39.0,22.0,94.0,,,,,良,2010-03-29
兴庆小区 ,28.0,25.0,69.0,,,,,良,2010-03-28
兴庆小区 ,22.0,29.0,88.0,,,,,良,2010-03-27
兴庆小区 ,26.0,29.0,111.0,,,,,轻微污染,2010-03-26
兴庆小区 ,14.0,34.0,101.0,,,,,轻微污染,2010-03-25
兴庆小区 ,28.0,23.0,88.0,,,,,良,2010-03-24
兴庆小区 ,12.0,23.0,100.0,,,,,良,2010-03-23
兴庆小区 ,35.0,45.0,198.0,,,,,轻度污染,2010-03-22
兴庆小区 ,21.0,38.0,159.0,,,,,轻度污染,2010-03-21
兴庆小区 ,19.0,39.0,186.0,,,,,轻度污染,2010-03-20
兴庆小区 ,37.0,34.0,106.0,,,,,轻微污染,2010-03-19
兴庆小区 ,36.0,37.0,167.0,,,,,轻度污染,2010-03-18
兴庆小区 ,42.0,35.0,98.0,,,,,良,2010-03-17
兴庆小区 ,30.0,25.0,92.0,,,,,良,2010-03-16
兴庆小区 ,29.0,26.0,67.0,,,,,良,2010-03-15
兴庆小区 ,38.0,25.0,67.0,,,,,良,2010-03-14
兴庆小区 ,42.0,26.0,92.0,,,,,良,2010-03-13
兴庆小区 ,49.0,47.0,70.0,,,,,良,2010-03-12
兴庆小区 ,53.0,29.0,67.0,,,,,良,2010-03-11
兴庆小区 ,46.0,29.0,73.0,,,,,良,2010-03-10
兴庆小区 ,38.0,22.0,49.0,,,,,优,2010-03-09
兴庆小区 ,45.0,35.0,70.0,,,,,良,2010-03-08
兴庆小区 ,67.0,28.0,70.0,,,,,良,2010-03-07
兴庆小区 ,58.0,26.0,93.0,,,,,良,2010-03-06
兴庆小区 ,64.0,29.0,92.0,,,,,良,2010-03-05
兴庆小区 ,64.0,37.0,80.0,,,,,良,2010-03-04
兴庆小区 ,54.0,45.0,100.0,,,,,良,2010-03-03
兴庆小区 ,55.0,44.0,113.0,,,,,轻微污染,2010-03-02
兴庆小区 ,65.0,49.0,130.0,,,,,轻微污染,2010-03-01
兴庆小区 ,31.0,50.0,104.0,,,,,轻微污染,2010-02-28
兴庆小区 ,44.0,50.0,101.0,,,,,轻微污染,2010-02-27
兴庆小区 ,39.0,46.0,100.0,,,,,良,2010-02-26
兴庆小区 ,58.0,27.0,92.0,,,,,良,2010-02-25
兴庆小区 ,56.0,45.0,112.0,,,,,轻微污染,2010-02-24
兴庆小区 ,51.0,32.0,79.0,,,,,良,2010-02-23
兴庆小区 ,51.0,29.0,68.0,,,,,良,2010-02-22
兴庆小区 ,43.0,39.0,70.0,,,,,良,2010-02-21
兴庆小区 ,32.0,27.0,63.0,,,,,良,2010-02-20
兴庆小区 ,35.0,29.0,53.0,,,,,良,2010-02-19
兴庆小区 ,46.0,24.0,51.0,,,,,良,2010-02-18
兴庆小区 ,35.0,23.0,53.0,,,,,良,2010-02-17
兴庆小区 ,15.0,27.0,56.0,,,,,良,2010-02-16
兴庆小区 ,21.0,23.0,42.0,,,,,优,2010-02-15
兴庆小区 ,49.0,34.0,97.0,,,,,良,2010-02-14
兴庆小区 ,58.0,27.0,63.0,,,,,良,2010-02-13
兴庆小区 ,37.0,34.0,40.0,,,,,优,2010-02-12
兴庆小区 ,22.0,20.0,30.0,,,,,优,2010-02-11
兴庆小区 ,17.0,32.0,62.0,,,,,良,2010-02-10
兴庆小区 ,51.0,49.0,118.0,,,,,轻微污染,2010-02-09
兴庆小区 ,41.0,49.0,113.0,,,,,轻微污染,2010-02-08
兴庆小区 ,68.0,45.0,132.0,,,,,轻微污染,2010-02-07
兴庆小区 ,54.0,48.0,135.0,,,,,轻微污染,2010-02-06
兴庆小区 ,53.0,38.0,122.0,,,,,轻微污染,2010-02-05
兴庆小区 ,60.0,79.0,112.0,,,,,轻微污染,2010-02-04
兴庆小区 ,64.0,40.0,93.0,,,,,良,2010-02-03
兴庆小区 ,68.0,93.0,96.0,,,,,良,2010-02-02
兴庆小区 ,53.0,73.0,98.0,,,,,良,2010-02-01
兴庆小区 ,61.0,58.0,90.0,,,,,良,2010-01-31
兴庆小区 ,76.0,45.0,91.0,,,,,良,2010-01-30
兴庆小区 ,63.0,58.0,68.0,,,,,良,2010-01-29
兴庆小区 ,46.0,68.0,94.0,,,,,良,2010-01-28
兴庆小区 ,57.0,67.0,95.0,,,,,良,2010-01-27
兴庆小区 ,60.0,42.0,98.0,,,,,良,2010-01-26
兴庆小区 ,36.0,54.0,76.0,,,,,良,2010-01-25
兴庆小区 ,20.0,57.0,76.0,,,,,良,2010-01-24
兴庆小区 ,39.0,35.0,76.0,,,,,良,2010-01-23
兴庆小区 ,39.0,36.0,76.0,,,,,良,2010-01-22
兴庆小区 ,60.0,35.0,76.0,,,,,良,2010-01-21
兴庆小区 ,87.0,87.0,113.0,,,,,轻微污染,2010-01-20
兴庆小区 ,75.0,82.0,109.0,,,,,轻微污染,2010-01-19
兴庆小区 ,92.0,52.0,113.0,,,,,轻微污染,2010-01-18
兴庆小区 ,83.0,57.0,122.0,,,,,轻微污染,2010-01-17
兴庆小区 ,97.0,53.0,101.0,,,,,轻微污染,2010-01-16
兴庆小区 ,84.0,87.0,104.0,,,,,轻微污染,2010-01-15
兴庆小区 ,68.0,45.0,87.0,,,,,良,2010-01-14
兴庆小区 ,57.0,25.0,66.0,,,,,良,2010-01-13
兴庆小区 ,69.0,45.0,78.0,,,,,良,2010-01-12
兴庆小区 ,57.0,43.0,102.0,,,,,轻微污染,2010-01-11
兴庆小区 ,55.0,37.0,130.0,,,,,轻微污染,2010-01-10
兴庆小区 ,67.0,39.0,127.0,,,,,轻微污染,2010-01-09
兴庆小区 ,74.0,63.0,102.0,,,,,轻微污染,2010-01-08
兴庆小区 ,67.0,39.0,106.0,,,,,轻微污染,2010-01-07
兴庆小区 ,56.0,35.0,78.0,,,,,良,2010-01-06
兴庆小区 ,64.0,24.0,69.0,,,,,良,2010-01-05
兴庆小区 ,54.0,22.0,77.0,,,,,良,2010-01-04
兴庆小区 ,57.0,27.0,93.0,,,,,良,2010-01-03
兴庆小区 ,61.0,36.0,89.0,,,,,良,2010-01-02
兴庆小区 ,65.0,36.0,94.0,,,,,良,2010-01-01
纺织城 ,34.0,117.0,126.0,41.0,35.0,48.0,133.0,轻度,2013-04-26
纺织城 ,20.0,110.0,115.0,,33.0,45.0,102.0,轻度,2013-04-25
纺织城 ,3.0,,135.0,,28.0,35.0,113.0,轻度,2013-04-24
纺织城 ,3.0,104.0,113.0,22.0,16.0,19.0,93.0,轻度,2013-04-23
纺织城 ,6.0,102.0,109.0,28.0,2.0,3.0,119.0,轻度,2013-04-22
纺织城 ,11.0,106.0,107.0,50.0,10.0,12.0,95.0,轻度,2013-04-21
纺织城 ,,78.0,62.0,30.0,12.0,15.0,58.0,良,2013-04-20
纺织城 ,8.0,68.0,73.0,27.0,13.0,17.0,83.0,良,2013-04-19
纺织城 ,31.0,67.0,262.0,25.0,29.0,33.0,160.0,重度,2013-04-18
纺织城 ,49.0,104.0,164.0,36.0,41.0,55.0,135.0,中度,2013-04-17
纺织城 ,31.0,95.0,115.0,23.0,34.0,45.0,92.0,轻度,2013-04-16
纺织城 ,45.0,113.0,118.0,35.0,34.0,42.0,89.0,轻度,2013-04-15
纺织城 ,33.0,94.0,114.0,38.0,29.0,40.0,79.0,轻度,2013-04-14
纺织城 ,23.0,97.0,95.0,32.0,32.0,37.0,67.0,良,2013-04-13
纺织城 ,21.0,98.0,98.0,36.0,29.0,40.0,73.0,良,2013-04-12
纺织城 ,46.0,107.0,105.0,37.0,23.0,29.0,84.0,轻度,2013-04-11
纺织城 ,22.0,83.0,97.0,23.0,26.0,37.0,69.0,良,2013-04-10
纺织城 ,16.0,58.0,83.0,18.0,26.0,37.0,58.0,良,2013-04-09
纺织城 ,20.0,79.0,140.0,24.0,23.0,34.0,118.0,轻度,2013-04-08
纺织城 ,40.0,103.0,107.0,41.0,25.0,30.0,104.0,轻度,2013-04-07
纺织城 ,19.0,83.0,89.0,23.0,27.0,33.0,82.0,良,2013-04-06
纺织城 ,13.0,65.0,95.0,22.0,16.0,22.0,88.0,良,2013-04-05
纺织城 ,30.0,105.0,129.0,36.0,16.0,16.0,129.0,轻度,2013-04-04
纺织城 ,53.0,110.0,136.0,40.0,38.0,47.0,140.0,轻度,2013-04-03
纺织城 ,56.0,116.0,126.0,39.0,8.0,10.0,133.0,轻度,2013-04-02
纺织城 ,25.0,103.0,,41.0,30.0,41.0,144.0,轻度,2013-04-01
纺织城 ,40.0,106.0,145.0,43.0,32.0,29.0,176.0,中度,2013-03-31
纺织城 ,57.0,111.0,158.0,42.0,32.0,37.0,179.0,中度,2013-03-30
纺织城 ,48.0,108.0,168.0,40.0,17.0,22.0,179.0,中度,2013-03-29
纺织城 ,60.0,121.0,136.0,42.0,20.0,21.0,120.0,轻度,2013-03-28
纺织城 ,49.0,119.0,135.0,43.0,21.0,23.0,117.0,轻度,2013-03-27
纺织城 ,59.0,106.0,139.0,36.0,9.0,,143.0,轻度,2013-03-25
纺织城 ,47.0,85.0,165.0,27.0,27.0,36.0,142.0,中度,2013-03-24
纺织城 ,53.0,111.0,167.0,43.0,31.0,37.0,186.0,中度,2013-03-23
纺织城 ,48.0,109.0,112.0,34.0,24.0,26.0,110.0,轻度,2013-03-22
纺织城 ,48.0,107.0,187.0,33.0,14.0,16.0,172.0,中度,2013-03-21
纺织城 ,43.0,99.0,171.0,24.0,27.0,35.0,143.0,中度,2013-03-20
纺织城 ,42.0,111.0,178.0,35.0,24.0,25.0,159.0,中度,2013-03-19
纺织城 ,36.0,106.0,152.0,53.0,25.0,25.0,124.0,中度,2013-03-18
纺织城 ,40.0,99.0,158.0,67.0,29.0,37.0,138.0,中度,2013-03-17
纺织城 ,51.0,105.0,161.0,66.0,10.0,12.0,198.0,中度,2013-03-16
纺织城 ,58.0,104.0,164.0,60.0,22.0,26.0,192.0,中度,2013-03-15
纺织城 ,53.0,80.0,134.0,54.0,20.0,25.0,162.0,中度,2013-03-14
纺织城 ,59.0,97.0,500.0,58.0,10.0,13.0,396.0,严重,2013-03-13
纺织城 ,55.0,94.0,500.0,49.0,13.0,14.0,362.0,严重,2013-03-12
纺织城 ,66.0,87.0,132.0,41.0,13.0,18.0,124.0,轻度,2013-03-11
纺织城 ,31.0,60.0,466.0,30.0,20.0,25.0,190.0,严重,2013-03-10
纺织城 ,27.0,83.0,500.0,36.0,20.0,23.0,426.0,严重,2013-03-09
纺织城 ,52.0,109.0,137.0,42.0,31.0,35.0,118.0,轻度,2013-03-08
纺织城 ,38.0,103.0,182.0,47.0,26.0,29.0,165.0,中度,2013-03-07
纺织城 ,59.0,106.0,250.0,52.0,24.0,28.0,195.0,重度,2013-03-06
纺织城 ,64.0,111.0,191.0,52.0,28.0,34.0,203.0,重度,2013-03-05
纺织城 ,53.0,104.0,171.0,43.0,23.0,28.0,153.0,中度,2013-03-04
纺织城 ,47.0,100.0,162.0,44.0,24.0,28.0,152.0,中度,2013-03-03
纺织城 ,67.0,103.0,157.0,40.0,16.0,19.0,137.0,中度,2013-03-02
纺织城 ,47.0,69.0,137.0,21.0,20.0,27.0,90.0,轻度,2013-03-01
纺织城 ,67.0,111.0,258.0,53.0,21.0,23.0,254.0,重度,2013-02-28
纺织城 ,76.0,119.0,249.0,60.0,40.0,46.0,307.0,严重,2013-02-27
纺织城 ,88.0,130.0,222.0,70.0,26.0,20.0,298.0,重度,2013-02-26
纺织城 ,65.0,116.0,242.0,56.0,171.0,35.0,320.0,严重,2013-02-25
纺织城 ,58.0,116.0,242.0,56.0,34.0,43.0,306.0,严重,2013-02-24
纺织城 ,40.0,110.0,146.0,49.0,35.0,41.0,227.0,重度,2013-02-23
纺织城 ,32.0,103.0,101.0,40.0,35.0,43.0,144.0,轻度,2013-02-22
纺织城 ,42.0,87.0,75.0,37.0,21.0,27.0,118.0,轻度,2013-02-20
纺织城 ,13.0,72.0,70.0,32.0,19.0,24.0,114.0,轻度,2013-02-19
纺织城 ,12.0,69.0,75.0,35.0,27.0,33.0,118.0,轻度,2013-02-18
纺织城 ,,77.0,138.0,67.0,29.0,31.0,252.0,重度,2013-02-17
纺织城 ,,64.0,163.0,78.0,26.0,31.0,295.0,重度,2013-02-16
纺织城 ,9.0,48.0,76.0,52.0,27.0,35.0,77.0,良,2013-02-15
纺织城 ,,55.0,92.0,57.0,21.0,27.0,134.0,轻度,2013-02-14
纺织城 ,,50.0,76.0,53.0,30.0,34.0,100.0,良,2013-02-13
纺织城 ,,43.0,86.0,57.0,28.0,35.0,155.0,中度,2013-02-12
纺织城 ,8.0,48.0,,68.0,10.0,13.0,276.0,重度,2013-02-11
纺织城 ,7.0,59.0,500.0,74.0,23.0,27.0,496.0,严重,2013-02-10
纺织城 ,6.0,69.0,159.0,65.0,19.0,23.0,298.0,重度,2013-02-09
纺织城 ,8.0,53.0,,51.0,16.0,22.0,144.0,轻度,2013-02-08
纺织城 ,41.0,55.0,,65.0,14.0,18.0,186.0,中度,2013-02-07
纺织城 ,41.0,79.0,170.0,88.0,10.0,15.0,312.0,严重,2013-02-06
纺织城 ,34.0,67.0,89.0,73.0,22.0,25.0,137.0,轻度,2013-02-05
纺织城 ,10.0,63.0,,73.0,8.0,12.0,175.0,中度,2013-02-04
纺织城 ,26.0,80.0,119.0,88.0,8.0,12.0,268.0,重度,2013-02-03
纺织城 ,49.0,102.0,,98.0,9.0,13.0,375.0,严重,2013-02-02
纺织城 ,52.0,107.0,295.0,101.0,9.0,13.0,413.0,严重,2013-02-01
纺织城 ,44.0,102.0,213.0,86.0,15.0,16.0,333.0,严重,2013-01-31
纺织城 ,68.0,114.0,328.0,89.0,12.0,15.0,414.0,严重,2013-01-30
纺织城 ,61.0,103.0,205.0,73.0,16.0,19.0,324.0,严重,2013-01-29
纺织城 ,40.0,69.0,99.0,51.0,19.0,26.0,93.0,良,2013-01-25
纺织城 ,42.0,59.0,78.0,32.0,25.0,31.0,57.0,良,2013-01-24
纺织城 ,64.0,102.0,164.0,65.0,12.0,15.0,254.0,重度,2013-01-23
纺织城 ,42.0,69.0,119.0,46.0,23.0,26.0,173.0,中度,2013-01-22
纺织城 ,47.0,59.0,71.0,38.0,20.0,24.0,79.0,良,2013-01-21
纺织城 ,48.0,97.0,208.0,89.0,8.0,12.0,333.0,严重,2013-01-20
纺织城 ,70.0,111.0,422.0,105.0,8.0,12.0,420.0,严重,2013-01-19
纺织城 ,72.0,108.0,302.0,97.0,10.0,13.0,307.0,严重,2013-01-18
纺织城 ,54.0,93.0,192.0,68.0,12.0,16.0,219.0,重度,2013-01-17
纺织城 ,51.0,77.0,152.0,46.0,18.0,22.0,139.0,中度,2013-01-16
纺织城 ,61.0,68.0,149.0,39.0,20.0,23.0,85.0,轻度,2013-01-15
纺织城 ,74.0,113.0,339.0,90.0,9.0,13.0,382.0,严重,2013-01-14
纺织城 ,65.0,103.0,195.0,78.0,10.0,14.0,294.0,重度,2013-01-13
纺织城 ,77.0,101.0,179.0,67.0,10.0,13.0,228.0,重度,2013-01-12
纺织城 ,64.0,89.0,168.0,64.0,19.0,21.0,228.0,重度,2013-01-11
纺织城 ,81.0,105.0,279.0,76.0,9.0,13.0,332.0,严重,2013-01-10
纺织城 ,61.0,89.0,178.0,69.0,10.0,14.0,250.0,重度,2013-01-09
纺织城 ,66.0,105.0,286.0,79.0,9.0,13.0,326.0,严重,2013-01-08
纺织城 ,75.0,106.0,253.0,79.0,9.0,13.0,316.0,严重,2013-01-07
纺织城 ,73.0,105.0,395.0,92.0,9.0,13.0,372.0,严重,2013-01-06
纺织城 ,91.0,89.0,181.0,65.0,9.0,13.0,251.0,重度,2013-01-05
纺织城 ,93.0,63.0,142.0,25.0,29.0,14.0,148.0,轻度,2013-01-04
纺织城 ,44.0,35.0,61.0,,66.0,29.0,70.0,良,2013-01-03
纺织城 ,67.0,42.0,65.0,5.0,49.0,22.0,82.0,良,2013-01-02
纺织城 ,72.0,57.0,72.0,11.0,65.0,25.0,100.0,良,2013-01-01
纺织城 ,68.0,44.0,85.0,,,,,良,2012-12-31
纺织城 ,63.0,25.0,73.0,,,,,良,2012-12-30
纺织城 ,68.0,27.0,91.0,,,,,良,2012-12-29
纺织城 ,85.0,50.0,195.0,,,,,轻度污染,2012-12-28
纺织城 ,77.0,37.0,98.0,,,,,良,2012-12-25
纺织城 ,37.0,17.0,77.0,,,,,良,2012-12-24
纺织城 ,45.0,22.0,66.0,,,,,良,2012-12-23
纺织城 ,52.0,19.0,83.0,,,,,良,2012-12-22
纺织城 ,47.0,23.0,90.0,,,,,良,2012-12-21
纺织城 ,58.0,26.0,92.0,,,,,良,2012-12-20
纺织城 ,47.0,23.0,90.0,,,,,良,2012-12-19
纺织城 ,40.0,25.0,89.0,,,,,良,2012-12-18
纺织城 ,52.0,40.0,126.0,,,,,轻微污染,2012-12-17
纺织城 ,55.0,34.0,323.0,,,,,重污染,2012-12-16
纺织城 ,57.0,37.0,280.0,,,,,中度重污染,2012-12-15
纺织城 ,62.0,38.0,298.0,,,,,中度重污染,2012-12-14
纺织城 ,60.0,41.0,280.0,,,,,中度重污染,2012-12-13
纺织城 ,51.0,40.0,262.0,,,,,中度重污染,2012-12-12
纺织城 ,54.0,40.0,121.0,,,,,轻微污染,2012-12-11
纺织城 ,56.0,34.0,112.0,,,,,轻微污染,2012-12-10
纺织城 ,57.0,27.0,85.0,,,,,良,2012-12-09
纺织城 ,56.0,33.0,88.0,,,,,良,2012-12-08
纺织城 ,55.0,32.0,90.0,,,,,良,2012-12-07
纺织城 ,58.0,27.0,98.0,,,,,良,2012-12-06
纺织城 ,59.0,25.0,99.0,,,,,良,2012-12-05
纺织城 ,66.0,27.0,124.0,,,,,轻微污染,2012-12-04
纺织城 ,76.0,31.0,129.0,,,,,轻微污染,2012-12-03
纺织城 ,89.0,37.0,320.0,,,,,重度污染,2012-12-02
纺织城 ,94.0,44.0,195.0,,,,,轻度污染,2012-12-01
纺织城 ,54.0,23.0,97.0,,,,,良,2012-11-30
纺织城 ,31.0,21.0,94.0,,,,,良,2012-11-29
纺织城 ,26.0,32.0,83.0,,,,,良,2012-11-28
纺织城 ,30.0,25.0,85.0,,,,,良,2012-11-27
纺织城 ,36.0,17.0,77.0,,,,,良,2012-11-26
纺织城 ,38.0,19.0,90.0,,,,,良,2012-11-25
纺织城 ,28.0,29.0,63.0,,,,,良,2012-11-24
纺织城 ,29.0,20.0,72.0,,,,,良,2012-11-23
纺织城 ,33.0,30.0,156.0,,,,,轻度污染,2012-11-22
纺织城 ,32.0,31.0,133.0,,,,,轻微污染,2012-11-21
纺织城 ,41.0,32.0,117.0,,,,,轻微污染,2012-11-20
纺织城 ,32.0,32.0,94.0,,,,,良,2012-11-19
纺织城 ,51.0,50.0,108.0,,,,,轻微污染,2012-11-18
纺织城 ,43.0,34.0,83.0,,,,,良,2012-11-17
纺织城 ,24.0,30.0,60.0,,,,,良,2012-11-16
纺织城 ,51.0,44.0,119.0,,,,,轻微污染,2012-11-15
纺织城 ,21.0,33.0,84.0,,,,,良,2012-11-14
纺织城 ,26.0,35.0,82.0,,,,,良,2012-11-13
纺织城 ,23.0,30.0,72.0,,,,,良,2012-11-12
纺织城 ,19.0,26.0,69.0,,,,,良,2012-11-11
纺织城 ,21.0,23.0,96.0,,,,,良,2012-11-10
纺织城 ,18.0,29.0,93.0,,,,,良,2012-11-09
纺织城 ,21.0,28.0,54.0,,,,,良,2012-11-08
纺织城 ,27.0,29.0,92.0,,,,,良,2012-11-07
纺织城 ,23.0,29.0,93.0,,,,,良,2012-11-06
纺织城 ,24.0,30.0,81.0,,,,,良,2012-11-05
纺织城 ,26.0,25.0,69.0,,,,,良,2012-11-04
纺织城 ,23.0,24.0,92.0,,,,,良,2012-11-03
纺织城 ,29.0,25.0,108.0,,,,,轻微污染,2012-11-02
纺织城 ,31.0,29.0,83.0,,,,,良,2012-11-01
纺织城 ,16.0,29.0,78.0,,,,,良,2012-10-31
纺织城 ,19.0,23.0,90.0,,,,,良,2012-10-30
纺织城 ,21.0,32.0,91.0,,,,,良,2012-10-29
纺织城 ,24.0,35.0,94.0,,,,,良,2012-10-28
纺织城 ,21.0,32.0,92.0,,,,,良,2012-10-27
纺织城 ,24.0,34.0,117.0,,,,,轻微污染,2012-10-26
纺织城 ,17.0,33.0,84.0,,,,,良,2012-10-25
纺织城 ,19.0,29.0,79.0,,,,,良,2012-10-24
纺织城 ,21.0,36.0,81.0,,,,,良,2012-10-23
纺织城 ,19.0,27.0,49.0,,,,,优,2012-10-22
纺织城 ,21.0,34.0,115.0,,,,,轻微污染,2012-10-21
纺织城 ,19.0,33.0,91.0,,,,,良,2012-10-20
纺织城 ,20.0,30.0,87.0,,,,,良,2012-10-19
纺织城 ,19.0,30.0,89.0,,,,,良,2012-10-18
纺织城 ,20.0,29.0,68.0,,,,,良,2012-10-17
纺织城 ,21.0,31.0,90.0,,,,,良,2012-10-16
纺织城 ,20.0,29.0,130.0,,,,,轻微污染,2012-10-15
纺织城 ,21.0,34.0,87.0,,,,,良,2012-10-14
纺织城 ,18.0,21.0,81.0,,,,,良,2012-10-13
纺织城 ,20.0,42.0,120.0,,,,,轻微污染,2012-10-12
纺织城 ,26.0,27.0,121.0,,,,,轻微污染,2012-10-11
纺织城 ,18.0,24.0,75.0,,,,,良,2012-10-10
纺织城 ,17.0,23.0,90.0,,,,,良,2012-10-09
纺织城 ,18.0,28.0,130.0,,,,,轻微污染,2012-10-08
纺织城 ,20.0,35.0,114.0,,,,,轻微污染,2012-10-07
纺织城 ,16.0,21.0,89.0,,,,,良,2012-10-06
纺织城 ,20.0,19.0,79.0,,,,,良,2012-10-05
纺织城 ,19.0,25.0,73.0,,,,,良,2012-10-04
纺织城 ,14.0,24.0,85.0,,,,,良,2012-10-03
纺织城 ,19.0,30.0,109.0,,,,,轻微污染,2012-10-02
纺织城 ,16.0,31.0,86.0,,,,,良,2012-10-01
纺织城 ,20.0,29.0,81.0,,,,,良,2012-09-30
纺织城 ,19.0,24.0,64.0,,,,,良,2012-09-29
纺织城 ,16.0,21.0,55.0,,,,,良,2012-09-28
纺织城 ,17.0,21.0,68.0,,,,,良,2012-09-27
纺织城 ,18.0,15.0,42.0,,,,,优,2012-09-26
纺织城 ,16.0,14.0,89.0,,,,,良,2012-09-25
纺织城 ,24.0,29.0,116.0,,,,,轻微污染,2012-09-24
纺织城 ,20.0,22.0,98.0,,,,,良,2012-09-23
纺织城 ,17.0,20.0,80.0,,,,,良,2012-09-22
纺织城 ,11.0,23.0,78.0,,,,,良,2012-09-21
纺织城 ,14.0,27.0,76.0,,,,,良,2012-09-20
纺织城 ,16.0,21.0,71.0,,,,,良,2012-09-19
纺织城 ,20.0,24.0,76.0,,,,,良,2012-09-18
纺织城 ,15.0,21.0,71.0,,,,,良,2012-09-17
纺织城 ,18.0,15.0,52.0,,,,,良,2012-09-16
纺织城 ,23.0,19.0,65.0,,,,,良,2012-09-15
纺织城 ,20.0,20.0,54.0,,,,,良,2012-09-14
纺织城 ,17.0,18.0,47.0,,,,,优,2012-09-13
纺织城 ,16.0,14.0,49.0,,,,,优,2012-09-12
纺织城 ,14.0,12.0,59.0,,,,,良,2012-09-11
纺织城 ,17.0,13.0,63.0,,,,,良,2012-09-10
纺织城 ,14.0,19.0,55.0,,,,,良,2012-09-09
纺织城 ,20.0,19.0,65.0,,,,,良,2012-09-08
纺织城 ,19.0,15.0,71.0,,,,,良,2012-09-07
纺织城 ,17.0,22.0,79.0,,,,,良,2012-09-06
纺织城 ,22.0,23.0,74.0,,,,,良,2012-09-05
纺织城 ,26.0,21.0,55.0,,,,,良,2012-09-04
纺织城 ,26.0,21.0,55.0,,,,,良,2012-09-04
纺织城 ,21.0,17.0,36.0,,,,,优,2012-09-03
纺织城 ,19.0,13.0,32.0,,,,,优,2012-09-02
纺织城 ,21.0,14.0,33.0,,,,,优,2012-09-01
纺织城 ,19.0,17.0,66.0,,,,,良,2012-08-31
纺织城 ,21.0,20.0,64.0,,,,,良,2012-08-30
纺织城 ,22.0,25.0,60.0,,,,,良,2012-08-29
纺织城 ,19.0,22.0,76.0,,,,,良,2012-08-28
纺织城 ,19.0,19.0,89.0,,,,,良,2012-08-27
纺织城 ,18.0,14.0,80.0,,,,,良,2012-08-26
纺织城 ,20.0,25.0,74.0,,,,,良,2012-08-25
纺织城 ,21.0,17.0,54.0,,,,,良,2012-08-24
纺织城 ,15.0,15.0,54.0,,,,,良,2012-08-23
纺织城 ,16.0,22.0,57.0,,,,,良,2012-08-22
纺织城 ,20.0,21.0,39.0,,,,,优,2012-08-21
纺织城 ,22.0,22.0,36.0,,,,,优,2012-08-20
纺织城 ,32.0,17.0,45.0,,,,,优,2012-08-19
纺织城 ,34.0,17.0,57.0,,,,,良,2012-08-18
纺织城 ,35.0,16.0,65.0,,,,,良,2012-08-17
纺织城 ,39.0,28.0,79.0,,,,,良,2012-08-16
纺织城 ,37.0,24.0,63.0,,,,,良,2012-08-15
纺织城 ,35.0,22.0,56.0,,,,,良,2012-08-14
纺织城 ,26.0,19.0,71.0,,,,,良,2012-08-13
纺织城 ,25.0,17.0,87.0,,,,,良,2012-08-12
纺织城 ,18.0,19.0,74.0,,,,,良,2012-08-11
纺织城 ,19.0,17.0,76.0,,,,,良,2012-08-10
纺织城 ,15.0,19.0,75.0,,,,,良,2012-08-09
纺织城 ,17.0,17.0,70.0,,,,,良,2012-08-08
纺织城 ,22.0,25.0,56.0,,,,,良,2012-08-07
纺织城 ,16.0,19.0,58.0,,,,,良,2012-08-06
纺织城 ,13.0,14.0,76.0,,,,,良,2012-08-05
纺织城 ,15.0,14.0,77.0,,,,,良,2012-08-04
纺织城 ,16.0,15.0,69.0,,,,,良,2012-08-03
纺织城 ,33.0,24.0,52.0,,,,,良,2012-08-02
纺织城 ,24.0,22.0,53.0,,,,,良,2012-08-01
纺织城 ,23.0,12.0,51.0,,,,,良,2012-07-31
纺织城 ,36.0,21.0,66.0,,,,,良,2012-07-30
纺织城 ,26.0,29.0,69.0,,,,,良,2012-07-29
纺织城 ,36.0,18.0,51.0,,,,,良,2012-07-28
纺织城 ,32.0,18.0,45.0,,,,,优,2012-07-27
纺织城 ,35.0,22.0,74.0,,,,,良,2012-07-26
纺织城 ,32.0,18.0,71.0,,,,,良,2012-07-25
纺织城 ,29.0,21.0,51.0,,,,,良,2012-07-24
纺织城 ,26.0,19.0,54.0,,,,,良,2012-07-23
纺织城 ,23.0,13.0,51.0,,,,,良,2012-07-22
纺织城 ,27.0,12.0,71.0,,,,,良,2012-07-21
纺织城 ,26.0,14.0,82.0,,,,,良,2012-07-20
纺织城 ,25.0,15.0,79.0,,,,,良,2012-07-19
纺织城 ,26.0,17.0,77.0,,,,,良,2012-07-18
纺织城 ,24.0,15.0,71.0,,,,,良,2012-07-17
纺织城 ,24.0,15.0,70.0,,,,,良,2012-07-16
纺织城 ,24.0,15.0,70.0,,,,,良,2012-07-16
纺织城 ,26.0,18.0,64.0,,,,,良,2012-07-15
纺织城 ,22.0,15.0,67.0,,,,,良,2012-07-14
纺织城 ,34.0,27.0,57.0,,,,,良,2012-07-13
纺织城 ,29.0,25.0,58.0,,,,,良,2012-07-12
纺织城 ,23.0,13.0,60.0,,,,,良,2012-07-11
纺织城 ,24.0,15.0,53.0,,,,,良,2012-07-10
纺织城 ,16.0,15.0,45.0,,,,,优,2012-07-09
纺织城 ,20.0,14.0,56.0,,,,,良,2012-07-08
纺织城 ,24.0,12.0,48.0,,,,,优,2012-07-07
纺织城 ,20.0,19.0,57.0,,,,,良,2012-07-06
纺织城 ,23.0,18.0,41.0,,,,,优,2012-07-05
纺织城 ,19.0,20.0,44.0,,,,,优,2012-07-04
纺织城 ,19.0,15.0,45.0,,,,,优,2012-07-03
纺织城 ,18.0,22.0,55.0,,,,,良,2012-07-02
纺织城 ,27.0,17.0,36.0,,,,,优,2012-07-01
纺织城 ,21.0,20.0,42.0,,,,,优,2012-06-30
纺织城 ,27.0,15.0,57.0,,,,,良,2012-06-29
纺织城 ,32.0,10.0,53.0,,,,,良,2012-06-28
纺织城 ,26.0,20.0,71.0,,,,,良,2012-06-27
纺织城 ,21.0,18.0,54.0,,,,,良,2012-06-26
纺织城 ,36.0,15.0,69.0,,,,,良,2012-06-25
纺织城 ,31.0,16.0,61.0,,,,,良,2012-06-24
纺织城 ,37.0,15.0,56.0,,,,,良,2012-06-23
纺织城 ,37.0,16.0,57.0,,,,,良,2012-06-22
纺织城 ,37.0,29.0,72.0,,,,,良,2012-06-21
纺织城 ,30.0,22.0,69.0,,,,,良,2012-06-20
纺织城 ,38.0,18.0,68.0,,,,,良,2012-06-19
纺织城 ,39.0,19.0,58.0,,,,,良,2012-06-18
纺织城 ,36.0,24.0,66.0,,,,,良,2012-06-17
纺织城 ,27.0,22.0,64.0,,,,,良,2012-06-16
纺织城 ,38.0,25.0,61.0,,,,,良,2012-06-15
纺织城 ,35.0,19.0,63.0,,,,,良,2012-06-14
纺织城 ,26.0,30.0,59.0,,,,,良,2012-06-13
纺织城 ,28.0,24.0,66.0,,,,,良,2012-06-12
纺织城 ,35.0,27.0,62.0,,,,,良,2012-06-11
纺织城 ,28.0,28.0,58.0,,,,,良,2012-06-10
纺织城 ,30.0,22.0,60.0,,,,,良,2012-06-09
纺织城 ,22.0,24.0,52.0,,,,,良,2012-06-08
纺织城 ,23.0,22.0,68.0,,,,,良,2012-06-07
纺织城 ,23.0,22.0,59.0,,,,,良,2012-06-06
纺织城 ,33.0,15.0,76.0,,,,,良,2012-06-05
纺织城 ,29.0,17.0,69.0,,,,,良,2012-06-04
纺织城 ,24.0,10.0,52.0,,,,,良,2012-06-03
纺织城 ,21.0,15.0,57.0,,,,,良,2012-06-02
纺织城 ,21.0,15.0,66.0,,,,,良,2012-06-01
纺织城 ,23.0,17.0,55.0,,,,,良,2012-05-31
纺织城 ,21.0,17.0,44.0,,,,,优,2012-05-30
纺织城 ,21.0,16.0,51.0,,,,,良,2012-05-29
纺织城 ,24.0,15.0,52.0,,,,,良,2012-05-28
纺织城 ,23.0,15.0,63.0,,,,,良,2012-05-27
纺织城 ,16.0,19.0,63.0,,,,,良,2012-05-26
纺织城 ,18.0,15.0,80.0,,,,,良,2012-05-25
纺织城 ,16.0,19.0,84.0,,,,,良,2012-05-24
纺织城 ,10.0,17.0,79.0,,,,,良,2012-05-23
纺织城 ,12.0,12.0,53.0,,,,,良,2012-05-22
纺织城 ,13.0,14.0,56.0,,,,,良,2012-05-21
纺织城 ,19.0,20.0,73.0,,,,,良,2012-05-20
纺织城 ,29.0,40.0,82.0,,,,,良,2012-05-19
纺织城 ,24.0,40.0,78.0,,,,,良,2012-05-18
纺织城 ,21.0,39.0,69.0,,,,,良,2012-05-17
纺织城 ,25.0,37.0,68.0,,,,,良,2012-05-16
纺织城 ,16.0,26.0,56.0,,,,,良,2012-05-15
纺织城 ,14.0,25.0,63.0,,,,,良,2012-05-14
纺织城 ,19.0,20.0,76.0,,,,,良,2012-05-13
纺织城 ,13.0,14.0,64.0,,,,,良,2012-05-12
纺织城 ,12.0,14.0,54.0,,,,,良,2012-05-11
纺织城 ,20.0,25.0,73.0,,,,,良,2012-05-10
纺织城 ,30.0,25.0,77.0,,,,,良,2012-05-09
纺织城 ,27.0,26.0,83.0,,,,,良,2012-05-08
纺织城 ,33.0,25.0,86.0,,,,,良,2012-05-07
纺织城 ,32.0,40.0,83.0,,,,,良,2012-05-06
纺织城 ,37.0,35.0,76.0,,,,,良,2012-05-05
纺织城 ,29.0,35.0,76.0,,,,,良,2012-05-04
纺织城 ,18.0,32.0,69.0,,,,,良,2012-05-03
纺织城 ,24.0,30.0,68.0,,,,,良,2012-05-02
纺织城 ,14.0,37.0,95.0,,,,,良,2012-05-01
纺织城 ,21.0,16.0,80.0,,,,,良,2012-04-30
纺织城 ,24.0,34.0,106.0,,,,,轻微污染,2012-04-29
纺织城 ,43.0,39.0,101.0,,,,,轻微污染,2012-04-28
纺织城 ,38.0,36.0,80.0,,,,,良,2012-04-27
纺织城 ,42.0,37.0,91.0,,,,,良,2012-04-26
纺织城 ,36.0,37.0,87.0,,,,,良,2012-04-25
纺织城 ,30.0,25.0,71.0,,,,,良,2012-04-24
纺织城 ,45.0,38.0,100.0,,,,,良,2012-04-23
纺织城 ,34.0,30.0,92.0,,,,,良,2012-04-22
纺织城 ,33.0,32.0,93.0,,,,,良,2012-04-21
纺织城 ,33.0,30.0,88.0,,,,,良,2012-04-20
纺织城 ,33.0,33.0,64.0,,,,,良,2012-04-19
纺织城 ,41.0,30.0,90.0,,,,,良,2012-04-18
纺织城 ,53.0,37.0,95.0,,,,,良,2012-04-17
纺织城 ,34.0,33.0,69.0,,,,,良,2012-04-16
纺织城 ,31.0,34.0,70.0,,,,,良,2012-04-15
纺织城 ,26.0,24.0,60.0,,,,,良,2012-04-14
纺织城 ,21.0,21.0,57.0,,,,,良,2012-04-13
纺织城 ,39.0,25.0,51.0,,,,,良,2012-04-12
纺织城 ,34.0,25.0,69.0,,,,,良,2012-04-11
纺织城 ,33.0,26.0,66.0,,,,,良,2012-04-10
纺织城 ,29.0,25.0,65.0,,,,,良,2012-04-09
纺织城 ,25.0,23.0,85.0,,,,,良,2012-04-08
纺织城 ,33.0,26.0,81.0,,,,,良,2012-04-07
纺织城 ,30.0,24.0,79.0,,,,,良,2012-04-06
纺织城 ,24.0,20.0,79.0,,,,,良,2012-04-05
纺织城 ,27.0,20.0,76.0,,,,,良,2012-04-04
纺织城 ,27.0,23.0,80.0,,,,,良,2012-04-03
纺织城 ,35.0,29.0,81.0,,,,,良,2012-04-02
纺织城 ,30.0,31.0,73.0,,,,,良,2012-04-01
纺织城 ,29.0,24.0,63.0,,,,,良,2012-03-31
纺织城 ,48.0,26.0,77.0,,,,,良,2012-03-30
纺织城 ,51.0,22.0,90.0,,,,,良,2012-03-29
纺织城 ,45.0,55.0,93.0,,,,,良,2012-03-28
纺织城 ,52.0,38.0,91.0,,,,,良,2012-03-27
纺织城 ,56.0,49.0,85.0,,,,,良,2012-03-26
纺织城 ,52.0,35.0,79.0,,,,,良,2012-03-25
纺织城 ,47.0,25.0,71.0,,,,,良,2012-03-24
纺织城 ,49.0,24.0,64.0,,,,,良,2012-03-23
纺织城 ,48.0,24.0,59.0,,,,,良,2012-03-22
纺织城 ,48.0,27.0,71.0,,,,,良,2012-03-21
纺织城 ,48.0,24.0,64.0,,,,,良,2012-03-20
纺织城 ,56.0,26.0,103.0,,,,,轻微污染,2012-03-19
纺织城 ,60.0,40.0,122.0,,,,,轻微污染,2012-03-18
纺织城 ,41.0,34.0,86.0,,,,,良,2012-03-17
纺织城 ,35.0,35.0,73.0,,,,,良,2012-03-16
纺织城 ,37.0,37.0,80.0,,,,,良,2012-03-15
纺织城 ,40.0,35.0,90.0,,,,,良,2012-03-14
纺织城 ,55.0,50.0,106.0,,,,,轻微污染,2012-03-13
纺织城 ,43.0,25.0,83.0,,,,,良,2012-03-12
纺织城 ,37.0,42.0,66.0,,,,,良,2012-03-11
纺织城 ,43.0,52.0,81.0,,,,,良,2012-03-10
纺织城 ,42.0,29.0,60.0,,,,,良,2012-03-09
纺织城 ,32.0,31.0,62.0,,,,,良,2012-03-08
纺织城 ,30.0,27.0,67.0,,,,,良,2012-03-07
纺织城 ,27.0,28.0,60.0,,,,,良,2012-03-06
纺织城 ,41.0,37.0,73.0,,,,,良,2012-03-05
纺织城 ,32.0,37.0,69.0,,,,,良,2012-03-04
纺织城 ,33.0,33.0,67.0,,,,,良,2012-03-03
纺织城 ,39.0,44.0,98.0,,,,,良,2012-03-02
纺织城 ,49.0,69.0,124.0,,,,,轻微污染,2012-03-01
纺织城 ,57.0,44.0,112.0,,,,,轻微污染,2012-02-29
纺织城 ,43.0,30.0,103.0,,,,,轻微污染,2012-02-28
纺织城 ,41.0,35.0,78.0,,,,,良,2012-02-27
纺织城 ,52.0,35.0,63.0,,,,,良,2012-02-26
纺织城 ,50.0,21.0,81.0,,,,,良,2012-02-25
纺织城 ,68.0,57.0,95.0,,,,,良,2012-02-24
纺织城 ,55.0,64.0,125.0,,,,,轻微污染,2012-02-23
纺织城 ,65.0,47.0,123.0,,,,,轻微污染,2012-02-22
纺织城 ,54.0,29.0,93.0,,,,,良,2012-02-21
纺织城 ,42.0,26.0,92.0,,,,,良,2012-02-20
纺织城 ,49.0,29.0,52.0,,,,,良,2012-02-19
纺织城 ,38.0,25.0,45.0,,,,,优,2012-02-18
纺织城 ,39.0,19.0,55.0,,,,,良,2012-02-17
纺织城 ,50.0,29.0,100.0,,,,,良,2012-02-16
纺织城 ,52.0,45.0,115.0,,,,,轻微污染,2012-02-15
纺织城 ,56.0,29.0,113.0,,,,,轻微污染,2012-02-14
纺织城 ,45.0,27.0,98.0,,,,,良,2012-02-13
纺织城 ,37.0,29.0,98.0,,,,,良,2012-02-12
纺织城 ,38.0,24.0,80.0,,,,,良,2012-02-11
纺织城 ,36.0,19.0,79.0,,,,,良,2012-02-10
纺织城 ,35.0,19.0,36.0,,,,,优,2012-02-09
纺织城 ,29.0,20.0,52.0,,,,,良,2012-02-08
纺织城 ,35.0,15.0,42.0,,,,,优,2012-02-07
纺织城 ,63.0,44.0,118.0,,,,,轻微污染,2012-02-06
纺织城 ,62.0,44.0,85.0,,,,,良,2012-02-05
纺织城 ,54.0,42.0,74.0,,,,,良,2012-02-04
纺织城 ,36.0,20.0,48.0,,,,,优,2012-02-03
纺织城 ,31.0,22.0,40.0,,,,,优,2012-02-02
纺织城 ,70.0,54.0,137.0,,,,,轻微污染,2012-02-01
纺织城 ,74.0,59.0,117.0,,,,,轻微污染,2012-01-31
纺织城 ,73.0,62.0,122.0,,,,,轻微污染,2012-01-30
纺织城 ,77.0,49.0,103.0,,,,,轻微污染,2012-01-29
纺织城 ,64.0,38.0,99.0,,,,,良,2012-01-28
纺织城 ,62.0,17.0,82.0,,,,,良,2012-01-27
纺织城 ,53.0,25.0,71.0,,,,,良,2012-01-26
纺织城 ,56.0,18.0,45.0,,,,,良,2012-01-25
纺织城 ,44.0,27.0,68.0,,,,,良,2012-01-24
纺织城 ,53.0,24.0,86.0,,,,,良,2012-01-23
纺织城 ,44.0,39.0,56.0,,,,,良,2012-01-22
纺织城 ,57.0,34.0,69.0,,,,,良,2012-01-21
纺织城 ,63.0,55.0,99.0,,,,,良,2012-01-20
纺织城 ,87.0,55.0,122.0,,,,,轻微污染,2012-01-19
纺织城 ,65.0,85.0,187.0,,,,,轻度污染,2012-01-18
纺织城 ,70.0,52.0,123.0,,,,,轻微污染,2012-01-17
纺织城 ,96.0,83.0,135.0,,,,,轻微污染,2012-01-16
纺织城 ,78.0,83.0,107.0,,,,,轻微污染,2012-01-15
纺织城 ,99.0,79.0,141.0,,,,,轻微污染,2012-01-14
纺织城 ,96.0,73.0,124.0,,,,,轻微污染,2012-01-13
纺织城 ,96.0,84.0,117.0,,,,,轻微污染,2012-01-12
纺织城 ,103.0,93.0,147.0,,,,,轻微污染,2012-01-11
纺织城 ,95.0,73.0,184.0,,,,,轻度污染,2012-01-10
纺织城 ,93.0,85.0,129.0,,,,,轻微污染,2012-01-09
纺织城 ,73.0,65.0,133.0,,,,,轻微污染,2012-01-08
纺织城 ,92.0,64.0,96.0,,,,,良,2012-01-07
纺织城 ,63.0,47.0,95.0,,,,,良,2012-01-06
纺织城 ,31.0,30.0,53.0,,,,,良,2012-01-05
纺织城 ,28.0,27.0,36.0,,,,,优,2012-01-04
纺织城 ,58.0,29.0,62.0,,,,,良,2012-01-03
纺织城 ,77.0,74.0,123.0,,,,,轻微污染,2012-01-02
纺织城 ,104.0,83.0,236.0,,,,,中度污染,2012-01-01
纺织城 ,85.0,59.0,143.0,,,,,轻微污染,2011-12-31
纺织城 ,87.0,65.0,236.0,,,,,中度污染,2011-12-30
纺织城 ,102.0,43.0,128.0,,,,,轻微污染,2011-12-29
纺织城 ,60.0,47.0,120.0,,,,,轻微污染,2011-12-28
纺织城 ,67.0,40.0,119.0,,,,,轻微污染,2011-12-27
纺织城 ,61.0,40.0,114.0,,,,,轻微污染,2011-12-26
纺织城 ,60.0,37.0,109.0,,,,,轻微污染,2011-12-25
纺织城 ,58.0,28.0,77.0,,,,,良,2011-12-24
纺织城 ,61.0,37.0,93.0,,,,,良,2011-12-23
纺织城 ,58.0,32.0,94.0,,,,,良,2011-12-22
纺织城 ,70.0,73.0,94.0,,,,,良,2011-12-21
纺织城 ,76.0,43.0,127.0,,,,,轻微污染,2011-12-20
纺织城 ,63.0,33.0,126.0,,,,,轻微污染,2011-12-19
纺织城 ,56.0,29.0,106.0,,,,,轻微污染,2011-12-18
纺织城 ,51.0,32.0,95.0,,,,,良,2011-12-17
纺织城 ,54.0,27.0,96.0,,,,,良,2011-12-16
纺织城 ,51.0,29.0,114.0,,,,,轻微污染,2011-12-15
纺织城 ,61.0,25.0,114.0,,,,,轻微污染,2011-12-14
纺织城 ,54.0,25.0,109.0,,,,,轻微污染,2011-12-13
纺织城 ,56.0,25.0,94.0,,,,,良,2011-12-12
纺织城 ,55.0,19.0,105.0,,,,,轻微污染,2011-12-11
纺织城 ,56.0,19.0,84.0,,,,,良,2011-12-10
纺织城 ,65.0,25.0,95.0,,,,,良,2011-12-09
纺织城 ,54.0,14.0,68.0,,,,,良,2011-12-08
纺织城 ,61.0,14.0,66.0,,,,,良,2011-12-07
纺织城 ,62.0,15.0,78.0,,,,,良,2011-12-06
纺织城 ,63.0,19.0,96.0,,,,,良,2011-12-05
纺织城 ,66.0,22.0,110.0,,,,,轻微污染,2011-12-04
纺织城 ,68.0,29.0,96.0,,,,,良,2011-12-03
纺织城 ,61.0,15.0,97.0,,,,,良,2011-12-02
纺织城 ,51.0,20.0,71.0,,,,,良,2011-12-01
纺织城 ,35.0,22.0,54.0,,,,,良,2011-11-30
纺织城 ,51.0,17.0,99.0,,,,,良,2011-11-29
纺织城 ,26.0,24.0,121.0,,,,,轻微,2011-11-28
纺织城 ,21.0,17.0,114.0,,,,,轻微污染,2011-11-27
纺织城 ,19.0,14.0,114.0,,,,,轻微污染,2011-11-26
纺织城 ,19.0,19.0,108.0,,,,,轻微,2011-11-25
纺织城 ,18.0,9.0,63.0,,,,,良,2011-11-24
纺织城 ,15.0,18.0,74.0,,,,,良,2011-11-23
纺织城 ,11.0,11.0,65.0,,,,,良,2011-11-22
纺织城 ,21.0,18.0,54.0,,,,,良,2011-11-21
纺织城 ,19.0,15.0,51.0,,,,,良,2011-11-20
纺织城 ,15.0,19.0,53.0,,,,,良,2011-11-19
纺织城 ,18.0,12.0,57.0,,,,,良,2011-11-18
纺织城 ,12.0,17.0,68.0,,,,,良,2011-11-17
纺织城 ,22.0,19.0,90.0,,,,,良,2011-11-16
纺织城 ,15.0,19.0,83.0,,,,,良,2011-11-15
纺织城 ,16.0,19.0,79.0,,,,,良,2011-11-14
纺织城 ,15.0,16.0,58.0,,,,,良,2011-11-13
纺织城 ,19.0,18.0,75.0,,,,,良,2011-11-12
纺织城 ,19.0,17.0,80.0,,,,,良,2011-11-11
纺织城 ,19.0,17.0,80.0,,,,,良,2011-11-10
纺织城 ,18.0,11.0,47.0,,,,,优,2011-11-09
纺织城 ,10.0,14.0,38.0,,,,,优,2011-11-08
纺织城 ,18.0,19.0,44.0,,,,,优,2011-11-07
纺织城 ,14.0,19.0,50.0,,,,,优,2011-11-05
纺织城 ,14.0,17.0,42.0,,,,,优,2011-11-05
纺织城 ,16.0,23.0,63.0,,,,,良,2011-11-04
纺织城 ,15.0,18.0,73.0,,,,,良,2011-11-03
纺织城 ,15.0,15.0,94.0,,,,,良,2011-11-02
纺织城 ,17.0,21.0,96.0,,,,,良,2011-11-01
纺织城 ,15.0,30.0,100.0,,,,,良,2011-10-31
纺织城 ,16.0,24.0,82.0,,,,,良,2011-10-30
纺织城 ,15.0,26.0,93.0,,,,,良,2011-10-29
纺织城 ,17.0,27.0,111.0,,,,,轻微污染,2011-10-28
纺织城 ,11.0,24.0,77.0,,,,,良,2011-10-27
纺织城 ,11.0,23.0,52.0,,,,,良,2011-10-26
纺织城 ,14.0,17.0,53.0,,,,,良,2011-10-25
纺织城 ,10.0,19.0,51.0,,,,,良,2011-10-24
纺织城 ,19.0,20.0,67.0,,,,,良,2011-10-23
纺织城 ,15.0,19.0,94.0,,,,,良,2011-10-22
纺织城 ,24.0,29.0,96.0,,,,,良,2011-10-21
纺织城 ,12.0,27.0,83.0,,,,,良,2011-10-20
纺织城 ,22.0,20.0,81.0,,,,,良,2011-10-19
纺织城 ,16.0,30.0,80.0,,,,,良,2011-10-18
纺织城 ,20.0,24.0,54.0,,,,,良,2011-10-17
纺织城 ,13.0,19.0,35.0,,,,,优,2011-10-16
纺织城 ,17.0,24.0,47.0,,,,,优,2011-10-15
纺织城 ,13.0,19.0,46.0,,,,,优,2011-10-14
纺织城 ,11.0,20.0,36.0,,,,,优,2011-10-13
纺织城 ,9.0,15.0,56.0,,,,,良,2011-10-12
纺织城 ,13.0,20.0,80.0,,,,,良,2011-10-11
纺织城 ,12.0,17.0,80.0,,,,,良,2011-10-10
纺织城 ,15.0,24.0,94.0,,,,,良,2011-10-09
纺织城 ,16.0,26.0,89.0,,,,,良,2011-10-08
纺织城 ,13.0,21.0,80.0,,,,,良,2011-10-07
纺织城 ,12.0,23.0,51.0,,,,,良,2011-10-06
纺织城 ,10.0,18.0,53.0,,,,,良,2011-10-05
纺织城 ,10.0,18.0,53.0,,,,,良,2011-10-05
纺织城 ,14.0,19.0,72.0,,,,,良,2011-10-04
纺织城 ,11.0,20.0,59.0,,,,,良,2011-10-03
纺织城 ,14.0,24.0,73.0,,,,,良,2011-10-02
纺织城 ,17.0,13.0,66.0,,,,,良,2011-10-01
纺织城 ,23.0,17.0,62.0,,,,,良,2011-09-30
纺织城 ,22.0,24.0,62.0,,,,,良,2011-09-29
纺织城 ,9.0,20.0,63.0,,,,,良,2011-09-28
纺织城 ,15.0,29.0,84.0,,,,,良,2011-09-27
纺织城 ,17.0,27.0,85.0,,,,,良,2011-09-26
纺织城 ,13.0,21.0,100.0,,,,,良,2011-09-25
纺织城 ,16.0,24.0,81.0,,,,,良,2011-09-24
纺织城 ,19.0,20.0,60.0,,,,,良,2011-09-23
纺织城 ,11.0,22.0,52.0,,,,,良,2011-09-22
纺织城 ,14.0,20.0,52.0,,,,,良,2011-09-21
纺织城 ,9.0,12.0,33.0,,,,,优,2011-09-20
纺织城 ,8.0,10.0,29.0,,,,,优,2011-09-19
纺织城 ,9.0,12.0,34.0,,,,,优,2011-09-18
纺织城 ,11.0,14.0,39.0,,,,,优,2011-09-17
纺织城 ,8.0,21.0,69.0,,,,,良,2011-09-16
纺织城 ,11.0,17.0,55.0,,,,,良,2011-09-15
纺织城 ,10.0,14.0,41.0,,,,,优,2011-09-14
纺织城 ,16.0,17.0,41.0,,,,,优,2011-09-13
纺织城 ,11.0,13.0,21.0,,,,,优,2011-09-12
纺织城 ,13.0,17.0,32.0,,,,,优,2011-09-11
纺织城 ,15.0,17.0,57.0,,,,,良,2011-09-10
纺织城 ,14.0,15.0,61.0,,,,,良,2011-09-09
纺织城 ,12.0,16.0,43.0,,,,,优,2011-09-08
纺织城 ,13.0,15.0,32.0,,,,,优,2011-09-07
纺织城 ,14.0,13.0,32.0,,,,,优,2011-09-06
纺织城 ,11.0,14.0,40.0,,,,,优,2011-09-05
纺织城 ,20.0,21.0,57.0,,,,,良,2011-09-04
纺织城 ,21.0,21.0,80.0,,,,,良,2011-09-03
纺织城 ,22.0,23.0,84.0,,,,,良,2011-09-02
纺织城 ,23.0,28.0,91.0,,,,,良,2011-09-01
纺织城 ,22.0,27.0,88.0,,,,,良,2011-08-31
纺织城 ,18.0,25.0,91.0,,,,,良,2011-08-30
纺织城 ,17.0,21.0,66.0,,,,,良,2011-08-29
纺织城 ,14.0,22.0,55.0,,,,,良,2011-08-28
纺织城 ,11.0,22.0,54.0,,,,,良,2011-08-27
纺织城 ,13.0,20.0,52.0,,,,,良,2011-08-26
纺织城 ,14.0,17.0,77.0,,,,,良,2011-08-25
纺织城 ,23.0,22.0,64.0,,,,,良,2011-08-24
纺织城 ,17.0,22.0,64.0,,,,,良,2011-08-23
纺织城 ,21.0,18.0,47.0,,,,,优,2011-08-22
纺织城 ,22.0,17.0,39.0,,,,,优,2011-08-21
纺织城 ,21.0,18.0,33.0,,,,,优,2011-08-20
纺织城 ,10.0,17.0,42.0,,,,,优,2011-08-19
纺织城 ,23.0,15.0,51.0,,,,,良,2011-08-18
纺织城 ,23.0,25.0,54.0,,,,,良,2011-08-17
纺织城 ,19.0,15.0,60.0,,,,,良,2011-08-16
纺织城 ,23.0,20.0,98.0,,,,,良,2011-08-15
纺织城 ,23.0,27.0,99.0,,,,,良,2011-08-14
纺织城 ,23.0,24.0,96.0,,,,,良,2011-08-13
纺织城 ,19.0,20.0,94.0,,,,,良,2011-08-12
纺织城 ,26.0,23.0,97.0,,,,,良,2011-08-11
纺织城 ,25.0,29.0,91.0,,,,,良,2011-08-10
纺织城 ,15.0,31.0,95.0,,,,,良,2011-08-09
纺织城 ,23.0,20.0,89.0,,,,,良,2011-08-08
纺织城 ,23.0,19.0,84.0,,,,,良,2011-08-07
纺织城 ,14.0,19.0,43.0,,,,,优,2011-08-06
纺织城 ,16.0,18.0,63.0,,,,,良,2011-08-05
纺织城 ,11.0,24.0,82.0,,,,,良,2011-08-04
纺织城 ,18.0,17.0,70.0,,,,,良,2011-08-03
纺织城 ,10.0,9.0,53.0,,,,,良,2011-08-02
纺织城 ,13.0,9.0,41.0,,,,,优,2011-08-01
纺织城 ,23.0,19.0,49.0,,,,,优,2011-07-31
纺织城 ,13.0,12.0,43.0,,,,,优,2011-07-30
纺织城 ,23.0,13.0,53.0,,,,,良,2011-07-29
纺织城 ,33.0,20.0,76.0,,,,,良,2011-07-28
纺织城 ,29.0,21.0,96.0,,,,,良,2011-07-27
纺织城 ,26.0,15.0,81.0,,,,,良,2011-07-26
纺织城 ,12.0,22.0,73.0,,,,,良,2011-07-25
纺织城 ,15.0,17.0,83.0,,,,,良,2011-07-24
纺织城 ,13.0,22.0,71.0,,,,,良,2011-07-23
纺织城 ,14.0,19.0,60.0,,,,,良,2011-07-22
纺织城 ,18.0,15.0,73.0,,,,,良,2011-07-21
纺织城 ,23.0,22.0,94.0,,,,,良,2011-07-20
纺织城 ,15.0,19.0,91.0,,,,,良,2011-07-19
纺织城 ,11.0,20.0,75.0,,,,,良,2011-07-18
纺织城 ,13.0,20.0,86.0,,,,,良,2011-07-17
纺织城 ,13.0,24.0,91.0,,,,,良,2011-07-16
纺织城 ,15.0,25.0,89.0,,,,,良,2011-07-15
纺织城 ,22.0,20.0,72.0,,,,,良,2011-07-14
纺织城 ,13.0,30.0,87.0,,,,,良,2011-07-13
纺织城 ,21.0,34.0,96.0,,,,,良,2011-07-12
纺织城 ,21.0,29.0,92.0,,,,,良,2011-07-11
纺织城 ,30.0,39.0,97.0,,,,,良,2011-07-10
纺织城 ,14.0,23.0,80.0,,,,,良,2011-07-09
纺织城 ,15.0,17.0,86.0,,,,,良,2011-07-08
纺织城 ,13.0,21.0,39.0,,,,,优,2011-07-07
纺织城 ,13.0,12.0,30.0,,,,,优,2011-07-07
纺织城 ,2.0,30.0,67.0,,,,,良,2011-07-05
纺织城 ,12.0,18.0,44.0,,,,,优,2011-07-04
纺织城 ,11.0,14.0,40.0,,,,,优,2011-07-03
纺织城 ,12.0,9.0,45.0,,,,,优,2011-07-02
纺织城 ,17.0,15.0,69.0,,,,,良,2011-07-01
纺织城 ,11.0,21.0,58.0,,,,,良,2011-06-30
纺织城 ,11.0,15.0,47.0,,,,,优,2011-06-29
纺织城 ,15.0,16.0,49.0,,,,,优,2011-06-28
纺织城 ,15.0,15.0,55.0,,,,,良,2011-06-27
纺织城 ,26.0,22.0,51.0,,,,,良,2011-06-26
纺织城 ,19.0,25.0,60.0,,,,,良,2011-06-25
纺织城 ,3.0,16.0,34.0,,,,,优,2011-06-24
纺织城 ,11.0,17.0,42.0,,,,,优,2011-06-23
纺织城 ,9.0,15.0,56.0,,,,,良,2011-06-22
纺织城 ,12.0,15.0,62.0,,,,,良,2011-06-21
纺织城 ,11.0,18.0,73.0,,,,,良,2011-06-20
纺织城 ,11.0,29.0,60.0,,,,,良,2011-06-19
纺织城 ,12.0,16.0,21.0,,,,,优,2011-06-18
纺织城 ,18.0,19.0,75.0,,,,,良,2011-06-17
纺织城 ,17.0,24.0,78.0,,,,,良,2011-06-16
纺织城 ,27.0,21.0,70.0,,,,,良,2011-06-15
纺织城 ,6.0,10.0,62.0,,,,,良,2011-06-14
纺织城 ,25.0,16.0,88.0,,,,,良,2011-06-13
纺织城 ,32.0,20.0,95.0,,,,,良,2011-06-12
纺织城 ,15.0,21.0,54.0,,,,,良,2011-06-11
纺织城 ,23.0,14.0,32.0,,,,,优,2011-06-10
纺织城 ,29.0,21.0,90.0,,,,,良,2011-06-09
纺织城 ,19.0,30.0,72.0,,,,,良,2011-06-08
纺织城 ,36.0,37.0,90.0,,,,,良,2011-06-07
纺织城 ,10.0,38.0,88.0,,,,,良,2011-06-07
纺织城 ,20.0,44.0,96.0,,,,,良,2011-06-06
纺织城 ,21.0,17.0,98.0,,,,,良,2011-06-05
纺织城 ,16.0,30.0,90.0,,,,,良,2011-06-04
纺织城 ,15.0,36.0,73.0,,,,,良,2011-06-03
纺织城 ,20.0,12.0,74.0,,,,,良,2011-06-02
纺织城 ,11.0,14.0,74.0,,,,,良,2011-06-01
纺织城 ,9.0,18.0,53.0,,,,,良,2011-05-31
纺织城 ,10.0,23.0,73.0,,,,,良,2011-05-30
纺织城 ,4.0,16.0,63.0,,,,,良,2011-05-29
纺织城 ,9.0,21.0,78.0,,,,,良,2011-05-28
纺织城 ,9.0,19.0,73.0,,,,,良,2011-05-27
纺织城 ,18.0,16.0,82.0,,,,,良,2011-05-26
纺织城 ,8.0,22.0,79.0,,,,,良,2011-05-25
纺织城 ,23.0,30.0,55.0,,,,,良,2011-05-24
纺织城 ,12.0,18.0,35.0,,,,,优,2011-05-23
纺织城 ,6.0,22.0,37.0,,,,,优,2011-05-22
纺织城 ,4.0,14.0,31.0,,,,,优,2011-05-21
纺织城 ,31.0,24.0,99.0,,,,,良,2011-05-20
纺织城 ,19.0,38.0,98.0,,,,,良,2011-05-19
纺织城 ,15.0,40.0,90.0,,,,,良,2011-05-18
纺织城 ,12.0,27.0,73.0,,,,,良,2011-05-17
纺织城 ,17.0,26.0,74.0,,,,,良,2011-05-16
纺织城 ,15.0,37.0,70.0,,,,,良,2011-05-15
纺织城 ,29.0,30.0,53.0,,,,,良,2011-05-14
纺织城 ,16.0,25.0,67.0,,,,,良,2011-05-13
纺织城 ,15.0,31.0,77.0,,,,,良,2011-05-12
纺织城 ,9.0,24.0,54.0,,,,,良,2011-05-11
纺织城 ,10.0,24.0,45.0,,,,,优,2011-05-10
纺织城 ,12.0,26.0,92.0,,,,,良,2011-05-09
纺织城 ,8.0,15.0,95.0,,,,,良,2011-05-08
纺织城 ,14.0,26.0,83.0,,,,,良,2011-05-07
纺织城 ,13.0,17.0,89.0,,,,,良,2011-05-06
纺织城 ,12.0,25.0,89.0,,,,,良,2011-05-05
纺织城 ,17.0,30.0,85.0,,,,,良,2011-05-04
纺织城 ,15.0,12.0,56.0,,,,,良,2011-05-03
纺织城 ,15.0,22.0,51.0,,,,,良,2011-05-02
纺织城 ,21.0,35.0,100.0,,,,,良,2011-05-01
纺织城 ,24.0,14.0,139.0,,,,,轻微污染,2011-04-30
纺织城 ,38.0,47.0,99.0,,,,,良,2011-04-29
纺织城 ,24.0,37.0,85.0,,,,,良,2011-04-28
纺织城 ,16.0,23.0,92.0,,,,,良,2011-04-27
纺织城 ,30.0,39.0,83.0,,,,,良,2011-04-26
纺织城 ,40.0,44.0,99.0,,,,,良,2011-04-25
纺织城 ,27.0,42.0,82.0,,,,,良,2011-04-24
纺织城 ,20.0,40.0,94.0,,,,,良,2011-04-23
纺织城 ,25.0,41.0,86.0,,,,,良,2011-04-22
纺织城 ,21.0,40.0,89.0,,,,,良,2011-04-21
纺织城 ,37.0,25.0,96.0,,,,,良,2011-04-20
纺织城 ,28.0,18.0,86.0,,,,,良,2011-04-19
纺织城 ,18.0,19.0,94.0,,,,,良,2011-04-18
纺织城 ,34.0,15.0,98.0,,,,,良,2011-04-17
纺织城 ,22.0,25.0,94.0,,,,,良,2011-04-16
纺织城 ,32.0,21.0,98.0,,,,,良,2011-04-15
纺织城 ,17.0,62.0,154.0,,,,,轻度污染,2011-04-14
纺织城 ,40.0,35.0,124.0,,,,,轻微污染,2011-04-13
纺织城 ,39.0,37.0,136.0,,,,,轻微污染,2011-04-12
纺织城 ,32.0,36.0,95.0,,,,,良,2011-04-11
纺织城 ,38.0,27.0,116.0,,,,,轻微污染,2011-04-10
纺织城 ,30.0,26.0,95.0,,,,,良,2011-04-09
纺织城 ,22.0,24.0,98.0,,,,,良,2011-04-08
纺织城 ,19.0,29.0,97.0,,,,,良,2011-04-07
纺织城 ,30.0,20.0,96.0,,,,,良,2011-04-06
纺织城 ,31.0,22.0,95.0,,,,,良,2011-04-05
纺织城 ,23.0,19.0,87.0,,,,,良,2011-04-04
纺织城 ,20.0,19.0,74.0,,,,,良,2011-04-03
纺织城 ,24.0,26.0,85.0,,,,,良,2011-04-02
纺织城 ,38.0,39.0,96.0,,,,,良,2011-04-01
纺织城 ,40.0,39.0,97.0,,,,,良,2011-03-31
纺织城 ,45.0,44.0,118.0,,,,,轻微污染,2011-03-30
纺织城 ,30.0,41.0,97.0,,,,,良,2011-03-29
纺织城 ,53.0,41.0,100.0,,,,,良,2011-03-28
纺织城 ,36.0,49.0,99.0,,,,,良,2011-03-27
纺织城 ,26.0,38.0,88.0,,,,,良,2011-03-26
纺织城 ,27.0,35.0,96.0,,,,,良,2011-03-25
纺织城 ,34.0,41.0,97.0,,,,,良,2011-03-24
纺织城 ,22.0,38.0,99.0,,,,,良,2011-03-23
纺织城 ,6.0,27.0,69.0,,,,,良,2011-03-22
纺织城 ,17.0,30.0,52.0,,,,,良,2011-03-21
纺织城 ,19.0,35.0,95.0,,,,,良,2011-03-20
纺织城 ,30.0,36.0,168.0,,,,,轻度污染,2011-03-19
纺织城 ,47.0,45.0,151.0,,,,,轻度污染,2011-03-18
纺织城 ,29.0,41.0,96.0,,,,,良,2011-03-17
纺织城 ,21.0,37.0,99.0,,,,,良,2011-03-16
纺织城 ,21.0,24.0,95.0,,,,,良,2011-03-15
纺织城 ,38.0,29.0,216.0,,,,,中度污染,2011-03-14
纺织城 ,59.0,64.0,100.0,,,,,良,2011-03-13
纺织城 ,55.0,42.0,97.0,,,,,良,2011-03-12
纺织城 ,52.0,45.0,100.0,,,,,良,2011-03-11
纺织城 ,44.0,36.0,98.0,,,,,良,2011-03-10
纺织城 ,58.0,36.0,99.0,,,,,良,2011-03-09
纺织城 ,52.0,40.0,99.0,,,,,良,2011-03-08
纺织城 ,52.0,38.0,98.0,,,,,良,2011-03-07
纺织城 ,61.0,48.0,138.0,,,,,轻微污染,2011-03-06
纺织城 ,80.0,42.0,110.0,,,,,轻微污染,2011-03-05
纺织城 ,56.0,31.0,72.0,,,,,良,2011-03-04
纺织城 ,62.0,43.0,98.0,,,,,良,2011-03-03
纺织城 ,49.0,32.0,93.0,,,,,良,2011-03-02
纺织城 ,35.0,29.0,35.0,,,,,优,2011-03-01
纺织城 ,76.0,39.0,93.0,,,,,良,2011-02-28
纺织城 ,42.0,25.0,93.0,,,,,良,2011-02-27
纺织城 ,87.0,35.0,137.0,,,,,轻微污染,2011-02-26
纺织城 ,102.0,79.0,195.0,,,,,轻度污染,2011-02-25
纺织城 ,95.0,85.0,178.0,,,,,轻度污染,2011-02-24
纺织城 ,78.0,57.0,190.0,,,,,轻度污染,2011-02-23
纺织城 ,97.0,52.0,195.0,,,,,轻度污染,2011-02-22
纺织城 ,101.0,75.0,181.0,,,,,轻度污染,2011-02-21
纺织城 ,77.0,59.0,190.0,,,,,轻度污染,2011-02-20
纺织城 ,88.0,47.0,144.0,,,,,轻微污染,2011-02-19
纺织城 ,101.0,47.0,127.0,,,,,轻微污染,2011-02-18
纺织城 ,93.0,42.0,149.0,,,,,轻微污染,2011-02-17
纺织城 ,89.0,39.0,117.0,,,,,轻微污染,2011-02-16
纺织城 ,92.0,37.0,96.0,,,,,良,2011-02-15
纺织城 ,59.0,24.0,67.0,,,,,良,2011-02-14
纺织城 ,77.0,29.0,90.0,,,,,良,2011-02-13
纺织城 ,57.0,28.0,92.0,,,,,良,2011-02-12
纺织城 ,59.0,27.0,99.0,,,,,良,2011-02-11
纺织城 ,59.0,32.0,77.0,,,,,良,2011-02-10
纺织城 ,102.0,68.0,116.0,,,,,轻微污染,2011-02-09
纺织城 ,55.0,53.0,98.0,,,,,良,2011-02-08
纺织城 ,69.0,54.0,97.0,,,,,良,2011-02-07
纺织城 ,82.0,50.0,134.0,,,,,轻微污染,2011-02-06
纺织城 ,66.0,40.0,106.0,,,,,轻微污染,2011-02-05
纺织城 ,80.0,52.0,182.0,,,,,轻度污染,2011-02-04
纺织城 ,110.0,64.0,195.0,,,,,轻度污染,2011-02-03
纺织城 ,71.0,50.0,125.0,,,,,轻微污染,2011-02-02
纺织城 ,74.0,50.0,116.0,,,,,轻微污染,2011-02-01
纺织城 ,58.0,37.0,85.0,,,,,良,2011-01-31
纺织城 ,67.0,35.0,84.0,,,,,良,2011-01-30
纺织城 ,57.0,34.0,70.0,,,,,良,2011-01-29
纺织城 ,96.0,44.0,96.0,,,,,良,2011-01-28
纺织城 ,106.0,50.0,164.0,,,,,轻度污染,2011-01-27
纺织城 ,100.0,42.0,144.0,,,,,轻微污染,2011-01-26
纺织城 ,103.0,54.0,123.0,,,,,轻微污染,2011-01-25
纺织城 ,63.0,46.0,97.0,,,,,良,2011-01-24
纺织城 ,75.0,74.0,113.0,,,,,轻微污染,2011-01-23
纺织城 ,95.0,97.0,169.0,,,,,轻度污染,2011-01-22
纺织城 ,79.0,60.0,172.0,,,,,轻度污染,2011-01-21
纺织城 ,98.0,65.0,163.0,,,,,轻度污染,2011-01-20
纺织城 ,73.0,47.0,149.0,,,,,轻微污染,2011-01-19
纺织城 ,58.0,42.0,99.0,,,,,良,2011-01-18
纺织城 ,90.0,39.0,99.0,,,,,良,2011-01-17
纺织城 ,76.0,58.0,99.0,,,,,良,2011-01-16
纺织城 ,78.0,73.0,123.0,,,,,轻微污染,2011-01-15
纺织城 ,98.0,47.0,174.0,,,,,轻度污染,2011-01-14
纺织城 ,69.0,38.0,110.0,,,,,轻微污染,2011-01-13
纺织城 ,68.0,37.0,89.0,,,,,良,2011-01-12
纺织城 ,69.0,37.0,94.0,,,,,良,2011-01-11
纺织城 ,78.0,39.0,98.0,,,,,良,2011-01-10
纺织城 ,69.0,39.0,105.0,,,,,轻微污染,2011-01-09
纺织城 ,94.0,43.0,100.0,,,,,良,2011-01-08
纺织城 ,86.0,27.0,99.0,,,,,良,2011-01-07
纺织城 ,77.0,34.0,95.0,,,,,良,2011-01-06
纺织城 ,70.0,50.0,111.0,,,,,轻微污染,2011-01-05
纺织城 ,86.0,31.0,100.0,,,,,良,2011-01-04
纺织城 ,53.0,27.0,89.0,,,,,良,2011-01-03
纺织城 ,70.0,46.0,95.0,,,,,良,2011-01-02
纺织城 ,69.0,41.0,99.0,,,,,良,2011-01-01
纺织城 ,77.0,40.0,79.0,,,,,良,2010-12-31
纺织城 ,53.0,35.0,72.0,,,,,良,2010-12-30
纺织城 ,64.0,49.0,96.0,,,,,良,2010-12-29
纺织城 ,57.0,89.0,68.0,,,,,良,2010-12-28
纺织城 ,55.0,82.0,119.0,,,,,轻微污染,2010-12-27
纺织城 ,45.0,67.0,69.0,,,,,良,2010-12-26
纺织城 ,31.0,40.0,73.0,,,,,良,2010-12-25
纺织城 ,74.0,53.0,97.0,,,,,良,2010-12-24
纺织城 ,83.0,113.0,115.0,,,,,轻微污染,2010-12-23
纺织城 ,67.0,69.0,92.0,,,,,良,2010-12-22
纺织城 ,78.0,84.0,91.0,,,,,良,2010-12-21
纺织城 ,75.0,57.0,87.0,,,,,良,2010-12-20
纺织城 ,76.0,65.0,83.0,,,,,良,2010-12-19
纺织城 ,89.0,100.0,115.0,,,,,轻微污染,2010-12-18
纺织城 ,74.0,53.0,85.0,,,,,良,2010-12-17
纺织城 ,56.0,27.0,55.0,,,,,良,2010-12-16
纺织城 ,76.0,29.0,58.0,,,,,良,2010-12-15
纺织城 ,49.0,44.0,93.0,,,,,良,2010-12-14
纺织城 ,107.0,107.0,161.0,,,,,轻度污染,2010-12-13
纺织城 ,57.0,38.0,122.0,,,,,轻微污染,2010-12-12
纺织城 ,72.0,83.0,95.0,,,,,良,2010-12-11
纺织城 ,87.0,78.0,115.0,,,,,轻微污染,2010-12-10
纺织城 ,68.0,50.0,97.0,,,,,良,2010-12-10
纺织城 ,67.0,50.0,76.0,,,,,良,2010-12-08
纺织城 ,81.0,55.0,88.0,,,,,良,2010-12-07
纺织城 ,72.0,37.0,100.0,,,,,良,2010-12-06
纺织城 ,94.0,103.0,129.0,,,,,轻微污染,2010-12-05
纺织城 ,53.0,92.0,121.0,,,,,轻微污染,2010-12-04
纺织城 ,69.0,58.0,96.0,,,,,良,2010-12-03
纺织城 ,76.0,90.0,94.0,,,,,良,2010-12-02
纺织城 ,61.0,50.0,76.0,,,,,良,2010-12-01
纺织城 ,67.0,58.0,80.0,,,,,良,2010-11-30
纺织城 ,56.0,50.0,73.0,,,,,良,2010-11-29
纺织城 ,74.0,72.0,98.0,,,,,良,2010-11-28
纺织城 ,84.0,90.0,93.0,,,,,良,2010-11-27
纺织城 ,82.0,125.0,140.0,,,,,轻微污染,2010-11-26
纺织城 ,78.0,120.0,111.0,,,,,轻微污染,2010-11-25
纺织城 ,91.0,122.0,124.0,,,,,轻微污染,2010-11-24
纺织城 ,94.0,80.0,96.0,,,,,良,2010-11-23
纺织城 ,60.0,60.0,88.0,,,,,良,2010-11-22
纺织城 ,93.0,83.0,88.0,,,,,良,2010-11-21
纺织城 ,77.0,82.0,113.0,,,,,轻微污染,2010-11-20
纺织城 ,65.0,75.0,83.0,,,,,良,2010-11-19
纺织城 ,75.0,82.0,148.0,,,,,轻微污染,2010-11-18
纺织城 ,51.0,40.0,99.0,,,,,良,2010-11-17
纺织城 ,76.0,49.0,86.0,,,,,良,2010-11-16
纺织城 ,70.0,31.0,78.0,,,,,良,2010-11-15
纺织城 ,62.0,49.0,85.0,,,,,良,2010-11-14
纺织城 ,66.0,39.0,91.0,,,,,良,2010-11-13
纺织城 ,52.0,52.0,80.0,,,,,良,2010-11-12
纺织城 ,54.0,41.0,91.0,,,,,良,2010-11-11
纺织城 ,45.0,37.0,84.0,,,,,良,2010-11-10
纺织城 ,45.0,42.0,87.0,,,,,良,2010-11-09
纺织城 ,46.0,32.0,91.0,,,,,良,2010-11-08
纺织城 ,56.0,41.0,82.0,,,,,良,2010-11-07
纺织城 ,60.0,97.0,105.0,,,,,轻微污染,2010-11-06
纺织城 ,49.0,72.0,79.0,,,,,良,2010-11-05
纺织城 ,40.0,58.0,69.0,,,,,良,2010-11-04
纺织城 ,41.0,69.0,77.0,,,,,良,2010-11-03
纺织城 ,36.0,48.0,77.0,,,,,良,2010-11-02
纺织城 ,52.0,109.0,130.0,,,,,轻微污染,2010-11-01
纺织城 ,45.0,103.0,106.0,,,,,轻微污染,2010-10-31
纺织城 ,40.0,82.0,77.0,,,,,良,2010-10-30
纺织城 ,30.0,47.0,74.0,,,,,良,2010-10-29
纺织城 ,37.0,46.0,62.0,,,,,良,2010-10-28
纺织城 ,20.0,34.0,73.0,,,,,良,2010-10-27
纺织城 ,10.0,26.0,27.0,,,,,优,2010-10-26
纺织城 ,17.0,25.0,54.0,,,,,良,2010-10-25
纺织城 ,42.0,67.0,133.0,,,,,轻微污染,2010-10-24
纺织城 ,42.0,55.0,106.0,,,,,轻微污染,2010-10-23
纺织城 ,41.0,63.0,96.0,,,,,良,2010-10-22
纺织城 ,36.0,46.0,126.0,,,,,轻微污染,2010-10-21
纺织城 ,20.0,45.0,152.0,,,,,轻度污染,2010-10-20
纺织城 ,40.0,75.0,146.0,,,,,轻微污染,2010-10-19
纺织城 ,26.0,69.0,118.0,,,,,轻微污染,2010-10-18
纺织城 ,35.0,85.0,100.0,,,,,良,2010-10-17
纺织城 ,28.0,88.0,90.0,,,,,良,2010-10-16
纺织城 ,25.0,48.0,65.0,,,,,良,2010-10-15
纺织城 ,27.0,45.0,96.0,,,,,良,2010-10-14
纺织城 ,20.0,49.0,56.0,,,,,良,2010-10-13
纺织城 ,17.0,40.0,60.0,,,,,良,2010-10-12
纺织城 ,29.0,22.0,59.0,,,,,良,2010-10-11
纺织城 ,27.0,40.0,87.0,,,,,良,2010-10-10
纺织城 ,32.0,37.0,133.0,,,,,轻微污染,2010-10-09
纺织城 ,27.0,42.0,93.0,,,,,良,2010-10-08
纺织城 ,50.0,39.0,94.0,,,,,良,2010-10-07
纺织城 ,49.0,32.0,84.0,,,,,良,2010-10-06
纺织城 ,29.0,33.0,75.0,,,,,良,2010-10-05
纺织城 ,24.0,44.0,64.0,,,,,良,2010-10-04
纺织城 ,18.0,29.0,70.0,,,,,良,2010-10-03
纺织城 ,18.0,24.0,68.0,,,,,良,2010-10-02
纺织城 ,24.0,29.0,100.0,,,,,良,2010-10-01
纺织城 ,36.0,26.0,88.0,,,,,良,2010-09-30
纺织城 ,21.0,25.0,91.0,,,,,良,2010-09-29
纺织城 ,39.0,40.0,124.0,,,,,轻微污染,2010-09-28
纺织城 ,32.0,17.0,100.0,,,,,良,2010-09-27
纺织城 ,25.0,20.0,63.0,,,,,良,2010-09-26
纺织城 ,19.0,13.0,73.0,,,,,良,2010-09-25
纺织城 ,58.0,50.0,80.0,,,,,良,2010-09-24
纺织城 ,40.0,39.0,50.0,,,,,优,2010-09-23
纺织城 ,31.0,36.0,36.0,,,,,优,2010-09-22
纺织城 ,34.0,44.0,75.0,,,,,良,2010-09-21
纺织城 ,29.0,42.0,77.0,,,,,良,2010-09-20
纺织城 ,29.0,39.0,85.0,,,,,良,2010-09-19
纺织城 ,33.0,23.0,77.0,,,,,良,2010-09-18
纺织城 ,23.0,32.0,57.0,,,,,良,2010-09-17
纺织城 ,31.0,39.0,76.0,,,,,良,2010-09-16
纺织城 ,22.0,37.0,59.0,,,,,良,2010-09-15
纺织城 ,24.0,31.0,68.0,,,,,良,2010-09-14
纺织城 ,20.0,50.0,57.0,,,,,良,2010-09-13
纺织城 ,26.0,29.0,70.0,,,,,良,2010-09-12
纺织城 ,19.0,29.0,55.0,,,,,良,2010-09-11
纺织城 ,24.0,28.0,52.0,,,,,良,2010-09-10
纺织城 ,39.0,25.0,92.0,,,,,良,2010-09-09
纺织城 ,34.0,25.0,54.0,,,,,良,2010-09-08
纺织城 ,11.0,28.0,75.0,,,,,良,2010-09-07
纺织城 ,26.0,25.0,99.0,,,,,良,2010-09-06
纺织城 ,25.0,35.0,66.0,,,,,良,2010-09-05
纺织城 ,25.0,32.0,76.0,,,,,良,2010-09-04
纺织城 ,34.0,36.0,83.0,,,,,良,2010-09-03
纺织城 ,42.0,39.0,87.0,,,,,良,2010-09-02
纺织城 ,31.0,27.0,56.0,,,,,良,2010-09-01
纺织城 ,32.0,30.0,69.0,,,,,良,2010-08-31
纺织城 ,31.0,42.0,88.0,,,,,良,2010-08-30
纺织城 ,29.0,29.0,84.0,,,,,良,2010-08-29
纺织城 ,41.0,27.0,80.0,,,,,良,2010-08-28
纺织城 ,26.0,32.0,70.0,,,,,良,2010-08-27
纺织城 ,37.0,29.0,69.0,,,,,良,2010-08-26
纺织城 ,29.0,26.0,53.0,,,,,良,2010-08-25
纺织城 ,6.0,7.0,19.0,,,,,优,2010-08-24
纺织城 ,18.0,16.0,60.0,,,,,良,2010-08-23
纺织城 ,8.0,22.0,58.0,,,,,良,2010-08-22
纺织城 ,9.0,20.0,69.0,,,,,良,2010-08-21
纺织城 ,10.0,25.0,55.0,,,,,良,2010-08-20
纺织城 ,22.0,25.0,91.0,,,,,良,2010-08-19
纺织城 ,12.0,25.0,97.0,,,,,良,2010-08-18
纺织城 ,11.0,37.0,77.0,,,,,良,2010-08-17
纺织城 ,20.0,26.0,67.0,,,,,良,2010-08-16
纺织城 ,10.0,22.0,71.0,,,,,良,2010-08-15
纺织城 ,9.0,16.0,54.0,,,,,良,2010-08-14
纺织城 ,10.0,17.0,83.0,,,,,良,2010-08-13
纺织城 ,3.0,12.0,82.0,,,,,良,2010-08-12
纺织城 ,25.0,12.0,92.0,,,,,良,2010-08-11
纺织城 ,20.0,8.0,79.0,,,,,良,2010-08-10
纺织城 ,17.0,12.0,89.0,,,,,良,2010-08-09
纺织城 ,13.0,9.0,89.0,,,,,良,2010-08-08
纺织城 ,13.0,7.0,85.0,,,,,良,2010-08-07
纺织城 ,9.0,27.0,68.0,,,,,良,2010-08-06
纺织城 ,8.0,15.0,55.0,,,,,良,2010-08-05
纺织城 ,16.0,20.0,88.0,,,,,良,2010-08-04
纺织城 ,17.0,18.0,90.0,,,,,良,2010-08-03
纺织城 ,10.0,23.0,75.0,,,,,良,2010-08-02
纺织城 ,22.0,25.0,86.0,,,,,良,2010-08-01
纺织城 ,13.0,20.0,91.0,,,,,良,2010-07-31
纺织城 ,28.0,16.0,80.0,,,,,良,2010-07-30
纺织城 ,15.0,22.0,90.0,,,,,良,2010-07-29
纺织城 ,12.0,16.0,81.0,,,,,良,2010-07-28
纺织城 ,31.0,24.0,98.0,,,,,良,2010-07-27
纺织城 ,24.0,19.0,72.0,,,,,良,2010-07-26
纺织城 ,13.0,12.0,75.0,,,,,良,2010-07-25
纺织城 ,15.0,21.0,83.0,,,,,良,2010-07-24
纺织城 ,8.0,20.0,93.0,,,,,良,2010-07-23
纺织城 ,17.0,21.0,57.0,,,,,良,2010-07-22
纺织城 ,16.0,25.0,65.0,,,,,良,2010-07-21
纺织城 ,13.0,29.0,83.0,,,,,良,2010-07-20
纺织城 ,10.0,30.0,77.0,,,,,良,2010-07-19
纺织城 ,19.0,35.0,79.0,,,,,良,2010-07-18
纺织城 ,8.0,22.0,83.0,,,,,良,2010-07-17
纺织城 ,13.0,16.0,93.0,,,,,良,2010-07-16
纺织城 ,10.0,15.0,53.0,,,,,良,2010-07-15
纺织城 ,15.0,20.0,74.0,,,,,良,2010-07-14
纺织城 ,34.0,9.0,86.0,,,,,良,2010-07-13
纺织城 ,14.0,15.0,71.0,,,,,良,2010-07-12
纺织城 ,18.0,23.0,74.0,,,,,良,2010-07-11
纺织城 ,8.0,20.0,30.0,,,,,优,2010-07-10
纺织城 ,10.0,22.0,86.0,,,,,良,2010-07-09
纺织城 ,10.0,28.0,88.0,,,,,良,2010-07-08
纺织城 ,13.0,17.0,68.0,,,,,良,2010-07-07
纺织城 ,33.0,34.0,66.0,,,,,良,2010-07-06
纺织城 ,13.0,34.0,62.0,,,,,良,2010-07-05
纺织城 ,25.0,37.0,60.0,,,,,良,2010-07-04
纺织城 ,13.0,26.0,78.0,,,,,良,2010-07-03
纺织城 ,18.0,32.0,72.0,,,,,良,2010-07-02
纺织城 ,24.0,31.0,39.0,,,,,优,2010-07-01
纺织城 ,15.0,19.0,53.0,,,,,良,2010-06-30
纺织城 ,23.0,10.0,64.0,,,,,良,2010-06-29
纺织城 ,39.0,12.0,91.0,,,,,良,2010-06-28
纺织城 ,30.0,7.0,54.0,,,,,良,2010-06-27
纺织城 ,22.0,15.0,73.0,,,,,良,2010-06-26
纺织城 ,21.0,12.0,73.0,,,,,良,2010-06-25
纺织城 ,28.0,9.0,73.0,,,,,良,2010-06-24
纺织城 ,14.0,22.0,60.0,,,,,良,2010-06-23
纺织城 ,13.0,20.0,81.0,,,,,良,2010-06-22
纺织城 ,13.0,22.0,87.0,,,,,良,2010-06-21
纺织城 ,13.0,35.0,77.0,,,,,良,2010-06-20
纺织城 ,19.0,33.0,95.0,,,,,良,2010-06-19
纺织城 ,20.0,42.0,83.0,,,,,良,2010-06-18
纺织城 ,16.0,29.0,63.0,,,,,良,2010-06-17
纺织城 ,7.0,26.0,61.0,,,,,良,2010-06-16
纺织城 ,22.0,41.0,103.0,,,,,轻微污染,2010-06-15
纺织城 ,28.0,28.0,84.0,,,,,良,2010-06-14
纺织城 ,29.0,37.0,79.0,,,,,良,2010-06-13
纺织城 ,25.0,19.0,57.0,,,,,良,2010-06-12
纺织城 ,17.0,50.0,92.0,,,,,良,2010-06-11
纺织城 ,11.0,31.0,61.0,,,,,良,2010-06-10
纺织城 ,5.0,22.0,73.0,,,,,良,2010-06-09
纺织城 ,13.0,22.0,67.0,,,,,良,2010-06-08
纺织城 ,14.0,13.0,79.0,,,,,良,2010-06-07
纺织城 ,10.0,19.0,74.0,,,,,良,2010-06-06
纺织城 ,25.0,43.0,59.0,,,,,良,2010-06-05
纺织城 ,23.0,39.0,64.0,,,,,良,2010-06-04
纺织城 ,21.0,34.0,98.0,,,,,良,2010-06-03
纺织城 ,10.0,34.0,58.0,,,,,良,2010-06-02
纺织城 ,9.0,28.0,65.0,,,,,良,2010-06-01
纺织城 ,34.0,36.0,92.0,,,,,良,2010-05-31
纺织城 ,28.0,34.0,96.0,,,,,良,2010-05-30
纺织城 ,31.0,34.0,100.0,,,,,良,2010-05-29
纺织城 ,35.0,23.0,58.0,,,,,良,2010-05-28
纺织城 ,26.0,28.0,36.0,,,,,优,2010-05-27
纺织城 ,21.0,11.0,78.0,,,,,良,2010-05-26
纺织城 ,40.0,32.0,71.0,,,,,良,2010-05-25
纺织城 ,32.0,36.0,76.0,,,,,良,2010-05-24
纺织城 ,27.0,28.0,72.0,,,,,良,2010-05-23
纺织城 ,23.0,32.0,54.0,,,,,良,2010-05-22
纺织城 ,25.0,26.0,88.0,,,,,良,2010-05-21
纺织城 ,37.0,38.0,71.0,,,,,良,2010-05-20
纺织城 ,18.0,34.0,60.0,,,,,良,2010-05-19
纺织城 ,11.0,28.0,55.0,,,,,良,2010-05-18
纺织城 ,26.0,14.0,81.0,,,,,良,2010-05-17
纺织城 ,26.0,15.0,94.0,,,,,良,2010-05-16
纺织城 ,34.0,20.0,83.0,,,,,良,2010-05-15
纺织城 ,32.0,20.0,62.0,,,,,良,2010-05-14
纺织城 ,26.0,16.0,59.0,,,,,良,2010-05-13
纺织城 ,22.0,11.0,77.0,,,,,良,2010-05-12
纺织城 ,37.0,33.0,105.0,,,,,轻微污染,2010-05-11
纺织城 ,39.0,25.0,110.0,,,,,轻微污染,2010-05-10
纺织城 ,26.0,18.0,65.0,,,,,良,2010-05-09
纺织城 ,39.0,13.0,52.0,,,,,良,2010-05-08
纺织城 ,33.0,19.0,52.0,,,,,良,2010-05-07
纺织城 ,22.0,15.0,57.0,,,,,良,2010-05-06
纺织城 ,31.0,16.0,89.0,,,,,良,2010-05-05
纺织城 ,28.0,18.0,104.0,,,,,轻微污染,2010-05-04
纺织城 ,51.0,20.0,84.0,,,,,良,2010-05-03
纺织城 ,36.0,24.0,96.0,,,,,良,2010-05-02
纺织城 ,42.0,20.0,88.0,,,,,良,2010-05-01
纺织城 ,27.0,20.0,105.0,,,,,轻微污染,2010-04-30
纺织城 ,31.0,28.0,106.0,,,,,轻微污染,2010-04-29
纺织城 ,23.0,19.0,115.0,,,,,轻微污染,2010-04-28
纺织城 ,18.0,18.0,108.0,,,,,轻微污染,2010-04-27
纺织城 ,13.0,14.0,206.0,,,,,中度污染,2010-04-26
纺织城 ,11.0,10.0,76.0,,,,,良,2010-04-25
纺织城 ,24.0,35.0,96.0,,,,,良,2010-04-24
纺织城 ,12.0,30.0,60.0,,,,,良,2010-04-23
纺织城 ,16.0,21.0,37.0,,,,,优,2010-04-22
纺织城 ,45.0,16.0,72.0,,,,,良,2010-04-21
纺织城 ,39.0,32.0,85.0,,,,,良,2010-04-20
纺织城 ,35.0,32.0,106.0,,,,,轻微污染,2010-04-19
纺织城 ,30.0,30.0,99.0,,,,,良,2010-04-18
纺织城 ,37.0,40.0,141.0,,,,,轻微污染,2010-04-17
纺织城 ,40.0,24.0,65.0,,,,,良,2010-04-16
纺织城 ,33.0,29.0,72.0,,,,,良,2010-04-15
纺织城 ,35.0,14.0,73.0,,,,,良,2010-04-14
纺织城 ,24.0,17.0,62.0,,,,,良,2010-04-13
纺织城 ,31.0,14.0,86.0,,,,,良,2010-04-12
纺织城 ,34.0,29.0,73.0,,,,,良,2010-04-11
纺织城 ,36.0,24.0,86.0,,,,,良,2010-04-10
纺织城 ,37.0,42.0,80.0,,,,,良,2010-04-09
纺织城 ,30.0,40.0,84.0,,,,,良,2010-04-08
纺织城 ,31.0,40.0,70.0,,,,,良,2010-04-07
纺织城 ,28.0,39.0,74.0,,,,,良,2010-04-06
纺织城 ,37.0,35.0,66.0,,,,,良,2010-04-05
纺织城 ,36.0,30.0,57.0,,,,,良,2010-04-04
纺织城 ,38.0,36.0,71.0,,,,,良,2010-04-03
纺织城 ,31.0,29.0,80.0,,,,,良,2010-04-02
纺织城 ,17.0,40.0,78.0,,,,,良,2010-04-01
纺织城 ,16.0,36.0,64.0,,,,,良,2010-03-31
纺织城 ,27.0,31.0,107.0,,,,,轻微污染,2010-03-30
纺织城 ,21.0,27.0,83.0,,,,,良,2010-03-29
纺织城 ,25.0,49.0,69.0,,,,,良,2010-03-28
纺织城 ,18.0,40.0,76.0,,,,,良,2010-03-27
纺织城 ,21.0,43.0,80.0,,,,,良,2010-03-26
纺织城 ,15.0,45.0,72.0,,,,,良,2010-03-25
纺织城 ,21.0,22.0,74.0,,,,,良,2010-03-24
纺织城 ,15.0,22.0,78.0,,,,,良,2010-03-23
纺织城 ,29.0,47.0,132.0,,,,,轻微污染,2010-03-22
纺织城 ,11.0,72.0,98.0,,,,,良,2010-03-21
纺织城 ,21.0,41.0,138.0,,,,,轻微污染,2010-03-20
纺织城 ,35.0,44.0,100.0,,,,,良,2010-03-19
纺织城 ,38.0,38.0,118.0,,,,,轻微污染,2010-03-18
纺织城 ,36.0,34.0,88.0,,,,,良,2010-03-17
纺织城 ,36.0,35.0,74.0,,,,,良,2010-03-16
纺织城 ,26.0,30.0,64.0,,,,,良,2010-03-15
纺织城 ,35.0,24.0,98.0,,,,,良,2010-03-14
纺织城 ,36.0,42.0,115.0,,,,,轻微污染,2010-03-13
纺织城 ,31.0,32.0,71.0,,,,,良,2010-03-12
纺织城 ,30.0,31.0,63.0,,,,,良,2010-03-11
纺织城 ,38.0,47.0,54.0,,,,,良,2010-03-10
纺织城 ,38.0,13.0,38.0,,,,,优,2010-03-09
纺织城 ,40.0,20.0,60.0,,,,,良,2010-03-08
纺织城 ,70.0,26.0,66.0,,,,,良,2010-03-07
纺织城 ,54.0,21.0,60.0,,,,,良,2010-03-06
纺织城 ,51.0,25.0,70.0,,,,,良,2010-03-05
纺织城 ,53.0,27.0,65.0,,,,,良,2010-03-04
纺织城 ,49.0,36.0,82.0,,,,,良,2010-03-03
纺织城 ,63.0,34.0,83.0,,,,,良,2010-03-02
纺织城 ,40.0,23.0,118.0,,,,,轻微污染,2010-03-01
纺织城 ,46.0,22.0,95.0,,,,,良,2010-02-28
纺织城 ,46.0,30.0,97.0,,,,,良,2010-02-27
纺织城 ,32.0,21.0,72.0,,,,,良,2010-02-26
纺织城 ,49.0,20.0,99.0,,,,,良,2010-02-25
纺织城 ,54.0,35.0,105.0,,,,,轻微污染,2010-02-24
纺织城 ,26.0,23.0,78.0,,,,,良,2010-02-23
纺织城 ,27.0,22.0,64.0,,,,,良,2010-02-22
纺织城 ,18.0,18.0,57.0,,,,,良,2010-02-21
纺织城 ,14.0,17.0,55.0,,,,,良,2010-02-20
纺织城 ,12.0,9.0,51.0,,,,,良,2010-02-19
纺织城 ,11.0,7.0,39.0,,,,,优,2010-02-18
纺织城 ,16.0,8.0,57.0,,,,,良,2010-02-17
纺织城 ,18.0,8.0,55.0,,,,,良,2010-02-16
纺织城 ,19.0,19.0,64.0,,,,,良,2010-02-15
纺织城 ,32.0,12.0,94.0,,,,,良,2010-02-14
纺织城 ,22.0,12.0,62.0,,,,,良,2010-02-13
纺织城 ,26.0,9.0,44.0,,,,,优,2010-02-12
纺织城 ,28.0,10.0,37.0,,,,,优,2010-02-11
纺织城 ,34.0,25.0,65.0,,,,,良,2010-02-10
纺织城 ,59.0,34.0,114.0,,,,,轻微污染,2010-02-09
纺织城 ,38.0,34.0,108.0,,,,,轻微污染,2010-02-08
纺织城 ,62.0,35.0,122.0,,,,,轻微污染,2010-02-07
纺织城 ,58.0,45.0,123.0,,,,,轻微污染,2010-02-06
纺织城 ,52.0,67.0,108.0,,,,,轻微污染,2010-02-05
纺织城 ,52.0,67.0,110.0,,,,,轻微污染,2010-02-04
纺织城 ,47.0,44.0,88.0,,,,,良,2010-02-03
纺织城 ,44.0,50.0,98.0,,,,,良,2010-02-02
纺织城 ,39.0,49.0,91.0,,,,,良,2010-02-01
纺织城 ,24.0,48.0,90.0,,,,,良,2010-01-31
纺织城 ,54.0,43.0,78.0,,,,,良,2010-01-30
纺织城 ,27.0,50.0,93.0,,,,,良,2010-01-29
纺织城 ,21.0,48.0,88.0,,,,,良,2010-01-28
纺织城 ,26.0,47.0,88.0,,,,,良,2010-01-27
纺织城 ,20.0,58.0,73.0,,,,,良,2010-01-26
纺织城 ,43.0,70.0,98.0,,,,,良,2010-01-25
纺织城 ,57.0,42.0,70.0,,,,,良,2010-01-24
纺织城 ,46.0,60.0,67.0,,,,,良,2010-01-23
纺织城 ,38.0,53.0,72.0,,,,,良,2010-01-22
纺织城 ,44.0,50.0,85.0,,,,,良,2010-01-21
纺织城 ,63.0,93.0,166.0,,,,,轻度污染,2010-01-20
纺织城 ,55.0,54.0,137.0,,,,,轻微污染,2010-01-19
纺织城 ,57.0,63.0,127.0,,,,,轻微污染,2010-01-18
纺织城 ,46.0,40.0,146.0,,,,,轻微污染,2010-01-17
纺织城 ,44.0,47.0,115.0,,,,,轻微污染,2010-01-16
纺织城 ,53.0,50.0,119.0,,,,,轻微污染,2010-01-15
纺织城 ,58.0,39.0,80.0,,,,,良,2010-01-14
纺织城 ,59.0,31.0,59.0,,,,,良,2010-01-13
纺织城 ,67.0,40.0,70.0,,,,,良,2010-01-12
纺织城 ,29.0,60.0,105.0,,,,,轻微污染,2010-01-11
纺织城 ,49.0,47.0,126.0,,,,,轻微污染,2010-01-10
纺织城 ,84.0,49.0,148.0,,,,,轻微污染,2010-01-09
纺织城 ,51.0,45.0,123.0,,,,,轻微污染,2010-01-08
纺织城 ,54.0,40.0,109.0,,,,,轻微污染,2010-01-07
纺织城 ,43.0,36.0,92.0,,,,,良,2010-01-06
纺织城 ,70.0,29.0,70.0,,,,,良,2010-01-05
纺织城 ,40.0,40.0,98.0,,,,,良,2010-01-04
纺织城 ,40.0,36.0,84.0,,,,,良,2010-01-03
纺织城 ,60.0,34.0,69.0,,,,,良,2010-01-02
纺织城 ,62.0,48.0,85.0,,,,,良,2010-01-01
小寨 ,40.0,117.0,151.0,42.0,31.0,41.0,112.0,中度,2013-04-26
小寨 ,38.0,125.0,169.0,45.0,31.0,40.0,132.0,中度,2013-04-25
小寨 ,31.0,,152.0,,23.0,30.0,125.0,中度,2013-04-24
小寨 ,30.0,80.0,132.0,77.0,24.0,28.0,142.0,轻度,2013-04-23
小寨 ,28.0,52.0,142.0,84.0,9.0,11.0,173.0,中度,2013-04-22
小寨 ,44.0,55.0,113.0,76.0,18.0,23.0,138.0,轻度,2013-04-21
小寨 ,28.0,40.0,81.0,76.0,13.0,18.0,89.0,良,2013-04-20
小寨 ,18.0,37.0,112.0,74.0,16.0,22.0,87.0,轻度,2013-04-19
小寨 ,36.0,45.0,198.0,71.0,26.0,36.0,144.0,中度,2013-04-18
小寨 ,48.0,78.0,149.0,84.0,40.0,54.0,107.0,轻度,2013-04-17
小寨 ,21.0,44.0,87.0,59.0,33.0,46.0,49.0,良,2013-04-16
小寨 ,25.0,99.0,104.0,76.0,38.0,56.0,68.0,轻度,2013-04-15
小寨 ,25.0,84.0,91.0,68.0,32.0,43.0,50.0,良,2013-04-14
小寨 ,25.0,99.0,97.0,74.0,29.0,39.0,62.0,良,2013-04-13
小寨 ,32.0,94.0,96.0,75.0,30.0,41.0,63.0,良,2013-04-12
小寨 ,22.0,64.0,90.0,71.0,25.0,36.0,59.0,良,2013-04-10
小寨 ,19.0,45.0,87.0,81.0,25.0,36.0,39.0,良,2013-04-09
小寨 ,22.0,70.0,130.0,96.0,22.0,32.0,72.0,轻度,2013-04-08
小寨 ,43.0,89.0,114.0,101.0,27.0,34.0,85.0,轻度,2013-04-07
小寨 ,25.0,62.0,91.0,83.0,25.0,35.0,55.0,良,2013-04-06
小寨 ,15.0,35.0,103.0,84.0,20.0,28.0,54.0,轻度,2013-04-05
小寨 ,36.0,79.0,161.0,101.0,15.0,20.0,172.0,中度,2013-04-04
小寨 ,53.0,98.0,152.0,101.0,34.0,42.0,148.0,中度,2013-04-03
小寨 ,62.0,94.0,139.0,96.0,11.0,14.0,114.0,轻度,2013-04-02
小寨 ,37.0,103.0,192.0,102.0,34.0,42.0,215.0,重度,2013-04-01
小寨 ,52.0,82.0,187.0,98.0,29.0,29.0,222.0,重度,2013-03-31
小寨 ,54.0,95.0,195.0,101.0,29.0,39.0,204.0,重度,2013-03-30
小寨 ,53.0,85.0,172.0,93.0,20.0,27.0,165.0,中度,2013-03-29
小寨 ,52.0,103.0,133.0,102.0,30.0,36.0,104.0,轻度,2013-03-28
小寨 ,46.0,107.0,124.0,102.0,22.0,30.0,99.0,轻度,2013-03-27
小寨 ,23.0,69.0,118.0,83.0,30.0,40.0,112.0,轻度,2013-03-26
小寨 ,59.0,84.0,142.0,84.0,11.0,,128.0,轻度,2013-03-25
小寨 ,50.0,63.0,153.0,76.0,25.0,33.0,102.0,中度,2013-03-24
小寨 ,47.0,102.0,181.0,101.0,32.0,38.0,170.0,中度,2013-03-23
小寨 ,49.0,102.0,143.0,98.0,22.0,27.0,139.0,轻度,2013-03-22
小寨 ,50.0,82.0,166.0,86.0,16.0,22.0,143.0,中度,2013-03-21
小寨 ,43.0,74.0,135.0,79.0,23.0,32.0,78.0,轻度,2013-03-20
小寨 ,37.0,104.0,166.0,103.0,25.0,28.0,110.0,中度,2013-03-19
小寨 ,40.0,102.0,138.0,100.0,27.0,30.0,83.0,轻度,2013-03-18
小寨 ,51.0,69.0,141.0,90.0,32.0,44.0,143.0,轻度,2013-03-17
小寨 ,62.0,94.0,219.0,100.0,10.0,14.0,256.0,重度,2013-03-16
小寨 ,86.0,95.0,190.0,89.0,15.0,19.0,219.0,重度,2013-03-15
小寨 ,67.0,58.0,174.0,71.0,17.0,21.0,147.0,中度,2013-03-14
小寨 ,77.0,73.0,500.0,91.0,11.0,15.0,253.0,严重,2013-03-13
小寨 ,52.0,60.0,500.0,78.0,14.0,18.0,190.0,严重,2013-03-12
小寨 ,74.0,63.0,143.0,61.0,12.0,14.0,93.0,轻度,2013-03-11
小寨 ,34.0,47.0,340.0,39.0,22.0,26.0,92.0,严重,2013-03-10
小寨 ,35.0,92.0,500.0,66.0,18.0,25.0,196.0,严重,2013-03-09
小寨 ,62.0,113.0,152.0,87.0,36.0,39.0,108.0,中度,2013-03-08
小寨 ,68.0,113.0,199.0,68.0,25.0,27.0,127.0,中度,2013-03-07
小寨 ,52.0,82.0,191.0,35.0,26.0,34.0,127.0,中度,2013-03-06
小寨 ,97.0,111.0,209.0,52.0,22.0,24.0,193.0,重度,2013-03-05
小寨 ,87.0,101.0,161.0,44.0,23.0,24.0,108.0,中度,2013-03-04
小寨 ,46.0,70.0,162.0,,26.0,34.0,95.0,中度,2013-03-03
小寨 ,69.0,64.0,148.0,18.0,21.0,27.0,78.0,轻度,2013-03-02
小寨 ,58.0,55.0,163.0,,18.0,25.0,54.0,中度,2013-03-01
小寨 ,58.0,55.0,280.0,,19.0,23.0,251.0,重度,2013-02-28
小寨 ,95.0,64.0,358.0,103.0,21.0,30.0,349.0,严重,2013-02-27
小寨 ,102.0,68.0,369.0,104.0,24.0,21.0,368.0,严重,2013-02-26
小寨 ,102.0,53.0,305.0,62.0,9.0,11.0,347.0,严重,2013-02-25
小寨 ,83.0,53.0,178.0,59.0,24.0,28.0,247.0,重度,2013-02-23
小寨 ,68.0,43.0,111.0,49.0,28.0,32.0,130.0,轻度,2013-02-22
小寨 ,59.0,34.0,119.0,28.0,31.0,38.0,158.0,中度,2013-02-21
小寨 ,59.0,25.0,93.0,,17.0,22.0,117.0,轻度,2013-02-20
小寨 ,52.0,25.0,88.0,11.0,11.0,13.0,109.0,轻度,2013-02-19
小寨 ,35.0,27.0,103.0,22.0,22.0,24.0,110.0,轻度,2013-02-18
小寨 ,77.0,37.0,177.0,74.0,18.0,22.0,247.0,重度,2013-02-17
小寨 ,79.0,39.0,192.0,103.0,21.0,28.0,284.0,重度,2013-02-16
小寨 ,63.0,29.0,80.0,78.0,23.0,29.0,78.0,良,2013-02-15
小寨 ,65.0,29.0,101.0,83.0,20.0,25.0,128.0,轻度,2013-02-14
小寨 ,61.0,24.0,108.0,80.0,20.0,27.0,137.0,轻度,2013-02-12
小寨 ,71.0,25.0,188.0,88.0,10.0,11.0,275.0,重度,2013-02-11
小寨 ,99.0,33.0,500.0,100.0,24.0,27.0,500.0,严重,2013-02-10
小寨 ,104.0,38.0,173.0,90.0,18.0,20.0,283.0,重度,2013-02-09
小寨 ,76.0,37.0,107.0,87.0,10.0,13.0,163.0,中度,2013-02-08
小寨 ,94.0,38.0,134.0,91.0,10.0,12.0,195.0,中度,2013-02-07
小寨 ,99.0,53.0,203.0,103.0,9.0,11.0,309.0,严重,2013-02-06
小寨 ,78.0,43.0,101.0,97.0,19.0,21.0,138.0,轻度,2013-02-05
小寨 ,45.0,43.0,119.0,102.0,5.0,7.0,170.0,中度,2013-02-04
小寨 ,37.0,50.0,185.0,103.0,5.0,7.0,251.0,重度,2013-02-03
小寨 ,75.0,80.0,410.0,107.0,5.0,7.0,359.0,严重,2013-02-02
小寨 ,72.0,93.0,451.0,108.0,6.0,8.0,413.0,严重,2013-02-01
小寨 ,71.0,65.0,370.0,101.0,11.0,12.0,312.0,严重,2013-01-31
小寨 ,105.0,87.0,500.0,102.0,7.0,10.0,389.0,严重,2013-01-30
小寨 ,104.0,93.0,332.0,105.0,10.0,12.0,331.0,严重,2013-01-29
小寨 ,104.0,74.0,205.0,103.0,10.0,11.0,261.0,重度,2013-01-28
小寨 ,103.0,83.0,194.0,103.0,8.0,9.0,223.0,重度,2013-01-27
小寨 ,70.0,60.0,129.0,95.0,16.0,19.0,135.0,轻度,2013-01-26
小寨 ,61.0,50.0,118.0,91.0,18.0,20.0,124.0,轻度,2013-01-25
小寨 ,49.0,30.0,84.0,59.0,24.0,32.0,49.0,良,2013-01-24
小寨 ,85.0,64.0,178.0,98.0,15.0,18.0,229.0,重度,2013-01-23
小寨 ,99.0,63.0,124.0,87.0,13.0,14.0,147.0,轻度,2013-01-22
小寨 ,61.0,34.0,87.0,63.0,19.0,24.0,74.0,良,2013-01-21
小寨 ,97.0,55.0,292.0,102.0,11.0,12.0,271.0,重度,2013-01-20
小寨 ,116.0,101.0,500.0,113.0,10.0,12.0,402.0,严重,2013-01-19
小寨 ,123.0,79.0,328.0,106.0,8.0,10.0,273.0,严重,2013-01-18
小寨 ,115.0,70.0,199.0,102.0,8.0,9.0,204.0,重度,2013-01-17
小寨 ,101.0,63.0,178.0,92.0,15.0,16.0,153.0,中度,2013-01-16
小寨 ,70.0,44.0,141.0,42.0,20.0,22.0,83.0,轻度,2013-01-15
小寨 ,114.0,97.0,484.0,99.0,11.0,15.0,386.0,严重,2013-01-14
小寨 ,90.0,69.0,180.0,66.0,28.0,25.0,212.0,重度,2013-01-11
小寨 ,101.0,88.0,290.0,81.0,4.0,5.0,288.0,重度,2013-01-10
小寨 ,102.0,85.0,300.0,81.0,,,282.0,重度,2013-01-09
小寨 ,111.0,101.0,434.0,100.0,4.0,5.0,358.0,严重,2013-01-08
小寨 ,110.0,102.0,344.0,112.0,7.0,7.0,309.0,严重,2013-01-07
小寨 ,107.0,77.0,293.0,112.0,3.0,4.0,288.0,重度,2013-01-06
小寨 ,121.0,78.0,184.0,109.0,3.0,4.0,228.0,重度,2013-01-05
小寨 ,122.0,52.0,124.0,102.0,12.0,5.0,149.0,轻度,2013-01-04
小寨 ,85.0,33.0,69.0,77.0,50.0,19.0,42.0,良,2013-01-03
小寨 ,88.0,35.0,103.0,84.0,33.0,11.0,77.0,轻度,2013-01-02
小寨 ,97.0,64.0,148.0,104.0,47.0,12.0,127.0,轻度,2013-01-01
小寨 ,72.0,47.0,107.0,,,,,轻微污染,2012-12-31
小寨 ,68.0,19.0,80.0,,,,,良,2012-12-30
小寨 ,67.0,22.0,88.0,,,,,良,2012-12-29
小寨 ,96.0,41.0,243.0,,,,,中度污染,2012-12-28
小寨 ,83.0,38.0,119.0,,,,,轻微污染,2012-12-25
小寨 ,49.0,22.0,80.0,,,,,良,2012-12-24
小寨 ,47.0,17.0,63.0,,,,,良,2012-12-23
小寨 ,50.0,20.0,74.0,,,,,良,2012-12-22
小寨 ,54.0,27.0,87.0,,,,,良,2012-12-21
小寨 ,59.0,30.0,99.0,,,,,良,2012-12-20
小寨 ,58.0,29.0,95.0,,,,,良,2012-12-19
小寨 ,37.0,25.0,87.0,,,,,良,2012-12-18
小寨 ,45.0,30.0,182.0,,,,,轻度污染,2012-12-17
小寨 ,64.0,32.0,280.0,,,,,中度重污染,2012-12-16
小寨 ,55.0,35.0,268.0,,,,,中度重污染,2012-12-15
小寨 ,57.0,29.0,282.0,,,,,中度重污染,2012-12-14
小寨 ,66.0,39.0,307.0,,,,,重污染,2012-12-13
小寨 ,61.0,42.0,334.0,,,,,重污染,2012-12-12
小寨 ,66.0,39.0,140.0,,,,,轻微污染,2012-12-11
小寨 ,65.0,31.0,128.0,,,,,轻微污染,2012-12-10
小寨 ,61.0,25.0,92.0,,,,,良,2012-12-09
小寨 ,60.0,35.0,89.0,,,,,良,2012-12-08
小寨 ,60.0,33.0,94.0,,,,,良,2012-12-07
小寨 ,57.0,24.0,95.0,,,,,良,2012-12-06
小寨 ,73.0,22.0,98.0,,,,,良,2012-12-05
小寨 ,78.0,35.0,133.0,,,,,轻微污染,2012-12-04
小寨 ,74.0,26.0,127.0,,,,,轻微污染,2012-12-03
小寨 ,76.0,39.0,300.0,,,,,中度重污染,2012-12-02
小寨 ,87.0,37.0,181.0,,,,,轻度污染,2012-12-01
小寨 ,52.0,32.0,106.0,,,,,轻微污染,2012-11-30
小寨 ,37.0,20.0,90.0,,,,,良,2012-11-29
小寨 ,45.0,27.0,79.0,,,,,良,2012-11-28
小寨 ,44.0,24.0,77.0,,,,,良,2012-11-27
小寨 ,31.0,20.0,69.0,,,,,良,2012-11-26
小寨 ,40.0,22.0,78.0,,,,,良,2012-11-25
小寨 ,37.0,25.0,61.0,,,,,良,2012-11-24
小寨 ,26.0,17.0,58.0,,,,,良,2012-11-23
小寨 ,35.0,33.0,161.0,,,,,轻度污染,2012-11-22
小寨 ,30.0,32.0,141.0,,,,,轻微污染,2012-11-21
小寨 ,54.0,34.0,148.0,,,,,轻微污染,2012-11-20
小寨 ,36.0,35.0,91.0,,,,,良,2012-11-19
小寨 ,54.0,47.0,107.0,,,,,轻微污染,2012-11-18
小寨 ,50.0,35.0,99.0,,,,,良,2012-11-17
小寨 ,41.0,22.0,70.0,,,,,良,2012-11-16
小寨 ,57.0,39.0,141.0,,,,,轻微污染,2012-11-15
小寨 ,32.0,30.0,98.0,,,,,良,2012-11-14
小寨 ,37.0,38.0,79.0,,,,,良,2012-11-13
小寨 ,26.0,27.0,79.0,,,,,良,2012-11-12
小寨 ,22.0,25.0,65.0,,,,,良,2012-11-11
小寨 ,23.0,25.0,94.0,,,,,良,2012-11-10
小寨 ,24.0,33.0,90.0,,,,,良,2012-11-09
小寨 ,28.0,20.0,56.0,,,,,良,2012-11-08
小寨 ,28.0,35.0,91.0,,,,,良,2012-11-07
小寨 ,21.0,22.0,96.0,,,,,良,2012-11-06
小寨 ,26.0,29.0,68.0,,,,,良,2012-11-05
小寨 ,19.0,14.0,72.0,,,,,良,2012-11-04
小寨 ,27.0,17.0,94.0,,,,,良,2012-11-03
小寨 ,37.0,23.0,187.0,,,,,轻度污染,2012-11-02
小寨 ,27.0,22.0,81.0,,,,,良,2012-11-01
小寨 ,25.0,20.0,91.0,,,,,良,2012-10-31
小寨 ,25.0,19.0,91.0,,,,,良,2012-10-30
小寨 ,32.0,27.0,90.0,,,,,良,2012-10-29
小寨 ,28.0,34.0,98.0,,,,,良,2012-10-28
小寨 ,25.0,30.0,94.0,,,,,良,2012-10-27
小寨 ,27.0,31.0,113.0,,,,,轻微污染,2012-10-26
小寨 ,23.0,32.0,76.0,,,,,良,2012-10-25
小寨 ,26.0,22.0,90.0,,,,,良,2012-10-24
小寨 ,26.0,29.0,91.0,,,,,良,2012-10-23
小寨 ,20.0,20.0,47.0,,,,,优,2012-10-22
小寨 ,23.0,29.0,119.0,,,,,轻微污染,2012-10-21
小寨 ,21.0,27.0,90.0,,,,,良,2012-10-20
小寨 ,24.0,20.0,90.0,,,,,良,2012-10-19
小寨 ,20.0,22.0,86.0,,,,,良,2012-10-18
小寨 ,21.0,22.0,74.0,,,,,良,2012-10-17
小寨 ,23.0,22.0,100.0,,,,,良,2012-10-16
小寨 ,21.0,25.0,149.0,,,,,轻微污染,2012-10-15
小寨 ,22.0,27.0,96.0,,,,,良,2012-10-14
小寨 ,17.0,20.0,87.0,,,,,良,2012-10-13
小寨 ,27.0,25.0,121.0,,,,,轻微污染,2012-10-12
小寨 ,18.0,24.0,116.0,,,,,轻微污染,2012-10-11
小寨 ,17.0,19.0,71.0,,,,,良,2012-10-10
小寨 ,20.0,15.0,93.0,,,,,良,2012-10-09
小寨 ,32.0,30.0,149.0,,,,,轻微污染,2012-10-08
小寨 ,35.0,32.0,127.0,,,,,轻微污染,2012-10-07
小寨 ,19.0,26.0,96.0,,,,,良,2012-10-06
小寨 ,17.0,15.0,84.0,,,,,良,2012-10-05
小寨 ,21.0,18.0,72.0,,,,,良,2012-10-04
小寨 ,13.0,24.0,87.0,,,,,良,2012-10-03
小寨 ,24.0,29.0,110.0,,,,,轻微污染,2012-10-02
小寨 ,22.0,25.0,93.0,,,,,良,2012-10-01
小寨 ,29.0,30.0,95.0,,,,,良,2012-09-30
小寨 ,20.0,20.0,80.0,,,,,良,2012-09-29
小寨 ,25.0,20.0,58.0,,,,,良,2012-09-28
小寨 ,16.0,20.0,64.0,,,,,良,2012-09-27
小寨 ,17.0,20.0,45.0,,,,,优,2012-09-26
小寨 ,21.0,12.0,96.0,,,,,良,2012-09-25
小寨 ,25.0,22.0,113.0,,,,,轻微污染,2012-09-24
小寨 ,21.0,22.0,116.0,,,,,轻微污染,2012-09-23
小寨 ,12.0,15.0,82.0,,,,,良,2012-09-22
小寨 ,11.0,16.0,96.0,,,,,良,2012-09-21
小寨 ,19.0,32.0,82.0,,,,,良,2012-09-20
小寨 ,29.0,22.0,68.0,,,,,良,2012-09-19
小寨 ,19.0,23.0,79.0,,,,,良,2012-09-18
小寨 ,16.0,17.0,89.0,,,,,良,2012-09-17
小寨 ,20.0,15.0,59.0,,,,,良,2012-09-16
小寨 ,26.0,22.0,73.0,,,,,良,2012-09-15
小寨 ,24.0,15.0,56.0,,,,,良,2012-09-14
小寨 ,23.0,12.0,58.0,,,,,良,2012-09-13
小寨 ,20.0,15.0,56.0,,,,,良,2012-09-12
小寨 ,18.0,13.0,61.0,,,,,良,2012-09-11
小寨 ,18.0,12.0,61.0,,,,,良,2012-09-10
小寨 ,13.0,14.0,56.0,,,,,良,2012-09-09
小寨 ,17.0,15.0,74.0,,,,,良,2012-09-08
小寨 ,16.0,14.0,76.0,,,,,良,2012-09-07
小寨 ,19.0,19.0,82.0,,,,,良,2012-09-06
小寨 ,24.0,20.0,89.0,,,,,良,2012-09-05
小寨 ,25.0,20.0,60.0,,,,,良,2012-09-04
小寨 ,25.0,20.0,60.0,,,,,良,2012-09-04
小寨 ,22.0,16.0,45.0,,,,,优,2012-09-03
小寨 ,21.0,12.0,38.0,,,,,优,2012-09-02
小寨 ,18.0,13.0,41.0,,,,,优,2012-09-01
小寨 ,20.0,15.0,81.0,,,,,良,2012-08-31
小寨 ,19.0,25.0,77.0,,,,,良,2012-08-30
小寨 ,20.0,24.0,66.0,,,,,良,2012-08-29
小寨 ,18.0,14.0,82.0,,,,,良,2012-08-28
小寨 ,17.0,17.0,98.0,,,,,良,2012-08-27
小寨 ,21.0,17.0,93.0,,,,,良,2012-08-26
小寨 ,19.0,19.0,74.0,,,,,良,2012-08-25
小寨 ,17.0,16.0,63.0,,,,,良,2012-08-24
小寨 ,19.0,12.0,60.0,,,,,良,2012-08-23
小寨 ,21.0,18.0,63.0,,,,,良,2012-08-22
小寨 ,18.0,19.0,40.0,,,,,优,2012-08-21
小寨 ,19.0,14.0,39.0,,,,,优,2012-08-20
小寨 ,24.0,12.0,40.0,,,,,优,2012-08-19
小寨 ,23.0,15.0,61.0,,,,,良,2012-08-18
小寨 ,25.0,17.0,67.0,,,,,良,2012-08-17
小寨 ,29.0,20.0,90.0,,,,,良,2012-08-16
小寨 ,31.0,15.0,68.0,,,,,良,2012-08-15
小寨 ,24.0,15.0,61.0,,,,,良,2012-08-14
小寨 ,23.0,15.0,80.0,,,,,良,2012-08-13
小寨 ,23.0,19.0,82.0,,,,,良,2012-08-12
小寨 ,20.0,14.0,81.0,,,,,良,2012-08-11
小寨 ,27.0,15.0,81.0,,,,,良,2012-08-10
小寨 ,21.0,16.0,80.0,,,,,良,2012-08-09
小寨 ,16.0,15.0,76.0,,,,,良,2012-08-08
小寨 ,19.0,21.0,64.0,,,,,良,2012-08-07
小寨 ,19.0,17.0,63.0,,,,,良,2012-08-06
小寨 ,20.0,10.0,70.0,,,,,良,2012-08-05
小寨 ,20.0,10.0,81.0,,,,,良,2012-08-04
小寨 ,16.0,11.0,70.0,,,,,良,2012-08-03
小寨 ,21.0,20.0,55.0,,,,,良,2012-08-02
小寨 ,20.0,15.0,52.0,,,,,良,2012-08-01
小寨 ,21.0,9.0,53.0,,,,,良,2012-07-31
小寨 ,25.0,17.0,64.0,,,,,良,2012-07-30
小寨 ,21.0,22.0,70.0,,,,,良,2012-07-29
小寨 ,26.0,20.0,52.0,,,,,良,2012-07-28
小寨 ,28.0,20.0,47.0,,,,,优,2012-07-27
小寨 ,26.0,15.0,84.0,,,,,良,2012-07-26
小寨 ,25.0,14.0,67.0,,,,,良,2012-07-25
小寨 ,22.0,16.0,55.0,,,,,良,2012-07-24
小寨 ,16.0,13.0,55.0,,,,,良,2012-07-23
小寨 ,21.0,12.0,55.0,,,,,良,2012-07-22
小寨 ,18.0,12.0,73.0,,,,,良,2012-07-21
小寨 ,15.0,12.0,84.0,,,,,良,2012-07-20
小寨 ,21.0,13.0,77.0,,,,,良,2012-07-19
小寨 ,22.0,15.0,71.0,,,,,良,2012-07-18
小寨 ,15.0,17.0,77.0,,,,,良,2012-07-17
小寨 ,19.0,17.0,78.0,,,,,良,2012-07-16
小寨 ,19.0,17.0,78.0,,,,,良,2012-07-16
小寨 ,12.0,19.0,68.0,,,,,良,2012-07-15
小寨 ,11.0,18.0,71.0,,,,,良,2012-07-14
小寨 ,27.0,23.0,60.0,,,,,良,2012-07-13
小寨 ,27.0,20.0,66.0,,,,,良,2012-07-12
小寨 ,17.0,19.0,60.0,,,,,良,2012-07-11
小寨 ,13.0,12.0,43.0,,,,,优,2012-07-10
小寨 ,14.0,11.0,49.0,,,,,优,2012-07-09
小寨 ,21.0,13.0,62.0,,,,,良,2012-07-08
小寨 ,25.0,15.0,53.0,,,,,良,2012-07-07
小寨 ,26.0,16.0,59.0,,,,,良,2012-07-06
小寨 ,18.0,13.0,51.0,,,,,良,2012-07-05
小寨 ,20.0,16.0,45.0,,,,,优,2012-07-04
小寨 ,22.0,19.0,51.0,,,,,良,2012-07-03
小寨 ,22.0,24.0,59.0,,,,,良,2012-07-02
小寨 ,22.0,12.0,34.0,,,,,优,2012-07-01
小寨 ,18.0,14.0,43.0,,,,,优,2012-06-30
小寨 ,25.0,12.0,56.0,,,,,良,2012-06-29
小寨 ,25.0,10.0,51.0,,,,,良,2012-06-28
小寨 ,30.0,21.0,72.0,,,,,良,2012-06-27
小寨 ,25.0,16.0,62.0,,,,,良,2012-06-26
小寨 ,35.0,14.0,73.0,,,,,良,2012-06-25
小寨 ,26.0,17.0,67.0,,,,,良,2012-06-24
小寨 ,32.0,14.0,59.0,,,,,良,2012-06-23
小寨 ,32.0,17.0,69.0,,,,,良,2012-06-22
小寨 ,34.0,24.0,74.0,,,,,良,2012-06-21
小寨 ,33.0,20.0,78.0,,,,,良,2012-06-20
小寨 ,28.0,17.0,77.0,,,,,良,2012-06-19
小寨 ,30.0,16.0,70.0,,,,,良,2012-06-18
小寨 ,26.0,25.0,71.0,,,,,良,2012-06-17
小寨 ,29.0,25.0,69.0,,,,,良,2012-06-16
小寨 ,32.0,22.0,66.0,,,,,良,2012-06-15
小寨 ,29.0,16.0,66.0,,,,,良,2012-06-14
小寨 ,29.0,25.0,66.0,,,,,良,2012-06-13
小寨 ,26.0,24.0,62.0,,,,,良,2012-06-12
小寨 ,28.0,20.0,70.0,,,,,良,2012-06-11
小寨 ,32.0,25.0,62.0,,,,,良,2012-06-10
小寨 ,37.0,16.0,65.0,,,,,良,2012-06-09
小寨 ,31.0,22.0,55.0,,,,,良,2012-06-08
小寨 ,32.0,20.0,81.0,,,,,良,2012-06-07
小寨 ,28.0,18.0,73.0,,,,,良,2012-06-06
小寨 ,32.0,22.0,88.0,,,,,良,2012-06-05
小寨 ,38.0,22.0,77.0,,,,,良,2012-06-04
小寨 ,30.0,13.0,63.0,,,,,良,2012-06-03
小寨 ,30.0,15.0,66.0,,,,,良,2012-06-02
小寨 ,24.0,20.0,77.0,,,,,良,2012-06-01
小寨 ,30.0,22.0,60.0,,,,,良,2012-05-31
小寨 ,23.0,22.0,52.0,,,,,良,2012-05-30
小寨 ,23.0,17.0,55.0,,,,,良,2012-05-29
小寨 ,21.0,16.0,51.0,,,,,良,2012-05-28
小寨 ,19.0,21.0,67.0,,,,,良,2012-05-27
小寨 ,19.0,15.0,88.0,,,,,良,2012-05-26
小寨 ,12.0,18.0,94.0,,,,,良,2012-05-25
小寨 ,18.0,15.0,98.0,,,,,良,2012-05-24
小寨 ,17.0,20.0,97.0,,,,,良,2012-05-23
小寨 ,20.0,14.0,59.0,,,,,良,2012-05-22
小寨 ,25.0,12.0,68.0,,,,,良,2012-05-21
小寨 ,25.0,22.0,82.0,,,,,良,2012-05-20
小寨 ,27.0,35.0,97.0,,,,,良,2012-05-19
小寨 ,30.0,35.0,76.0,,,,,良,2012-05-18
小寨 ,27.0,39.0,73.0,,,,,良,2012-05-17
小寨 ,35.0,30.0,70.0,,,,,良,2012-05-16
小寨 ,24.0,27.0,58.0,,,,,良,2012-05-15
小寨 ,24.0,26.0,67.0,,,,,良,2012-05-14
小寨 ,21.0,19.0,80.0,,,,,良,2012-05-13
小寨 ,17.0,15.0,61.0,,,,,良,2012-05-12
小寨 ,23.0,12.0,57.0,,,,,良,2012-05-11
小寨 ,21.0,22.0,78.0,,,,,良,2012-05-10
小寨 ,34.0,22.0,76.0,,,,,良,2012-05-09
小寨 ,30.0,28.0,78.0,,,,,良,2012-05-08
小寨 ,32.0,24.0,85.0,,,,,良,2012-05-07
小寨 ,33.0,42.0,80.0,,,,,良,2012-05-06
小寨 ,35.0,37.0,78.0,,,,,良,2012-05-05
小寨 ,26.0,27.0,78.0,,,,,良,2012-05-04
小寨 ,20.0,29.0,77.0,,,,,良,2012-05-03
小寨 ,12.0,21.0,61.0,,,,,良,2012-05-02
小寨 ,16.0,23.0,90.0,,,,,良,2012-05-01
小寨 ,23.0,20.0,86.0,,,,,良,2012-04-30
小寨 ,26.0,29.0,90.0,,,,,良,2012-04-29
小寨 ,30.0,38.0,92.0,,,,,良,2012-04-28
小寨 ,30.0,37.0,84.0,,,,,良,2012-04-27
小寨 ,32.0,41.0,98.0,,,,,良,2012-04-26
小寨 ,26.0,33.0,85.0,,,,,良,2012-04-25
小寨 ,23.0,25.0,70.0,,,,,良,2012-04-24
小寨 ,26.0,39.0,90.0,,,,,良,2012-04-23
小寨 ,26.0,30.0,84.0,,,,,良,2012-04-22
小寨 ,25.0,29.0,81.0,,,,,良,2012-04-21
小寨 ,28.0,28.0,77.0,,,,,良,2012-04-20
小寨 ,27.0,29.0,61.0,,,,,良,2012-04-19
小寨 ,33.0,32.0,76.0,,,,,良,2012-04-18
小寨 ,54.0,33.0,79.0,,,,,良,2012-04-17
小寨 ,23.0,30.0,61.0,,,,,良,2012-04-16
小寨 ,27.0,35.0,62.0,,,,,良,2012-04-15
小寨 ,20.0,33.0,62.0,,,,,良,2012-04-14
小寨 ,26.0,23.0,43.0,,,,,优,2012-04-13
小寨 ,19.0,22.0,36.0,,,,,优,2012-04-12
小寨 ,22.0,26.0,59.0,,,,,良,2012-04-11
小寨 ,24.0,31.0,55.0,,,,,良,2012-04-10
小寨 ,23.0,20.0,62.0,,,,,良,2012-04-09
小寨 ,28.0,29.0,77.0,,,,,良,2012-04-08
小寨 ,34.0,24.0,82.0,,,,,良,2012-04-07
小寨 ,28.0,23.0,78.0,,,,,良,2012-04-06
小寨 ,24.0,24.0,74.0,,,,,良,2012-04-05
小寨 ,30.0,20.0,79.0,,,,,良,2012-04-04
小寨 ,24.0,26.0,78.0,,,,,良,2012-04-03
小寨 ,33.0,31.0,80.0,,,,,良,2012-04-02
小寨 ,24.0,34.0,81.0,,,,,良,2012-04-01
小寨 ,23.0,25.0,56.0,,,,,良,2012-03-31
小寨 ,33.0,32.0,70.0,,,,,良,2012-03-30
小寨 ,34.0,34.0,88.0,,,,,良,2012-03-29
小寨 ,51.0,53.0,90.0,,,,,良,2012-03-28
小寨 ,49.0,43.0,105.0,,,,,轻微污染,2012-03-27
小寨 ,48.0,70.0,87.0,,,,,良,2012-03-26
小寨 ,51.0,47.0,78.0,,,,,良,2012-03-25
小寨 ,38.0,39.0,76.0,,,,,良,2012-03-24
小寨 ,36.0,29.0,69.0,,,,,良,2012-03-23
小寨 ,40.0,37.0,61.0,,,,,良,2012-03-22
小寨 ,49.0,44.0,80.0,,,,,良,2012-03-21
小寨 ,53.0,35.0,74.0,,,,,良,2012-03-20
小寨 ,51.0,38.0,109.0,,,,,轻微污染,2012-03-19
小寨 ,64.0,43.0,119.0,,,,,轻微污染,2012-03-18
小寨 ,42.0,42.0,93.0,,,,,良,2012-03-17
小寨 ,39.0,35.0,79.0,,,,,良,2012-03-16
小寨 ,43.0,42.0,89.0,,,,,良,2012-03-15
小寨 ,52.0,48.0,106.0,,,,,轻微污染,2012-03-14
小寨 ,53.0,57.0,110.0,,,,,轻微污染,2012-03-13
小寨 ,50.0,43.0,88.0,,,,,良,2012-03-12
小寨 ,43.0,49.0,64.0,,,,,良,2012-03-11
小寨 ,39.0,49.0,79.0,,,,,良,2012-03-10
小寨 ,38.0,41.0,66.0,,,,,良,2012-03-09
小寨 ,41.0,32.0,59.0,,,,,良,2012-03-08
小寨 ,37.0,38.0,63.0,,,,,良,2012-03-07
小寨 ,37.0,34.0,59.0,,,,,良,2012-03-06
小寨 ,43.0,36.0,79.0,,,,,良,2012-03-05
小寨 ,33.0,36.0,63.0,,,,,良,2012-03-04
小寨 ,33.0,34.0,73.0,,,,,良,2012-03-03
小寨 ,42.0,42.0,96.0,,,,,良,2012-03-02
小寨 ,51.0,68.0,128.0,,,,,轻微污染,2012-03-01
小寨 ,54.0,79.0,115.0,,,,,轻微污染,2012-02-29
小寨 ,49.0,49.0,98.0,,,,,良,2012-02-28
小寨 ,53.0,41.0,76.0,,,,,良,2012-02-27
小寨 ,57.0,45.0,64.0,,,,,良,2012-02-26
小寨 ,59.0,31.0,88.0,,,,,良,2012-02-25
小寨 ,80.0,55.0,85.0,,,,,良,2012-02-24
小寨 ,82.0,88.0,110.0,,,,,轻微污染,2012-02-23
小寨 ,79.0,52.0,124.0,,,,,轻微污染,2012-02-22
小寨 ,83.0,75.0,92.0,,,,,良,2012-02-21
小寨 ,71.0,49.0,81.0,,,,,良,2012-02-20
小寨 ,54.0,41.0,56.0,,,,,良,2012-02-19
小寨 ,56.0,36.0,48.0,,,,,良,2012-02-18
小寨 ,47.0,31.0,52.0,,,,,良,2012-02-17
小寨 ,56.0,39.0,98.0,,,,,良,2012-02-16
小寨 ,63.0,40.0,117.0,,,,,轻微污染,2012-02-15
小寨 ,52.0,38.0,107.0,,,,,轻微污染,2012-02-14
小寨 ,56.0,38.0,89.0,,,,,良,2012-02-13
小寨 ,52.0,32.0,84.0,,,,,良,2012-02-12
小寨 ,54.0,27.0,58.0,,,,,良,2012-02-11
小寨 ,41.0,22.0,41.0,,,,,优,2012-02-10
小寨 ,41.0,27.0,45.0,,,,,优,2012-02-09
小寨 ,45.0,24.0,46.0,,,,,优,2012-02-08
小寨 ,42.0,28.0,42.0,,,,,优,2012-02-07
小寨 ,68.0,84.0,117.0,,,,,轻微污染,2012-02-06
小寨 ,59.0,48.0,83.0,,,,,良,2012-02-05
小寨 ,43.0,50.0,72.0,,,,,良,2012-02-04
小寨 ,34.0,30.0,51.0,,,,,良,2012-02-03
小寨 ,33.0,25.0,39.0,,,,,优,2012-02-02
小寨 ,83.0,63.0,123.0,,,,,轻微污染,2012-02-01
小寨 ,94.0,83.0,111.0,,,,,轻微污染,2012-01-31
小寨 ,80.0,82.0,114.0,,,,,轻微污染,2012-01-30
小寨 ,86.0,70.0,105.0,,,,,轻微污染,2012-01-29
小寨 ,82.0,73.0,96.0,,,,,良,2012-01-28
小寨 ,56.0,23.0,77.0,,,,,良,2012-01-27
小寨 ,61.0,43.0,82.0,,,,,良,2012-01-26
小寨 ,56.0,27.0,55.0,,,,,良,2012-01-25
小寨 ,52.0,25.0,72.0,,,,,良,2012-01-24
小寨 ,56.0,27.0,77.0,,,,,良,2012-01-23
小寨 ,49.0,45.0,63.0,,,,,良,2012-01-22
小寨 ,61.0,44.0,72.0,,,,,良,2012-01-21
小寨 ,66.0,47.0,88.0,,,,,良,2012-01-20
小寨 ,97.0,54.0,120.0,,,,,轻微污染,2012-01-19
小寨 ,95.0,97.0,171.0,,,,,轻度污染,2012-01-18
小寨 ,100.0,72.0,112.0,,,,,轻微污染,2012-01-17
小寨 ,102.0,65.0,128.0,,,,,轻微污染,2012-01-16
小寨 ,88.0,69.0,101.0,,,,,轻微污染,2012-01-15
小寨 ,93.0,87.0,128.0,,,,,轻微污染,2012-01-14
小寨 ,95.0,65.0,105.0,,,,,轻微污染,2012-01-13
小寨 ,97.0,62.0,112.0,,,,,轻微污染,2012-01-12
小寨 ,107.0,100.0,164.0,,,,,轻度污染,2012-01-11
小寨 ,106.0,55.0,170.0,,,,,轻度污染,2012-01-10
小寨 ,110.0,85.0,132.0,,,,,轻微污染,2012-01-09
小寨 ,84.0,60.0,118.0,,,,,轻微污染,2012-01-08
小寨 ,98.0,59.0,96.0,,,,,良,2012-01-07
小寨 ,68.0,68.0,78.0,,,,,良,2012-01-06
小寨 ,61.0,35.0,63.0,,,,,良,2012-01-05
小寨 ,56.0,29.0,54.0,,,,,良,2012-01-04
小寨 ,68.0,25.0,74.0,,,,,良,2012-01-03
小寨 ,84.0,112.0,134.0,,,,,轻微污染,2012-01-02
小寨 ,105.0,89.0,253.0,,,,,中度重污染,2012-01-01
小寨 ,96.0,73.0,162.0,,,,,轻度污染,2011-12-31
小寨 ,99.0,68.0,184.0,,,,,轻度污染,2011-12-30
小寨 ,101.0,45.0,127.0,,,,,轻微污染,2011-12-29
小寨 ,74.0,72.0,115.0,,,,,轻微污染,2011-12-28
小寨 ,76.0,45.0,112.0,,,,,轻微污染,2011-12-27
小寨 ,73.0,45.0,108.0,,,,,轻微污染,2011-12-26
小寨 ,60.0,41.0,102.0,,,,,轻微污染,2011-12-25
小寨 ,61.0,35.0,60.0,,,,,良,2011-12-24
小寨 ,65.0,46.0,92.0,,,,,良,2011-12-23
小寨 ,65.0,27.0,73.0,,,,,良,2011-12-22
小寨 ,71.0,25.0,94.0,,,,,良,2011-12-21
小寨 ,74.0,27.0,124.0,,,,,轻微污染,2011-12-20
小寨 ,77.0,64.0,112.0,,,,,轻微污染,2011-12-19
小寨 ,66.0,42.0,114.0,,,,,轻微污染,2011-12-18
小寨 ,62.0,26.0,87.0,,,,,良,2011-12-17
小寨 ,66.0,37.0,90.0,,,,,良,2011-12-16
小寨 ,63.0,45.0,106.0,,,,,轻微污染,2011-12-15
小寨 ,69.0,42.0,108.0,,,,,轻微污染,2011-12-14
小寨 ,63.0,38.0,104.0,,,,,轻微污染,2011-12-13
小寨 ,61.0,34.0,91.0,,,,,良,2011-12-12
小寨 ,58.0,27.0,110.0,,,,,轻微污染,2011-12-11
小寨 ,84.0,25.0,59.0,,,,,良,2011-12-10
小寨 ,93.0,29.0,65.0,,,,,良,2011-12-09
小寨 ,63.0,27.0,72.0,,,,,良,2011-12-08
小寨 ,69.0,20.0,71.0,,,,,良,2011-12-07
小寨 ,69.0,29.0,80.0,,,,,良,2011-12-06
小寨 ,66.0,28.0,73.0,,,,,良,2011-12-05
小寨 ,63.0,36.0,111.0,,,,,轻微污染,2011-12-04
小寨 ,63.0,29.0,108.0,,,,,轻微污染,2011-12-03
小寨 ,56.0,25.0,65.0,,,,,良,2011-12-02
小寨 ,54.0,25.0,65.0,,,,,良,2011-12-01
小寨 ,49.0,24.0,52.0,,,,,良,2011-11-30
小寨 ,48.0,31.0,91.0,,,,,良,2011-11-29
小寨 ,45.0,29.0,113.0,,,,,轻微,2011-11-28
小寨 ,40.0,21.0,103.0,,,,,轻微污染,2011-11-27
小寨 ,27.0,23.0,104.0,,,,,轻微污染,2011-11-26
小寨 ,22.0,30.0,107.0,,,,,轻微,2011-11-25
小寨 ,22.0,29.0,68.0,,,,,良,2011-11-24
小寨 ,21.0,23.0,72.0,,,,,良,2011-11-23
小寨 ,25.0,24.0,79.0,,,,,良,2011-11-22
小寨 ,29.0,26.0,89.0,,,,,良,2011-11-21
小寨 ,27.0,23.0,47.0,,,,,优,2011-11-20
小寨 ,23.0,25.0,50.0,,,,,良,2011-11-19
小寨 ,24.0,24.0,63.0,,,,,良,2011-11-18
小寨 ,24.0,27.0,76.0,,,,,良,2011-11-17
小寨 ,23.0,32.0,94.0,,,,,良,2011-11-16
小寨 ,36.0,25.0,82.0,,,,,良,2011-11-15
小寨 ,24.0,20.0,81.0,,,,,良,2011-11-14
小寨 ,24.0,19.0,63.0,,,,,良,2011-11-13
小寨 ,24.0,25.0,71.0,,,,,良,2011-11-12
小寨 ,14.0,27.0,79.0,,,,,良,2011-11-11
小寨 ,27.0,25.0,70.0,,,,,良,2011-11-10
小寨 ,16.0,26.0,55.0,,,,,良,2011-11-09
小寨 ,20.0,21.0,32.0,,,,,优,2011-11-08
小寨 ,17.0,22.0,40.0,,,,,优,2011-11-07
小寨 ,42.0,22.0,57.0,,,,,良,2011-11-05
小寨 ,35.0,28.0,57.0,,,,,良,2011-11-05
小寨 ,14.0,24.0,74.0,,,,,良,2011-11-04
小寨 ,23.0,20.0,77.0,,,,,良,2011-11-03
小寨 ,17.0,24.0,96.0,,,,,良,2011-11-02
小寨 ,21.0,28.0,104.0,,,,,轻微,2011-11-01
小寨 ,27.0,47.0,110.0,,,,,轻微,2011-10-31
小寨 ,16.0,28.0,110.0,,,,,轻微,2011-10-30
小寨 ,25.0,24.0,80.0,,,,,良,2011-10-29
小寨 ,28.0,30.0,88.0,,,,,良,2011-10-28
小寨 ,15.0,21.0,73.0,,,,,良,2011-10-27
小寨 ,16.0,24.0,55.0,,,,,良,2011-10-26
小寨 ,14.0,20.0,40.0,,,,,优,2011-10-25
小寨 ,15.0,18.0,56.0,,,,,良,2011-10-24
小寨 ,13.0,16.0,71.0,,,,,良,2011-10-23
小寨 ,19.0,23.0,85.0,,,,,良,2011-10-22
小寨 ,31.0,41.0,106.0,,,,,轻微污染,2011-10-21
小寨 ,15.0,22.0,92.0,,,,,良,2011-10-20
小寨 ,17.0,30.0,91.0,,,,,良,2011-10-19
小寨 ,21.0,32.0,86.0,,,,,良,2011-10-18
小寨 ,15.0,29.0,36.0,,,,,优,2011-10-17
小寨 ,23.0,16.0,39.0,,,,,优,2011-10-16
小寨 ,22.0,24.0,52.0,,,,,良,2011-10-15
小寨 ,17.0,30.0,40.0,,,,,优,2011-10-14
小寨 ,15.0,14.0,39.0,,,,,优,2011-10-13
小寨 ,16.0,14.0,54.0,,,,,良,2011-10-12
小寨 ,12.0,14.0,74.0,,,,,良,2011-10-11
小寨 ,15.0,14.0,62.0,,,,,良,2011-10-10
小寨 ,16.0,19.0,79.0,,,,,良,2011-10-09
小寨 ,20.0,20.0,85.0,,,,,良,2011-10-08
小寨 ,19.0,16.0,68.0,,,,,良,2011-10-07
小寨 ,12.0,15.0,53.0,,,,,良,2011-10-06
小寨 ,15.0,20.0,61.0,,,,,良,2011-10-05
小寨 ,15.0,20.0,61.0,,,,,良,2011-10-05
小寨 ,19.0,12.0,60.0,,,,,良,2011-10-04
小寨 ,31.0,22.0,55.0,,,,,良,2011-10-03
小寨 ,14.0,14.0,64.0,,,,,良,2011-10-02
小寨 ,11.0,20.0,64.0,,,,,良,2011-10-01
小寨 ,17.0,14.0,51.0,,,,,良,2011-09-30
小寨 ,10.0,16.0,47.0,,,,,优,2011-09-29
小寨 ,11.0,12.0,56.0,,,,,良,2011-09-28
小寨 ,33.0,22.0,74.0,,,,,良,2011-09-27
小寨 ,21.0,25.0,86.0,,,,,良,2011-09-26
小寨 ,35.0,28.0,81.0,,,,,良,2011-09-25
小寨 ,39.0,25.0,64.0,,,,,良,2011-09-24
小寨 ,33.0,22.0,58.0,,,,,良,2011-09-23
小寨 ,17.0,27.0,55.0,,,,,良,2011-09-22
小寨 ,15.0,20.0,46.0,,,,,优,2011-09-21
小寨 ,12.0,14.0,47.0,,,,,优,2011-09-20
小寨 ,9.0,12.0,31.0,,,,,优,2011-09-19
小寨 ,7.0,10.0,29.0,,,,,优,2011-09-18
小寨 ,13.0,13.0,34.0,,,,,优,2011-09-17
小寨 ,11.0,19.0,56.0,,,,,良,2011-09-16
小寨 ,13.0,20.0,45.0,,,,,优,2011-09-15
小寨 ,14.0,27.0,37.0,,,,,优,2011-09-14
小寨 ,19.0,22.0,33.0,,,,,优,2011-09-13
小寨 ,12.0,16.0,26.0,,,,,优,2011-09-12
小寨 ,19.0,17.0,39.0,,,,,优,2011-09-11
小寨 ,24.0,15.0,55.0,,,,,良,2011-09-10
小寨 ,16.0,26.0,57.0,,,,,良,2011-09-09
小寨 ,14.0,23.0,49.0,,,,,优,2011-09-08
小寨 ,11.0,27.0,33.0,,,,,优,2011-09-07
小寨 ,7.0,20.0,26.0,,,,,优,2011-09-06
小寨 ,12.0,25.0,32.0,,,,,优,2011-09-05
小寨 ,19.0,24.0,67.0,,,,,良,2011-09-03
小寨 ,19.0,40.0,88.0,,,,,良,2011-09-02
小寨 ,27.0,29.0,85.0,,,,,良,2011-09-01
小寨 ,29.0,23.0,85.0,,,,,良,2011-08-31
小寨 ,17.0,29.0,75.0,,,,,良,2011-08-30
小寨 ,21.0,32.0,71.0,,,,,良,2011-08-29
小寨 ,16.0,32.0,70.0,,,,,良,2011-08-28
小寨 ,12.0,34.0,57.0,,,,,良,2011-08-27
小寨 ,20.0,23.0,56.0,,,,,良,2011-08-26
小寨 ,24.0,32.0,73.0,,,,,良,2011-08-25
小寨 ,17.0,26.0,79.0,,,,,良,2011-08-24
小寨 ,12.0,27.0,71.0,,,,,良,2011-08-23
小寨 ,10.0,24.0,55.0,,,,,良,2011-08-22
小寨 ,15.0,19.0,48.0,,,,,优,2011-08-21
小寨 ,10.0,20.0,38.0,,,,,优,2011-08-20
小寨 ,16.0,14.0,41.0,,,,,优,2011-08-19
小寨 ,16.0,17.0,54.0,,,,,良,2011-08-18
小寨 ,16.0,21.0,54.0,,,,,良,2011-08-17
小寨 ,13.0,14.0,63.0,,,,,良,2011-08-16
小寨 ,11.0,18.0,90.0,,,,,良,2011-08-15
小寨 ,11.0,24.0,98.0,,,,,良,2011-08-14
小寨 ,12.0,20.0,91.0,,,,,良,2011-08-13
小寨 ,18.0,25.0,85.0,,,,,良,2011-08-12
小寨 ,17.0,21.0,84.0,,,,,良,2011-08-11
小寨 ,12.0,29.0,85.0,,,,,良,2011-08-10
小寨 ,13.0,28.0,85.0,,,,,良,2011-08-09
小寨 ,16.0,27.0,88.0,,,,,良,2011-08-08
小寨 ,14.0,24.0,72.0,,,,,良,2011-08-07
小寨 ,11.0,22.0,45.0,,,,,优,2011-08-06
小寨 ,9.0,14.0,58.0,,,,,良,2011-08-05
小寨 ,16.0,25.0,85.0,,,,,良,2011-08-04
小寨 ,11.0,18.0,71.0,,,,,良,2011-08-03
小寨 ,10.0,14.0,44.0,,,,,优,2011-08-02
小寨 ,12.0,10.0,43.0,,,,,优,2011-08-01
小寨 ,12.0,20.0,43.0,,,,,优,2011-07-31
小寨 ,11.0,14.0,39.0,,,,,优,2011-07-30
小寨 ,15.0,13.0,52.0,,,,,良,2011-07-29
小寨 ,14.0,21.0,58.0,,,,,良,2011-07-28
小寨 ,20.0,27.0,67.0,,,,,良,2011-07-27
小寨 ,19.0,21.0,65.0,,,,,良,2011-07-26
小寨 ,11.0,25.0,57.0,,,,,良,2011-07-25
小寨 ,21.0,20.0,87.0,,,,,良,2011-07-24
小寨 ,21.0,18.0,58.0,,,,,良,2011-07-23
小寨 ,10.0,22.0,52.0,,,,,良,2011-07-22
小寨 ,10.0,20.0,55.0,,,,,良,2011-07-21
小寨 ,20.0,25.0,74.0,,,,,良,2011-07-20
小寨 ,19.0,24.0,81.0,,,,,良,2011-07-19
小寨 ,19.0,21.0,58.0,,,,,良,2011-07-18
小寨 ,23.0,29.0,60.0,,,,,良,2011-07-17
小寨 ,31.0,29.0,67.0,,,,,良,2011-07-16
小寨 ,25.0,29.0,77.0,,,,,良,2011-07-15
小寨 ,36.0,33.0,92.0,,,,,良,2011-07-14
小寨 ,25.0,42.0,80.0,,,,,良,2011-07-13
小寨 ,42.0,41.0,86.0,,,,,良,2011-07-12
小寨 ,20.0,27.0,91.0,,,,,良,2011-07-11
小寨 ,38.0,40.0,93.0,,,,,良,2011-07-10
小寨 ,18.0,30.0,78.0,,,,,良,2011-07-09
小寨 ,18.0,17.0,85.0,,,,,良,2011-07-08
小寨 ,15.0,23.0,43.0,,,,,优,2011-07-07
小寨 ,11.0,15.0,34.0,,,,,优,2011-07-06
小寨 ,13.0,22.0,69.0,,,,,良,2011-07-05
小寨 ,6.0,17.0,42.0,,,,,优,2011-07-04
小寨 ,20.0,19.0,58.0,,,,,良,2011-07-03
小寨 ,11.0,16.0,47.0,,,,,优,2011-07-02
小寨 ,13.0,19.0,60.0,,,,,良,2011-07-01
小寨 ,20.0,23.0,51.0,,,,,良,2011-06-30
小寨 ,22.0,30.0,36.0,,,,,优,2011-06-29
小寨 ,18.0,18.0,48.0,,,,,优,2011-06-28
小寨 ,24.0,14.0,51.0,,,,,良,2011-06-27
小寨 ,45.0,15.0,51.0,,,,,良,2011-06-26
小寨 ,25.0,19.0,47.0,,,,,优,2011-06-25
小寨 ,13.0,22.0,31.0,,,,,优,2011-06-24
小寨 ,12.0,10.0,43.0,,,,,优,2011-06-23
小寨 ,10.0,17.0,51.0,,,,,良,2011-06-22
小寨 ,10.0,15.0,69.0,,,,,良,2011-06-21
小寨 ,23.0,19.0,75.0,,,,,良,2011-06-20
小寨 ,23.0,30.0,78.0,,,,,良,2011-06-19
小寨 ,11.0,14.0,51.0,,,,,良,2011-06-18
小寨 ,20.0,20.0,70.0,,,,,良,2011-06-17
小寨 ,19.0,27.0,71.0,,,,,良,2011-06-16
小寨 ,17.0,20.0,64.0,,,,,良,2011-06-15
小寨 ,9.0,15.0,60.0,,,,,良,2011-06-14
小寨 ,27.0,21.0,79.0,,,,,良,2011-06-13
小寨 ,41.0,27.0,75.0,,,,,良,2011-06-12
小寨 ,18.0,22.0,57.0,,,,,良,2011-06-11
小寨 ,15.0,16.0,52.0,,,,,良,2011-06-10
小寨 ,34.0,22.0,82.0,,,,,良,2011-06-09
小寨 ,31.0,34.0,64.0,,,,,良,2011-06-08
小寨 ,37.0,47.0,80.0,,,,,良,2011-06-07
小寨 ,23.0,30.0,75.0,,,,,良,2011-06-07
小寨 ,32.0,38.0,93.0,,,,,良,2011-06-06
小寨 ,15.0,19.0,83.0,,,,,良,2011-06-05
小寨 ,14.0,14.0,90.0,,,,,良,2011-06-04
小寨 ,28.0,35.0,73.0,,,,,良,2011-06-03
小寨 ,16.0,16.0,68.0,,,,,良,2011-06-02
小寨 ,17.0,16.0,66.0,,,,,良,2011-06-01
小寨 ,16.0,24.0,62.0,,,,,良,2011-05-31
小寨 ,8.0,30.0,77.0,,,,,良,2011-05-30
小寨 ,12.0,18.0,78.0,,,,,良,2011-05-29
小寨 ,17.0,19.0,63.0,,,,,良,2011-05-28
小寨 ,20.0,13.0,57.0,,,,,良,2011-05-27
小寨 ,19.0,24.0,63.0,,,,,良,2011-05-26
小寨 ,23.0,17.0,68.0,,,,,良,2011-05-25
小寨 ,10.0,20.0,48.0,,,,,优,2011-05-24
小寨 ,10.0,20.0,34.0,,,,,优,2011-05-23
小寨 ,6.0,13.0,35.0,,,,,优,2011-05-22
小寨 ,5.0,14.0,39.0,,,,,优,2011-05-21
小寨 ,45.0,22.0,90.0,,,,,良,2011-05-20
小寨 ,33.0,41.0,99.0,,,,,良,2011-05-19
小寨 ,25.0,50.0,82.0,,,,,良,2011-05-18
小寨 ,21.0,37.0,58.0,,,,,良,2011-05-17
小寨 ,30.0,34.0,53.0,,,,,良,2011-05-16
小寨 ,22.0,39.0,53.0,,,,,良,2011-05-15
小寨 ,26.0,25.0,52.0,,,,,良,2011-05-14
小寨 ,17.0,22.0,52.0,,,,,良,2011-05-13
小寨 ,23.0,24.0,59.0,,,,,良,2011-05-12
小寨 ,13.0,29.0,62.0,,,,,良,2011-05-11
小寨 ,18.0,22.0,69.0,,,,,良,2011-05-10
小寨 ,24.0,28.0,97.0,,,,,良,2011-05-09
小寨 ,15.0,22.0,89.0,,,,,良,2011-05-08
小寨 ,20.0,14.0,92.0,,,,,良,2011-05-07
小寨 ,22.0,23.0,74.0,,,,,良,2011-05-06
小寨 ,16.0,28.0,87.0,,,,,良,2011-05-05
小寨 ,14.0,19.0,82.0,,,,,良,2011-05-04
小寨 ,12.0,25.0,51.0,,,,,良,2011-05-03
小寨 ,17.0,15.0,52.0,,,,,良,2011-05-02
小寨 ,26.0,27.0,84.0,,,,,良,2011-05-01
小寨 ,37.0,25.0,138.0,,,,,轻微污染,2011-04-30
小寨 ,42.0,50.0,84.0,,,,,良,2011-04-29
小寨 ,30.0,34.0,82.0,,,,,良,2011-04-28
小寨 ,21.0,19.0,80.0,,,,,良,2011-04-27
小寨 ,37.0,33.0,92.0,,,,,良,2011-04-26
小寨 ,41.0,41.0,91.0,,,,,良,2011-04-25
小寨 ,43.0,35.0,78.0,,,,,良,2011-04-24
小寨 ,24.0,34.0,74.0,,,,,良,2011-04-23
小寨 ,31.0,37.0,93.0,,,,,良,2011-04-22
小寨 ,24.0,37.0,93.0,,,,,良,2011-04-21
小寨 ,35.0,30.0,88.0,,,,,良,2011-04-20
小寨 ,34.0,17.0,92.0,,,,,良,2011-04-19
小寨 ,25.0,15.0,95.0,,,,,良,2011-04-18
小寨 ,30.0,31.0,87.0,,,,,良,2011-04-17
小寨 ,48.0,18.0,95.0,,,,,良,2011-04-16
小寨 ,38.0,30.0,99.0,,,,,良,2011-04-15
小寨 ,53.0,79.0,118.0,,,,,轻微污染,2011-04-14
小寨 ,49.0,72.0,125.0,,,,,轻微污染,2011-04-13
小寨 ,49.0,37.0,111.0,,,,,轻微污染,2011-04-12
小寨 ,44.0,39.0,95.0,,,,,良,2011-04-11
小寨 ,53.0,60.0,123.0,,,,,轻微污染,2011-04-10
小寨 ,33.0,47.0,97.0,,,,,良,2011-04-09
小寨 ,18.0,34.0,100.0,,,,,良,2011-04-08
小寨 ,23.0,33.0,71.0,,,,,良,2011-04-07
小寨 ,39.0,42.0,88.0,,,,,良,2011-04-06
小寨 ,47.0,48.0,86.0,,,,,良,2011-04-05
小寨 ,38.0,44.0,86.0,,,,,良,2011-04-04
小寨 ,43.0,29.0,66.0,,,,,良,2011-04-03
小寨 ,24.0,32.0,66.0,,,,,良,2011-04-02
小寨 ,58.0,73.0,87.0,,,,,良,2011-04-01
小寨 ,56.0,84.0,92.0,,,,,良,2011-03-31
小寨 ,63.0,87.0,112.0,,,,,轻微污染,2011-03-30
小寨 ,37.0,52.0,94.0,,,,,良,2011-03-29
小寨 ,59.0,43.0,86.0,,,,,良,2011-03-28
小寨 ,50.0,35.0,93.0,,,,,良,2011-03-27
小寨 ,44.0,27.0,98.0,,,,,良,2011-03-26
小寨 ,37.0,39.0,97.0,,,,,良,2011-03-25
小寨 ,37.0,43.0,72.0,,,,,良,2011-03-24
小寨 ,51.0,39.0,71.0,,,,,良,2011-03-23
小寨 ,18.0,23.0,61.0,,,,,良,2011-03-22
小寨 ,27.0,28.0,54.0,,,,,良,2011-03-21
小寨 ,36.0,34.0,90.0,,,,,良,2011-03-20
小寨 ,43.0,37.0,146.0,,,,,轻微污染,2011-03-19
小寨 ,67.0,48.0,142.0,,,,,轻微污染,2011-03-18
小寨 ,61.0,58.0,82.0,,,,,良,2011-03-17
小寨 ,43.0,41.0,66.0,,,,,良,2011-03-16
小寨 ,56.0,25.0,73.0,,,,,良,2011-03-15
小寨 ,60.0,29.0,228.0,,,,,中度污染,2011-03-14
小寨 ,86.0,83.0,87.0,,,,,良,2011-03-13
小寨 ,62.0,68.0,87.0,,,,,良,2011-03-12
小寨 ,78.0,28.0,78.0,,,,,良,2011-03-11
小寨 ,71.0,25.0,78.0,,,,,良,2011-03-10
小寨 ,75.0,22.0,77.0,,,,,良,2011-03-09
小寨 ,77.0,29.0,95.0,,,,,良,2011-03-08
小寨 ,75.0,27.0,90.0,,,,,良,2011-03-07
小寨 ,78.0,28.0,122.0,,,,,轻微污染,2011-03-06
小寨 ,58.0,27.0,95.0,,,,,良,2011-03-05
小寨 ,53.0,29.0,70.0,,,,,良,2011-03-04
小寨 ,56.0,32.0,87.0,,,,,良,2011-03-03
小寨 ,50.0,31.0,78.0,,,,,良,2011-03-02
小寨 ,35.0,14.0,43.0,,,,,优,2011-03-01
小寨 ,41.0,20.0,77.0,,,,,良,2011-02-28
小寨 ,37.0,19.0,99.0,,,,,良,2011-02-27
小寨 ,79.0,25.0,124.0,,,,,轻微污染,2011-02-26
小寨 ,107.0,47.0,160.0,,,,,轻度污染,2011-02-25
小寨 ,101.0,67.0,197.0,,,,,轻度污染,2011-02-24
小寨 ,86.0,41.0,159.0,,,,,轻度污染,2011-02-23
小寨 ,100.0,30.0,119.0,,,,,轻微污染,2011-02-22
小寨 ,108.0,50.0,146.0,,,,,轻微污染,2011-02-21
小寨 ,90.0,68.0,176.0,,,,,轻度污染,2011-02-20
小寨 ,97.0,65.0,128.0,,,,,轻微污染,2011-02-19
小寨 ,103.0,55.0,127.0,,,,,轻微污染,2011-02-18
小寨 ,102.0,74.0,130.0,,,,,轻微污染,2011-02-17
小寨 ,90.0,49.0,93.0,,,,,良,2011-02-16
小寨 ,84.0,49.0,80.0,,,,,良,2011-02-15
小寨 ,67.0,35.0,58.0,,,,,良,2011-02-14
小寨 ,83.0,45.0,94.0,,,,,良,2011-02-13
小寨 ,84.0,67.0,97.0,,,,,良,2011-02-12
小寨 ,72.0,38.0,97.0,,,,,良,2011-02-11
小寨 ,56.0,27.0,65.0,,,,,良,2011-02-10
小寨 ,102.0,57.0,112.0,,,,,轻微污染,2011-02-09
小寨 ,60.0,45.0,94.0,,,,,良,2011-02-08
小寨 ,63.0,80.0,95.0,,,,,良,2011-02-07
小寨 ,102.0,78.0,118.0,,,,,轻微污染,2011-02-06
小寨 ,58.0,44.0,111.0,,,,,轻微污染,2011-02-05
小寨 ,87.0,78.0,183.0,,,,,轻度污染,2011-02-04
小寨 ,112.0,102.0,193.0,,,,,轻度污染,2011-02-03
小寨 ,93.0,95.0,130.0,,,,,轻微污染,2011-02-02
小寨 ,100.0,78.0,126.0,,,,,轻微污染,2011-02-01
小寨 ,88.0,57.0,88.0,,,,,良,2011-01-31
小寨 ,63.0,47.0,94.0,,,,,良,2011-01-30
小寨 ,71.0,38.0,73.0,,,,,良,2011-01-29
小寨 ,99.0,44.0,99.0,,,,,良,2011-01-28
小寨 ,113.0,60.0,141.0,,,,,轻微污染,2011-01-27
小寨 ,111.0,50.0,125.0,,,,,轻微污染,2011-01-26
小寨 ,107.0,70.0,150.0,,,,,轻微污染,2011-01-25
小寨 ,81.0,64.0,94.0,,,,,良,2011-01-24
小寨 ,57.0,92.0,106.0,,,,,轻微污染,2011-01-23
小寨 ,106.0,73.0,169.0,,,,,轻度污染,2011-01-22
小寨 ,85.0,75.0,155.0,,,,,轻度污染,2011-01-21
小寨 ,83.0,67.0,124.0,,,,,轻微污染,2011-01-20
小寨 ,67.0,32.0,122.0,,,,,轻微污染,2011-01-19
小寨 ,67.0,45.0,94.0,,,,,良,2011-01-18
小寨 ,87.0,43.0,90.0,,,,,良,2011-01-17
小寨 ,79.0,48.0,100.0,,,,,良,2011-01-16
小寨 ,81.0,73.0,140.0,,,,,轻微污染,2011-01-15
小寨 ,106.0,75.0,160.0,,,,,轻度污染,2011-01-14
小寨 ,111.0,73.0,127.0,,,,,轻微污染,2011-01-13
小寨 ,97.0,57.0,111.0,,,,,轻微污染,2011-01-12
小寨 ,87.0,48.0,99.0,,,,,良,2011-01-11
小寨 ,90.0,48.0,92.0,,,,,良,2011-01-10
小寨 ,78.0,37.0,94.0,,,,,良,2011-01-09
小寨 ,98.0,47.0,96.0,,,,,良,2011-01-08
小寨 ,98.0,35.0,87.0,,,,,良,2011-01-07
小寨 ,84.0,37.0,88.0,,,,,良,2011-01-06
小寨 ,62.0,58.0,142.0,,,,,轻微污染,2011-01-05
小寨 ,95.0,33.0,93.0,,,,,良,2011-01-04
小寨 ,59.0,39.0,82.0,,,,,良,2011-01-03
小寨 ,66.0,34.0,81.0,,,,,良,2011-01-02
小寨 ,57.0,29.0,74.0,,,,,良,2011-01-01
小寨 ,63.0,26.0,67.0,,,,,良,2010-12-31
小寨 ,63.0,39.0,60.0,,,,,良,2010-12-30
小寨 ,48.0,52.0,97.0,,,,,良,2010-12-29
小寨 ,49.0,47.0,77.0,,,,,良,2010-12-28
小寨 ,94.0,59.0,119.0,,,,,轻微污染,2010-12-27
小寨 ,70.0,43.0,91.0,,,,,良,2010-12-26
小寨 ,68.0,44.0,93.0,,,,,良,2010-12-25
小寨 ,89.0,49.0,96.0,,,,,良,2010-12-24
小寨 ,104.0,87.0,148.0,,,,,轻微污染,2010-12-23
小寨 ,95.0,60.0,100.0,,,,,良,2010-12-22
小寨 ,90.0,62.0,119.0,,,,,轻微污染,2010-12-21
小寨 ,91.0,46.0,92.0,,,,,良,2010-12-20
小寨 ,89.0,62.0,95.0,,,,,良,2010-12-19
小寨 ,104.0,89.0,133.0,,,,,轻微污染,2010-12-18
小寨 ,81.0,47.0,97.0,,,,,良,2010-12-17
小寨 ,62.0,29.0,60.0,,,,,良,2010-12-16
小寨 ,74.0,35.0,69.0,,,,,良,2010-12-15
小寨 ,92.0,39.0,96.0,,,,,良,2010-12-14
小寨 ,105.0,73.0,155.0,,,,,轻度污染,2010-12-13
小寨 ,70.0,32.0,95.0,,,,,良,2010-12-12
小寨 ,69.0,45.0,93.0,,,,,良,2010-12-11
小寨 ,92.0,52.0,147.0,,,,,轻微污染,2010-12-10
小寨 ,85.0,45.0,125.0,,,,,轻微污染,2010-12-09
小寨 ,74.0,50.0,90.0,,,,,良,2010-12-08
小寨 ,66.0,42.0,88.0,,,,,良,2010-12-07
小寨 ,56.0,34.0,94.0,,,,,良,2010-12-06
小寨 ,97.0,106.0,144.0,,,,,轻微污染,2010-12-05
小寨 ,103.0,75.0,149.0,,,,,轻微污染,2010-12-04
小寨 ,83.0,46.0,99.0,,,,,良,2010-12-03
小寨 ,80.0,65.0,96.0,,,,,良,2010-12-02
小寨 ,81.0,58.0,96.0,,,,,良,2010-12-01
小寨 ,65.0,53.0,77.0,,,,,良,2010-11-30
小寨 ,63.0,44.0,96.0,,,,,良,2010-11-29
小寨 ,76.0,64.0,94.0,,,,,良,2010-11-28
小寨 ,82.0,64.0,97.0,,,,,良,2010-11-27
小寨 ,97.0,90.0,176.0,,,,,轻度污染,2010-11-26
小寨 ,97.0,68.0,105.0,,,,,轻微污染,2010-11-25
小寨 ,75.0,57.0,148.0,,,,,轻微污染,2010-11-24
小寨 ,87.0,60.0,98.0,,,,,良,2010-11-23
小寨 ,68.0,40.0,88.0,,,,,良,2010-11-22
小寨 ,97.0,84.0,93.0,,,,,良,2010-11-21
小寨 ,83.0,88.0,129.0,,,,,轻微污染,2010-11-20
小寨 ,59.0,43.0,99.0,,,,,良,2010-11-19
小寨 ,99.0,92.0,138.0,,,,,轻微污染,2010-11-18
小寨 ,85.0,57.0,123.0,,,,,轻微污染,2010-11-17
小寨 ,88.0,60.0,93.0,,,,,良,2010-11-16
小寨 ,70.0,45.0,86.0,,,,,良,2010-11-15
小寨 ,60.0,44.0,98.0,,,,,良,2010-11-14
小寨 ,57.0,43.0,89.0,,,,,良,2010-11-13
小寨 ,45.0,42.0,97.0,,,,,良,2010-11-12
小寨 ,39.0,44.0,96.0,,,,,良,2010-11-11
小寨 ,37.0,40.0,94.0,,,,,良,2010-11-10
小寨 ,33.0,62.0,94.0,,,,,良,2010-11-09
小寨 ,29.0,38.0,93.0,,,,,良,2010-11-08
小寨 ,38.0,50.0,97.0,,,,,良,2010-11-07
小寨 ,46.0,87.0,119.0,,,,,轻微污染,2010-11-06
小寨 ,42.0,80.0,94.0,,,,,良,2010-11-05
小寨 ,30.0,55.0,82.0,,,,,良,2010-11-04
小寨 ,30.0,45.0,74.0,,,,,良,2010-11-03
小寨 ,29.0,37.0,85.0,,,,,良,2010-11-02
小寨 ,58.0,98.0,149.0,,,,,轻微污染,2010-11-01
小寨 ,39.0,92.0,138.0,,,,,轻微污染,2010-10-31
小寨 ,29.0,64.0,100.0,,,,,良,2010-10-30
小寨 ,33.0,34.0,87.0,,,,,良,2010-10-29
小寨 ,28.0,40.0,68.0,,,,,良,2010-10-28
小寨 ,18.0,36.0,53.0,,,,,良,2010-10-27
小寨 ,5.0,19.0,29.0,,,,,优,2010-10-26
小寨 ,10.0,20.0,39.0,,,,,优,2010-10-25
小寨 ,47.0,52.0,124.0,,,,,轻微污染,2010-10-24
小寨 ,41.0,74.0,99.0,,,,,良,2010-10-23
小寨 ,41.0,65.0,110.0,,,,,轻微污染,2010-10-22
小寨 ,49.0,50.0,112.0,,,,,轻微污染,2010-10-21
小寨 ,29.0,62.0,120.0,,,,,轻微污染,2010-10-20
小寨 ,43.0,89.0,163.0,,,,,轻度污染,2010-10-19
小寨 ,36.0,33.0,122.0,,,,,轻微污染,2010-10-18
小寨 ,37.0,89.0,119.0,,,,,轻微污染,2010-10-17
小寨 ,30.0,72.0,110.0,,,,,轻微污染,2010-10-16
小寨 ,28.0,50.0,70.0,,,,,良,2010-10-15
小寨 ,25.0,43.0,74.0,,,,,良,2010-10-14
小寨 ,29.0,32.0,66.0,,,,,良,2010-10-13
小寨 ,19.0,34.0,70.0,,,,,良,2010-10-12
小寨 ,17.0,20.0,40.0,,,,,优,2010-10-11
小寨 ,25.0,45.0,95.0,,,,,良,2010-10-10
小寨 ,37.0,42.0,135.0,,,,,轻微污染,2010-10-09
小寨 ,36.0,44.0,88.0,,,,,良,2010-10-08
小寨 ,44.0,40.0,95.0,,,,,良,2010-10-07
小寨 ,35.0,44.0,95.0,,,,,良,2010-10-06
小寨 ,28.0,31.0,62.0,,,,,良,2010-10-05
小寨 ,25.0,40.0,58.0,,,,,良,2010-10-04
小寨 ,16.0,25.0,60.0,,,,,良,2010-10-03
小寨 ,14.0,22.0,61.0,,,,,良,2010-10-02
小寨 ,38.0,26.0,97.0,,,,,良,2010-10-01
小寨 ,33.0,22.0,97.0,,,,,良,2010-09-30
小寨 ,35.0,19.0,104.0,,,,,轻微污染,2010-09-29
小寨 ,59.0,50.0,132.0,,,,,轻微污染,2010-09-28
小寨 ,34.0,26.0,115.0,,,,,轻微污染,2010-09-27
小寨 ,30.0,36.0,77.0,,,,,良,2010-09-26
小寨 ,12.0,25.0,51.0,,,,,良,2010-09-25
小寨 ,47.0,44.0,81.0,,,,,良,2010-09-24
小寨 ,25.0,35.0,51.0,,,,,良,2010-09-23
小寨 ,20.0,24.0,33.0,,,,,优,2010-09-22
小寨 ,35.0,38.0,69.0,,,,,良,2010-09-21
小寨 ,34.0,50.0,64.0,,,,,良,2010-09-20
小寨 ,24.0,29.0,88.0,,,,,良,2010-09-19
小寨 ,22.0,29.0,74.0,,,,,良,2010-09-18
小寨 ,28.0,30.0,74.0,,,,,良,2010-09-17
小寨 ,35.0,29.0,86.0,,,,,良,2010-09-16
小寨 ,28.0,36.0,57.0,,,,,良,2010-09-15
小寨 ,19.0,17.0,71.0,,,,,良,2010-09-14
小寨 ,23.0,21.0,68.0,,,,,良,2010-09-13
小寨 ,35.0,27.0,84.0,,,,,良,2010-09-12
小寨 ,39.0,19.0,73.0,,,,,良,2010-09-11
小寨 ,40.0,23.0,98.0,,,,,良,2010-09-09
小寨 ,26.0,19.0,62.0,,,,,良,2010-09-08
小寨 ,18.0,20.0,66.0,,,,,良,2010-09-07
小寨 ,20.0,25.0,96.0,,,,,良,2010-09-06
小寨 ,20.0,27.0,88.0,,,,,良,2010-09-05
小寨 ,20.0,25.0,77.0,,,,,良,2010-09-04
小寨 ,19.0,28.0,75.0,,,,,良,2010-09-03
小寨 ,37.0,30.0,79.0,,,,,良,2010-09-02
小寨 ,18.0,31.0,62.0,,,,,良,2010-09-01
小寨 ,17.0,17.0,70.0,,,,,良,2010-08-31
小寨 ,30.0,27.0,96.0,,,,,良,2010-08-30
小寨 ,33.0,30.0,81.0,,,,,良,2010-08-29
小寨 ,42.0,18.0,94.0,,,,,良,2010-08-28
小寨 ,27.0,22.0,81.0,,,,,良,2010-08-27
小寨 ,25.0,19.0,89.0,,,,,良,2010-08-26
小寨 ,34.0,37.0,71.0,,,,,良,2010-08-25
小寨 ,7.0,20.0,27.0,,,,,优,2010-08-24
小寨 ,15.0,27.0,61.0,,,,,良,2010-08-23
小寨 ,12.0,24.0,47.0,,,,,优,2010-08-22
小寨 ,16.0,28.0,92.0,,,,,良,2010-08-21
小寨 ,12.0,24.0,53.0,,,,,良,2010-08-20
小寨 ,25.0,27.0,99.0,,,,,良,2010-08-19
小寨 ,24.0,27.0,100.0,,,,,良,2010-08-18
小寨 ,20.0,20.0,79.0,,,,,良,2010-08-17
小寨 ,18.0,27.0,75.0,,,,,良,2010-08-16
小寨 ,12.0,25.0,59.0,,,,,良,2010-08-15
小寨 ,9.0,18.0,44.0,,,,,优,2010-08-14
小寨 ,12.0,19.0,77.0,,,,,良,2010-08-13
小寨 ,13.0,13.0,96.0,,,,,良,2010-08-12
小寨 ,20.0,16.0,94.0,,,,,良,2010-08-11
小寨 ,10.0,20.0,77.0,,,,,良,2010-08-10
小寨 ,13.0,19.0,88.0,,,,,良,2010-08-09
小寨 ,10.0,24.0,80.0,,,,,良,2010-08-08
小寨 ,12.0,28.0,94.0,,,,,良,2010-08-07
小寨 ,12.0,32.0,74.0,,,,,良,2010-08-06
小寨 ,5.0,19.0,56.0,,,,,良,2010-08-05
小寨 ,9.0,24.0,90.0,,,,,良,2010-08-04
小寨 ,13.0,15.0,94.0,,,,,良,2010-08-03
小寨 ,12.0,16.0,68.0,,,,,良,2010-08-02
小寨 ,20.0,16.0,80.0,,,,,良,2010-08-01
小寨 ,16.0,19.0,95.0,,,,,良,2010-07-31
小寨 ,22.0,22.0,94.0,,,,,良,2010-07-30
小寨 ,18.0,24.0,80.0,,,,,良,2010-07-29
小寨 ,12.0,23.0,97.0,,,,,良,2010-07-28
小寨 ,14.0,24.0,78.0,,,,,良,2010-07-27
小寨 ,13.0,17.0,66.0,,,,,良,2010-07-26
小寨 ,4.0,13.0,54.0,,,,,良,2010-07-25
小寨 ,12.0,17.0,65.0,,,,,良,2010-07-24
小寨 ,6.0,28.0,89.0,,,,,良,2010-07-23
小寨 ,12.0,22.0,61.0,,,,,良,2010-07-22
小寨 ,22.0,58.0,70.0,,,,,良,2010-07-21
小寨 ,16.0,44.0,98.0,,,,,良,2010-07-20
小寨 ,9.0,29.0,79.0,,,,,良,2010-07-19
小寨 ,7.0,31.0,61.0,,,,,良,2010-07-18
小寨 ,6.0,32.0,98.0,,,,,良,2010-07-17
小寨 ,10.0,16.0,71.0,,,,,良,2010-07-16
小寨 ,5.0,19.0,78.0,,,,,良,2010-07-15
小寨 ,17.0,9.0,83.0,,,,,良,2010-07-14
小寨 ,17.0,25.0,70.0,,,,,良,2010-07-13
小寨 ,28.0,35.0,66.0,,,,,良,2010-07-12
小寨 ,22.0,25.0,67.0,,,,,良,2010-07-11
小寨 ,8.0,15.0,29.0,,,,,优,2010-07-10
小寨 ,14.0,25.0,91.0,,,,,良,2010-07-09
小寨 ,16.0,25.0,90.0,,,,,良,2010-07-08
小寨 ,23.0,19.0,74.0,,,,,良,2010-07-07
小寨 ,29.0,24.0,82.0,,,,,良,2010-07-06
小寨 ,14.0,20.0,61.0,,,,,良,2010-07-05
小寨 ,27.0,25.0,56.0,,,,,良,2010-07-04
小寨 ,13.0,17.0,54.0,,,,,良,2010-07-03
小寨 ,15.0,21.0,65.0,,,,,良,2010-07-02
小寨 ,14.0,15.0,46.0,,,,,优,2010-07-01
小寨 ,16.0,19.0,57.0,,,,,良,2010-06-30
小寨 ,26.0,28.0,70.0,,,,,良,2010-06-29
小寨 ,16.0,23.0,78.0,,,,,良,2010-06-28
小寨 ,13.0,22.0,68.0,,,,,良,2010-06-27
小寨 ,24.0,17.0,91.0,,,,,良,2010-06-26
小寨 ,24.0,17.0,68.0,,,,,良,2010-06-25
小寨 ,20.0,15.0,71.0,,,,,良,2010-06-24
小寨 ,27.0,30.0,66.0,,,,,良,2010-06-23
小寨 ,34.0,20.0,68.0,,,,,良,2010-06-22
小寨 ,29.0,18.0,93.0,,,,,良,2010-06-21
小寨 ,33.0,30.0,94.0,,,,,良,2010-06-20
小寨 ,26.0,29.0,100.0,,,,,良,2010-06-19
小寨 ,36.0,26.0,93.0,,,,,良,2010-06-18
小寨 ,18.0,29.0,87.0,,,,,良,2010-06-17
小寨 ,14.0,21.0,72.0,,,,,良,2010-06-16
小寨 ,18.0,25.0,80.0,,,,,良,2010-06-15
小寨 ,17.0,21.0,71.0,,,,,良,2010-06-14
小寨 ,28.0,21.0,80.0,,,,,良,2010-06-13
小寨 ,28.0,24.0,71.0,,,,,良,2010-06-12
小寨 ,21.0,37.0,76.0,,,,,良,2010-06-11
小寨 ,18.0,21.0,70.0,,,,,良,2010-06-10
小寨 ,13.0,24.0,38.0,,,,,优,2010-06-09
小寨 ,16.0,31.0,60.0,,,,,良,2010-06-08
小寨 ,18.0,24.0,59.0,,,,,良,2010-06-07
小寨 ,10.0,27.0,59.0,,,,,良,2010-06-06
小寨 ,26.0,13.0,94.0,,,,,良,2010-06-05
小寨 ,29.0,32.0,56.0,,,,,良,2010-06-04
小寨 ,20.0,30.0,54.0,,,,,良,2010-06-03
小寨 ,19.0,24.0,35.0,,,,,优,2010-06-02
小寨 ,19.0,24.0,32.0,,,,,优,2010-06-01
小寨 ,31.0,22.0,62.0,,,,,良,2010-05-31
小寨 ,33.0,28.0,73.0,,,,,良,2010-05-30
小寨 ,38.0,29.0,65.0,,,,,良,2010-05-29
小寨 ,23.0,28.0,45.0,,,,,优,2010-05-28
小寨 ,13.0,22.0,47.0,,,,,优,2010-05-27
小寨 ,10.0,24.0,69.0,,,,,良,2010-05-26
小寨 ,31.0,30.0,90.0,,,,,良,2010-05-25
小寨 ,38.0,27.0,99.0,,,,,良,2010-05-24
小寨 ,34.0,28.0,69.0,,,,,良,2010-05-23
小寨 ,26.0,26.0,60.0,,,,,良,2010-05-22
小寨 ,27.0,19.0,79.0,,,,,良,2010-05-21
小寨 ,28.0,17.0,91.0,,,,,良,2010-05-20
小寨 ,28.0,17.0,87.0,,,,,良,2010-05-19
小寨 ,,,,,,,,---,2010-05-18
小寨 ,31.0,20.0,94.0,,,,,良,2010-05-17
小寨 ,32.0,24.0,95.0,,,,,良,2010-05-16
小寨 ,32.0,27.0,94.0,,,,,良,2010-05-15
小寨 ,33.0,26.0,53.0,,,,,良,2010-05-14
小寨 ,32.0,20.0,62.0,,,,,良,2010-05-13
小寨 ,14.0,19.0,93.0,,,,,良,2010-05-12
小寨 ,30.0,44.0,89.0,,,,,良,2010-05-11
小寨 ,32.0,35.0,119.0,,,,,轻微污染,2010-05-10
小寨 ,23.0,29.0,76.0,,,,,良,2010-05-09
小寨 ,27.0,18.0,63.0,,,,,良,2010-05-08
小寨 ,20.0,25.0,65.0,,,,,良,2010-05-07
小寨 ,17.0,16.0,63.0,,,,,良,2010-05-06
小寨 ,27.0,19.0,76.0,,,,,良,2010-05-05
小寨 ,24.0,15.0,75.0,,,,,良,2010-05-04
小寨 ,44.0,32.0,81.0,,,,,良,2010-05-03
小寨 ,25.0,20.0,90.0,,,,,良,2010-05-02
小寨 ,45.0,28.0,92.0,,,,,良,2010-05-01
小寨 ,26.0,29.0,129.0,,,,,轻微污染,2010-04-30
小寨 ,22.0,24.0,114.0,,,,,轻微污染,2010-04-29
小寨 ,18.0,21.0,138.0,,,,,轻微污染,2010-04-28
小寨 ,23.0,24.0,128.0,,,,,轻微污染,2010-04-27
小寨 ,20.0,29.0,422.0,,,,,重度污染,2010-04-26
小寨 ,32.0,34.0,88.0,,,,,良,2010-04-25
小寨 ,42.0,42.0,85.0,,,,,良,2010-04-24
小寨 ,24.0,33.0,65.0,,,,,良,2010-04-23
小寨 ,25.0,27.0,38.0,,,,,优,2010-04-22
小寨 ,34.0,24.0,55.0,,,,,良,2010-04-21
小寨 ,36.0,46.0,86.0,,,,,良,2010-04-20
小寨 ,33.0,30.0,106.0,,,,,轻微污染,2010-04-19
小寨 ,31.0,45.0,94.0,,,,,良,2010-04-18
小寨 ,42.0,19.0,105.0,,,,,轻微污染,2010-04-17
小寨 ,30.0,29.0,85.0,,,,,良,2010-04-16
小寨 ,44.0,24.0,55.0,,,,,良,2010-04-15
小寨 ,34.0,32.0,55.0,,,,,良,2010-04-14
小寨 ,19.0,24.0,53.0,,,,,良,2010-04-13
小寨 ,44.0,15.0,72.0,,,,,良,2010-04-12
小寨 ,47.0,25.0,83.0,,,,,良,2010-04-11
小寨 ,26.0,31.0,83.0,,,,,良,2010-04-10
小寨 ,34.0,35.0,82.0,,,,,良,2010-04-09
小寨 ,31.0,29.0,92.0,,,,,良,2010-04-08
小寨 ,29.0,27.0,78.0,,,,,良,2010-04-07
小寨 ,29.0,32.0,74.0,,,,,良,2010-04-06
小寨 ,34.0,39.0,82.0,,,,,良,2010-04-05
小寨 ,35.0,22.0,62.0,,,,,良,2010-04-04
小寨 ,49.0,24.0,94.0,,,,,良,2010-04-03
小寨 ,32.0,36.0,82.0,,,,,良,2010-04-02
小寨 ,41.0,29.0,79.0,,,,,良,2010-04-01
小寨 ,43.0,29.0,93.0,,,,,良,2010-03-31
小寨 ,35.0,26.0,98.0,,,,,良,2010-03-30
小寨 ,44.0,36.0,92.0,,,,,良,2010-03-29
小寨 ,33.0,31.0,73.0,,,,,良,2010-03-28
小寨 ,36.0,20.0,92.0,,,,,良,2010-03-27
小寨 ,,,,,,,,---,2010-03-26
小寨 ,23.0,35.0,93.0,,,,,良,2010-03-25
小寨 ,24.0,27.0,83.0,,,,,良,2010-03-24
小寨 ,20.0,25.0,89.0,,,,,良,2010-03-23
小寨 ,42.0,44.0,168.0,,,,,轻度污染,2010-03-22
小寨 ,31.0,35.0,128.0,,,,,轻微污染,2010-03-21
小寨 ,43.0,29.0,162.0,,,,,轻度污染,2010-03-20
小寨 ,40.0,29.0,102.0,,,,,轻微污染,2010-03-19
小寨 ,43.0,28.0,148.0,,,,,轻微污染,2010-03-18
小寨 ,42.0,29.0,81.0,,,,,良,2010-03-17
小寨 ,45.0,30.0,86.0,,,,,良,2010-03-16
小寨 ,44.0,28.0,70.0,,,,,良,2010-03-15
小寨 ,40.0,28.0,88.0,,,,,良,2010-03-14
小寨 ,44.0,55.0,124.0,,,,,轻微污染,2010-03-13
小寨 ,45.0,37.0,77.0,,,,,良,2010-03-12
小寨 ,51.0,31.0,87.0,,,,,良,2010-03-11
小寨 ,46.0,29.0,73.0,,,,,良,2010-03-10
小寨 ,33.0,25.0,45.0,,,,,优,2010-03-09
小寨 ,54.0,45.0,73.0,,,,,良,2010-03-08
小寨 ,79.0,38.0,64.0,,,,,良,2010-03-07
小寨 ,54.0,39.0,57.0,,,,,良,2010-03-06
小寨 ,54.0,40.0,62.0,,,,,良,2010-03-05
小寨 ,59.0,37.0,69.0,,,,,良,2010-03-04
小寨 ,56.0,47.0,74.0,,,,,良,2010-03-03
小寨 ,66.0,39.0,81.0,,,,,良,2010-03-02
小寨 ,83.0,39.0,112.0,,,,,轻微污染,2010-03-01
小寨 ,71.0,49.0,89.0,,,,,良,2010-02-28
小寨 ,83.0,43.0,95.0,,,,,良,2010-02-27
小寨 ,64.0,48.0,82.0,,,,,良,2010-02-26
小寨 ,60.0,41.0,83.0,,,,,良,2010-02-25
小寨 ,70.0,83.0,109.0,,,,,轻微污染,2010-02-24
小寨 ,55.0,52.0,87.0,,,,,良,2010-02-23
小寨 ,50.0,37.0,83.0,,,,,良,2010-02-22
小寨 ,62.0,73.0,73.0,,,,,良,2010-02-21
小寨 ,35.0,31.0,67.0,,,,,良,2010-02-20
小寨 ,32.0,33.0,70.0,,,,,良,2010-02-19
小寨 ,45.0,26.0,61.0,,,,,良,2010-02-18
小寨 ,47.0,22.0,73.0,,,,,良,2010-02-17
小寨 ,26.0,35.0,69.0,,,,,良,2010-02-16
小寨 ,48.0,20.0,63.0,,,,,良,2010-02-15
小寨 ,98.0,32.0,110.0,,,,,轻微污染,2010-02-14
小寨 ,79.0,40.0,82.0,,,,,良,2010-02-13
小寨 ,50.0,27.0,51.0,,,,,良,2010-02-12
小寨 ,45.0,29.0,51.0,,,,,良,2010-02-11
小寨 ,54.0,44.0,68.0,,,,,良,2010-02-10
小寨 ,74.0,63.0,120.0,,,,,轻微污染,2010-02-09
小寨 ,88.0,63.0,114.0,,,,,轻微污染,2010-02-08
小寨 ,80.0,68.0,141.0,,,,,轻微污染,2010-02-07
小寨 ,89.0,68.0,150.0,,,,,轻微污染,2010-02-06
小寨 ,71.0,44.0,144.0,,,,,轻微污染,2010-02-05
小寨 ,88.0,70.0,127.0,,,,,轻微污染,2010-02-04
小寨 ,65.0,52.0,100.0,,,,,良,2010-02-03
小寨 ,81.0,62.0,112.0,,,,,轻微污染,2010-02-02
小寨 ,66.0,54.0,98.0,,,,,良,2010-02-01
小寨 ,57.0,45.0,98.0,,,,,良,2010-01-31
小寨 ,81.0,49.0,98.0,,,,,良,2010-01-30
小寨 ,70.0,40.0,98.0,,,,,良,2010-01-29
小寨 ,53.0,74.0,87.0,,,,,良,2010-01-28
小寨 ,55.0,77.0,97.0,,,,,良,2010-01-27
小寨 ,58.0,49.0,91.0,,,,,良,2010-01-26
小寨 ,65.0,63.0,89.0,,,,,良,2010-01-25
小寨 ,73.0,60.0,115.0,,,,,轻微污染,2010-01-24
小寨 ,48.0,44.0,87.0,,,,,良,2010-01-23
小寨 ,86.0,39.0,101.0,,,,,轻微污染,2010-01-22
小寨 ,72.0,37.0,172.0,,,,,轻度污染,2010-01-21
小寨 ,102.0,87.0,174.0,,,,,轻度污染,2010-01-20
小寨 ,92.0,79.0,174.0,,,,,轻度污染,2010-01-19
小寨 ,83.0,77.0,122.0,,,,,轻微污染,2010-01-18
小寨 ,80.0,73.0,122.0,,,,,轻微污染,2010-01-17
小寨 ,87.0,49.0,104.0,,,,,轻微污染,2010-01-16
小寨 ,90.0,48.0,107.0,,,,,轻微污染,2010-01-15
小寨 ,82.0,43.0,76.0,,,,,良,2010-01-14
小寨 ,67.0,27.0,55.0,,,,,良,2010-01-13
小寨 ,65.0,27.0,54.0,,,,,良,2010-01-12
小寨 ,71.0,27.0,126.0,,,,,轻微污染,2010-01-11
小寨 ,63.0,27.0,195.0,,,,,轻度污染,2010-01-10
小寨 ,98.0,27.0,157.0,,,,,轻度污染,2010-01-09
小寨 ,123.0,27.0,138.0,,,,,轻微污染,2010-01-08
小寨 ,78.0,27.0,126.0,,,,,轻微污染,2010-01-07
小寨 ,82.0,27.0,106.0,,,,,轻微污染,2010-01-06
小寨 ,74.0,26.0,66.0,,,,,良,2010-01-05
小寨 ,57.0,20.0,94.0,,,,,良,2010-01-04
小寨 ,55.0,22.0,102.0,,,,,轻微污染,2010-01-03
小寨 ,75.0,37.0,84.0,,,,,良,2010-01-02
小寨 ,60.0,44.0,95.0,,,,,良,2010-01-01
市人民体育场 ,24.0,27.0,168.0,35.0,72.0,92.0,124.0,中度,2013-04-26
市人民体育场 ,25.0,,170.0,38.0,49.0,76.0,114.0,中度,2013-04-25
市人民体育场 ,15.0,,160.0,46.0,,43.0,166.0,中度,2013-04-24
市人民体育场 ,,34.0,,45.0,16.0,23.0,119.0,轻度,2013-04-19
市人民体育场 ,,52.0,,65.0,27.0,35.0,195.0,中度,2013-04-18
市人民体育场 ,9.0,72.0,243.0,79.0,65.0,86.0,142.0,重度,2013-04-17
市人民体育场 ,9.0,60.0,,66.0,42.0,53.0,69.0,良,2013-04-16
市人民体育场 ,13.0,87.0,,94.0,45.0,64.0,82.0,良,2013-04-15
市人民体育场 ,15.0,77.0,,,37.0,49.0,67.0,良,2013-04-14
市人民体育场 ,16.0,80.0,,,39.0,46.0,74.0,良,2013-04-13
市人民体育场 ,19.0,80.0,114.0,104.0,37.0,45.0,75.0,轻度,2013-04-12
市人民体育场 ,28.0,80.0,130.0,104.0,34.0,40.0,88.0,轻度,2013-04-11
市人民体育场 ,24.0,59.0,117.0,101.0,28.0,42.0,73.0,轻度,2013-04-10
市人民体育场 ,22.0,43.0,96.0,91.0,30.0,43.0,55.0,良,2013-04-09
市人民体育场 ,20.0,54.0,193.0,101.0,26.0,38.0,107.0,中度,2013-04-08
市人民体育场 ,24.0,69.0,145.0,101.0,30.0,35.0,105.0,轻度,2013-04-07
市人民体育场 ,22.0,59.0,114.0,91.0,33.0,37.0,85.0,轻度,2013-04-06
市人民体育场 ,21.0,38.0,130.0,83.0,20.0,29.0,70.0,轻度,2013-04-05
市人民体育场 ,23.0,62.0,139.0,97.0,21.0,20.0,168.0,中度,2013-04-04
市人民体育场 ,25.0,82.0,114.0,101.0,49.0,64.0,168.0,中度,2013-04-03
市人民体育场 ,26.0,80.0,164.0,97.0,12.0,14.0,128.0,中度,2013-04-02
市人民体育场 ,24.0,101.0,199.0,103.0,41.0,46.0,245.0,重度,2013-04-01
市人民体育场 ,24.0,78.0,176.0,97.0,39.0,41.0,235.0,重度,2013-03-31
市人民体育场 ,24.0,101.0,226.0,96.0,39.0,46.0,220.0,重度,2013-03-30
市人民体育场 ,24.0,78.0,199.0,89.0,22.0,29.0,188.0,中度,2013-03-29
市人民体育场 ,26.0,103.0,194.0,103.0,37.0,36.0,137.0,中度,2013-03-28
市人民体育场 ,27.0,101.0,158.0,103.0,28.0,31.0,110.0,中度,2013-03-27
市人民体育场 ,26.0,72.0,,83.0,35.0,41.0,144.0,轻度,2013-03-26
市人民体育场 ,29.0,73.0,,73.0,11.0,,129.0,轻度,2013-03-25
市人民体育场 ,26.0,52.0,260.0,64.0,32.0,43.0,115.0,重度,2013-03-24
市人民体育场 ,26.0,89.0,208.0,79.0,42.0,47.0,204.0,重度,2013-03-23
市人民体育场 ,28.0,105.0,174.0,91.0,27.0,28.0,178.0,中度,2013-03-22
市人民体育场 ,29.0,92.0,185.0,81.0,15.0,18.0,173.0,中度,2013-03-21
市人民体育场 ,28.0,77.0,226.0,73.0,27.0,35.0,109.0,重度,2013-03-20
市人民体育场 ,35.0,107.0,236.0,105.0,25.0,23.0,142.0,重度,2013-03-19
市人民体育场 ,34.0,101.0,188.0,97.0,29.0,31.0,93.0,中度,2013-03-18
市人民体育场 ,34.0,73.0,148.0,80.0,37.0,48.0,170.0,中度,2013-03-17
市人民体育场 ,38.0,92.0,198.0,81.0,11.0,15.0,273.0,重度,2013-03-16
市人民体育场 ,41.0,82.0,171.0,74.0,27.0,31.0,213.0,重度,2013-03-15
市人民体育场 ,51.0,60.0,155.0,63.0,20.0,25.0,163.0,中度,2013-03-14
市人民体育场 ,52.0,82.0,500.0,76.0,11.0,14.0,316.0,严重,2013-03-13
市人民体育场 ,52.0,79.0,500.0,71.0,16.0,18.0,265.0,严重,2013-03-12
市人民体育场 ,54.0,65.0,148.0,52.0,16.0,20.0,109.0,轻度,2013-03-11
市人民体育场 ,52.0,47.0,500.0,42.0,26.0,34.0,110.0,严重,2013-03-10
市人民体育场 ,47.0,94.0,,77.0,20.0,25.0,306.0,严重,2013-03-09
市人民体育场 ,61.0,122.0,,97.0,37.0,39.0,144.0,轻度,2013-03-08
市人民体育场 ,55.0,111.0,292.0,94.0,30.0,33.0,170.0,重度,2013-03-07
市人民体育场 ,55.0,101.0,339.0,70.0,29.0,37.0,166.0,严重,2013-03-06
市人民体育场 ,59.0,115.0,304.0,88.0,31.0,38.0,227.0,严重,2013-03-05
市人民体育场 ,59.0,101.0,199.0,62.0,31.0,35.0,133.0,中度,2013-03-04
市人民体育场 ,56.0,89.0,193.0,57.0,30.0,36.0,125.0,中度,2013-03-03
市人民体育场 ,75.0,85.0,192.0,48.0,24.0,27.0,100.0,中度,2013-03-02
市人民体育场 ,66.0,123.0,,79.0,40.0,40.0,414.0,严重,2013-02-27
市人民体育场 ,90.0,131.0,406.0,103.0,80.0,27.0,428.0,严重,2013-02-26
市人民体育场 ,76.0,122.0,305.0,93.0,6.0,8.0,338.0,严重,2013-02-25
市人民体育场 ,66.0,128.0,305.0,93.0,7.0,9.0,355.0,严重,2013-02-25
市人民体育场 ,29.0,117.0,163.0,80.0,8.0,11.0,245.0,重度,2013-02-23
市人民体育场 ,29.0,120.0,125.0,80.0,9.0,12.0,153.0,中度,2013-02-22
市人民体育场 ,52.0,89.0,97.0,42.0,8.0,12.0,130.0,轻度,2013-02-20
市人民体育场 ,94.0,78.0,212.0,67.0,17.0,19.0,299.0,重度,2013-02-17
市人民体育场 ,,38.0,198.0,96.0,33.0,39.0,,中度,2013-02-16
市人民体育场 ,,54.0,83.0,103.0,48.0,80.0,,轻度,2013-02-15
市人民体育场 ,,62.0,106.0,103.0,27.0,39.0,173.0,中度,2013-02-14
市人民体育场 ,,54.0,88.0,101.0,32.0,43.0,,轻度,2013-02-13
市人民体育场 ,,33.0,101.0,101.0,38.0,51.0,,轻度,2013-02-12
市人民体育场 ,6.0,19.0,,103.0,28.0,42.0,307.0,严重,2013-02-11
市人民体育场 ,12.0,25.0,,105.0,29.0,37.0,500.0,严重,2013-02-10
市人民体育场 ,17.0,23.0,,102.0,21.0,31.0,322.0,严重,2013-02-09
市人民体育场 ,,20.0,,93.0,24.0,32.0,176.0,中度,2013-02-08
市人民体育场 ,10.0,19.0,114.0,101.0,26.0,34.0,219.0,重度,2013-02-07
市人民体育场 ,52.0,27.0,,109.0,10.0,11.0,323.0,严重,2013-02-06
市人民体育场 ,0.0,0.0,0.0,110.0,12.0,14.0,144.0,轻度,2013-02-05
市人民体育场 ,,,,104.0,,,219.0,重度,2013-02-04
市人民体育场 ,,74.0,118.0,104.0,40.0,46.0,227.0,重度,2013-02-03
市人民体育场 ,,94.0,199.0,109.0,41.0,49.0,375.0,严重,2013-02-02
市人民体育场 ,,104.0,379.0,109.0,23.0,28.0,442.0,严重,2013-02-01
市人民体育场 ,,88.0,,103.0,43.0,46.0,341.0,严重,2013-01-31
市人民体育场 ,,108.0,364.0,107.0,50.0,55.0,341.0,严重,2013-01-30
市人民体育场 ,,109.0,199.0,108.0,68.0,80.0,327.0,严重,2013-01-29
市人民体育场 ,,106.0,185.0,103.0,35.0,43.0,304.0,严重,2013-01-28
市人民体育场 ,66.0,102.0,146.0,89.0,45.0,56.0,219.0,重度,2013-01-27
市人民体育场 ,70.0,87.0,118.0,80.0,82.0,85.0,190.0,中度,2013-01-26
市人民体育场 ,55.0,81.0,110.0,85.0,114.0,100.0,156.0,中度,2013-01-25
市人民体育场 ,51.0,49.0,81.0,47.0,94.0,98.0,54.0,良,2013-01-24
市人民体育场 ,67.0,104.0,250.0,102.0,29.0,32.0,,重度,2013-01-23
市人民体育场 ,54.0,77.0,142.0,69.0,70.0,90.0,,轻度,2013-01-22
市人民体育场 ,62.0,49.0,91.0,43.0,60.0,78.0,80.0,良,2013-01-21
市人民体育场 ,67.0,84.0,302.0,87.0,33.0,41.0,307.0,严重,2013-01-20
市人民体育场 ,91.0,109.0,479.0,106.0,18.0,24.0,415.0,严重,2013-01-19
市人民体育场 ,83.0,107.0,373.0,101.0,32.0,36.0,310.0,严重,2013-01-18
市人民体育场 ,69.0,80.0,194.0,60.0,49.0,75.0,206.0,重度,2013-01-17
市人民体育场 ,67.0,103.0,253.0,77.0,42.0,45.0,,重度,2013-01-16
市人民体育场 ,72.0,68.0,166.0,40.0,70.0,65.0,78.0,中度,2013-01-15
市人民体育场 ,90.0,127.0,481.0,106.0,30.0,31.0,438.0,严重,2013-01-14
市人民体育场 ,84.0,116.0,270.0,102.0,30.0,37.0,319.0,严重,2013-01-13
市人民体育场 ,100.0,107.0,215.0,70.0,21.0,30.0,269.0,重度,2013-01-12
市人民体育场 ,83.0,131.0,190.0,87.0,45.0,53.0,236.0,重度,2013-01-11
市人民体育场 ,101.0,128.0,302.0,69.0,19.0,23.0,325.0,严重,2013-01-10
市人民体育场 ,74.0,90.0,164.0,34.0,32.0,43.0,202.0,重度,2013-01-09
市人民体育场 ,81.0,124.0,354.0,84.0,19.0,23.0,365.0,严重,2013-01-08
市人民体育场 ,86.0,169.0,393.0,90.0,20.0,22.0,393.0,严重,2013-01-07
市人民体育场 ,90.0,199.0,410.0,106.0,12.0,13.0,416.0,严重,2013-01-06
市人民体育场 ,113.0,161.0,169.0,108.0,14.0,20.0,271.0,重度,2013-01-05
市人民体育场 ,85.0,59.0,104.0,94.0,68.0,30.0,147.0,轻度,2013-01-04
市人民体育场 ,50.0,15.0,63.0,62.0,71.0,32.0,69.0,良,2013-01-03
市人民体育场 ,61.0,37.0,96.0,70.0,52.0,25.0,63.0,良,2013-01-02
市人民体育场 ,72.0,131.0,138.0,104.0,58.0,23.0,147.0,轻度,2013-01-01
市人民体育场 ,68.0,73.0,114.0,,,,,轻微污染,2012-12-31
市人民体育场 ,59.0,21.0,76.0,,,,,良,2012-12-30
市人民体育场 ,63.0,29.0,95.0,,,,,良,2012-12-29
市人民体育场 ,81.0,80.0,242.0,,,,,中度污染,2012-12-28
市人民体育场 ,80.0,39.0,100.0,,,,,良,2012-12-25
市人民体育场 ,25.0,14.0,83.0,,,,,良,2012-12-24
市人民体育场 ,41.0,20.0,70.0,,,,,良,2012-12-23
市人民体育场 ,51.0,26.0,84.0,,,,,良,2012-12-22
市人民体育场 ,56.0,30.0,98.0,,,,,良,2012-12-21
市人民体育场 ,55.0,32.0,96.0,,,,,良,2012-12-20
市人民体育场 ,54.0,28.0,96.0,,,,,良,2012-12-19
市人民体育场 ,32.0,26.0,85.0,,,,,良,2012-12-18
市人民体育场 ,41.0,23.0,180.0,,,,,轻度污染,2012-12-17
市人民体育场 ,56.0,22.0,304.0,,,,,重污染,2012-12-16
市人民体育场 ,48.0,25.0,293.0,,,,,中度重污染,2012-12-15
市人民体育场 ,51.0,25.0,310.0,,,,,重污染,2012-12-14
市人民体育场 ,51.0,31.0,299.0,,,,,中度重污染,2012-12-13
市人民体育场 ,47.0,25.0,250.0,,,,,中度污染,2012-12-12
市人民体育场 ,55.0,37.0,129.0,,,,,轻微污染,2012-12-11
市人民体育场 ,53.0,23.0,127.0,,,,,轻微污染,2012-12-10
市人民体育场 ,54.0,19.0,88.0,,,,,良,2012-12-09
市人民体育场 ,55.0,29.0,87.0,,,,,良,2012-12-08
市人民体育场 ,52.0,26.0,97.0,,,,,良,2012-12-07
市人民体育场 ,56.0,22.0,97.0,,,,,良,2012-12-06
市人民体育场 ,63.0,14.0,95.0,,,,,良,2012-12-05
市人民体育场 ,63.0,37.0,123.0,,,,,轻微污染,2012-12-04
市人民体育场 ,73.0,22.0,124.0,,,,,轻微污染,2012-12-03
市人民体育场 ,78.0,29.0,255.0,,,,,中度重污染,2012-12-02
市人民体育场 ,85.0,21.0,185.0,,,,,轻度污染,2012-12-01
市人民体育场 ,56.0,31.0,94.0,,,,,良,2012-11-30
市人民体育场 ,39.0,15.0,95.0,,,,,良,2012-11-29
市人民体育场 ,28.0,22.0,85.0,,,,,良,2012-11-28
市人民体育场 ,36.0,30.0,86.0,,,,,良,2012-11-27
市人民体育场 ,29.0,19.0,76.0,,,,,良,2012-11-26
市人民体育场 ,33.0,20.0,84.0,,,,,良,2012-11-25
市人民体育场 ,26.0,22.0,81.0,,,,,良,2012-11-24
市人民体育场 ,29.0,10.0,69.0,,,,,良,2012-11-23
市人民体育场 ,28.0,29.0,168.0,,,,,轻度污染,2012-11-22
市人民体育场 ,33.0,30.0,136.0,,,,,轻微污染,2012-11-21
市人民体育场 ,43.0,29.0,125.0,,,,,轻微污染,2012-11-20
市人民体育场 ,27.0,34.0,98.0,,,,,良,2012-11-19
市人民体育场 ,39.0,45.0,100.0,,,,,良,2012-11-18
市人民体育场 ,35.0,31.0,97.0,,,,,良,2012-11-17
市人民体育场 ,28.0,17.0,72.0,,,,,良,2012-11-16
市人民体育场 ,49.0,29.0,134.0,,,,,轻微污染,2012-11-15
市人民体育场 ,26.0,32.0,99.0,,,,,良,2012-11-14
市人民体育场 ,30.0,34.0,97.0,,,,,良,2012-11-13
市人民体育场 ,25.0,25.0,70.0,,,,,良,2012-11-12
市人民体育场 ,20.0,20.0,72.0,,,,,良,2012-11-11
市人民体育场 ,26.0,19.0,94.0,,,,,良,2012-11-10
市人民体育场 ,32.0,30.0,90.0,,,,,良,2012-11-09
市人民体育场 ,25.0,17.0,68.0,,,,,良,2012-11-08
市人民体育场 ,26.0,27.0,94.0,,,,,良,2012-11-07
市人民体育场 ,14.0,17.0,86.0,,,,,良,2012-11-06
市人民体育场 ,22.0,32.0,95.0,,,,,良,2012-11-05
市人民体育场 ,18.0,17.0,77.0,,,,,良,2012-11-04
市人民体育场 ,21.0,21.0,99.0,,,,,良,2012-11-03
市人民体育场 ,35.0,24.0,209.0,,,,,中度污染,2012-11-02
市人民体育场 ,25.0,36.0,96.0,,,,,良,2012-11-01
市人民体育场 ,22.0,22.0,86.0,,,,,良,2012-10-31
市人民体育场 ,21.0,22.0,88.0,,,,,良,2012-10-30
市人民体育场 ,25.0,24.0,99.0,,,,,良,2012-10-29
市人民体育场 ,22.0,31.0,99.0,,,,,良,2012-10-28
市人民体育场 ,23.0,34.0,97.0,,,,,良,2012-10-27
市人民体育场 ,22.0,38.0,115.0,,,,,轻微污染,2012-10-26
市人民体育场 ,21.0,35.0,90.0,,,,,良,2012-10-25
市人民体育场 ,22.0,31.0,88.0,,,,,良,2012-10-24
市人民体育场 ,22.0,37.0,90.0,,,,,良,2012-10-23
市人民体育场 ,18.0,22.0,59.0,,,,,良,2012-10-22
市人民体育场 ,22.0,30.0,98.0,,,,,良,2012-10-21
市人民体育场 ,20.0,29.0,97.0,,,,,良,2012-10-20
市人民体育场 ,22.0,29.0,98.0,,,,,良,2012-10-19
市人民体育场 ,21.0,32.0,100.0,,,,,良,2012-10-18
市人民体育场 ,18.0,29.0,75.0,,,,,良,2012-10-17
市人民体育场 ,20.0,33.0,95.0,,,,,良,2012-10-16
市人民体育场 ,20.0,37.0,147.0,,,,,轻微污染,2012-10-15
市人民体育场 ,20.0,37.0,98.0,,,,,良,2012-10-14
市人民体育场 ,19.0,30.0,98.0,,,,,良,2012-10-13
市人民体育场 ,18.0,35.0,128.0,,,,,轻微污染,2012-10-12
市人民体育场 ,19.0,30.0,126.0,,,,,轻微污染,2012-10-11
市人民体育场 ,20.0,25.0,74.0,,,,,良,2012-10-10
市人民体育场 ,18.0,14.0,90.0,,,,,良,2012-10-09
市人民体育场 ,21.0,22.0,122.0,,,,,轻微污染,2012-10-08
市人民体育场 ,17.0,22.0,111.0,,,,,轻微污染,2012-10-07
市人民体育场 ,21.0,27.0,99.0,,,,,良,2012-10-06
市人民体育场 ,19.0,21.0,93.0,,,,,良,2012-10-05
市人民体育场 ,20.0,27.0,86.0,,,,,良,2012-10-04
市人民体育场 ,17.0,25.0,105.0,,,,,轻微污染,2012-10-03
市人民体育场 ,20.0,28.0,112.0,,,,,轻微污染,2012-10-02
市人民体育场 ,18.0,32.0,91.0,,,,,良,2012-10-01
市人民体育场 ,18.0,25.0,85.0,,,,,良,2012-09-30
市人民体育场 ,13.0,30.0,70.0,,,,,良,2012-09-29
市人民体育场 ,18.0,25.0,60.0,,,,,良,2012-09-28
市人民体育场 ,24.0,18.0,77.0,,,,,良,2012-09-27
市人民体育场 ,22.0,17.0,47.0,,,,,优,2012-09-26
市人民体育场 ,20.0,17.0,95.0,,,,,良,2012-09-25
市人民体育场 ,38.0,31.0,114.0,,,,,轻微污染,2012-09-24
市人民体育场 ,27.0,15.0,111.0,,,,,轻微污染,2012-09-23
市人民体育场 ,34.0,14.0,94.0,,,,,良,2012-09-22
市人民体育场 ,33.0,14.0,85.0,,,,,良,2012-09-21
市人民体育场 ,26.0,17.0,88.0,,,,,良,2012-09-20
市人民体育场 ,27.0,13.0,67.0,,,,,良,2012-09-19
市人民体育场 ,28.0,15.0,75.0,,,,,良,2012-09-18
市人民体育场 ,22.0,17.0,86.0,,,,,良,2012-09-17
市人民体育场 ,21.0,16.0,58.0,,,,,良,2012-09-16
市人民体育场 ,27.0,24.0,74.0,,,,,良,2012-09-15
市人民体育场 ,25.0,19.0,54.0,,,,,良,2012-09-14
市人民体育场 ,24.0,15.0,49.0,,,,,优,2012-09-13
市人民体育场 ,23.0,19.0,54.0,,,,,良,2012-09-12
市人民体育场 ,21.0,17.0,56.0,,,,,良,2012-09-11
市人民体育场 ,23.0,19.0,60.0,,,,,良,2012-09-10
市人民体育场 ,24.0,20.0,54.0,,,,,良,2012-09-09
市人民体育场 ,27.0,22.0,71.0,,,,,良,2012-09-08
市人民体育场 ,25.0,22.0,75.0,,,,,良,2012-09-07
市人民体育场 ,26.0,26.0,78.0,,,,,良,2012-09-06
市人民体育场 ,30.0,25.0,72.0,,,,,良,2012-09-05
市人民体育场 ,31.0,25.0,51.0,,,,,良,2012-09-04
市人民体育场 ,31.0,25.0,51.0,,,,,良,2012-09-04
市人民体育场 ,30.0,24.0,30.0,,,,,优,2012-09-03
市人民体育场 ,24.0,14.0,41.0,,,,,优,2012-09-02
市人民体育场 ,25.0,16.0,35.0,,,,,优,2012-09-01
市人民体育场 ,26.0,22.0,68.0,,,,,良,2012-08-31
市人民体育场 ,28.0,28.0,63.0,,,,,良,2012-08-30
市人民体育场 ,24.0,22.0,59.0,,,,,良,2012-08-29
市人民体育场 ,22.0,17.0,74.0,,,,,良,2012-08-28
市人民体育场 ,22.0,16.0,87.0,,,,,良,2012-08-27
市人民体育场 ,18.0,17.0,84.0,,,,,良,2012-08-26
市人民体育场 ,24.0,22.0,73.0,,,,,良,2012-08-25
市人民体育场 ,24.0,19.0,57.0,,,,,良,2012-08-24
市人民体育场 ,23.0,19.0,54.0,,,,,良,2012-08-23
市人民体育场 ,23.0,24.0,55.0,,,,,良,2012-08-22
市人民体育场 ,21.0,17.0,37.0,,,,,优,2012-08-21
市人民体育场 ,29.0,17.0,38.0,,,,,优,2012-08-20
市人民体育场 ,31.0,19.0,44.0,,,,,优,2012-08-19
市人民体育场 ,35.0,19.0,59.0,,,,,良,2012-08-18
市人民体育场 ,34.0,20.0,70.0,,,,,良,2012-08-17
市人民体育场 ,36.0,29.0,82.0,,,,,良,2012-08-16
市人民体育场 ,35.0,24.0,70.0,,,,,良,2012-08-15
市人民体育场 ,36.0,23.0,53.0,,,,,良,2012-08-14
市人民体育场 ,34.0,27.0,74.0,,,,,良,2012-08-13
市人民体育场 ,30.0,20.0,81.0,,,,,良,2012-08-12
市人民体育场 ,25.0,20.0,82.0,,,,,良,2012-08-11
市人民体育场 ,32.0,21.0,78.0,,,,,良,2012-08-10
市人民体育场 ,20.0,14.0,70.0,,,,,良,2012-08-09
市人民体育场 ,19.0,19.0,74.0,,,,,良,2012-08-08
市人民体育场 ,20.0,23.0,67.0,,,,,良,2012-08-07
市人民体育场 ,23.0,16.0,56.0,,,,,良,2012-08-06
市人民体育场 ,26.0,17.0,67.0,,,,,良,2012-08-05
市人民体育场 ,22.0,15.0,73.0,,,,,良,2012-08-04
市人民体育场 ,27.0,23.0,68.0,,,,,良,2012-08-03
市人民体育场 ,23.0,22.0,45.0,,,,,优,2012-08-02
市人民体育场 ,22.0,21.0,43.0,,,,,优,2012-08-01
市人民体育场 ,29.0,18.0,51.0,,,,,良,2012-07-31
市人民体育场 ,31.0,24.0,63.0,,,,,良,2012-07-30
市人民体育场 ,23.0,30.0,68.0,,,,,良,2012-07-29
市人民体育场 ,28.0,27.0,42.0,,,,,优,2012-07-28
市人民体育场 ,37.0,25.0,46.0,,,,,优,2012-07-27
市人民体育场 ,24.0,24.0,81.0,,,,,良,2012-07-26
市人民体育场 ,22.0,19.0,68.0,,,,,良,2012-07-25
市人民体育场 ,19.0,23.0,56.0,,,,,良,2012-07-24
市人民体育场 ,16.0,22.0,51.0,,,,,良,2012-07-23
市人民体育场 ,22.0,15.0,56.0,,,,,良,2012-07-22
市人民体育场 ,19.0,14.0,70.0,,,,,良,2012-07-21
市人民体育场 ,24.0,15.0,90.0,,,,,良,2012-07-20
市人民体育场 ,22.0,14.0,83.0,,,,,良,2012-07-19
市人民体育场 ,26.0,17.0,79.0,,,,,良,2012-07-18
市人民体育场 ,12.0,12.0,69.0,,,,,良,2012-07-17
市人民体育场 ,18.0,16.0,69.0,,,,,良,2012-07-16
市人民体育场 ,18.0,16.0,69.0,,,,,良,2012-07-16
市人民体育场 ,18.0,15.0,73.0,,,,,良,2012-07-15
市人民体育场 ,16.0,14.0,64.0,,,,,良,2012-07-14
市人民体育场 ,26.0,19.0,61.0,,,,,良,2012-07-13
市人民体育场 ,31.0,24.0,62.0,,,,,良,2012-07-12
市人民体育场 ,14.0,17.0,62.0,,,,,良,2012-07-11
市人民体育场 ,18.0,14.0,45.0,,,,,优,2012-07-10
市人民体育场 ,17.0,15.0,46.0,,,,,优,2012-07-09
市人民体育场 ,22.0,15.0,64.0,,,,,良,2012-07-08
市人民体育场 ,25.0,14.0,49.0,,,,,优,2012-07-07
市人民体育场 ,23.0,21.0,61.0,,,,,良,2012-07-06
市人民体育场 ,23.0,25.0,51.0,,,,,良,2012-07-05
市人民体育场 ,22.0,21.0,44.0,,,,,优,2012-07-04
市人民体育场 ,20.0,20.0,51.0,,,,,良,2012-07-03
市人民体育场 ,21.0,30.0,58.0,,,,,良,2012-07-02
市人民体育场 ,26.0,20.0,43.0,,,,,优,2012-07-01
市人民体育场 ,17.0,19.0,41.0,,,,,优,2012-06-30
市人民体育场 ,14.0,11.0,53.0,,,,,良,2012-06-29
市人民体育场 ,23.0,12.0,53.0,,,,,良,2012-06-28
市人民体育场 ,24.0,18.0,72.0,,,,,良,2012-06-27
市人民体育场 ,22.0,15.0,60.0,,,,,良,2012-06-26
市人民体育场 ,30.0,14.0,67.0,,,,,良,2012-06-25
市人民体育场 ,30.0,15.0,61.0,,,,,良,2012-06-24
市人民体育场 ,34.0,17.0,59.0,,,,,良,2012-06-23
市人民体育场 ,33.0,17.0,65.0,,,,,良,2012-06-22
市人民体育场 ,32.0,25.0,70.0,,,,,良,2012-06-21
市人民体育场 ,24.0,19.0,66.0,,,,,良,2012-06-20
市人民体育场 ,29.0,19.0,71.0,,,,,良,2012-06-19
市人民体育场 ,40.0,22.0,59.0,,,,,良,2012-06-18
市人民体育场 ,35.0,30.0,69.0,,,,,良,2012-06-17
市人民体育场 ,26.0,27.0,65.0,,,,,良,2012-06-16
市人民体育场 ,31.0,17.0,62.0,,,,,良,2012-06-15
市人民体育场 ,36.0,18.0,65.0,,,,,良,2012-06-14
市人民体育场 ,23.0,27.0,64.0,,,,,良,2012-06-13
市人民体育场 ,32.0,20.0,64.0,,,,,良,2012-06-12
市人民体育场 ,31.0,21.0,69.0,,,,,良,2012-06-11
市人民体育场 ,37.0,24.0,57.0,,,,,良,2012-06-10
市人民体育场 ,41.0,20.0,62.0,,,,,良,2012-06-09
市人民体育场 ,30.0,20.0,57.0,,,,,良,2012-06-08
市人民体育场 ,28.0,20.0,77.0,,,,,良,2012-06-07
市人民体育场 ,25.0,17.0,68.0,,,,,良,2012-06-06
市人民体育场 ,25.0,19.0,82.0,,,,,良,2012-06-05
市人民体育场 ,32.0,17.0,73.0,,,,,良,2012-06-04
市人民体育场 ,31.0,12.0,57.0,,,,,良,2012-06-03
市人民体育场 ,29.0,14.0,61.0,,,,,良,2012-06-02
市人民体育场 ,26.0,15.0,65.0,,,,,良,2012-06-01
市人民体育场 ,27.0,18.0,56.0,,,,,良,2012-05-31
市人民体育场 ,19.0,14.0,45.0,,,,,优,2012-05-30
市人民体育场 ,20.0,14.0,56.0,,,,,良,2012-05-29
市人民体育场 ,25.0,17.0,52.0,,,,,良,2012-05-28
市人民体育场 ,22.0,16.0,70.0,,,,,良,2012-05-27
市人民体育场 ,18.0,19.0,76.0,,,,,良,2012-05-26
市人民体育场 ,19.0,10.0,85.0,,,,,良,2012-05-25
市人民体育场 ,13.0,14.0,92.0,,,,,良,2012-05-24
市人民体育场 ,15.0,12.0,95.0,,,,,良,2012-05-23
市人民体育场 ,11.0,14.0,57.0,,,,,良,2012-05-22
市人民体育场 ,28.0,14.0,63.0,,,,,良,2012-05-21
市人民体育场 ,28.0,19.0,78.0,,,,,良,2012-05-20
市人民体育场 ,30.0,32.0,87.0,,,,,良,2012-05-19
市人民体育场 ,35.0,37.0,84.0,,,,,良,2012-05-18
市人民体育场 ,28.0,32.0,68.0,,,,,良,2012-05-17
市人民体育场 ,34.0,35.0,71.0,,,,,良,2012-05-16
市人民体育场 ,31.0,23.0,56.0,,,,,良,2012-05-15
市人民体育场 ,35.0,21.0,74.0,,,,,良,2012-05-14
市人民体育场 ,23.0,21.0,88.0,,,,,良,2012-05-13
市人民体育场 ,19.0,17.0,64.0,,,,,良,2012-05-12
市人民体育场 ,22.0,15.0,64.0,,,,,良,2012-05-11
市人民体育场 ,25.0,20.0,77.0,,,,,良,2012-05-10
市人民体育场 ,32.0,22.0,76.0,,,,,良,2012-05-09
市人民体育场 ,25.0,22.0,90.0,,,,,良,2012-05-08
市人民体育场 ,25.0,24.0,96.0,,,,,良,2012-05-07
市人民体育场 ,31.0,30.0,89.0,,,,,良,2012-05-06
市人民体育场 ,39.0,22.0,86.0,,,,,良,2012-05-05
市人民体育场 ,28.0,29.0,80.0,,,,,良,2012-05-04
市人民体育场 ,17.0,30.0,71.0,,,,,良,2012-05-03
市人民体育场 ,14.0,19.0,73.0,,,,,良,2012-05-02
市人民体育场 ,22.0,21.0,96.0,,,,,良,2012-05-01
市人民体育场 ,22.0,18.0,89.0,,,,,良,2012-04-30
市人民体育场 ,31.0,30.0,105.0,,,,,轻微污染,2012-04-29
市人民体育场 ,31.0,30.0,102.0,,,,,轻微污染,2012-04-28
市人民体育场 ,32.0,31.0,85.0,,,,,良,2012-04-27
市人民体育场 ,35.0,27.0,90.0,,,,,良,2012-04-26
市人民体育场 ,32.0,31.0,88.0,,,,,良,2012-04-25
市人民体育场 ,27.0,22.0,77.0,,,,,良,2012-04-24
市人民体育场 ,29.0,27.0,99.0,,,,,良,2012-04-23
市人民体育场 ,25.0,27.0,91.0,,,,,良,2012-04-22
市人民体育场 ,32.0,25.0,92.0,,,,,良,2012-04-21
市人民体育场 ,32.0,26.0,82.0,,,,,良,2012-04-20
市人民体育场 ,35.0,25.0,64.0,,,,,良,2012-04-19
市人民体育场 ,39.0,29.0,90.0,,,,,良,2012-04-18
市人民体育场 ,49.0,36.0,90.0,,,,,良,2012-04-17
市人民体育场 ,26.0,27.0,66.0,,,,,良,2012-04-16
市人民体育场 ,33.0,34.0,71.0,,,,,良,2012-04-15
市人民体育场 ,24.0,23.0,71.0,,,,,良,2012-04-14
市人民体育场 ,16.0,24.0,53.0,,,,,良,2012-04-13
市人民体育场 ,18.0,16.0,53.0,,,,,良,2012-04-12
市人民体育场 ,23.0,35.0,68.0,,,,,良,2012-04-11
市人民体育场 ,22.0,19.0,57.0,,,,,良,2012-04-10
市人民体育场 ,21.0,25.0,63.0,,,,,良,2012-04-09
市人民体育场 ,32.0,24.0,81.0,,,,,良,2012-04-08
市人民体育场 ,31.0,23.0,85.0,,,,,良,2012-04-07
市人民体育场 ,27.0,19.0,87.0,,,,,良,2012-04-06
市人民体育场 ,22.0,22.0,79.0,,,,,良,2012-04-05
市人民体育场 ,31.0,24.0,78.0,,,,,良,2012-04-04
市人民体育场 ,27.0,19.0,76.0,,,,,良,2012-04-03
市人民体育场 ,32.0,28.0,78.0,,,,,良,2012-04-02
市人民体育场 ,29.0,25.0,87.0,,,,,良,2012-04-01
市人民体育场 ,15.0,20.0,63.0,,,,,良,2012-03-31
市人民体育场 ,31.0,24.0,88.0,,,,,良,2012-03-30
市人民体育场 ,27.0,23.0,92.0,,,,,良,2012-03-29
市人民体育场 ,43.0,37.0,95.0,,,,,良,2012-03-28
市人民体育场 ,43.0,37.0,94.0,,,,,良,2012-03-27
市人民体育场 ,63.0,41.0,82.0,,,,,良,2012-03-26
市人民体育场 ,59.0,34.0,89.0,,,,,良,2012-03-25
市人民体育场 ,45.0,30.0,82.0,,,,,良,2012-03-24
市人民体育场 ,52.0,30.0,76.0,,,,,良,2012-03-23
市人民体育场 ,52.0,35.0,68.0,,,,,良,2012-03-22
市人民体育场 ,57.0,35.0,77.0,,,,,良,2012-03-21
市人民体育场 ,57.0,24.0,77.0,,,,,良,2012-03-20
市人民体育场 ,60.0,30.0,122.0,,,,,轻微污染,2012-03-19
市人民体育场 ,62.0,40.0,122.0,,,,,轻微污染,2012-03-18
市人民体育场 ,46.0,34.0,88.0,,,,,良,2012-03-17
市人民体育场 ,42.0,34.0,84.0,,,,,良,2012-03-16
市人民体育场 ,46.0,44.0,96.0,,,,,良,2012-03-15
市人民体育场 ,52.0,40.0,96.0,,,,,良,2012-03-14
市人民体育场 ,54.0,54.0,118.0,,,,,轻微污染,2012-03-13
市人民体育场 ,43.0,44.0,86.0,,,,,良,2012-03-12
市人民体育场 ,45.0,45.0,77.0,,,,,良,2012-03-11
市人民体育场 ,44.0,42.0,89.0,,,,,良,2012-03-10
市人民体育场 ,42.0,27.0,79.0,,,,,良,2012-03-09
市人民体育场 ,36.0,40.0,64.0,,,,,良,2012-03-08
市人民体育场 ,31.0,30.0,66.0,,,,,良,2012-03-07
市人民体育场 ,33.0,25.0,61.0,,,,,良,2012-03-06
市人民体育场 ,36.0,40.0,71.0,,,,,良,2012-03-05
市人民体育场 ,29.0,37.0,64.0,,,,,良,2012-03-04
市人民体育场 ,32.0,29.0,65.0,,,,,良,2012-03-03
市人民体育场 ,32.0,40.0,95.0,,,,,良,2012-03-02
市人民体育场 ,49.0,62.0,127.0,,,,,轻微污染,2012-03-02
市人民体育场 ,57.0,47.0,130.0,,,,,轻微污染,2012-02-29
市人民体育场 ,46.0,34.0,97.0,,,,,良,2012-02-28
市人民体育场 ,37.0,35.0,87.0,,,,,良,2012-02-27
市人民体育场 ,52.0,34.0,72.0,,,,,良,2012-02-26
市人民体育场 ,57.0,30.0,80.0,,,,,良,2012-02-25
市人民体育场 ,52.0,39.0,104.0,,,,,轻微污染,2012-02-24
市人民体育场 ,68.0,63.0,121.0,,,,,轻微污染,2012-02-23
市人民体育场 ,64.0,50.0,107.0,,,,,轻微污染,2012-02-22
市人民体育场 ,68.0,57.0,106.0,,,,,轻微污染,2012-02-21
市人民体育场 ,59.0,44.0,75.0,,,,,良,2012-02-20
市人民体育场 ,41.0,33.0,53.0,,,,,良,2012-02-19
市人民体育场 ,41.0,29.0,56.0,,,,,良,2012-02-18
市人民体育场 ,35.0,28.0,56.0,,,,,良,2012-02-17
市人民体育场 ,52.0,30.0,118.0,,,,,轻微污染,2012-02-16
市人民体育场 ,57.0,35.0,127.0,,,,,轻微污染,2012-02-15
市人民体育场 ,51.0,32.0,117.0,,,,,轻微污染,2012-02-14
市人民体育场 ,35.0,29.0,86.0,,,,,良,2012-02-13
市人民体育场 ,39.0,25.0,79.0,,,,,良,2012-02-12
市人民体育场 ,35.0,26.0,60.0,,,,,良,2012-02-11
市人民体育场 ,29.0,19.0,46.0,,,,,优,2012-02-10
市人民体育场 ,42.0,29.0,43.0,,,,,优,2012-02-09
市人民体育场 ,39.0,30.0,55.0,,,,,良,2012-02-08
市人民体育场 ,30.0,21.0,56.0,,,,,良,2012-02-07
市人民体育场 ,75.0,52.0,118.0,,,,,轻微污染,2012-02-06
市人民体育场 ,69.0,47.0,84.0,,,,,良,2012-02-05
市人民体育场 ,56.0,49.0,79.0,,,,,良,2012-02-04
市人民体育场 ,37.0,28.0,46.0,,,,,优,2012-02-03
市人民体育场 ,27.0,30.0,46.0,,,,,优,2012-02-02
市人民体育场 ,67.0,68.0,141.0,,,,,轻微污染,2012-02-01
市人民体育场 ,72.0,67.0,127.0,,,,,轻微污染,2012-01-31
市人民体育场 ,69.0,62.0,107.0,,,,,轻微污染,2012-01-30
市人民体育场 ,73.0,88.0,108.0,,,,,轻微污染,2012-01-29
市人民体育场 ,69.0,97.0,97.0,,,,,良,2012-01-28
市人民体育场 ,59.0,29.0,86.0,,,,,良,2012-01-27
市人民体育场 ,57.0,53.0,76.0,,,,,良,2012-01-26
市人民体育场 ,47.0,42.0,48.0,,,,,优,2012-01-25
市人民体育场 ,41.0,32.0,61.0,,,,,良,2012-01-24
市人民体育场 ,55.0,26.0,68.0,,,,,良,2012-01-23
市人民体育场 ,41.0,38.0,52.0,,,,,良,2012-01-22
市人民体育场 ,64.0,37.0,70.0,,,,,良,2012-01-21
市人民体育场 ,72.0,50.0,99.0,,,,,良,2012-01-20
市人民体育场 ,80.0,70.0,134.0,,,,,轻微污染,2012-01-19
市人民体育场 ,86.0,64.0,173.0,,,,,轻度污染,2012-01-18
市人民体育场 ,91.0,53.0,116.0,,,,,轻微污染,2012-01-17
市人民体育场 ,90.0,100.0,122.0,,,,,轻微污染,2012-01-16
市人民体育场 ,82.0,67.0,102.0,,,,,轻微污染,2012-01-15
市人民体育场 ,82.0,68.0,124.0,,,,,轻微污染,2012-01-14
市人民体育场 ,91.0,62.0,111.0,,,,,轻微污染,2012-01-13
市人民体育场 ,78.0,72.0,107.0,,,,,轻微污染,2012-01-12
市人民体育场 ,78.0,78.0,158.0,,,,,轻度污染,2012-01-11
市人民体育场 ,107.0,50.0,186.0,,,,,轻度污染,2012-01-10
市人民体育场 ,99.0,73.0,141.0,,,,,轻微污染,2012-01-09
市人民体育场 ,83.0,55.0,109.0,,,,,轻微污染,2012-01-08
市人民体育场 ,67.0,59.0,84.0,,,,,良,2012-01-07
市人民体育场 ,75.0,55.0,95.0,,,,,良,2012-01-06
市人民体育场 ,39.0,20.0,54.0,,,,,良,2012-01-05
市人民体育场 ,57.0,27.0,54.0,,,,,良,2012-01-04
市人民体育场 ,44.0,34.0,60.0,,,,,良,2012-01-03
市人民体育场 ,91.0,47.0,175.0,,,,,轻度污染,2012-01-02
市人民体育场 ,109.0,78.0,198.0,,,,,轻度污染,2012-01-01
市人民体育场 ,95.0,53.0,150.0,,,,,轻微污染,2011-12-31
市人民体育场 ,92.0,62.0,185.0,,,,,轻度污染,2011-12-30
市人民体育场 ,103.0,42.0,128.0,,,,,轻微污染,2011-12-29
市人民体育场 ,78.0,55.0,121.0,,,,,轻微污染,2011-12-28
市人民体育场 ,78.0,42.0,110.0,,,,,轻微污染,2011-12-27
市人民体育场 ,69.0,37.0,101.0,,,,,轻微污染,2011-12-26
市人民体育场 ,59.0,38.0,105.0,,,,,轻微污染,2011-12-25
市人民体育场 ,66.0,34.0,53.0,,,,,良,2011-12-24
市人民体育场 ,62.0,52.0,83.0,,,,,良,2011-12-23
市人民体育场 ,63.0,29.0,77.0,,,,,良,2011-12-22
市人民体育场 ,73.0,44.0,98.0,,,,,良,2011-12-21
市人民体育场 ,84.0,34.0,130.0,,,,,轻微污染,2011-12-20
市人民体育场 ,78.0,29.0,124.0,,,,,轻微污染,2011-12-19
市人民体育场 ,57.0,32.0,109.0,,,,,轻微污染,2011-12-18
市人民体育场 ,63.0,24.0,86.0,,,,,良,2011-12-17
市人民体育场 ,71.0,34.0,94.0,,,,,良,2011-12-16
市人民体育场 ,66.0,32.0,99.0,,,,,良,2011-12-15
市人民体育场 ,70.0,35.0,100.0,,,,,良,2011-12-14
市人民体育场 ,72.0,35.0,110.0,,,,,轻微污染,2011-12-13
市人民体育场 ,64.0,14.0,71.0,,,,,良,2011-12-12
市人民体育场 ,61.0,22.0,102.0,,,,,轻微污染,2011-12-11
市人民体育场 ,76.0,15.0,70.0,,,,,良,2011-12-10
市人民体育场 ,88.0,17.0,68.0,,,,,良,2011-12-09
市人民体育场 ,64.0,20.0,60.0,,,,,良,2011-12-08
市人民体育场 ,62.0,18.0,66.0,,,,,良,2011-12-07
市人民体育场 ,70.0,19.0,72.0,,,,,良,2011-12-06
市人民体育场 ,70.0,20.0,83.0,,,,,良,2011-12-05
市人民体育场 ,62.0,19.0,108.0,,,,,轻微污染,2011-12-04
市人民体育场 ,72.0,22.0,115.0,,,,,轻微污染,2011-12-03
市人民体育场 ,60.0,13.0,80.0,,,,,良,2011-12-02
市人民体育场 ,50.0,20.0,62.0,,,,,良,2011-12-01
市人民体育场 ,50.0,19.0,42.0,,,,,优,2011-11-30
市人民体育场 ,53.0,13.0,96.0,,,,,良,2011-11-29
市人民体育场 ,44.0,23.0,117.0,,,,,轻微,2011-11-28
市人民体育场 ,47.0,16.0,115.0,,,,,轻微污染,2011-11-27
市人民体育场 ,25.0,15.0,99.0,,,,,良,2011-11-26
市人民体育场 ,31.0,20.0,121.0,,,,,轻微,2011-11-25
市人民体育场 ,24.0,14.0,77.0,,,,,良,2011-11-24
市人民体育场 ,27.0,21.0,83.0,,,,,良,2011-11-23
市人民体育场 ,21.0,17.0,83.0,,,,,良,2011-11-22
市人民体育场 ,30.0,17.0,96.0,,,,,良,2011-11-21
市人民体育场 ,24.0,17.0,59.0,,,,,良,2011-11-20
市人民体育场 ,26.0,18.0,59.0,,,,,良,2011-11-19
市人民体育场 ,29.0,15.0,69.0,,,,,良,2011-11-18
市人民体育场 ,30.0,13.0,72.0,,,,,良,2011-11-17
市人民体育场 ,24.0,22.0,90.0,,,,,良,2011-11-16
市人民体育场 ,34.0,19.0,100.0,,,,,良,2011-11-15
市人民体育场 ,23.0,20.0,93.0,,,,,良,2011-11-14
市人民体育场 ,31.0,18.0,82.0,,,,,良,2011-11-13
市人民体育场 ,35.0,17.0,92.0,,,,,良,2011-11-12
市人民体育场 ,26.0,14.0,97.0,,,,,良,2011-11-11
市人民体育场 ,23.0,17.0,78.0,,,,,良,2011-11-10
市人民体育场 ,18.0,14.0,59.0,,,,,良,2011-11-09
市人民体育场 ,16.0,13.0,42.0,,,,,优,2011-11-08
市人民体育场 ,20.0,16.0,43.0,,,,,优,2011-11-07
市人民体育场 ,41.0,8.0,72.0,,,,,良,2011-11-05
市人民体育场 ,32.0,19.0,61.0,,,,,良,2011-11-05
市人民体育场 ,16.0,12.0,77.0,,,,,良,2011-11-04
市人民体育场 ,18.0,14.0,91.0,,,,,良,2011-11-03
市人民体育场 ,22.0,17.0,99.0,,,,,良,2011-11-02
市人民体育场 ,25.0,19.0,112.0,,,,,轻微,2011-11-01
市人民体育场 ,39.0,23.0,111.0,,,,,轻微,2011-10-31
市人民体育场 ,17.0,21.0,111.0,,,,,轻微,2011-10-30
市人民体育场 ,24.0,18.0,99.0,,,,,良,2011-10-29
市人民体育场 ,21.0,20.0,99.0,,,,,良,2011-10-28
市人民体育场 ,21.0,17.0,90.0,,,,,良,2011-10-27
市人民体育场 ,24.0,14.0,56.0,,,,,良,2011-10-26
市人民体育场 ,16.0,15.0,48.0,,,,,优,2011-10-25
市人民体育场 ,25.0,22.0,64.0,,,,,良,2011-10-24
市人民体育场 ,17.0,10.0,87.0,,,,,良,2011-10-23
市人民体育场 ,26.0,17.0,97.0,,,,,良,2011-10-22
市人民体育场 ,37.0,23.0,99.0,,,,,良,2011-10-21
市人民体育场 ,21.0,18.0,93.0,,,,,良,2011-10-20
市人民体育场 ,11.0,24.0,94.0,,,,,良,2011-10-19
市人民体育场 ,18.0,23.0,88.0,,,,,良,2011-10-18
市人民体育场 ,24.0,19.0,52.0,,,,,良,2011-10-17
市人民体育场 ,38.0,13.0,58.0,,,,,良,2011-10-16
市人民体育场 ,35.0,10.0,68.0,,,,,良,2011-10-15
市人民体育场 ,29.0,19.0,57.0,,,,,良,2011-10-14
市人民体育场 ,12.0,19.0,53.0,,,,,良,2011-10-13
市人民体育场 ,19.0,11.0,73.0,,,,,良,2011-10-12
市人民体育场 ,17.0,14.0,86.0,,,,,良,2011-10-11
市人民体育场 ,22.0,15.0,87.0,,,,,良,2011-10-10
市人民体育场 ,30.0,25.0,96.0,,,,,良,2011-10-09
市人民体育场 ,28.0,24.0,94.0,,,,,良,2011-10-08
市人民体育场 ,27.0,22.0,91.0,,,,,良,2011-10-07
市人民体育场 ,20.0,14.0,56.0,,,,,良,2011-10-06
市人民体育场 ,24.0,24.0,72.0,,,,,良,2011-10-05
市人民体育场 ,24.0,24.0,72.0,,,,,良,2011-10-05
市人民体育场 ,26.0,15.0,76.0,,,,,良,2011-10-04
市人民体育场 ,21.0,14.0,72.0,,,,,良,2011-10-03
市人民体育场 ,15.0,16.0,89.0,,,,,良,2011-10-02
市人民体育场 ,21.0,22.0,82.0,,,,,良,2011-10-01
市人民体育场 ,26.0,12.0,64.0,,,,,良,2011-09-30
市人民体育场 ,26.0,13.0,45.0,,,,,优,2011-09-29
市人民体育场 ,15.0,15.0,68.0,,,,,良,2011-09-28
市人民体育场 ,30.0,22.0,86.0,,,,,良,2011-09-27
市人民体育场 ,20.0,19.0,97.0,,,,,良,2011-09-26
市人民体育场 ,32.0,24.0,97.0,,,,,良,2011-09-25
市人民体育场 ,37.0,21.0,92.0,,,,,良,2011-09-24
市人民体育场 ,41.0,19.0,70.0,,,,,良,2011-09-23
市人民体育场 ,19.0,19.0,60.0,,,,,良,2011-09-22
市人民体育场 ,16.0,12.0,54.0,,,,,良,2011-09-21
市人民体育场 ,14.0,10.0,38.0,,,,,优,2011-09-20
市人民体育场 ,8.0,11.0,28.0,,,,,优,2011-09-19
市人民体育场 ,10.0,9.0,35.0,,,,,优,2011-09-18
市人民体育场 ,19.0,12.0,56.0,,,,,良,2011-09-17
市人民体育场 ,19.0,17.0,72.0,,,,,良,2011-09-16
市人民体育场 ,17.0,20.0,49.0,,,,,优,2011-09-15
市人民体育场 ,20.0,20.0,49.0,,,,,优,2011-09-14
市人民体育场 ,25.0,24.0,35.0,,,,,优,2011-09-13
市人民体育场 ,16.0,16.0,29.0,,,,,优,2011-09-12
市人民体育场 ,16.0,19.0,56.0,,,,,良,2011-09-11
市人民体育场 ,22.0,19.0,71.0,,,,,良,2011-09-10
市人民体育场 ,18.0,25.0,74.0,,,,,良,2011-09-09
市人民体育场 ,15.0,24.0,42.0,,,,,优,2011-09-08
市人民体育场 ,17.0,19.0,41.0,,,,,优,2011-09-07
市人民体育场 ,13.0,15.0,30.0,,,,,优,2011-09-06
市人民体育场 ,13.0,21.0,37.0,,,,,优,2011-09-05
市人民体育场 ,28.0,26.0,62.0,,,,,良,2011-09-04
市人民体育场 ,22.0,25.0,76.0,,,,,良,2011-09-03
市人民体育场 ,30.0,32.0,99.0,,,,,良,2011-09-02
市人民体育场 ,29.0,23.0,90.0,,,,,良,2011-09-01
市人民体育场 ,30.0,29.0,92.0,,,,,良,2011-08-31
市人民体育场 ,29.0,29.0,93.0,,,,,良,2011-08-30
市人民体育场 ,27.0,11.0,79.0,,,,,良,2011-08-29
市人民体育场 ,22.0,17.0,87.0,,,,,良,2011-08-28
市人民体育场 ,22.0,14.0,71.0,,,,,良,2011-08-27
市人民体育场 ,19.0,27.0,63.0,,,,,良,2011-08-26
市人民体育场 ,21.0,15.0,96.0,,,,,良,2011-08-25
市人民体育场 ,29.0,13.0,80.0,,,,,良,2011-08-24
市人民体育场 ,19.0,17.0,77.0,,,,,良,2011-08-23
市人民体育场 ,21.0,9.0,57.0,,,,,良,2011-08-22
市人民体育场 ,12.0,11.0,55.0,,,,,良,2011-08-21
市人民体育场 ,19.0,11.0,51.0,,,,,良,2011-08-20
市人民体育场 ,15.0,10.0,46.0,,,,,优,2011-08-19
市人民体育场 ,22.0,13.0,55.0,,,,,良,2011-08-18
市人民体育场 ,21.0,13.0,54.0,,,,,良,2011-08-17
市人民体育场 ,24.0,12.0,66.0,,,,,良,2011-08-16
市人民体育场 ,20.0,15.0,95.0,,,,,良,2011-08-15
市人民体育场 ,26.0,16.0,97.0,,,,,良,2011-08-14
市人民体育场 ,25.0,14.0,84.0,,,,,良,2011-08-13
市人民体育场 ,20.0,17.0,79.0,,,,,良,2011-08-12
市人民体育场 ,22.0,25.0,82.0,,,,,良,2011-08-11
市人民体育场 ,33.0,27.0,86.0,,,,,良,2011-08-10
市人民体育场 ,22.0,23.0,97.0,,,,,良,2011-08-09
市人民体育场 ,22.0,22.0,94.0,,,,,良,2011-08-08
市人民体育场 ,37.0,14.0,88.0,,,,,良,2011-08-07
市人民体育场 ,16.0,16.0,56.0,,,,,良,2011-08-06
市人民体育场 ,15.0,9.0,92.0,,,,,良,2011-08-05
市人民体育场 ,15.0,18.0,94.0,,,,,良,2011-08-04
市人民体育场 ,14.0,9.0,75.0,,,,,良,2011-08-03
市人民体育场 ,15.0,10.0,53.0,,,,,良,2011-08-02
市人民体育场 ,15.0,9.0,45.0,,,,,优,2011-08-01
市人民体育场 ,16.0,12.0,44.0,,,,,优,2011-07-31
市人民体育场 ,18.0,9.0,31.0,,,,,优,2011-07-30
市人民体育场 ,24.0,7.0,51.0,,,,,良,2011-07-29
市人民体育场 ,36.0,10.0,65.0,,,,,良,2011-07-28
市人民体育场 ,36.0,9.0,80.0,,,,,良,2011-07-27
市人民体育场 ,28.0,15.0,65.0,,,,,良,2011-07-26
市人民体育场 ,18.0,19.0,68.0,,,,,良,2011-07-25
市人民体育场 ,24.0,17.0,86.0,,,,,良,2011-07-24
市人民体育场 ,28.0,9.0,84.0,,,,,良,2011-07-23
市人民体育场 ,28.0,12.0,63.0,,,,,良,2011-07-22
市人民体育场 ,30.0,7.0,66.0,,,,,良,2011-07-21
市人民体育场 ,37.0,16.0,90.0,,,,,良,2011-07-20
市人民体育场 ,32.0,9.0,86.0,,,,,良,2011-07-19
市人民体育场 ,28.0,19.0,91.0,,,,,良,2011-07-18
市人民体育场 ,34.0,13.0,81.0,,,,,良,2011-07-17
市人民体育场 ,37.0,14.0,84.0,,,,,良,2011-07-16
市人民体育场 ,31.0,27.0,92.0,,,,,良,2011-07-15
市人民体育场 ,36.0,16.0,69.0,,,,,良,2011-07-14
市人民体育场 ,30.0,24.0,83.0,,,,,良,2011-07-13
市人民体育场 ,48.0,27.0,88.0,,,,,良,2011-07-12
市人民体育场 ,24.0,25.0,93.0,,,,,良,2011-07-11
市人民体育场 ,49.0,33.0,97.0,,,,,良,2011-07-10
市人民体育场 ,19.0,27.0,71.0,,,,,良,2011-07-09
市人民体育场 ,23.0,15.0,83.0,,,,,良,2011-07-08
市人民体育场 ,11.0,15.0,44.0,,,,,优,2011-07-07
市人民体育场 ,16.0,7.0,41.0,,,,,优,2011-07-06
市人民体育场 ,21.0,8.0,80.0,,,,,良,2011-07-05
市人民体育场 ,16.0,7.0,57.0,,,,,良,2011-07-04
市人民体育场 ,19.0,10.0,60.0,,,,,良,2011-07-03
市人民体育场 ,16.0,8.0,41.0,,,,,优,2011-07-02
市人民体育场 ,16.0,15.0,53.0,,,,,良,2011-07-01
市人民体育场 ,22.0,15.0,60.0,,,,,良,2011-06-30
市人民体育场 ,24.0,14.0,55.0,,,,,良,2011-06-29
市人民体育场 ,27.0,15.0,63.0,,,,,良,2011-06-28
市人民体育场 ,30.0,14.0,65.0,,,,,良,2011-06-27
市人民体育场 ,41.0,10.0,74.0,,,,,良,2011-06-26
市人民体育场 ,28.0,16.0,69.0,,,,,良,2011-06-25
市人民体育场 ,16.0,19.0,53.0,,,,,良,2011-06-24
市人民体育场 ,19.0,13.0,49.0,,,,,优,2011-06-23
市人民体育场 ,15.0,18.0,62.0,,,,,良,2011-06-22
市人民体育场 ,18.0,13.0,64.0,,,,,良,2011-06-21
市人民体育场 ,21.0,15.0,81.0,,,,,良,2011-06-20
市人民体育场 ,22.0,27.0,80.0,,,,,良,2011-06-19
市人民体育场 ,16.0,15.0,51.0,,,,,良,2011-06-18
市人民体育场 ,21.0,20.0,75.0,,,,,良,2011-06-17
市人民体育场 ,15.0,22.0,87.0,,,,,良,2011-06-16
市人民体育场 ,23.0,16.0,68.0,,,,,良,2011-06-15
市人民体育场 ,16.0,10.0,64.0,,,,,良,2011-06-14
市人民体育场 ,27.0,17.0,81.0,,,,,良,2011-06-13
市人民体育场 ,41.0,30.0,76.0,,,,,良,2011-06-12
市人民体育场 ,30.0,24.0,55.0,,,,,良,2011-06-11
市人民体育场 ,27.0,20.0,54.0,,,,,良,2011-06-10
市人民体育场 ,33.0,24.0,83.0,,,,,良,2011-06-09
市人民体育场 ,37.0,30.0,66.0,,,,,良,2011-06-08
市人民体育场 ,28.0,40.0,83.0,,,,,良,2011-06-07
市人民体育场 ,21.0,21.0,81.0,,,,,良,2011-06-07
市人民体育场 ,37.0,38.0,100.0,,,,,良,2011-06-06
市人民体育场 ,19.0,31.0,71.0,,,,,良,2011-06-05
市人民体育场 ,19.0,18.0,85.0,,,,,良,2011-06-04
市人民体育场 ,25.0,42.0,85.0,,,,,良,2011-06-03
市人民体育场 ,13.0,9.0,89.0,,,,,良,2011-06-02
市人民体育场 ,20.0,15.0,67.0,,,,,良,2011-06-01
市人民体育场 ,18.0,14.0,62.0,,,,,良,2011-05-31
市人民体育场 ,13.0,35.0,90.0,,,,,良,2011-05-30
市人民体育场 ,15.0,17.0,79.0,,,,,良,2011-05-29
市人民体育场 ,27.0,14.0,73.0,,,,,良,2011-05-28
市人民体育场 ,23.0,15.0,77.0,,,,,良,2011-05-27
市人民体育场 ,23.0,25.0,74.0,,,,,良,2011-05-26
市人民体育场 ,22.0,14.0,76.0,,,,,良,2011-05-25
市人民体育场 ,9.0,20.0,55.0,,,,,良,2011-05-24
市人民体育场 ,9.0,16.0,40.0,,,,,优,2011-05-23
市人民体育场 ,8.0,15.0,37.0,,,,,优,2011-05-22
市人民体育场 ,10.0,13.0,38.0,,,,,优,2011-05-21
市人民体育场 ,42.0,19.0,93.0,,,,,良,2011-05-20
市人民体育场 ,34.0,35.0,97.0,,,,,良,2011-05-19
市人民体育场 ,33.0,42.0,92.0,,,,,良,2011-05-18
市人民体育场 ,31.0,31.0,65.0,,,,,良,2011-05-17
市人民体育场 ,47.0,25.0,59.0,,,,,良,2011-05-16
市人民体育场 ,31.0,25.0,55.0,,,,,良,2011-05-15
市人民体育场 ,32.0,17.0,50.0,,,,,优,2011-05-14
市人民体育场 ,26.0,18.0,55.0,,,,,良,2011-05-13
市人民体育场 ,29.0,17.0,71.0,,,,,良,2011-05-12
市人民体育场 ,21.0,12.0,62.0,,,,,良,2011-05-11
市人民体育场 ,25.0,6.0,59.0,,,,,良,2011-05-10
市人民体育场 ,39.0,16.0,98.0,,,,,良,2011-05-09
市人民体育场 ,14.0,10.0,99.0,,,,,良,2011-05-08
市人民体育场 ,36.0,25.0,98.0,,,,,良,2011-05-07
市人民体育场 ,35.0,24.0,86.0,,,,,良,2011-05-06
市人民体育场 ,17.0,22.0,74.0,,,,,良,2011-05-05
市人民体育场 ,27.0,25.0,80.0,,,,,良,2011-05-04
市人民体育场 ,27.0,12.0,56.0,,,,,良,2011-05-03
市人民体育场 ,20.0,10.0,40.0,,,,,优,2011-05-02
市人民体育场 ,59.0,16.0,87.0,,,,,良,2011-05-01
市人民体育场 ,76.0,17.0,191.0,,,,,轻度污染,2011-04-30
市人民体育场 ,51.0,31.0,96.0,,,,,良,2011-04-29
市人民体育场 ,42.0,40.0,67.0,,,,,良,2011-04-28
市人民体育场 ,20.0,11.0,98.0,,,,,良,2011-04-27
市人民体育场 ,52.0,41.0,90.0,,,,,良,2011-04-26
市人民体育场 ,41.0,36.0,97.0,,,,,良,2011-04-25
市人民体育场 ,34.0,26.0,83.0,,,,,良,2011-04-24
市人民体育场 ,37.0,25.0,81.0,,,,,良,2011-04-23
市人民体育场 ,46.0,26.0,99.0,,,,,良,2011-04-22
市人民体育场 ,35.0,21.0,88.0,,,,,良,2011-04-21
市人民体育场 ,40.0,19.0,100.0,,,,,良,2011-04-20
市人民体育场 ,20.0,19.0,80.0,,,,,良,2011-04-19
市人民体育场 ,20.0,22.0,97.0,,,,,良,2011-04-18
市人民体育场 ,37.0,16.0,90.0,,,,,良,2011-04-17
市人民体育场 ,25.0,19.0,96.0,,,,,良,2011-04-16
市人民体育场 ,39.0,22.0,92.0,,,,,良,2011-04-15
市人民体育场 ,77.0,44.0,107.0,,,,,轻微污染,2011-04-14
市人民体育场 ,61.0,47.0,128.0,,,,,轻微污染,2011-04-13
市人民体育场 ,53.0,30.0,109.0,,,,,轻微污染,2011-04-12
市人民体育场 ,52.0,25.0,98.0,,,,,良,2011-04-11
市人民体育场 ,59.0,62.0,119.0,,,,,轻微污染,2011-04-10
市人民体育场 ,53.0,42.0,90.0,,,,,良,2011-04-09
市人民体育场 ,33.0,27.0,81.0,,,,,良,2011-04-08
市人民体育场 ,35.0,32.0,93.0,,,,,良,2011-04-07
市人民体育场 ,52.0,29.0,85.0,,,,,良,2011-04-06
市人民体育场 ,52.0,30.0,90.0,,,,,良,2011-04-05
市人民体育场 ,50.0,30.0,91.0,,,,,良,2011-04-04
市人民体育场 ,48.0,19.0,64.0,,,,,良,2011-04-03
市人民体育场 ,35.0,37.0,82.0,,,,,良,2011-04-02
市人民体育场 ,67.0,50.0,91.0,,,,,良,2011-04-01
市人民体育场 ,63.0,50.0,96.0,,,,,良,2011-03-31
市人民体育场 ,67.0,47.0,115.0,,,,,轻微污染,2011-03-30
市人民体育场 ,54.0,41.0,86.0,,,,,良,2011-03-29
市人民体育场 ,66.0,32.0,96.0,,,,,良,2011-03-28
市人民体育场 ,29.0,30.0,96.0,,,,,良,2011-03-27
市人民体育场 ,49.0,25.0,94.0,,,,,良,2011-03-26
市人民体育场 ,28.0,42.0,95.0,,,,,良,2011-03-25
市人民体育场 ,53.0,38.0,97.0,,,,,良,2011-03-24
市人民体育场 ,58.0,39.0,77.0,,,,,良,2011-03-23
市人民体育场 ,22.0,21.0,56.0,,,,,良,2011-03-22
市人民体育场 ,25.0,25.0,53.0,,,,,良,2011-03-21
市人民体育场 ,40.0,30.0,95.0,,,,,良,2011-03-20
市人民体育场 ,57.0,35.0,165.0,,,,,轻度污染,2011-03-19
市人民体育场 ,77.0,48.0,148.0,,,,,轻微污染,2011-03-18
市人民体育场 ,61.0,45.0,93.0,,,,,良,2011-03-17
市人民体育场 ,57.0,44.0,94.0,,,,,良,2011-03-16
市人民体育场 ,32.0,15.0,69.0,,,,,良,2011-03-15
市人民体育场 ,65.0,29.0,164.0,,,,,轻度污染,2011-03-14
市人民体育场 ,78.0,48.0,96.0,,,,,良,2011-03-13
市人民体育场 ,84.0,53.0,94.0,,,,,良,2011-03-12
市人民体育场 ,84.0,57.0,98.0,,,,,良,2011-03-11
市人民体育场 ,62.0,39.0,84.0,,,,,良,2011-03-10
市人民体育场 ,71.0,39.0,93.0,,,,,良,2011-03-09
市人民体育场 ,95.0,52.0,96.0,,,,,良,2011-03-08
市人民体育场 ,89.0,57.0,97.0,,,,,良,2011-03-07
市人民体育场 ,97.0,50.0,123.0,,,,,轻微污染,2011-03-06
市人民体育场 ,84.0,53.0,96.0,,,,,良,2011-03-05
市人民体育场 ,83.0,35.0,70.0,,,,,良,2011-03-04
市人民体育场 ,84.0,40.0,99.0,,,,,良,2011-03-03
市人民体育场 ,44.0,29.0,75.0,,,,,良,2011-03-02
市人民体育场 ,56.0,27.0,55.0,,,,,良,2011-03-01
市人民体育场 ,80.0,37.0,95.0,,,,,良,2011-02-28
市人民体育场 ,72.0,29.0,98.0,,,,,良,2011-02-27
市人民体育场 ,93.0,40.0,135.0,,,,,轻微污染,2011-02-26
市人民体育场 ,111.0,101.0,182.0,,,,,轻度污染,2011-02-25
市人民体育场 ,108.0,100.0,190.0,,,,,轻度污染,2011-02-24
市人民体育场 ,102.0,80.0,169.0,,,,,轻度污染,2011-02-23
市人民体育场 ,105.0,50.0,144.0,,,,,轻微污染,2011-02-22
市人民体育场 ,109.0,67.0,156.0,,,,,轻度污染,2011-02-21
市人民体育场 ,98.0,64.0,199.0,,,,,轻度污染,2011-02-20
市人民体育场 ,103.0,49.0,147.0,,,,,轻微污染,2011-02-19
市人民体育场 ,106.0,45.0,138.0,,,,,轻微污染,2011-02-18
市人民体育场 ,104.0,72.0,158.0,,,,,轻度污染,2011-02-17
市人民体育场 ,103.0,42.0,98.0,,,,,轻微污染,2011-02-16
市人民体育场 ,86.0,36.0,83.0,,,,,良,2011-02-15
市人民体育场 ,78.0,28.0,54.0,,,,,良,2011-02-14
市人民体育场 ,77.0,39.0,93.0,,,,,良,2011-02-13
市人民体育场 ,79.0,40.0,95.0,,,,,良,2011-02-12
市人民体育场 ,72.0,39.0,98.0,,,,,良,2011-02-11
市人民体育场 ,57.0,35.0,89.0,,,,,良,2011-02-10
市人民体育场 ,106.0,59.0,145.0,,,,,轻微污染,2011-02-09
市人民体育场 ,63.0,68.0,99.0,,,,,良,2011-02-08
市人民体育场 ,78.0,54.0,100.0,,,,,良,2011-02-07
市人民体育场 ,104.0,77.0,122.0,,,,,轻微污染,2011-02-06
市人民体育场 ,97.0,50.0,106.0,,,,,轻微污染,2011-02-05
市人民体育场 ,109.0,67.0,160.0,,,,,轻度污染,2011-02-04
市人民体育场 ,107.0,90.0,229.0,,,,,中度污染,2011-02-03
市人民体育场 ,100.0,79.0,124.0,,,,,轻微污染,2011-02-02
市人民体育场 ,113.0,67.0,110.0,,,,,轻微污染,2011-02-01
市人民体育场 ,91.0,50.0,81.0,,,,,良,2011-01-31
市人民体育场 ,51.0,44.0,79.0,,,,,良,2011-01-30
市人民体育场 ,72.0,36.0,69.0,,,,,良,2011-01-29
市人民体育场 ,103.0,42.0,97.0,,,,,轻微污染,2011-01-28
市人民体育场 ,114.0,70.0,138.0,,,,,轻微污染,2011-01-27
市人民体育场 ,109.0,47.0,113.0,,,,,轻微污染,2011-01-26
市人民体育场 ,112.0,60.0,112.0,,,,,轻微污染,2011-01-25
市人民体育场 ,84.0,47.0,94.0,,,,,良,2011-01-24
市人民体育场 ,70.0,85.0,127.0,,,,,轻微污染,2011-01-23
市人民体育场 ,107.0,82.0,128.0,,,,,轻微污染,2011-01-22
市人民体育场 ,77.0,57.0,149.0,,,,,轻微污染,2011-01-21
市人民体育场 ,95.0,64.0,117.0,,,,,轻微污染,2011-01-20
市人民体育场 ,61.0,40.0,78.0,,,,,良,2011-01-19
市人民体育场 ,74.0,41.0,93.0,,,,,良,2011-01-18
市人民体育场 ,98.0,49.0,78.0,,,,,良,2011-01-17
市人民体育场 ,88.0,75.0,106.0,,,,,轻微污染,2011-01-16
市人民体育场 ,102.0,90.0,139.0,,,,,轻微污染,2011-01-15
市人民体育场 ,107.0,103.0,159.0,,,,,轻度污染,2011-01-14
市人民体育场 ,122.0,92.0,121.0,,,,,轻微污染,2011-01-13
市人民体育场 ,99.0,52.0,105.0,,,,,轻微污染,2011-01-12
市人民体育场 ,84.0,45.0,86.0,,,,,良,2011-01-11
市人民体育场 ,83.0,42.0,78.0,,,,,良,2011-01-10
市人民体育场 ,91.0,44.0,101.0,,,,,轻微污染,2011-01-09
市人民体育场 ,100.0,44.0,93.0,,,,,良,2011-01-08
市人民体育场 ,96.0,32.0,84.0,,,,,良,2011-01-07
市人民体育场 ,76.0,32.0,80.0,,,,,良,2011-01-06
市人民体育场 ,59.0,75.0,144.0,,,,,轻微污染,2011-01-05
市人民体育场 ,99.0,34.0,100.0,,,,,良,2011-01-04
市人民体育场 ,62.0,25.0,75.0,,,,,良,2011-01-03
市人民体育场 ,46.0,46.0,93.0,,,,,良,2011-01-02
市人民体育场 ,33.0,25.0,79.0,,,,,良,2011-01-01
市人民体育场 ,56.0,27.0,77.0,,,,,良,2010-12-31
市人民体育场 ,72.0,36.0,67.0,,,,,良,2010-12-30
市人民体育场 ,56.0,52.0,106.0,,,,,轻微污染,2010-12-29
市人民体育场 ,56.0,59.0,89.0,,,,,良,2010-12-28
市人民体育场 ,80.0,93.0,136.0,,,,,轻微污染,2010-12-27
市人民体育场 ,75.0,53.0,91.0,,,,,良,2010-12-26
市人民体育场 ,93.0,40.0,86.0,,,,,良,2010-12-25
市人民体育场 ,92.0,47.0,95.0,,,,,良,2010-12-24
市人民体育场 ,106.0,110.0,154.0,,,,,轻度污染,2010-12-23
市人民体育场 ,102.0,105.0,117.0,,,,,轻微污染,2010-12-22
市人民体育场 ,93.0,78.0,126.0,,,,,轻微污染,2010-12-21
市人民体育场 ,102.0,88.0,107.0,,,,,轻微污染,2010-12-20
市人民体育场 ,97.0,88.0,97.0,,,,,良,2010-12-19
市人民体育场 ,104.0,75.0,126.0,,,,,轻微污染,2010-12-18
市人民体育场 ,101.0,77.0,109.0,,,,,轻微污染,2010-12-17
市人民体育场 ,73.0,33.0,68.0,,,,,良,2010-12-16
市人民体育场 ,73.0,32.0,74.0,,,,,良,2010-12-15
市人民体育场 ,39.0,43.0,100.0,,,,,良,2010-12-14
市人民体育场 ,108.0,105.0,177.0,,,,,轻度污染,2010-12-13
市人民体育场 ,63.0,48.0,123.0,,,,,轻微污染,2010-12-12
市人民体育场 ,63.0,53.0,98.0,,,,,良,2010-12-11
市人民体育场 ,80.0,72.0,143.0,,,,,轻微污染,2010-12-10
市人民体育场 ,95.0,53.0,144.0,,,,,轻微污染,2010-12-09
市人民体育场 ,62.0,44.0,93.0,,,,,良,2010-12-08
市人民体育场 ,96.0,44.0,102.0,,,,,轻微污染,2010-12-07
市人民体育场 ,93.0,34.0,114.0,,,,,轻微污染,2010-12-06
市人民体育场 ,102.0,110.0,168.0,,,,,轻度污染,2010-12-05
市人民体育场 ,112.0,88.0,164.0,,,,,轻度污染,2010-12-04
市人民体育场 ,95.0,50.0,95.0,,,,,良,2010-12-03
市人民体育场 ,87.0,70.0,91.0,,,,,良,2010-12-02
市人民体育场 ,79.0,94.0,115.0,,,,,轻微污染,2010-12-01
市人民体育场 ,85.0,63.0,91.0,,,,,良,2010-11-30
市人民体育场 ,77.0,63.0,94.0,,,,,良,2010-11-29
市人民体育场 ,90.0,80.0,104.0,,,,,轻微污染,2010-11-28
市人民体育场 ,105.0,101.0,105.0,,,,,轻微污染,2010-11-27
市人民体育场 ,113.0,104.0,181.0,,,,,轻度污染,2010-11-26
市人民体育场 ,113.0,102.0,155.0,,,,,轻度污染,2010-11-25
市人民体育场 ,112.0,108.0,177.0,,,,,轻度污染,2010-11-24
市人民体育场 ,108.0,79.0,107.0,,,,,轻微污染,2010-11-23
市人民体育场 ,76.0,87.0,98.0,,,,,良,2010-11-22
市人民体育场 ,88.0,70.0,90.0,,,,,良,2010-11-21
市人民体育场 ,89.0,70.0,165.0,,,,,轻度污染,2010-11-20
市人民体育场 ,83.0,65.0,98.0,,,,,良,2010-11-19
市人民体育场 ,97.0,98.0,149.0,,,,,轻微污染,2010-11-18
市人民体育场 ,89.0,53.0,140.0,,,,,轻微污染,2010-11-17
市人民体育场 ,74.0,57.0,112.0,,,,,轻微污染,2010-11-16
市人民体育场 ,73.0,45.0,88.0,,,,,良,2010-11-15
市人民体育场 ,79.0,40.0,91.0,,,,,良,2010-11-14
市人民体育场 ,76.0,67.0,111.0,,,,,轻微污染,2010-11-13
市人民体育场 ,64.0,58.0,119.0,,,,,轻微污染,2010-11-12
市人民体育场 ,56.0,53.0,103.0,,,,,轻微污染,2010-11-11
市人民体育场 ,67.0,46.0,98.0,,,,,良,2010-11-10
市人民体育场 ,50.0,68.0,99.0,,,,,良,2010-11-09
市人民体育场 ,69.0,60.0,97.0,,,,,良,2010-11-08
市人民体育场 ,69.0,46.0,98.0,,,,,良,2010-11-07
市人民体育场 ,71.0,94.0,143.0,,,,,轻微污染,2010-11-06
市人民体育场 ,65.0,90.0,97.0,,,,,良,2010-11-05
市人民体育场 ,56.0,60.0,81.0,,,,,良,2010-11-04
市人民体育场 ,56.0,62.0,69.0,,,,,良,2010-11-03
市人民体育场 ,66.0,47.0,89.0,,,,,良,2010-11-02
市人民体育场 ,66.0,102.0,144.0,,,,,轻微污染,2010-11-01
市人民体育场 ,68.0,119.0,135.0,,,,,轻微污染,2010-10-31
市人民体育场 ,60.0,98.0,108.0,,,,,轻微污染,2010-10-30
市人民体育场 ,50.0,50.0,88.0,,,,,良,2010-10-29
市人民体育场 ,56.0,41.0,64.0,,,,,良,2010-10-28
市人民体育场 ,46.0,42.0,62.0,,,,,良,2010-10-27
市人民体育场 ,29.0,24.0,29.0,,,,,优,2010-10-26
市人民体育场 ,39.0,25.0,51.0,,,,,良,2010-10-25
市人民体育场 ,62.0,54.0,131.0,,,,,轻微污染,2010-10-24
市人民体育场 ,56.0,58.0,104.0,,,,,轻微污染,2010-10-23
市人民体育场 ,55.0,50.0,103.0,,,,,轻微污染,2010-10-22
市人民体育场 ,56.0,59.0,121.0,,,,,轻微污染,2010-10-21
市人民体育场 ,49.0,52.0,136.0,,,,,轻微污染,2010-10-20
市人民体育场 ,43.0,83.0,158.0,,,,,轻度污染,2010-10-19
市人民体育场 ,60.0,69.0,142.0,,,,,轻微污染,2010-10-18
市人民体育场 ,51.0,97.0,117.0,,,,,轻微污染,2010-10-17
市人民体育场 ,50.0,98.0,110.0,,,,,轻微污染,2010-10-16
市人民体育场 ,45.0,50.0,74.0,,,,,良,2010-10-15
市人民体育场 ,52.0,44.0,73.0,,,,,良,2010-10-14
市人民体育场 ,30.0,32.0,62.0,,,,,良,2010-10-13
市人民体育场 ,53.0,30.0,88.0,,,,,良,2010-10-12
市人民体育场 ,41.0,24.0,32.0,,,,,优,2010-10-11
市人民体育场 ,31.0,42.0,91.0,,,,,良,2010-10-10
市人民体育场 ,49.0,45.0,160.0,,,,,轻度污染,2010-10-09
市人民体育场 ,44.0,33.0,89.0,,,,,良,2010-10-08
市人民体育场 ,36.0,45.0,89.0,,,,,良,2010-10-07
市人民体育场 ,45.0,47.0,76.0,,,,,良,2010-10-06
市人民体育场 ,37.0,30.0,64.0,,,,,良,2010-10-05
市人民体育场 ,43.0,45.0,58.0,,,,,良,2010-10-04
市人民体育场 ,38.0,29.0,70.0,,,,,良,2010-10-03
市人民体育场 ,40.0,25.0,75.0,,,,,良,2010-10-02
市人民体育场 ,41.0,29.0,99.0,,,,,良,2010-10-01
市人民体育场 ,30.0,25.0,96.0,,,,,良,2010-09-30
市人民体育场 ,48.0,24.0,87.0,,,,,良,2010-09-29
市人民体育场 ,38.0,33.0,112.0,,,,,轻微污染,2010-09-28
市人民体育场 ,37.0,28.0,105.0,,,,,轻微污染,2010-09-27
市人民体育场 ,48.0,48.0,83.0,,,,,良,2010-09-26
市人民体育场 ,15.0,22.0,51.0,,,,,良,2010-09-25
市人民体育场 ,52.0,43.0,88.0,,,,,良,2010-09-24
市人民体育场 ,21.0,29.0,50.0,,,,,优,2010-09-23
市人民体育场 ,25.0,19.0,34.0,,,,,优,2010-09-22
市人民体育场 ,49.0,33.0,86.0,,,,,良,2010-09-21
市人民体育场 ,43.0,30.0,77.0,,,,,良,2010-09-20
市人民体育场 ,29.0,18.0,68.0,,,,,良,2010-09-19
市人民体育场 ,30.0,17.0,72.0,,,,,良,2010-09-18
市人民体育场 ,34.0,25.0,66.0,,,,,良,2010-09-17
市人民体育场 ,44.0,26.0,98.0,,,,,良,2010-09-16
市人民体育场 ,37.0,37.0,67.0,,,,,良,2010-09-15
市人民体育场 ,36.0,25.0,73.0,,,,,良,2010-09-14
市人民体育场 ,44.0,29.0,86.0,,,,,良,2010-09-13
市人民体育场 ,52.0,24.0,98.0,,,,,良,2010-09-12
市人民体育场 ,42.0,27.0,76.0,,,,,良,2010-09-11
市人民体育场 ,37.0,31.0,56.0,,,,,良,2010-09-10
市人民体育场 ,47.0,29.0,88.0,,,,,良,2010-09-09
市人民体育场 ,42.0,22.0,79.0,,,,,良,2010-09-08
市人民体育场 ,25.0,21.0,63.0,,,,,良,2010-09-07
市人民体育场 ,26.0,24.0,93.0,,,,,良,2010-09-06
市人民体育场 ,28.0,29.0,80.0,,,,,良,2010-09-05
市人民体育场 ,22.0,22.0,68.0,,,,,良,2010-09-04
市人民体育场 ,35.0,35.0,87.0,,,,,良,2010-09-03
市人民体育场 ,39.0,38.0,92.0,,,,,良,2010-09-02
市人民体育场 ,37.0,24.0,66.0,,,,,良,2010-09-01
市人民体育场 ,40.0,21.0,61.0,,,,,良,2010-08-31
市人民体育场 ,40.0,38.0,85.0,,,,,良,2010-08-30
市人民体育场 ,33.0,54.0,97.0,,,,,良,2010-08-29
市人民体育场 ,39.0,14.0,89.0,,,,,良,2010-08-28
市人民体育场 ,31.0,28.0,92.0,,,,,良,2010-08-27
市人民体育场 ,29.0,26.0,54.0,,,,,良,2010-08-26
市人民体育场 ,38.0,25.0,58.0,,,,,良,2010-08-25
市人民体育场 ,16.0,25.0,10.0,,,,,优,2010-08-24
市人民体育场 ,35.0,35.0,55.0,,,,,良,2010-08-23
市人民体育场 ,24.0,27.0,30.0,,,,,优,2010-08-22
市人民体育场 ,26.0,23.0,88.0,,,,,良,2010-08-21
市人民体育场 ,22.0,26.0,30.0,,,,,优,2010-08-20
市人民体育场 ,35.0,29.0,97.0,,,,,良,2010-08-19
市人民体育场 ,39.0,31.0,97.0,,,,,良,2010-08-18
市人民体育场 ,30.0,30.0,94.0,,,,,良,2010-08-17
市人民体育场 ,29.0,20.0,83.0,,,,,良,2010-08-16
市人民体育场 ,27.0,30.0,43.0,,,,,优,2010-08-15
市人民体育场 ,17.0,23.0,34.0,,,,,优,2010-08-14
市人民体育场 ,13.0,25.0,52.0,,,,,良,2010-08-13
市人民体育场 ,18.0,23.0,78.0,,,,,良,2010-08-12
市人民体育场 ,34.0,30.0,79.0,,,,,良,2010-08-11
市人民体育场 ,31.0,29.0,72.0,,,,,良,2010-08-10
市人民体育场 ,24.0,31.0,91.0,,,,,良,2010-08-09
市人民体育场 ,11.0,22.0,88.0,,,,,良,2010-08-08
市人民体育场 ,15.0,21.0,83.0,,,,,良,2010-08-07
市人民体育场 ,13.0,23.0,69.0,,,,,良,2010-08-06
市人民体育场 ,17.0,26.0,50.0,,,,,优,2010-08-05
市人民体育场 ,10.0,36.0,93.0,,,,,良,2010-08-04
市人民体育场 ,9.0,15.0,83.0,,,,,良,2010-08-03
市人民体育场 ,8.0,23.0,73.0,,,,,良,2010-08-02
市人民体育场 ,9.0,26.0,70.0,,,,,良,2010-08-01
市人民体育场 ,12.0,29.0,76.0,,,,,良,2010-07-31
市人民体育场 ,10.0,17.0,95.0,,,,,良,2010-07-30
市人民体育场 ,18.0,30.0,90.0,,,,,良,2010-07-29
市人民体育场 ,8.0,21.0,82.0,,,,,良,2010-07-28
市人民体育场 ,12.0,28.0,69.0,,,,,良,2010-07-27
市人民体育场 ,9.0,17.0,59.0,,,,,良,2010-07-26
市人民体育场 ,11.0,14.0,59.0,,,,,良,2010-07-25
市人民体育场 ,9.0,19.0,62.0,,,,,良,2010-07-24
市人民体育场 ,10.0,22.0,95.0,,,,,良,2010-07-23
市人民体育场 ,16.0,19.0,49.0,,,,,优,2010-07-22
市人民体育场 ,22.0,25.0,70.0,,,,,良,2010-07-21
市人民体育场 ,16.0,37.0,87.0,,,,,良,2010-07-20
市人民体育场 ,12.0,25.0,97.0,,,,,良,2010-07-19
市人民体育场 ,16.0,24.0,73.0,,,,,良,2010-07-18
市人民体育场 ,13.0,29.0,95.0,,,,,良,2010-07-17
市人民体育场 ,14.0,22.0,76.0,,,,,良,2010-07-16
市人民体育场 ,11.0,27.0,73.0,,,,,良,2010-07-15
市人民体育场 ,18.0,30.0,94.0,,,,,良,2010-07-14
市人民体育场 ,20.0,29.0,71.0,,,,,良,2010-07-13
市人民体育场 ,25.0,35.0,73.0,,,,,良,2010-07-12
市人民体育场 ,29.0,32.0,71.0,,,,,良,2010-07-11
市人民体育场 ,12.0,24.0,31.0,,,,,优,2010-07-10
市人民体育场 ,11.0,26.0,89.0,,,,,良,2010-07-09
市人民体育场 ,26.0,31.0,72.0,,,,,良,2010-07-08
市人民体育场 ,17.0,22.0,71.0,,,,,良,2010-07-07
市人民体育场 ,42.0,37.0,79.0,,,,,良,2010-07-06
市人民体育场 ,35.0,29.0,55.0,,,,,良,2010-07-05
市人民体育场 ,34.0,40.0,51.0,,,,,良,2010-07-04
市人民体育场 ,30.0,24.0,52.0,,,,,良,2010-07-03
市人民体育场 ,49.0,30.0,57.0,,,,,良,2010-07-02
市人民体育场 ,21.0,30.0,37.0,,,,,优,2010-07-01
市人民体育场 ,27.0,30.0,44.0,,,,,优,2010-06-30
市人民体育场 ,48.0,30.0,57.0,,,,,良,2010-06-29
市人民体育场 ,44.0,29.0,72.0,,,,,良,2010-06-28
市人民体育场 ,33.0,25.0,52.0,,,,,良,2010-06-27
市人民体育场 ,37.0,14.0,83.0,,,,,良,2010-06-26
市人民体育场 ,41.0,23.0,72.0,,,,,良,2010-06-25
市人民体育场 ,31.0,18.0,75.0,,,,,良,2010-06-24
市人民体育场 ,26.0,28.0,60.0,,,,,良,2010-06-23
市人民体育场 ,36.0,39.0,62.0,,,,,良,2010-06-22
市人民体育场 ,31.0,19.0,81.0,,,,,良,2010-06-21
市人民体育场 ,42.0,25.0,70.0,,,,,良,2010-06-20
市人民体育场 ,41.0,32.0,96.0,,,,,良,2010-06-19
市人民体育场 ,42.0,29.0,83.0,,,,,良,2010-06-18
市人民体育场 ,41.0,30.0,86.0,,,,,良,2010-06-17
市人民体育场 ,44.0,19.0,58.0,,,,,良,2010-06-16
市人民体育场 ,36.0,27.0,82.0,,,,,良,2010-06-15
市人民体育场 ,30.0,24.0,60.0,,,,,良,2010-06-14
市人民体育场 ,43.0,36.0,76.0,,,,,良,2010-06-13
市人民体育场 ,36.0,25.0,76.0,,,,,良,2010-06-12
市人民体育场 ,33.0,47.0,78.0,,,,,良,2010-06-11
市人民体育场 ,30.0,35.0,74.0,,,,,良,2010-06-10
市人民体育场 ,18.0,27.0,58.0,,,,,良,2010-06-09
市人民体育场 ,27.0,29.0,69.0,,,,,良,2010-06-08
市人民体育场 ,27.0,19.0,65.0,,,,,良,2010-06-07
市人民体育场 ,27.0,32.0,68.0,,,,,良,2010-06-06
市人民体育场 ,27.0,39.0,66.0,,,,,良,2010-06-05
市人民体育场 ,37.0,38.0,62.0,,,,,良,2010-06-04
市人民体育场 ,40.0,37.0,61.0,,,,,良,2010-06-03
市人民体育场 ,35.0,38.0,57.0,,,,,良,2010-06-02
市人民体育场 ,23.0,29.0,56.0,,,,,良,2010-06-01
市人民体育场 ,46.0,26.0,87.0,,,,,良,2010-05-31
市人民体育场 ,37.0,33.0,98.0,,,,,良,2010-05-30
市人民体育场 ,34.0,27.0,94.0,,,,,良,2010-05-29
市人民体育场 ,42.0,22.0,62.0,,,,,良,2010-05-28
市人民体育场 ,23.0,28.0,40.0,,,,,优,2010-05-27
市人民体育场 ,28.0,24.0,89.0,,,,,良,2010-05-26
市人民体育场 ,29.0,35.0,90.0,,,,,良,2010-05-25
市人民体育场 ,34.0,27.0,89.0,,,,,良,2010-05-24
市人民体育场 ,39.0,33.0,65.0,,,,,良,2010-05-23
市人民体育场 ,31.0,31.0,55.0,,,,,良,2010-05-22
市人民体育场 ,34.0,33.0,95.0,,,,,良,2010-05-21
市人民体育场 ,40.0,39.0,96.0,,,,,良,2010-05-20
市人民体育场 ,42.0,36.0,88.0,,,,,良,2010-05-19
市人民体育场 ,31.0,22.0,67.0,,,,,良,2010-05-18
市人民体育场 ,30.0,34.0,81.0,,,,,良,2010-05-17
市人民体育场 ,36.0,28.0,96.0,,,,,良,2010-05-16
市人民体育场 ,33.0,29.0,93.0,,,,,良,2010-05-15
市人民体育场 ,24.0,30.0,59.0,,,,,良,2010-05-14
市人民体育场 ,20.0,27.0,61.0,,,,,良,2010-05-13
市人民体育场 ,24.0,21.0,96.0,,,,,良,2010-05-12
市人民体育场 ,29.0,44.0,104.0,,,,,轻微污染,2010-05-11
市人民体育场 ,38.0,33.0,127.0,,,,,轻微污染,2010-05-10
市人民体育场 ,26.0,37.0,66.0,,,,,良,2010-05-09
市人民体育场 ,35.0,35.0,69.0,,,,,良,2010-05-08
市人民体育场 ,32.0,37.0,58.0,,,,,良,2010-05-07
市人民体育场 ,28.0,24.0,57.0,,,,,良,2010-05-06
市人民体育场 ,25.0,24.0,72.0,,,,,良,2010-05-05
市人民体育场 ,29.0,30.0,79.0,,,,,良,2010-05-04
市人民体育场 ,51.0,37.0,89.0,,,,,良,2010-05-03
市人民体育场 ,45.0,29.0,97.0,,,,,良,2010-05-02
市人民体育场 ,40.0,40.0,89.0,,,,,良,2010-05-01
市人民体育场 ,34.0,37.0,106.0,,,,,轻微污染,2010-04-30
市人民体育场 ,38.0,33.0,106.0,,,,,轻微污染,2010-04-29
市人民体育场 ,24.0,40.0,121.0,,,,,轻微污染,2010-04-28
市人民体育场 ,29.0,29.0,114.0,,,,,轻微污染,2010-04-27
市人民体育场 ,18.0,34.0,206.0,,,,,中度污染,2010-04-26
市人民体育场 ,46.0,50.0,75.0,,,,,良,2010-04-25
市人民体育场 ,47.0,20.0,71.0,,,,,良,2010-04-24
市人民体育场 ,35.0,15.0,65.0,,,,,良,2010-04-23
市人民体育场 ,29.0,14.0,33.0,,,,,优,2010-04-22
市人民体育场 ,24.0,25.0,54.0,,,,,良,2010-04-21
市人民体育场 ,48.0,32.0,80.0,,,,,良,2010-04-20
市人民体育场 ,47.0,35.0,90.0,,,,,良,2010-04-19
市人民体育场 ,32.0,44.0,97.0,,,,,良,2010-04-18
市人民体育场 ,45.0,24.0,99.0,,,,,良,2010-04-17
市人民体育场 ,40.0,39.0,86.0,,,,,良,2010-04-16
市人民体育场 ,38.0,29.0,54.0,,,,,良,2010-04-15
市人民体育场 ,24.0,29.0,48.0,,,,,优,2010-04-14
市人民体育场 ,20.0,24.0,49.0,,,,,优,2010-04-13
市人民体育场 ,27.0,32.0,69.0,,,,,良,2010-04-12
市人民体育场 ,42.0,40.0,79.0,,,,,良,2010-04-11
市人民体育场 ,44.0,32.0,86.0,,,,,良,2010-04-10
市人民体育场 ,39.0,42.0,79.0,,,,,良,2010-04-09
市人民体育场 ,42.0,43.0,88.0,,,,,良,2010-04-08
市人民体育场 ,36.0,41.0,67.0,,,,,良,2010-04-07
市人民体育场 ,43.0,44.0,75.0,,,,,良,2010-04-06
市人民体育场 ,42.0,19.0,75.0,,,,,良,2010-04-05
市人民体育场 ,30.0,17.0,63.0,,,,,良,2010-04-04
市人民体育场 ,44.0,17.0,91.0,,,,,良,2010-04-03
市人民体育场 ,36.0,39.0,79.0,,,,,良,2010-04-02
市人民体育场 ,51.0,47.0,71.0,,,,,良,2010-04-01
市人民体育场 ,41.0,32.0,66.0,,,,,良,2010-03-31
市人民体育场 ,42.0,37.0,88.0,,,,,良,2010-03-30
市人民体育场 ,52.0,29.0,98.0,,,,,良,2010-03-29
市人民体育场 ,51.0,47.0,78.0,,,,,良,2010-03-28
市人民体育场 ,45.0,39.0,84.0,,,,,良,2010-03-27
市人民体育场 ,54.0,49.0,91.0,,,,,良,2010-03-26
市人民体育场 ,42.0,55.0,75.0,,,,,良,2010-03-25
市人民体育场 ,40.0,42.0,79.0,,,,,良,2010-03-24
市人民体育场 ,42.0,33.0,78.0,,,,,良,2010-03-23
市人民体育场 ,54.0,59.0,156.0,,,,,轻度污染,2010-03-22
市人民体育场 ,52.0,44.0,121.0,,,,,轻微污染,2010-03-21
市人民体育场 ,43.0,32.0,145.0,,,,,轻微污染,2010-03-20
市人民体育场 ,45.0,33.0,91.0,,,,,良,2010-03-19
市人民体育场 ,47.0,35.0,140.0,,,,,轻微污染,2010-03-18
市人民体育场 ,46.0,34.0,95.0,,,,,良,2010-03-17
市人民体育场 ,40.0,38.0,82.0,,,,,良,2010-03-16
市人民体育场 ,50.0,38.0,67.0,,,,,良,2010-03-15
市人民体育场 ,45.0,30.0,94.0,,,,,良,2010-03-15
市人民体育场 ,43.0,74.0,121.0,,,,,轻微污染,2010-03-13
市人民体育场 ,50.0,39.0,84.0,,,,,良,2010-03-12
市人民体育场 ,56.0,40.0,83.0,,,,,良,2010-03-11
市人民体育场 ,48.0,42.0,58.0,,,,,良,2010-03-10
市人民体育场 ,30.0,27.0,50.0,,,,,优,2010-03-09
市人民体育场 ,45.0,34.0,92.0,,,,,良,2010-03-08
市人民体育场 ,74.0,30.0,92.0,,,,,良,2010-03-07
市人民体育场 ,61.0,27.0,92.0,,,,,良,2010-03-06
市人民体育场 ,67.0,33.0,92.0,,,,,良,2010-03-05
市人民体育场 ,60.0,30.0,92.0,,,,,良,2010-03-04
市人民体育场 ,61.0,43.0,92.0,,,,,良,2010-03-03
市人民体育场 ,69.0,34.0,92.0,,,,,良,2010-03-02
市人民体育场 ,79.0,33.0,92.0,,,,,良,2010-03-01
市人民体育场 ,56.0,44.0,92.0,,,,,良,2010-02-28
市人民体育场 ,75.0,37.0,92.0,,,,,良,2010-02-27
市人民体育场 ,69.0,40.0,97.0,,,,,良,2010-02-26
市人民体育场 ,65.0,40.0,99.0,,,,,良,2010-02-25
市人民体育场 ,76.0,65.0,103.0,,,,,轻微污染,2010-02-24
市人民体育场 ,69.0,72.0,95.0,,,,,良,2010-02-23
市人民体育场 ,74.0,67.0,94.0,,,,,良,2010-02-22
市人民体育场 ,56.0,70.0,79.0,,,,,良,2010-02-21
市人民体育场 ,39.0,22.0,73.0,,,,,良,2010-02-20
市人民体育场 ,48.0,29.0,83.0,,,,,良,2010-02-19
市人民体育场 ,56.0,38.0,59.0,,,,,良,2010-02-18
市人民体育场 ,53.0,25.0,74.0,,,,,良,2010-02-17
市人民体育场 ,32.0,33.0,67.0,,,,,良,2010-02-16
市人民体育场 ,46.0,23.0,79.0,,,,,良,2010-02-15
市人民体育场 ,97.0,31.0,107.0,,,,,轻微污染,2010-02-14
市人民体育场 ,70.0,34.0,76.0,,,,,良,2010-02-13
市人民体育场 ,52.0,29.0,54.0,,,,,良,2010-02-12
市人民体育场 ,46.0,22.0,52.0,,,,,良,2010-02-11
市人民体育场 ,58.0,37.0,68.0,,,,,良,2010-02-10
市人民体育场 ,78.0,65.0,103.0,,,,,轻微污染,2010-02-09
市人民体育场 ,79.0,65.0,103.0,,,,,轻微污染,2010-02-08
市人民体育场 ,73.0,50.0,103.0,,,,,轻微污染,2010-02-07
市人民体育场 ,65.0,77.0,107.0,,,,,轻微污染,2010-02-06
市人民体育场 ,74.0,43.0,104.0,,,,,轻微污染,2010-02-05
市人民体育场 ,70.0,67.0,103.0,,,,,轻微污染,2010-02-04
市人民体育场 ,80.0,64.0,93.0,,,,,良,2010-02-03
市人民体育场 ,87.0,73.0,101.0,,,,,轻微污染,2010-02-02
市人民体育场 ,62.0,47.0,97.0,,,,,良,2010-02-01
市人民体育场 ,78.0,34.0,84.0,,,,,良,2010-01-31
市人民体育场 ,73.0,50.0,94.0,,,,,良,2010-01-30
市人民体育场 ,73.0,48.0,94.0,,,,,良,2010-01-29
市人民体育场 ,57.0,52.0,70.0,,,,,良,2010-01-28
市人民体育场 ,43.0,63.0,95.0,,,,,良,2010-01-27
市人民体育场 ,53.0,47.0,97.0,,,,,良,2010-01-26
市人民体育场 ,59.0,64.0,94.0,,,,,良,2010-01-25
市人民体育场 ,66.0,55.0,94.0,,,,,良,2010-01-24
市人民体育场 ,64.0,44.0,87.0,,,,,良,2010-01-23
市人民体育场 ,94.0,37.0,89.0,,,,,良,2010-01-22
市人民体育场 ,68.0,36.0,107.0,,,,,轻微污染,2010-01-21
市人民体育场 ,101.0,89.0,149.0,,,,,轻微污染,2010-01-20
市人民体育场 ,101.0,67.0,138.0,,,,,轻微污染,2010-01-19
市人民体育场 ,98.0,85.0,152.0,,,,,轻度污染,2010-01-18
市人民体育场 ,86.0,82.0,195.0,,,,,轻度污染,2010-01-17
市人民体育场 ,102.0,83.0,133.0,,,,,轻微污染,2010-01-16
市人民体育场 ,80.0,73.0,123.0,,,,,轻微污染,2010-01-15
市人民体育场 ,83.0,68.0,97.0,,,,,良,2010-01-14
市人民体育场 ,75.0,35.0,86.0,,,,,良,2010-01-13
市人民体育场 ,65.0,32.0,81.0,,,,,良,2010-01-12
市人民体育场 ,73.0,59.0,132.0,,,,,轻微污染,2010-01-11
市人民体育场 ,73.0,34.0,191.0,,,,,轻度污染,2010-01-10
市人民体育场 ,77.0,44.0,145.0,,,,,轻微污染,2010-01-09
市人民体育场 ,124.0,79.0,93.0,,,,,轻微污染,2010-01-08
市人民体育场 ,84.0,65.0,128.0,,,,,轻微污染,2010-01-07
市人民体育场 ,96.0,44.0,104.0,,,,,轻微污染,2010-01-06
市人民体育场 ,70.0,32.0,77.0,,,,,良,2010-01-05
市人民体育场 ,74.0,22.0,95.0,,,,,良,2010-01-04
市人民体育场 ,91.0,34.0,119.0,,,,,轻微污染,2010-01-03
市人民体育场 ,83.0,36.0,93.0,,,,,良,2010-01-02
市人民体育场 ,70.0,37.0,118.0,,,,,轻微污染,2010-01-01
高新西区 ,31.0,125.0,196.0,65.0,50.0,73.0,193.0,中度,2013-04-26
高新西区 ,38.0,125.0,222.0,62.0,44.0,61.0,190.0,重度,2013-04-25
高新西区 ,36.0,113.0,156.0,65.0,35.0,44.0,149.0,中度,2013-04-24
高新西区 ,28.0,98.0,141.0,72.0,27.0,33.0,178.0,中度,2013-04-23
高新西区 ,44.0,94.0,109.0,68.0,22.0,28.0,175.0,中度,2013-04-21
高新西区 ,35.0,83.0,349.0,,29.0,39.0,172.0,严重,2013-04-18
高新西区 ,46.0,106.0,162.0,,59.0,79.0,127.0,中度,2013-04-17
高新西区 ,34.0,62.0,97.0,,38.0,55.0,60.0,良,2013-04-16
高新西区 ,31.0,97.0,108.0,,42.0,64.0,77.0,轻度,2013-04-15
高新西区 ,25.0,83.0,88.0,,37.0,54.0,55.0,良,2013-04-14
高新西区 ,36.0,100.0,106.0,,32.0,45.0,79.0,轻度,2013-04-13
高新西区 ,28.0,103.0,114.0,,33.0,44.0,90.0,轻度,2013-04-12
高新西区 ,36.0,100.0,112.0,,33.0,46.0,87.0,轻度,2013-04-11
高新西区 ,32.0,88.0,105.0,,29.0,41.0,73.0,轻度,2013-04-10
高新西区 ,22.0,70.0,96.0,40.0,30.0,43.0,48.0,良,2013-04-09
高新西区 ,30.0,84.0,166.0,,27.0,38.0,95.0,中度,2013-04-08
高新西区 ,43.0,102.0,124.0,,30.0,41.0,109.0,轻度,2013-04-07
高新西区 ,37.0,87.0,100.0,,30.0,38.0,70.0,良,2013-04-06
高新西区 ,18.0,47.0,112.0,,22.0,33.0,55.0,轻度,2013-04-05
高新西区 ,38.0,101.0,154.0,,19.0,24.0,200.0,中度,2013-04-04
高新西区 ,53.0,109.0,138.0,,43.0,59.0,162.0,中度,2013-04-03
高新西区 ,57.0,106.0,138.0,,15.0,19.0,120.0,轻度,2013-04-02
高新西区 ,44.0,111.0,262.0,,37.0,54.0,253.0,重度,2013-04-01
高新西区 ,51.0,103.0,165.0,,32.0,34.0,253.0,重度,2013-03-31
高新西区 ,60.0,110.0,194.0,30.0,32.0,45.0,243.0,重度,2013-03-30
高新西区 ,57.0,,172.0,29.0,25.0,32.0,228.0,重度,2013-03-29
高新西区 ,53.0,,146.0,37.0,31.0,40.0,122.0,轻度,2013-03-28
高新西区 ,41.0,105.0,151.0,37.0,29.0,37.0,130.0,中度,2013-03-27
高新西区 ,31.0,87.0,109.0,26.0,33.0,44.0,133.0,轻度,2013-03-26
高新西区 ,55.0,104.0,133.0,28.0,9.0,,140.0,轻度,2013-03-25
高新西区 ,43.0,78.0,176.0,23.0,30.0,41.0,109.0,中度,2013-03-24
高新西区 ,52.0,110.0,198.0,41.0,38.0,45.0,205.0,重度,2013-03-23
高新西区 ,52.0,112.0,150.0,40.0,27.0,32.0,183.0,中度,2013-03-22
高新西区 ,49.0,104.0,159.0,,20.0,25.0,168.0,中度,2013-03-21
高新西区 ,42.0,92.0,149.0,30.0,28.0,38.0,93.0,轻度,2013-03-20
高新西区 ,47.0,105.0,176.0,51.0,28.0,31.0,143.0,中度,2013-03-19
高新西区 ,40.0,103.0,150.0,41.0,31.0,38.0,85.0,轻度,2013-03-18
高新西区 ,47.0,89.0,149.0,,39.0,57.0,159.0,中度,2013-03-17
高新西区 ,62.0,112.0,193.0,,12.0,15.0,280.0,重度,2013-03-16
高新西区 ,80.0,113.0,176.0,53.0,19.0,23.0,248.0,重度,2013-03-15
高新西区 ,59.0,89.0,136.0,45.0,20.0,21.0,162.0,中度,2013-03-14
高新西区 ,70.0,102.0,500.0,61.0,14.0,16.0,326.0,严重,2013-03-13
高新西区 ,47.0,89.0,500.0,,18.0,20.0,248.0,严重,2013-03-12
高新西区 ,71.0,95.0,124.0,40.0,13.0,13.0,113.0,轻度,2013-03-11
高新西区 ,49.0,70.0,454.0,31.0,18.0,24.0,110.0,严重,2013-03-10
高新西区 ,29.0,94.0,500.0,27.0,25.0,34.0,279.0,严重,2013-03-09
高新西区 ,53.0,114.0,159.0,38.0,50.0,69.0,135.0,中度,2013-03-08
高新西区 ,61.0,109.0,200.0,34.0,39.0,46.0,155.0,中度,2013-03-07
高新西区 ,43.0,95.0,206.0,38.0,36.0,48.0,150.0,重度,2013-03-06
高新西区 ,81.0,123.0,195.0,61.0,29.0,37.0,222.0,重度,2013-03-05
高新西区 ,68.0,112.0,194.0,69.0,34.0,41.0,176.0,中度,2013-03-04
高新西区 ,38.0,93.0,158.0,63.0,39.0,55.0,115.0,中度,2013-03-03
高新西区 ,58.0,93.0,152.0,64.0,31.0,42.0,95.0,中度,2013-03-02
高新西区 ,55.0,84.0,164.0,58.0,26.0,35.0,70.0,中度,2013-03-01
高新西区 ,54.0,108.0,344.0,71.0,24.0,37.0,284.0,严重,2013-02-28
高新西区 ,97.0,130.0,364.0,87.0,35.0,48.0,400.0,严重,2013-02-27
高新西区 ,99.0,121.0,302.0,71.0,35.0,40.0,398.0,严重,2013-02-26
高新西区 ,93.0,117.0,293.0,48.0,18.0,21.0,383.0,严重,2013-02-25
高新西区 ,89.0,119.0,293.0,48.0,40.0,50.0,384.0,严重,2013-02-24
高新西区 ,82.0,117.0,171.0,49.0,38.0,45.0,287.0,重度,2013-02-23
高新西区 ,70.0,110.0,119.0,35.0,40.0,50.0,175.0,中度,2013-02-22
高新西区 ,52.0,101.0,116.0,28.0,43.0,61.0,190.0,中度,2013-02-21
高新西区 ,53.0,73.0,89.0,20.0,26.0,36.0,135.0,轻度,2013-02-20
高新西区 ,51.0,68.0,85.0,18.0,20.0,25.0,134.0,轻度,2013-02-19
高新西区 ,63.0,79.0,90.0,,30.0,34.0,112.0,轻度,2013-02-18
高新西区 ,77.0,95.0,177.0,73.0,21.0,26.0,278.0,重度,2013-02-17
高新西区 ,70.0,69.0,189.0,103.0,31.0,42.0,321.0,严重,2013-02-16
高新西区 ,56.0,57.0,96.0,85.0,35.0,45.0,107.0,轻度,2013-02-15
高新西区 ,56.0,59.0,105.0,71.0,29.0,38.0,149.0,轻度,2013-02-14
高新西区 ,113.0,75.0,119.0,71.0,19.0,23.0,175.0,中度,2013-02-13
高新西区 ,52.0,42.0,110.0,62.0,30.0,41.0,149.0,轻度,2013-02-12
高新西区 ,55.0,45.0,160.0,59.0,13.0,18.0,303.0,严重,2013-02-11
高新西区 ,71.0,58.0,500.0,68.0,41.0,47.0,500.0,严重,2013-02-10
高新西区 ,77.0,59.0,197.0,,29.0,38.0,324.0,严重,2013-02-09
高新西区 ,71.0,72.0,111.0,0.0,15.0,18.0,198.0,中度,2013-02-08
高新西区 ,79.0,74.0,130.0,52.0,15.0,19.0,206.0,重度,2013-02-07
高新西区 ,80.0,88.0,209.0,77.0,16.0,20.0,343.0,严重,2013-02-06
高新西区 ,76.0,77.0,100.0,55.0,30.0,37.0,149.0,轻度,2013-02-05
高新西区 ,76.0,77.0,110.0,62.0,8.0,12.0,203.0,重度,2013-02-04
高新西区 ,61.0,89.0,155.0,71.0,9.0,13.0,284.0,重度,2013-02-03
高新西区 ,79.0,110.0,306.0,86.0,9.0,13.0,403.0,严重,2013-02-02
高新西区 ,86.0,118.0,402.0,101.0,10.0,14.0,444.0,严重,2013-02-01
高新西区 ,82.0,108.0,226.0,79.0,16.0,18.0,339.0,严重,2013-01-31
高新西区 ,107.0,118.0,328.0,82.0,15.0,19.0,408.0,严重,2013-01-30
高新西区 ,92.0,117.0,309.0,105.0,17.0,20.0,374.0,严重,2013-01-29
高新西区 ,108.0,107.0,181.0,106.0,17.0,20.0,284.0,重度,2013-01-28
高新西区 ,107.0,113.0,256.0,108.0,12.0,16.0,301.0,严重,2013-01-27
高新西区 ,66.0,85.0,118.0,81.0,27.0,34.0,144.0,轻度,2013-01-26
高新西区 ,54.0,77.0,139.0,71.0,27.0,31.0,185.0,中度,2013-01-25
高新西区 ,34.0,48.0,81.0,33.0,34.0,48.0,54.0,良,2013-01-24
高新西区 ,61.0,96.0,157.0,73.0,30.0,35.0,263.0,重度,2013-01-23
高新西区 ,102.0,102.0,142.0,90.0,22.0,23.0,204.0,重度,2013-01-22
高新西区 ,90.0,84.0,209.0,102.0,18.0,21.0,310.0,严重,2013-01-20
高新西区 ,113.0,118.0,500.0,112.0,8.0,11.0,463.0,严重,2013-01-19
高新西区 ,112.0,113.0,286.0,102.0,10.0,12.0,316.0,严重,2013-01-18
高新西区 ,107.0,104.0,180.0,89.0,13.0,15.0,231.0,重度,2013-01-17
高新西区 ,87.0,104.0,230.0,110.0,20.0,17.0,251.0,重度,2013-01-16
高新西区 ,51.0,59.0,145.0,51.0,27.0,35.0,92.0,轻度,2013-01-15
高新西区 ,52.0,83.0,467.0,103.0,15.0,13.0,462.0,严重,2013-01-14
高新西区 ,62.0,87.0,463.0,110.0,10.0,13.0,430.0,严重,2013-01-13
高新西区 ,62.0,80.0,369.0,105.0,9.0,13.0,360.0,严重,2013-01-12
高新西区 ,42.0,58.0,175.0,86.0,30.0,33.0,248.0,重度,2013-01-11
高新西区 ,62.0,74.0,286.0,114.0,9.0,14.0,326.0,严重,2013-01-09
高新西区 ,61.0,78.0,378.0,114.0,10.0,14.0,407.0,严重,2013-01-08
高新西区 ,56.0,72.0,295.0,111.0,11.0,15.0,353.0,严重,2013-01-07
高新西区 ,55.0,60.0,292.0,107.0,10.0,14.0,371.0,严重,2013-01-06
高新西区 ,61.0,52.0,169.0,103.0,11.0,15.0,258.0,重度,2013-01-05
高新西区 ,75.0,35.0,124.0,87.0,39.0,16.0,183.0,中度,2013-01-04
高新西区 ,24.0,18.0,57.0,53.0,71.0,30.0,40.0,良,2013-01-03
高新西区 ,33.0,25.0,98.0,60.0,51.0,23.0,84.0,良,2013-01-02
高新西区 ,38.0,39.0,141.0,83.0,65.0,25.0,156.0,中度,2013-01-01
高新西区 ,63.0,53.0,81.0,,,,,良,2012-12-31
高新西区 ,55.0,22.0,71.0,,,,,良,2012-12-30
高新西区 ,60.0,24.0,98.0,,,,,良,2012-12-29
高新西区 ,63.0,42.0,243.0,,,,,中度污染,2012-12-28
高新西区 ,75.0,34.0,127.0,,,,,轻微污染,2012-12-25
高新西区 ,28.0,13.0,97.0,,,,,良,2012-12-24
高新西区 ,25.0,15.0,68.0,,,,,良,2012-12-23
高新西区 ,35.0,19.0,80.0,,,,,良,2012-12-22
高新西区 ,49.0,24.0,92.0,,,,,良,2012-12-21
高新西区 ,53.0,25.0,97.0,,,,,良,2012-12-20
高新西区 ,53.0,27.0,91.0,,,,,良,2012-12-19
高新西区 ,36.0,24.0,83.0,,,,,良,2012-12-18
高新西区 ,48.0,24.0,185.0,,,,,轻度污染,2012-12-17
高新西区 ,59.0,27.0,309.0,,,,,重污染,2012-12-16
高新西区 ,52.0,29.0,309.0,,,,,重污染,2012-12-15
高新西区 ,50.0,27.0,324.0,,,,,重污染,2012-12-14
高新西区 ,48.0,30.0,327.0,,,,,重污染,2012-12-13
高新西区 ,55.0,32.0,313.0,,,,,重污染,2012-12-12
高新西区 ,50.0,29.0,127.0,,,,,轻微污染,2012-12-11
高新西区 ,49.0,22.0,121.0,,,,,轻微污染,2012-12-10
高新西区 ,45.0,17.0,96.0,,,,,良,2012-12-09
高新西区 ,47.0,22.0,92.0,,,,,良,2012-12-08
高新西区 ,50.0,22.0,91.0,,,,,良,2012-12-07
高新西区 ,53.0,17.0,98.0,,,,,良,2012-12-06
高新西区 ,64.0,15.0,98.0,,,,,良,2012-12-05
高新西区 ,57.0,25.0,132.0,,,,,轻微污染,2012-12-04
高新西区 ,68.0,20.0,134.0,,,,,轻微污染,2012-12-03
高新西区 ,71.0,27.0,276.0,,,,,中度重污染,2012-12-02
高新西区 ,73.0,24.0,195.0,,,,,轻度污染,2012-12-01
高新西区 ,45.0,25.0,109.0,,,,,轻微污染,2012-11-30
高新西区 ,35.0,18.0,99.0,,,,,良,2012-11-29
高新西区 ,24.0,14.0,93.0,,,,,良,2012-11-28
高新西区 ,33.0,17.0,85.0,,,,,良,2012-11-27
高新西区 ,26.0,17.0,82.0,,,,,良,2012-11-26
高新西区 ,31.0,17.0,86.0,,,,,良,2012-11-25
高新西区 ,19.0,17.0,85.0,,,,,良,2012-11-24
高新西区 ,22.0,14.0,78.0,,,,,良,2012-11-23
高新西区 ,30.0,27.0,162.0,,,,,轻度污染,2012-11-22
高新西区 ,25.0,31.0,146.0,,,,,轻微污染,2012-11-21
高新西区 ,33.0,31.0,122.0,,,,,轻微污染,2012-11-20
高新西区 ,24.0,28.0,84.0,,,,,良,2012-11-19
高新西区 ,21.0,38.0,114.0,,,,,轻微污染,2012-11-18
高新西区 ,23.0,24.0,94.0,,,,,良,2012-11-17
高新西区 ,21.0,25.0,53.0,,,,,良,2012-11-16
高新西区 ,34.0,34.0,122.0,,,,,轻微污染,2012-11-15
高新西区 ,19.0,29.0,81.0,,,,,良,2012-11-14
高新西区 ,25.0,39.0,74.0,,,,,良,2012-11-13
高新西区 ,22.0,24.0,73.0,,,,,良,2012-11-12
高新西区 ,19.0,16.0,71.0,,,,,良,2012-11-11
高新西区 ,17.0,29.0,95.0,,,,,良,2012-11-10
高新西区 ,19.0,28.0,84.0,,,,,良,2012-11-09
高新西区 ,18.0,19.0,53.0,,,,,良,2012-11-08
高新西区 ,22.0,29.0,93.0,,,,,良,2012-11-07
高新西区 ,19.0,19.0,83.0,,,,,良,2012-11-06
高新西区 ,21.0,17.0,79.0,,,,,良,2012-11-05
高新西区 ,16.0,14.0,64.0,,,,,良,2012-11-04
高新西区 ,18.0,21.0,96.0,,,,,良,2012-11-03
高新西区 ,27.0,22.0,112.0,,,,,轻微污染,2012-11-02
高新西区 ,19.0,19.0,77.0,,,,,良,2012-11-01
高新西区 ,19.0,21.0,71.0,,,,,良,2012-10-31
高新西区 ,20.0,17.0,94.0,,,,,良,2012-10-30
高新西区 ,27.0,19.0,94.0,,,,,良,2012-10-29
高新西区 ,27.0,24.0,93.0,,,,,良,2012-10-28
高新西区 ,31.0,26.0,91.0,,,,,良,2012-10-27
高新西区 ,29.0,27.0,113.0,,,,,轻微污染,2012-10-26
高新西区 ,24.0,29.0,80.0,,,,,良,2012-10-25
高新西区 ,25.0,25.0,85.0,,,,,良,2012-10-24
高新西区 ,28.0,25.0,80.0,,,,,良,2012-10-23
高新西区 ,30.0,24.0,54.0,,,,,良,2012-10-22
高新西区 ,32.0,27.0,117.0,,,,,轻微污染,2012-10-21
高新西区 ,31.0,26.0,105.0,,,,,轻微污染,2012-10-20
高新西区 ,32.0,22.0,106.0,,,,,轻微污染,2012-10-19
高新西区 ,30.0,24.0,88.0,,,,,良,2012-10-18
高新西区 ,29.0,20.0,67.0,,,,,良,2012-10-17
高新西区 ,28.0,29.0,91.0,,,,,良,2012-10-16
高新西区 ,25.0,27.0,129.0,,,,,轻微污染,2012-10-15
高新西区 ,28.0,29.0,89.0,,,,,良,2012-10-14
高新西区 ,29.0,25.0,92.0,,,,,良,2012-10-13
高新西区 ,29.0,27.0,119.0,,,,,轻微污染,2012-10-12
高新西区 ,27.0,25.0,105.0,,,,,轻微污染,2012-10-11
高新西区 ,28.0,22.0,68.0,,,,,良,2012-10-10
高新西区 ,25.0,24.0,83.0,,,,,良,2012-10-09
高新西区 ,27.0,26.0,120.0,,,,,轻微污染,2012-10-08
高新西区 ,24.0,25.0,109.0,,,,,轻微污染,2012-10-07
高新西区 ,23.0,24.0,88.0,,,,,良,2012-10-06
高新西区 ,25.0,18.0,81.0,,,,,良,2012-10-05
高新西区 ,26.0,25.0,74.0,,,,,良,2012-10-04
高新西区 ,25.0,27.0,87.0,,,,,良,2012-10-03
高新西区 ,24.0,27.0,109.0,,,,,轻微污染,2012-10-02
高新西区 ,25.0,29.0,87.0,,,,,良,2012-10-01
高新西区 ,26.0,29.0,93.0,,,,,良,2012-09-30
高新西区 ,24.0,20.0,65.0,,,,,良,2012-09-29
高新西区 ,27.0,22.0,64.0,,,,,良,2012-09-28
高新西区 ,23.0,22.0,75.0,,,,,良,2012-09-27
高新西区 ,23.0,21.0,45.0,,,,,优,2012-09-26
高新西区 ,31.0,23.0,108.0,,,,,轻微污染,2012-09-25
高新西区 ,30.0,30.0,117.0,,,,,轻微污染,2012-09-24
高新西区 ,35.0,20.0,124.0,,,,,轻微污染,2012-09-23
高新西区 ,26.0,20.0,95.0,,,,,良,2012-09-22
高新西区 ,22.0,22.0,84.0,,,,,良,2012-09-21
高新西区 ,21.0,22.0,79.0,,,,,良,2012-09-20
高新西区 ,26.0,18.0,84.0,,,,,良,2012-09-19
高新西区 ,25.0,18.0,85.0,,,,,良,2012-09-18
高新西区 ,21.0,20.0,78.0,,,,,良,2012-09-17
高新西区 ,19.0,18.0,59.0,,,,,良,2012-09-16
高新西区 ,22.0,20.0,79.0,,,,,良,2012-09-15
高新西区 ,18.0,17.0,65.0,,,,,良,2012-09-14
高新西区 ,20.0,16.0,54.0,,,,,良,2012-09-13
高新西区 ,21.0,19.0,57.0,,,,,良,2012-09-12
高新西区 ,19.0,17.0,62.0,,,,,良,2012-09-11
高新西区 ,20.0,18.0,73.0,,,,,良,2012-09-10
高新西区 ,17.0,15.0,62.0,,,,,良,2012-09-09
高新西区 ,22.0,17.0,72.0,,,,,良,2012-09-08
高新西区 ,20.0,19.0,82.0,,,,,良,2012-09-07
高新西区 ,20.0,25.0,90.0,,,,,良,2012-09-06
高新西区 ,27.0,24.0,70.0,,,,,良,2012-09-05
高新西区 ,30.0,22.0,52.0,,,,,良,2012-09-04
高新西区 ,30.0,22.0,52.0,,,,,良,2012-09-04
高新西区 ,26.0,19.0,35.0,,,,,优,2012-09-03
高新西区 ,23.0,10.0,46.0,,,,,优,2012-09-02
高新西区 ,23.0,12.0,32.0,,,,,优,2012-09-01
高新西区 ,23.0,19.0,66.0,,,,,良,2012-08-31
高新西区 ,23.0,24.0,61.0,,,,,良,2012-08-30
高新西区 ,22.0,22.0,58.0,,,,,良,2012-08-29
高新西区 ,21.0,19.0,72.0,,,,,良,2012-08-28
高新西区 ,21.0,23.0,88.0,,,,,良,2012-08-27
高新西区 ,22.0,20.0,79.0,,,,,良,2012-08-26
高新西区 ,20.0,24.0,65.0,,,,,良,2012-08-25
高新西区 ,20.0,19.0,58.0,,,,,良,2012-08-24
高新西区 ,20.0,17.0,52.0,,,,,良,2012-08-23
高新西区 ,21.0,23.0,55.0,,,,,良,2012-08-22
高新西区 ,19.0,17.0,46.0,,,,,优,2012-08-21
高新西区 ,21.0,14.0,29.0,,,,,优,2012-08-20
高新西区 ,25.0,13.0,39.0,,,,,优,2012-08-19
高新西区 ,24.0,15.0,57.0,,,,,良,2012-08-18
高新西区 ,26.0,15.0,67.0,,,,,良,2012-08-17
高新西区 ,29.0,24.0,83.0,,,,,良,2012-08-16
高新西区 ,31.0,23.0,63.0,,,,,良,2012-08-15
高新西区 ,25.0,14.0,57.0,,,,,良,2012-08-14
高新西区 ,22.0,16.0,70.0,,,,,良,2012-08-13
高新西区 ,21.0,22.0,78.0,,,,,良,2012-08-12
高新西区 ,21.0,19.0,87.0,,,,,良,2012-08-11
高新西区 ,26.0,17.0,79.0,,,,,良,2012-08-10
高新西区 ,16.0,12.0,73.0,,,,,良,2012-08-09
高新西区 ,17.0,18.0,74.0,,,,,良,2012-08-08
高新西区 ,16.0,18.0,64.0,,,,,良,2012-08-07
高新西区 ,16.0,14.0,53.0,,,,,良,2012-08-06
高新西区 ,16.0,17.0,72.0,,,,,良,2012-08-05
高新西区 ,16.0,15.0,72.0,,,,,良,2012-08-04
高新西区 ,16.0,19.0,60.0,,,,,良,2012-08-03
高新西区 ,22.0,20.0,47.0,,,,,优,2012-08-02
高新西区 ,17.0,17.0,41.0,,,,,优,2012-08-01
高新西区 ,20.0,14.0,45.0,,,,,优,2012-07-31
高新西区 ,26.0,20.0,61.0,,,,,良,2012-07-30
高新西区 ,25.0,22.0,59.0,,,,,良,2012-07-29
高新西区 ,24.0,17.0,45.0,,,,,优,2012-07-28
高新西区 ,21.0,21.0,42.0,,,,,优,2012-07-27
高新西区 ,25.0,19.0,85.0,,,,,良,2012-07-26
高新西区 ,23.0,20.0,69.0,,,,,良,2012-07-25
高新西区 ,21.0,17.0,51.0,,,,,良,2012-07-24
高新西区 ,19.0,17.0,52.0,,,,,良,2012-07-23
高新西区 ,17.0,14.0,54.0,,,,,良,2012-07-22
高新西区 ,20.0,14.0,68.0,,,,,良,2012-07-21
高新西区 ,16.0,15.0,83.0,,,,,良,2012-07-20
高新西区 ,19.0,16.0,78.0,,,,,良,2012-07-19
高新西区 ,18.0,15.0,72.0,,,,,良,2012-07-18
高新西区 ,18.0,15.0,68.0,,,,,良,2012-07-17
高新西区 ,16.0,15.0,71.0,,,,,良,2012-07-16
高新西区 ,16.0,15.0,71.0,,,,,良,2012-07-16
高新西区 ,16.0,14.0,71.0,,,,,良,2012-07-15
高新西区 ,18.0,19.0,60.0,,,,,良,2012-07-14
高新西区 ,28.0,29.0,59.0,,,,,良,2012-07-13
高新西区 ,19.0,19.0,61.0,,,,,良,2012-07-12
高新西区 ,19.0,19.0,57.0,,,,,良,2012-07-11
高新西区 ,18.0,12.0,53.0,,,,,良,2012-07-10
高新西区 ,18.0,12.0,39.0,,,,,优,2012-07-09
高新西区 ,18.0,15.0,56.0,,,,,良,2012-07-08
高新西区 ,21.0,14.0,43.0,,,,,优,2012-07-07
高新西区 ,19.0,16.0,58.0,,,,,良,2012-07-06
高新西区 ,18.0,15.0,48.0,,,,,优,2012-07-05
高新西区 ,19.0,15.0,42.0,,,,,优,2012-07-04
高新西区 ,18.0,15.0,48.0,,,,,优,2012-07-03
高新西区 ,24.0,18.0,56.0,,,,,良,2012-07-02
高新西区 ,19.0,14.0,33.0,,,,,优,2012-07-01
高新西区 ,16.0,15.0,40.0,,,,,优,2012-06-30
高新西区 ,20.0,15.0,52.0,,,,,良,2012-06-29
高新西区 ,22.0,12.0,51.0,,,,,良,2012-06-28
高新西区 ,20.0,20.0,70.0,,,,,良,2012-06-27
高新西区 ,13.0,19.0,54.0,,,,,良,2012-06-26
高新西区 ,29.0,20.0,66.0,,,,,良,2012-06-25
高新西区 ,25.0,20.0,60.0,,,,,良,2012-06-24
高新西区 ,25.0,25.0,57.0,,,,,良,2012-06-23
高新西区 ,26.0,21.0,56.0,,,,,良,2012-06-22
高新西区 ,26.0,29.0,71.0,,,,,良,2012-06-21
高新西区 ,30.0,20.0,68.0,,,,,良,2012-06-20
高新西区 ,36.0,21.0,72.0,,,,,良,2012-06-19
高新西区 ,29.0,24.0,61.0,,,,,良,2012-06-18
高新西区 ,24.0,31.0,63.0,,,,,良,2012-06-17
高新西区 ,29.0,30.0,64.0,,,,,良,2012-06-16
高新西区 ,34.0,20.0,64.0,,,,,良,2012-06-15
高新西区 ,34.0,22.0,61.0,,,,,良,2012-06-14
高新西区 ,28.0,30.0,57.0,,,,,良,2012-06-13
高新西区 ,27.0,29.0,67.0,,,,,良,2012-06-12
高新西区 ,32.0,24.0,65.0,,,,,良,2012-06-11
高新西区 ,34.0,26.0,56.0,,,,,良,2012-06-10
高新西区 ,35.0,19.0,56.0,,,,,良,2012-06-09
高新西区 ,34.0,23.0,53.0,,,,,良,2012-06-08
高新西区 ,33.0,23.0,72.0,,,,,良,2012-06-07
高新西区 ,24.0,18.0,75.0,,,,,良,2012-06-06
高新西区 ,26.0,23.0,84.0,,,,,良,2012-06-05
高新西区 ,30.0,22.0,76.0,,,,,良,2012-06-04
高新西区 ,22.0,14.0,56.0,,,,,良,2012-06-03
高新西区 ,24.0,18.0,59.0,,,,,良,2012-06-02
高新西区 ,23.0,21.0,73.0,,,,,良,2012-06-01
高新西区 ,26.0,23.0,56.0,,,,,良,2012-05-31
高新西区 ,20.0,20.0,48.0,,,,,优,2012-05-30
高新西区 ,21.0,17.0,57.0,,,,,良,2012-05-29
高新西区 ,20.0,15.0,56.0,,,,,良,2012-05-28
高新西区 ,18.0,18.0,68.0,,,,,良,2012-05-27
高新西区 ,16.0,14.0,67.0,,,,,良,2012-05-26
高新西区 ,22.0,20.0,71.0,,,,,良,2012-05-25
高新西区 ,16.0,15.0,87.0,,,,,良,2012-05-24
高新西区 ,13.0,22.0,98.0,,,,,良,2012-05-23
高新西区 ,12.0,19.0,55.0,,,,,良,2012-05-22
高新西区 ,21.0,17.0,62.0,,,,,良,2012-05-21
高新西区 ,24.0,27.0,71.0,,,,,良,2012-05-20
高新西区 ,25.0,35.0,98.0,,,,,良,2012-05-19
高新西区 ,20.0,44.0,86.0,,,,,良,2012-05-18
高新西区 ,20.0,37.0,80.0,,,,,良,2012-05-17
高新西区 ,38.0,34.0,79.0,,,,,良,2012-05-16
高新西区 ,25.0,29.0,68.0,,,,,良,2012-05-15
高新西区 ,29.0,20.0,69.0,,,,,良,2012-05-14
高新西区 ,22.0,24.0,93.0,,,,,良,2012-05-13
高新西区 ,15.0,16.0,67.0,,,,,良,2012-05-12
高新西区 ,23.0,11.0,62.0,,,,,良,2012-05-11
高新西区 ,23.0,25.0,91.0,,,,,良,2012-05-10
高新西区 ,25.0,24.0,83.0,,,,,良,2012-05-09
高新西区 ,24.0,24.0,95.0,,,,,良,2012-05-08
高新西区 ,24.0,27.0,105.0,,,,,轻微污染,2012-05-07
高新西区 ,28.0,50.0,94.0,,,,,良,2012-05-06
高新西区 ,33.0,29.0,85.0,,,,,良,2012-05-05
高新西区 ,26.0,25.0,85.0,,,,,良,2012-05-04
高新西区 ,15.0,30.0,78.0,,,,,良,2012-05-03
高新西区 ,15.0,25.0,68.0,,,,,良,2012-05-02
高新西区 ,18.0,24.0,83.0,,,,,良,2012-05-01
高新西区 ,21.0,15.0,87.0,,,,,良,2012-04-30
高新西区 ,21.0,32.0,88.0,,,,,良,2012-04-29
高新西区 ,27.0,42.0,93.0,,,,,良,2012-04-28
高新西区 ,27.0,32.0,83.0,,,,,良,2012-04-27
高新西区 ,30.0,42.0,91.0,,,,,良,2012-04-26
高新西区 ,29.0,30.0,87.0,,,,,良,2012-04-25
高新西区 ,29.0,28.0,74.0,,,,,良,2012-04-24
高新西区 ,25.0,37.0,92.0,,,,,良,2012-04-23
高新西区 ,31.0,27.0,88.0,,,,,良,2012-04-22
高新西区 ,31.0,30.0,82.0,,,,,良,2012-04-21
高新西区 ,32.0,23.0,78.0,,,,,良,2012-04-20
高新西区 ,26.0,32.0,62.0,,,,,良,2012-04-19
高新西区 ,40.0,29.0,75.0,,,,,良,2012-04-18
高新西区 ,41.0,37.0,76.0,,,,,良,2012-04-17
高新西区 ,28.0,34.0,61.0,,,,,良,2012-04-16
高新西区 ,30.0,32.0,64.0,,,,,良,2012-04-15
高新西区 ,29.0,21.0,60.0,,,,,良,2012-04-14
高新西区 ,22.0,25.0,42.0,,,,,优,2012-04-13
高新西区 ,22.0,26.0,30.0,,,,,优,2012-04-12
高新西区 ,29.0,30.0,60.0,,,,,良,2012-04-11
高新西区 ,27.0,35.0,53.0,,,,,良,2012-04-10
高新西区 ,27.0,29.0,59.0,,,,,良,2012-04-09
高新西区 ,24.0,27.0,82.0,,,,,良,2012-04-08
高新西区 ,27.0,22.0,81.0,,,,,良,2012-04-07
高新西区 ,24.0,22.0,78.0,,,,,良,2012-04-06
高新西区 ,28.0,23.0,75.0,,,,,良,2012-04-05
高新西区 ,29.0,24.0,80.0,,,,,良,2012-04-04
高新西区 ,21.0,22.0,79.0,,,,,良,2012-04-03
高新西区 ,37.0,27.0,76.0,,,,,良,2012-04-02
高新西区 ,32.0,22.0,75.0,,,,,良,2012-04-01
高新西区 ,34.0,29.0,51.0,,,,,良,2012-03-31
高新西区 ,32.0,38.0,73.0,,,,,良,2012-03-30
高新西区 ,45.0,33.0,90.0,,,,,良,2012-03-29
高新西区 ,45.0,47.0,91.0,,,,,良,2012-03-28
高新西区 ,57.0,35.0,98.0,,,,,良,2012-03-27
高新西区 ,67.0,47.0,78.0,,,,,良,2012-03-26
高新西区 ,53.0,37.0,81.0,,,,,良,2012-03-25
高新西区 ,42.0,28.0,73.0,,,,,良,2012-03-24
高新西区 ,32.0,22.0,67.0,,,,,良,2012-03-23
高新西区 ,34.0,38.0,56.0,,,,,良,2012-03-22
高新西区 ,,,,,,,,---,2012-03-21
高新西区 ,46.0,40.0,64.0,,,,,良,2012-03-20
高新西区 ,41.0,41.0,111.0,,,,,轻微污染,2012-03-19
高新西区 ,64.0,45.0,115.0,,,,,轻微污染,2012-03-18
高新西区 ,36.0,39.0,108.0,,,,,轻微污染,2012-03-17
高新西区 ,39.0,36.0,79.0,,,,,良,2012-03-16
高新西区 ,45.0,44.0,83.0,,,,,良,2012-03-15
高新西区 ,46.0,45.0,90.0,,,,,良,2012-03-14
高新西区 ,56.0,58.0,108.0,,,,,轻微污染,2012-03-13
高新西区 ,41.0,39.0,81.0,,,,,良,2012-03-12
高新西区 ,42.0,47.0,67.0,,,,,良,2012-03-11
高新西区 ,37.0,50.0,82.0,,,,,良,2012-03-10
高新西区 ,34.0,38.0,59.0,,,,,良,2012-03-09
高新西区 ,33.0,40.0,61.0,,,,,良,2012-03-08
高新西区 ,46.0,39.0,72.0,,,,,良,2012-03-07
高新西区 ,30.0,37.0,57.0,,,,,良,2012-03-06
高新西区 ,33.0,39.0,74.0,,,,,良,2012-03-05
高新西区 ,31.0,33.0,62.0,,,,,良,2012-03-04
高新西区 ,31.0,34.0,68.0,,,,,良,2012-03-03
高新西区 ,41.0,46.0,117.0,,,,,轻微污染,2012-03-02
高新西区 ,49.0,67.0,120.0,,,,,轻微污染,2012-03-01
高新西区 ,53.0,65.0,129.0,,,,,轻微污染,2012-02-29
高新西区 ,57.0,49.0,117.0,,,,,轻微污染,2012-02-28
高新西区 ,42.0,42.0,84.0,,,,,良,2012-02-27
高新西区 ,49.0,42.0,71.0,,,,,良,2012-02-26
高新西区 ,56.0,34.0,79.0,,,,,良,2012-02-25
高新西区 ,63.0,49.0,89.0,,,,,良,2012-02-24
高新西区 ,78.0,90.0,111.0,,,,,轻微污染,2012-02-23
高新西区 ,72.0,77.0,122.0,,,,,轻微污染,2012-02-22
高新西区 ,63.0,72.0,112.0,,,,,轻微污染,2012-02-21
高新西区 ,53.0,47.0,96.0,,,,,良,2012-02-20
高新西区 ,39.0,39.0,59.0,,,,,良,2012-02-19
高新西区 ,34.0,33.0,59.0,,,,,良,2012-02-18
高新西区 ,30.0,29.0,53.0,,,,,良,2012-02-17
高新西区 ,37.0,37.0,110.0,,,,,轻微污染,2012-02-16
高新西区 ,53.0,32.0,110.0,,,,,轻微污染,2012-02-15
高新西区 ,56.0,40.0,113.0,,,,,轻微污染,2012-02-14
高新西区 ,51.0,40.0,86.0,,,,,良,2012-02-13
高新西区 ,54.0,37.0,88.0,,,,,良,2012-02-12
高新西区 ,41.0,30.0,67.0,,,,,良,2012-02-11
高新西区 ,35.0,20.0,48.0,,,,,优,2012-02-10
高新西区 ,36.0,24.0,47.0,,,,,优,2012-02-09
高新西区 ,40.0,25.0,43.0,,,,,优,2012-02-08
高新西区 ,40.0,35.0,49.0,,,,,优,2012-02-07
高新西区 ,74.0,74.0,145.0,,,,,轻微污染,2012-02-06
高新西区 ,66.0,48.0,87.0,,,,,良,2012-02-05
高新西区 ,55.0,46.0,75.0,,,,,良,2012-02-04
高新西区 ,27.0,36.0,58.0,,,,,良,2012-02-03
高新西区 ,39.0,34.0,38.0,,,,,优,2012-02-02
高新西区 ,89.0,83.0,135.0,,,,,轻微污染,2012-02-01
高新西区 ,90.0,58.0,130.0,,,,,轻微污染,2012-01-31
高新西区 ,89.0,60.0,114.0,,,,,轻微污染,2012-01-30
高新西区 ,80.0,95.0,113.0,,,,,轻微污染,2012-01-29
高新西区 ,73.0,69.0,95.0,,,,,良,2012-01-28
高新西区 ,46.0,42.0,74.0,,,,,良,2012-01-27
高新西区 ,63.0,42.0,79.0,,,,,良,2012-01-26
高新西区 ,50.0,34.0,40.0,,,,,优,2012-01-25
高新西区 ,44.0,27.0,75.0,,,,,良,2012-01-24
高新西区 ,64.0,35.0,82.0,,,,,良,2012-01-23
高新西区 ,58.0,34.0,64.0,,,,,良,2012-01-22
高新西区 ,56.0,33.0,67.0,,,,,良,2012-01-21
高新西区 ,75.0,70.0,97.0,,,,,良,2012-01-20
高新西区 ,87.0,74.0,130.0,,,,,轻微污染,2012-01-19
高新西区 ,90.0,80.0,169.0,,,,,轻度污染,2012-01-18
高新西区 ,88.0,55.0,130.0,,,,,轻微污染,2012-01-17
高新西区 ,101.0,80.0,127.0,,,,,轻微污染,2012-01-16
高新西区 ,100.0,95.0,107.0,,,,,轻微污染,2012-01-15
高新西区 ,100.0,84.0,139.0,,,,,轻微污染,2012-01-14
高新西区 ,100.0,99.0,132.0,,,,,轻微污染,2012-01-13
高新西区 ,90.0,99.0,122.0,,,,,轻微污染,2012-01-12
高新西区 ,112.0,99.0,166.0,,,,,轻度污染,2012-01-11
高新西区 ,92.0,116.0,167.0,,,,,轻度污染,2012-01-10
高新西区 ,104.0,94.0,140.0,,,,,轻微污染,2012-01-09
高新西区 ,87.0,99.0,143.0,,,,,轻微污染,2012-01-08
高新西区 ,92.0,70.0,98.0,,,,,良,2012-01-07
高新西区 ,66.0,78.0,97.0,,,,,良,2012-01-06
高新西区 ,61.0,34.0,62.0,,,,,良,2012-01-05
高新西区 ,29.0,32.0,35.0,,,,,优,2012-01-04
高新西区 ,30.0,34.0,75.0,,,,,良,2012-01-03
高新西区 ,60.0,69.0,150.0,,,,,轻微污染,2012-01-02
高新西区 ,106.0,93.0,199.0,,,,,轻度污染,2012-01-01
高新西区 ,82.0,74.0,163.0,,,,,轻度污染,2011-12-31
高新西区 ,98.0,65.0,188.0,,,,,轻度污染,2011-12-30
高新西区 ,102.0,44.0,124.0,,,,,轻微污染,2011-12-29
高新西区 ,75.0,34.0,124.0,,,,,轻微污染,2011-12-28
高新西区 ,73.0,25.0,113.0,,,,,轻微污染,2011-12-27
高新西区 ,71.0,30.0,105.0,,,,,轻微污染,2011-12-26
高新西区 ,56.0,34.0,114.0,,,,,轻微污染,2011-12-25
高新西区 ,65.0,23.0,72.0,,,,,良,2011-12-24
高新西区 ,63.0,35.0,95.0,,,,,良,2011-12-23
高新西区 ,64.0,31.0,83.0,,,,,良,2011-12-22
高新西区 ,72.0,42.0,92.0,,,,,良,2011-12-21
高新西区 ,76.0,29.0,133.0,,,,,轻微污染,2011-12-20
高新西区 ,76.0,27.0,130.0,,,,,轻微污染,2011-12-19
高新西区 ,59.0,34.0,108.0,,,,,轻微污染,2011-12-18
高新西区 ,64.0,24.0,76.0,,,,,良,2011-12-17
高新西区 ,69.0,31.0,99.0,,,,,良,2011-12-16
高新西区 ,68.0,39.0,112.0,,,,,轻微污染,2011-12-15
高新西区 ,66.0,21.0,110.0,,,,,轻微污染,2011-12-14
高新西区 ,61.0,25.0,107.0,,,,,轻微污染,2011-12-13
高新西区 ,55.0,19.0,60.0,,,,,良,2011-12-12
高新西区 ,52.0,22.0,96.0,,,,,良,2011-12-11
高新西区 ,76.0,19.0,64.0,,,,,良,2011-12-10
高新西区 ,89.0,19.0,71.0,,,,,良,2011-12-09
高新西区 ,63.0,17.0,64.0,,,,,良,2011-12-08
高新西区 ,68.0,17.0,61.0,,,,,良,2011-12-07
高新西区 ,68.0,19.0,57.0,,,,,良,2011-12-06
高新西区 ,59.0,19.0,62.0,,,,,良,2011-12-05
高新西区 ,63.0,19.0,106.0,,,,,轻微污染,2011-12-04
高新西区 ,62.0,21.0,107.0,,,,,轻微污染,2011-12-03
高新西区 ,57.0,19.0,78.0,,,,,良,2011-12-02
高新西区 ,49.0,15.0,60.0,,,,,良,2011-12-01
高新西区 ,43.0,20.0,40.0,,,,,优,2011-11-30
高新西区 ,42.0,22.0,73.0,,,,,良,2011-11-29
高新西区 ,40.0,24.0,120.0,,,,,轻微,2011-11-28
高新西区 ,37.0,15.0,113.0,,,,,轻微污染,2011-11-27
高新西区 ,22.0,19.0,108.0,,,,,轻微污染,2011-11-26
高新西区 ,28.0,19.0,95.0,,,,,良,2011-11-25
高新西区 ,23.0,17.0,61.0,,,,,良,2011-11-24
高新西区 ,25.0,20.0,63.0,,,,,良,2011-11-23
高新西区 ,26.0,14.0,62.0,,,,,良,2011-11-22
高新西区 ,35.0,16.0,74.0,,,,,良,2011-11-21
高新西区 ,32.0,20.0,42.0,,,,,优,2011-11-20
高新西区 ,20.0,20.0,50.0,,,,,良,2011-11-19
高新西区 ,21.0,16.0,66.0,,,,,良,2011-11-18
高新西区 ,22.0,17.0,64.0,,,,,良,2011-11-17
高新西区 ,21.0,17.0,75.0,,,,,良,2011-11-16
高新西区 ,33.0,20.0,81.0,,,,,良,2011-11-15
高新西区 ,27.0,19.0,69.0,,,,,良,2011-11-14
高新西区 ,26.0,24.0,66.0,,,,,良,2011-11-13
高新西区 ,23.0,17.0,71.0,,,,,良,2011-11-12
高新西区 ,29.0,22.0,78.0,,,,,良,2011-11-11
高新西区 ,20.0,19.0,66.0,,,,,良,2011-11-10
高新西区 ,15.0,12.0,64.0,,,,,良,2011-11-09
高新西区 ,20.0,13.0,37.0,,,,,优,2011-11-08
高新西区 ,16.0,12.0,55.0,,,,,良,2011-11-07
高新西区 ,29.0,12.0,77.0,,,,,良,2011-11-05
高新西区 ,21.0,5.0,71.0,,,,,良,2011-11-05
高新西区 ,20.0,13.0,85.0,,,,,良,2011-11-04
高新西区 ,19.0,16.0,98.0,,,,,良,2011-11-03
高新西区 ,24.0,14.0,95.0,,,,,良,2011-11-02
高新西区 ,23.0,22.0,107.0,,,,,轻微,2011-11-01
高新西区 ,23.0,20.0,118.0,,,,,轻微,2011-10-31
高新西区 ,26.0,17.0,110.0,,,,,轻微,2011-10-30
高新西区 ,20.0,17.0,98.0,,,,,良,2011-10-29
高新西区 ,29.0,12.0,111.0,,,,,轻微污染,2011-10-28
高新西区 ,20.0,18.0,83.0,,,,,良,2011-10-27
高新西区 ,21.0,14.0,57.0,,,,,良,2011-10-26
高新西区 ,14.0,18.0,57.0,,,,,良,2011-10-25
高新西区 ,16.0,17.0,61.0,,,,,良,2011-10-24
高新西区 ,14.0,9.0,82.0,,,,,良,2011-10-23
高新西区 ,33.0,12.0,89.0,,,,,良,2011-10-22
高新西区 ,20.0,20.0,98.0,,,,,良,2011-10-21
高新西区 ,26.0,14.0,96.0,,,,,良,2011-10-20
高新西区 ,17.0,15.0,93.0,,,,,良,2011-10-19
高新西区 ,13.0,31.0,83.0,,,,,良,2011-10-18
高新西区 ,7.0,24.0,61.0,,,,,良,2011-10-17
高新西区 ,14.0,24.0,62.0,,,,,良,2011-10-16
高新西区 ,25.0,29.0,61.0,,,,,良,2011-10-15
高新西区 ,18.0,29.0,53.0,,,,,良,2011-10-14
高新西区 ,9.0,20.0,57.0,,,,,良,2011-10-13
高新西区 ,23.0,19.0,78.0,,,,,良,2011-10-12
高新西区 ,22.0,34.0,80.0,,,,,良,2011-10-11
高新西区 ,19.0,18.0,78.0,,,,,良,2011-10-10
高新西区 ,35.0,34.0,88.0,,,,,良,2011-10-09
高新西区 ,32.0,36.0,88.0,,,,,良,2011-10-08
高新西区 ,29.0,49.0,86.0,,,,,良,2011-10-07
高新西区 ,31.0,41.0,62.0,,,,,良,2011-10-06
高新西区 ,26.0,47.0,70.0,,,,,良,2011-10-05
高新西区 ,26.0,47.0,70.0,,,,,良,2011-10-05
高新西区 ,28.0,37.0,71.0,,,,,良,2011-10-04
高新西区 ,18.0,39.0,63.0,,,,,良,2011-10-03
高新西区 ,19.0,27.0,75.0,,,,,良,2011-10-02
高新西区 ,20.0,14.0,73.0,,,,,良,2011-10-01
高新西区 ,23.0,34.0,75.0,,,,,良,2011-09-30
高新西区 ,30.0,34.0,67.0,,,,,良,2011-09-29
高新西区 ,14.0,29.0,65.0,,,,,良,2011-09-28
高新西区 ,29.0,32.0,81.0,,,,,良,2011-09-27
高新西区 ,23.0,20.0,90.0,,,,,良,2011-09-26
高新西区 ,47.0,29.0,99.0,,,,,良,2011-09-25
高新西区 ,41.0,30.0,100.0,,,,,良,2011-09-24
高新西区 ,31.0,24.0,70.0,,,,,良,2011-09-23
高新西区 ,18.0,17.0,61.0,,,,,良,2011-09-22
高新西区 ,17.0,22.0,62.0,,,,,良,2011-09-21
高新西区 ,12.0,15.0,49.0,,,,,优,2011-09-20
高新西区 ,9.0,13.0,37.0,,,,,优,2011-09-19
高新西区 ,13.0,11.0,44.0,,,,,优,2011-09-18
高新西区 ,14.0,20.0,55.0,,,,,良,2011-09-17
高新西区 ,13.0,19.0,56.0,,,,,良,2011-09-16
高新西区 ,11.0,22.0,58.0,,,,,良,2011-09-15
高新西区 ,15.0,22.0,54.0,,,,,良,2011-09-14
高新西区 ,19.0,22.0,48.0,,,,,优,2011-09-13
高新西区 ,14.0,21.0,41.0,,,,,优,2011-09-12
高新西区 ,13.0,20.0,58.0,,,,,良,2011-09-11
高新西区 ,15.0,24.0,75.0,,,,,良,2011-09-10
高新西区 ,15.0,30.0,82.0,,,,,良,2011-09-09
高新西区 ,17.0,28.0,54.0,,,,,良,2011-09-08
高新西区 ,14.0,24.0,42.0,,,,,优,2011-09-07
高新西区 ,11.0,20.0,34.0,,,,,优,2011-09-06
高新西区 ,11.0,23.0,45.0,,,,,优,2011-09-05
高新西区 ,16.0,27.0,68.0,,,,,良,2011-09-05
高新西区 ,17.0,27.0,84.0,,,,,良,2011-09-03
高新西区 ,21.0,47.0,97.0,,,,,良,2011-09-02
高新西区 ,20.0,26.0,94.0,,,,,良,2011-09-01
高新西区 ,27.0,32.0,100.0,,,,,良,2011-08-31
高新西区 ,17.0,30.0,99.0,,,,,良,2011-08-30
高新西区 ,18.0,35.0,97.0,,,,,良,2011-08-29
高新西区 ,17.0,32.0,75.0,,,,,良,2011-08-28
高新西区 ,16.0,39.0,74.0,,,,,良,2011-08-27
高新西区 ,22.0,12.0,76.0,,,,,良,2011-08-26
高新西区 ,22.0,30.0,88.0,,,,,良,2011-08-25
高新西区 ,15.0,32.0,88.0,,,,,良,2011-08-24
高新西区 ,15.0,23.0,78.0,,,,,良,2011-08-23
高新西区 ,10.0,19.0,56.0,,,,,良,2011-08-22
高新西区 ,11.0,22.0,53.0,,,,,良,2011-08-21
高新西区 ,11.0,25.0,53.0,,,,,良,2011-08-20
高新西区 ,11.0,14.0,47.0,,,,,优,2011-08-19
高新西区 ,11.0,14.0,66.0,,,,,良,2011-08-18
高新西区 ,17.0,23.0,70.0,,,,,良,2011-08-17
高新西区 ,16.0,17.0,89.0,,,,,良,2011-08-16
高新西区 ,14.0,25.0,99.0,,,,,良,2011-08-15
高新西区 ,13.0,30.0,115.0,,,,,轻微污染,2011-08-14
高新西区 ,13.0,24.0,97.0,,,,,良,2011-08-13
高新西区 ,19.0,26.0,99.0,,,,,良,2011-08-12
高新西区 ,18.0,24.0,95.0,,,,,良,2011-08-11
高新西区 ,14.0,24.0,98.0,,,,,良,2011-08-10
高新西区 ,16.0,30.0,96.0,,,,,良,2011-08-09
高新西区 ,15.0,20.0,96.0,,,,,良,2011-08-08
高新西区 ,16.0,31.0,89.0,,,,,良,2011-08-07
高新西区 ,14.0,24.0,68.0,,,,,良,2011-08-06
高新西区 ,11.0,20.0,79.0,,,,,良,2011-08-05
高新西区 ,12.0,22.0,99.0,,,,,良,2011-08-04
高新西区 ,9.0,24.0,66.0,,,,,良,2011-08-03
高新西区 ,10.0,20.0,55.0,,,,,良,2011-08-02
高新西区 ,11.0,14.0,41.0,,,,,优,2011-08-01
高新西区 ,18.0,21.0,53.0,,,,,优,2011-07-31
高新西区 ,11.0,15.0,40.0,,,,,优,2011-07-30
高新西区 ,12.0,12.0,61.0,,,,,良,2011-07-29
高新西区 ,15.0,27.0,86.0,,,,,良,2011-07-28
高新西区 ,15.0,24.0,88.0,,,,,良,2011-07-27
高新西区 ,26.0,28.0,77.0,,,,,良,2011-07-26
高新西区 ,16.0,20.0,75.0,,,,,良,2011-07-25
高新西区 ,39.0,27.0,96.0,,,,,良,2011-07-24
高新西区 ,24.0,34.0,94.0,,,,,良,2011-07-23
高新西区 ,19.0,24.0,69.0,,,,,良,2011-07-22
高新西区 ,18.0,19.0,79.0,,,,,良,2011-07-21
高新西区 ,20.0,28.0,94.0,,,,,良,2011-07-20
高新西区 ,22.0,32.0,87.0,,,,,良,2011-07-19
高新西区 ,20.0,22.0,82.0,,,,,良,2011-07-18
高新西区 ,24.0,37.0,82.0,,,,,良,2011-07-17
高新西区 ,26.0,33.0,100.0,,,,,良,2011-07-16
高新西区 ,25.0,35.0,96.0,,,,,良,2011-07-15
高新西区 ,19.0,27.0,80.0,,,,,良,2011-07-14
高新西区 ,19.0,35.0,87.0,,,,,良,2011-07-13
高新西区 ,31.0,33.0,89.0,,,,,良,2011-07-12
高新西区 ,20.0,21.0,95.0,,,,,良,2011-07-11
高新西区 ,40.0,42.0,96.0,,,,,良,2011-07-10
高新西区 ,13.0,21.0,71.0,,,,,良,2011-07-09
高新西区 ,19.0,19.0,86.0,,,,,良,2011-07-08
高新西区 ,13.0,14.0,48.0,,,,,优,2011-07-07
高新西区 ,13.0,7.0,34.0,,,,,优,2011-07-06
高新西区 ,14.0,12.0,77.0,,,,,良,2011-07-05
高新西区 ,13.0,10.0,52.0,,,,,良,2011-07-04
高新西区 ,16.0,13.0,62.0,,,,,良,2011-07-03
高新西区 ,14.0,9.0,41.0,,,,,优,2011-07-02
高新西区 ,15.0,13.0,60.0,,,,,良,2011-07-01
高新西区 ,20.0,19.0,67.0,,,,,良,2011-06-30
高新西区 ,21.0,25.0,58.0,,,,,良,2011-06-29
高新西区 ,22.0,19.0,52.0,,,,,良,2011-06-28
高新西区 ,23.0,14.0,53.0,,,,,良,2011-06-27
高新西区 ,31.0,15.0,62.0,,,,,良,2011-06-26
高新西区 ,12.0,24.0,60.0,,,,,良,2011-06-25
高新西区 ,19.0,16.0,39.0,,,,,良,2011-06-24
高新西区 ,12.0,18.0,39.0,,,,,优,2011-06-23
高新西区 ,11.0,22.0,56.0,,,,,良,2011-06-22
高新西区 ,20.0,20.0,56.0,,,,,良,2011-06-21
高新西区 ,18.0,17.0,74.0,,,,,良,2011-06-20
高新西区 ,25.0,27.0,63.0,,,,,良,2011-06-19
高新西区 ,18.0,14.0,47.0,,,,,良,2011-06-18
高新西区 ,13.0,22.0,75.0,,,,,良,2011-06-17
高新西区 ,18.0,29.0,90.0,,,,,良,2011-06-16
高新西区 ,22.0,21.0,54.0,,,,,良,2011-06-15
高新西区 ,15.0,12.0,61.0,,,,,良,2011-06-14
高新西区 ,31.0,17.0,80.0,,,,,良,2011-06-13
高新西区 ,52.0,27.0,80.0,,,,,良,2011-06-12
高新西区 ,22.0,24.0,53.0,,,,,良,2011-06-11
高新西区 ,15.0,15.0,38.0,,,,,优,2011-06-10
高新西区 ,32.0,22.0,74.0,,,,,良,2011-06-09
高新西区 ,34.0,27.0,77.0,,,,,良,2011-06-08
高新西区 ,25.0,35.0,92.0,,,,,良,2011-06-07
高新西区 ,21.0,24.0,87.0,,,,,良,2011-06-07
高新西区 ,23.0,37.0,93.0,,,,,良,2011-06-06
高新西区 ,17.0,24.0,91.0,,,,,良,2011-06-05
高新西区 ,18.0,29.0,89.0,,,,,良,2011-06-04
高新西区 ,30.0,35.0,81.0,,,,,良,2011-06-03
高新西区 ,17.0,15.0,91.0,,,,,良,2011-06-02
高新西区 ,12.0,14.0,73.0,,,,,良,2011-06-01
高新西区 ,13.0,17.0,63.0,,,,,良,2011-05-31
高新西区 ,15.0,30.0,80.0,,,,,良,2011-05-30
高新西区 ,16.0,20.0,75.0,,,,,良,2011-05-29
高新西区 ,20.0,23.0,83.0,,,,,良,2011-05-28
高新西区 ,10.0,21.0,87.0,,,,,良,2011-05-27
高新西区 ,19.0,18.0,74.0,,,,,良,2011-05-26
高新西区 ,15.0,22.0,75.0,,,,,良,2011-05-25
高新西区 ,17.0,24.0,56.0,,,,,良,2011-05-24
高新西区 ,16.0,21.0,30.0,,,,,优,2011-05-23
高新西区 ,18.0,15.0,31.0,,,,,优,2011-05-22
高新西区 ,19.0,18.0,43.0,,,,,优,2011-05-21
高新西区 ,50.0,22.0,93.0,,,,,良,2011-05-20
高新西区 ,43.0,30.0,112.0,,,,,轻微污染,2011-05-19
高新西区 ,45.0,40.0,95.0,,,,,良,2011-05-18
高新西区 ,40.0,31.0,74.0,,,,,良,2011-05-17
高新西区 ,34.0,23.0,47.0,,,,,优,2011-05-16
高新西区 ,18.0,26.0,59.0,,,,,良,2011-05-15
高新西区 ,27.0,22.0,52.0,,,,,良,2011-05-14
高新西区 ,29.0,27.0,61.0,,,,,良,2011-05-13
高新西区 ,21.0,17.0,71.0,,,,,良,2011-05-12
高新西区 ,17.0,23.0,59.0,,,,,良,2011-05-11
高新西区 ,19.0,16.0,57.0,,,,,良,2011-05-10
高新西区 ,28.0,21.0,96.0,,,,,良,2011-05-09
高新西区 ,20.0,13.0,94.0,,,,,良,2011-05-08
高新西区 ,20.0,22.0,95.0,,,,,良,2011-05-07
高新西区 ,26.0,17.0,74.0,,,,,良,2011-05-06
高新西区 ,27.0,17.0,75.0,,,,,良,2011-05-05
高新西区 ,26.0,30.0,91.0,,,,,良,2011-05-04
高新西区 ,33.0,29.0,57.0,,,,,良,2011-05-03
高新西区 ,16.0,17.0,49.0,,,,,优,2011-05-02
高新西区 ,25.0,23.0,90.0,,,,,良,2011-05-01
高新西区 ,44.0,22.0,190.0,,,,,轻度污染,2011-04-30
高新西区 ,50.0,44.0,109.0,,,,,轻微污染,2011-04-29
高新西区 ,39.0,32.0,94.0,,,,,良,2011-04-28
高新西区 ,34.0,17.0,98.0,,,,,良,2011-04-27
高新西区 ,35.0,29.0,108.0,,,,,轻微污染,2011-04-26
高新西区 ,48.0,37.0,105.0,,,,,轻微污染,2011-04-25
高新西区 ,42.0,31.0,78.0,,,,,良,2011-04-24
高新西区 ,34.0,29.0,80.0,,,,,良,2011-04-23
高新西区 ,34.0,30.0,99.0,,,,,良,2011-04-22
高新西区 ,29.0,33.0,93.0,,,,,良,2011-04-21
高新西区 ,31.0,34.0,96.0,,,,,良,2011-04-20
高新西区 ,39.0,21.0,93.0,,,,,良,2011-04-19
高新西区 ,20.0,13.0,99.0,,,,,良,2011-04-18
高新西区 ,35.0,20.0,80.0,,,,,良,2011-04-17
高新西区 ,24.0,20.0,92.0,,,,,良,2011-04-16
高新西区 ,33.0,22.0,98.0,,,,,良,2011-04-15
高新西区 ,57.0,47.0,130.0,,,,,轻微污染,2011-04-14
高新西区 ,47.0,49.0,135.0,,,,,轻微污染,2011-04-13
高新西区 ,34.0,30.0,109.0,,,,,轻微污染,2011-04-12
高新西区 ,36.0,23.0,97.0,,,,,良,2011-04-11
高新西区 ,51.0,42.0,131.0,,,,,轻微污染,2011-04-10
高新西区 ,31.0,34.0,96.0,,,,,良,2011-04-09
高新西区 ,19.0,23.0,85.0,,,,,良,2011-04-08
高新西区 ,27.0,22.0,97.0,,,,,良,2011-04-07
高新西区 ,32.0,29.0,97.0,,,,,良,2011-04-06
高新西区 ,43.0,29.0,95.0,,,,,良,2011-04-05
高新西区 ,37.0,29.0,94.0,,,,,良,2011-04-04
高新西区 ,31.0,19.0,88.0,,,,,良,2011-04-03
高新西区 ,43.0,35.0,83.0,,,,,良,2011-04-02
高新西区 ,51.0,39.0,99.0,,,,,良,2011-04-01
高新西区 ,55.0,48.0,96.0,,,,,良,2011-03-31
高新西区 ,61.0,49.0,120.0,,,,,轻微污染,2011-03-30
高新西区 ,35.0,36.0,97.0,,,,,良,2011-03-29
高新西区 ,55.0,28.0,95.0,,,,,良,2011-03-28
高新西区 ,43.0,35.0,89.0,,,,,良,2011-03-27
高新西区 ,37.0,34.0,78.0,,,,,良,2011-03-26
高新西区 ,33.0,31.0,99.0,,,,,良,2011-03-25
高新西区 ,30.0,24.0,88.0,,,,,良,2011-03-24
高新西区 ,44.0,27.0,83.0,,,,,良,2011-03-23
高新西区 ,16.0,13.0,49.0,,,,,优,2011-03-22
高新西区 ,12.0,10.0,55.0,,,,,良,2011-03-21
高新西区 ,33.0,24.0,99.0,,,,,良,2011-03-20
高新西区 ,42.0,28.0,164.0,,,,,轻度污染,2011-03-19
高新西区 ,51.0,32.0,150.0,,,,,轻微污染,2011-03-18
高新西区 ,33.0,25.0,95.0,,,,,良,2011-03-17
高新西区 ,24.0,30.0,74.0,,,,,良,2011-03-16
高新西区 ,36.0,17.0,93.0,,,,,良,2011-03-15
高新西区 ,47.0,31.0,200.0,,,,,轻度污染,2011-03-14
高新西区 ,70.0,55.0,98.0,,,,,良,2011-03-13
高新西区 ,62.0,42.0,96.0,,,,,良,2011-03-12
高新西区 ,63.0,47.0,100.0,,,,,良,2011-03-11
高新西区 ,59.0,32.0,94.0,,,,,良,2011-03-10
高新西区 ,60.0,33.0,83.0,,,,,良,2011-03-09
高新西区 ,75.0,39.0,96.0,,,,,良,2011-03-08
高新西区 ,61.0,39.0,88.0,,,,,良,2011-03-07
高新西区 ,72.0,38.0,123.0,,,,,轻微污染,2011-03-06
高新西区 ,77.0,37.0,95.0,,,,,良,2011-03-05
高新西区 ,71.0,27.0,78.0,,,,,良,2011-03-04
高新西区 ,62.0,37.0,95.0,,,,,良,2011-03-03
高新西区 ,54.0,30.0,94.0,,,,,良,2011-03-02
高新西区 ,33.0,15.0,60.0,,,,,良,2011-03-01
高新西区 ,73.0,29.0,93.0,,,,,良,2011-02-28
高新西区 ,60.0,29.0,100.0,,,,,良,2011-02-27
高新西区 ,70.0,34.0,140.0,,,,,轻微污染,2011-02-26
高新西区 ,95.0,64.0,154.0,,,,,轻度污染,2011-02-25
高新西区 ,92.0,67.0,184.0,,,,,轻度污染,2011-02-24
高新西区 ,72.0,49.0,130.0,,,,,轻微污染,2011-02-23
高新西区 ,77.0,39.0,104.0,,,,,轻微污染,2011-02-22
高新西区 ,91.0,60.0,145.0,,,,,轻微污染,2011-02-21
高新西区 ,73.0,48.0,144.0,,,,,轻微污染,2011-02-20
高新西区 ,89.0,40.0,134.0,,,,,轻微污染,2011-02-19
高新西区 ,88.0,36.0,134.0,,,,,轻微污染,2011-02-18
高新西区 ,73.0,53.0,121.0,,,,,轻微污染,2011-02-17
高新西区 ,82.0,35.0,88.0,,,,,良,2011-02-16
高新西区 ,70.0,31.0,92.0,,,,,良,2011-02-15
高新西区 ,54.0,21.0,69.0,,,,,良,2011-02-14
高新西区 ,72.0,28.0,82.0,,,,,良,2011-02-13
高新西区 ,82.0,34.0,74.0,,,,,良,2011-02-12
高新西区 ,63.0,29.0,95.0,,,,,良,2011-02-11
高新西区 ,64.0,30.0,74.0,,,,,良,2011-02-10
高新西区 ,92.0,42.0,109.0,,,,,轻微污染,2011-02-09
高新西区 ,72.0,40.0,93.0,,,,,良,2011-02-08
高新西区 ,69.0,35.0,93.0,,,,,良,2011-02-07
高新西区 ,73.0,40.0,118.0,,,,,轻微污染,2011-02-06
高新西区 ,62.0,34.0,97.0,,,,,良,2011-02-05
高新西区 ,79.0,42.0,162.0,,,,,轻度污染,2011-02-04
高新西区 ,104.0,64.0,226.0,,,,,中度污染,2011-02-03
高新西区 ,74.0,44.0,126.0,,,,,轻微污染,2011-02-02
高新西区 ,96.0,47.0,124.0,,,,,轻微污染,2011-02-01
高新西区 ,74.0,39.0,98.0,,,,,良,2011-01-31
高新西区 ,66.0,32.0,99.0,,,,,良,2011-01-30
高新西区 ,60.0,26.0,81.0,,,,,良,2011-01-29
高新西区 ,77.0,33.0,97.0,,,,,良,2011-01-28
高新西区 ,101.0,43.0,119.0,,,,,轻微污染,2011-01-27
高新西区 ,99.0,42.0,135.0,,,,,轻微污染,2011-01-26
高新西区 ,104.0,45.0,125.0,,,,,轻微污染,2011-01-25
高新西区 ,77.0,44.0,127.0,,,,,轻微污染,2011-01-24
高新西区 ,78.0,52.0,125.0,,,,,轻微污染,2011-01-23
高新西区 ,98.0,67.0,160.0,,,,,轻度污染,2011-01-22
高新西区 ,82.0,46.0,170.0,,,,,轻度污染,2011-01-21
高新西区 ,66.0,37.0,129.0,,,,,轻微污染,2011-01-20
高新西区 ,79.0,35.0,110.0,,,,,轻微污染,2011-01-19
高新西区 ,67.0,34.0,98.0,,,,,良,2011-01-18
高新西区 ,83.0,34.0,91.0,,,,,良,2011-01-17
高新西区 ,95.0,37.0,102.0,,,,,轻微污染,2011-01-16
高新西区 ,97.0,44.0,112.0,,,,,轻微污染,2011-01-15
高新西区 ,97.0,63.0,147.0,,,,,轻微污染,2011-01-14
高新西区 ,98.0,48.0,135.0,,,,,轻微污染,2011-01-13
高新西区 ,88.0,41.0,98.0,,,,,良,2011-01-12
高新西区 ,68.0,34.0,81.0,,,,,良,2011-01-11
高新西区 ,67.0,36.0,100.0,,,,,良,2011-01-10
高新西区 ,72.0,29.0,103.0,,,,,轻微污染,2011-01-09
高新西区 ,86.0,36.0,89.0,,,,,良,2011-01-08
高新西区 ,84.0,38.0,75.0,,,,,良,2011-01-07
高新西区 ,56.0,31.0,78.0,,,,,良,2011-01-06
高新西区 ,63.0,40.0,107.0,,,,,轻微污染,2011-01-05
高新西区 ,66.0,29.0,85.0,,,,,良,2011-01-04
高新西区 ,43.0,20.0,78.0,,,,,良,2011-01-03
高新西区 ,57.0,27.0,85.0,,,,,良,2011-01-02
高新西区 ,67.0,41.0,95.0,,,,,良,2011-01-01
高新西区 ,65.0,32.0,72.0,,,,,良,2010-12-31
高新西区 ,13.0,44.0,73.0,,,,,良,2010-12-30
高新西区 ,71.0,34.0,101.0,,,,,轻微污染,2010-12-29
高新西区 ,62.0,31.0,78.0,,,,,良,2010-12-28
高新西区 ,62.0,17.0,130.0,,,,,轻微污染,2010-12-27
高新西区 ,50.0,27.0,96.0,,,,,良,2010-12-26
高新西区 ,64.0,25.0,71.0,,,,,良,2010-12-25
高新西区 ,71.0,32.0,97.0,,,,,良,2010-12-24
高新西区 ,81.0,49.0,161.0,,,,,轻度污染,2010-12-23
高新西区 ,75.0,45.0,135.0,,,,,轻微污染,2010-12-22
高新西区 ,69.0,39.0,118.0,,,,,轻微污染,2010-12-21
高新西区 ,70.0,47.0,111.0,,,,,轻微污染,2010-12-20
高新西区 ,67.0,38.0,100.0,,,,,良,2010-12-19
高新西区 ,97.0,58.0,123.0,,,,,轻微污染,2010-12-18
高新西区 ,74.0,37.0,89.0,,,,,良,2010-12-17
高新西区 ,52.0,19.0,59.0,,,,,良,2010-12-16
高新西区 ,59.0,21.0,66.0,,,,,良,2010-12-15
高新西区 ,80.0,30.0,95.0,,,,,良,2010-12-14
高新西区 ,93.0,47.0,136.0,,,,,轻微污染,2010-12-13
高新西区 ,58.0,40.0,119.0,,,,,轻微污染,2010-12-12
高新西区 ,59.0,37.0,95.0,,,,,良,2010-12-11
高新西区 ,71.0,48.0,127.0,,,,,轻微污染,2010-12-10
高新西区 ,75.0,63.0,116.0,,,,,轻微污染,2010-12-09
高新西区 ,63.0,52.0,75.0,,,,,良,2010-12-08
高新西区 ,64.0,42.0,94.0,,,,,良,2010-12-07
高新西区 ,53.0,29.0,87.0,,,,,良,2010-12-06
高新西区 ,105.0,119.0,126.0,,,,,轻微污染,2010-12-05
高新西区 ,98.0,87.0,130.0,,,,,轻微污染,2010-12-04
高新西区 ,73.0,55.0,95.0,,,,,良,2010-12-03
高新西区 ,64.0,59.0,95.0,,,,,良,2010-12-02
高新西区 ,80.0,75.0,100.0,,,,,良,2010-12-01
高新西区 ,73.0,58.0,86.0,,,,,良,2010-11-30
高新西区 ,66.0,59.0,88.0,,,,,良,2010-11-29
高新西区 ,90.0,80.0,91.0,,,,,良,2010-11-28
高新西区 ,92.0,80.0,96.0,,,,,良,2010-11-27
高新西区 ,100.0,92.0,136.0,,,,,轻微污染,2010-11-26
高新西区 ,108.0,100.0,140.0,,,,,轻微污染,2010-11-25
高新西区 ,90.0,73.0,119.0,,,,,轻微污染,2010-11-24
高新西区 ,103.0,68.0,90.0,,,,,轻微污染,2010-11-23
高新西区 ,75.0,46.0,94.0,,,,,良,2010-11-22
高新西区 ,59.0,27.0,100.0,,,,,良,2010-11-21
高新西区 ,73.0,55.0,114.0,,,,,轻微污染,2010-11-20
高新西区 ,79.0,49.0,96.0,,,,,良,2010-11-19
高新西区 ,100.0,94.0,145.0,,,,,轻微污染,2010-11-18
高新西区 ,82.0,69.0,128.0,,,,,轻微污染,2010-11-17
高新西区 ,63.0,31.0,95.0,,,,,良,2010-11-16
高新西区 ,74.0,25.0,79.0,,,,,良,2010-11-15
高新西区 ,66.0,45.0,74.0,,,,,良,2010-11-14
高新西区 ,68.0,67.0,91.0,,,,,良,2010-11-13
高新西区 ,58.0,64.0,110.0,,,,,轻微污染,2010-11-12
高新西区 ,58.0,39.0,80.0,,,,,良,2010-11-11
高新西区 ,60.0,40.0,98.0,,,,,良,2010-11-10
高新西区 ,54.0,63.0,92.0,,,,,良,2010-11-09
高新西区 ,50.0,54.0,94.0,,,,,良,2010-11-08
高新西区 ,57.0,45.0,86.0,,,,,良,2010-11-07
高新西区 ,62.0,87.0,125.0,,,,,轻微污染,2010-11-06
高新西区 ,52.0,77.0,100.0,,,,,良,2010-11-05
高新西区 ,50.0,47.0,74.0,,,,,良,2010-11-04
高新西区 ,48.0,47.0,65.0,,,,,良,2010-11-03
高新西区 ,43.0,36.0,75.0,,,,,良,2010-11-02
高新西区 ,67.0,99.0,128.0,,,,,轻微污染,2010-11-01
高新西区 ,56.0,106.0,115.0,,,,,轻微污染,2010-10-31
高新西区 ,40.0,41.0,87.0,,,,,良,2010-10-30
高新西区 ,35.0,40.0,77.0,,,,,良,2010-10-29
高新西区 ,33.0,44.0,61.0,,,,,良,2010-10-28
高新西区 ,29.0,41.0,49.0,,,,,优,2010-10-27
高新西区 ,6.0,19.0,24.0,,,,,优,2010-10-26
高新西区 ,17.0,19.0,40.0,,,,,优,2010-10-25
高新西区 ,53.0,59.0,125.0,,,,,轻微污染,2010-10-24
高新西区 ,52.0,63.0,105.0,,,,,轻微污染,2010-10-23
高新西区 ,43.0,58.0,105.0,,,,,轻微污染,2010-10-22
高新西区 ,53.0,60.0,103.0,,,,,轻微污染,2010-10-21
高新西区 ,31.0,48.0,103.0,,,,,轻微污染,2010-10-20
高新西区 ,45.0,95.0,128.0,,,,,轻微污染,2010-10-19
高新西区 ,39.0,88.0,118.0,,,,,轻微污染,2010-10-18
高新西区 ,51.0,88.0,114.0,,,,,轻微污染,2010-10-17
高新西区 ,44.0,89.0,99.0,,,,,良,2010-10-16
高新西区 ,44.0,49.0,68.0,,,,,良,2010-10-15
高新西区 ,37.0,35.0,64.0,,,,,良,2010-10-14
高新西区 ,24.0,36.0,59.0,,,,,良,2010-10-13
高新西区 ,29.0,43.0,68.0,,,,,良,2010-10-12
高新西区 ,19.0,15.0,25.0,,,,,优,2010-10-11
高新西区 ,29.0,27.0,98.0,,,,,良,2010-10-10
高新西区 ,37.0,49.0,146.0,,,,,轻微污染,2010-10-09
高新西区 ,27.0,37.0,93.0,,,,,良,2010-10-08
高新西区 ,45.0,27.0,79.0,,,,,良,2010-10-07
高新西区 ,44.0,32.0,85.0,,,,,良,2010-10-06
高新西区 ,26.0,38.0,78.0,,,,,良,2010-10-05
高新西区 ,23.0,42.0,53.0,,,,,良,2010-10-04
高新西区 ,26.0,30.0,55.0,,,,,良,2010-10-03
高新西区 ,17.0,26.0,60.0,,,,,良,2010-10-02
高新西区 ,37.0,33.0,96.0,,,,,良,2010-10-01
高新西区 ,34.0,24.0,81.0,,,,,良,2010-09-30
高新西区 ,22.0,22.0,77.0,,,,,良,2010-09-29
高新西区 ,42.0,47.0,100.0,,,,,良,2010-09-28
高新西区 ,27.0,24.0,97.0,,,,,良,2010-09-27
高新西区 ,28.0,44.0,67.0,,,,,良,2010-09-26
高新西区 ,10.0,10.0,51.0,,,,,良,2010-09-25
高新西区 ,28.0,40.0,78.0,,,,,良,2010-09-24
高新西区 ,19.0,23.0,46.0,,,,,优,2010-09-23
高新西区 ,14.0,20.0,34.0,,,,,优,2010-09-22
高新西区 ,29.0,29.0,66.0,,,,,良,2010-09-21
高新西区 ,29.0,37.0,56.0,,,,,良,2010-09-20
高新西区 ,13.0,34.0,73.0,,,,,良,2010-09-19
高新西区 ,34.0,31.0,67.0,,,,,良,2010-09-18
高新西区 ,28.0,35.0,70.0,,,,,良,2010-09-17
高新西区 ,31.0,35.0,86.0,,,,,良,2010-09-16
高新西区 ,33.0,15.0,81.0,,,,,良,2010-09-15
高新西区 ,31.0,19.0,78.0,,,,,良,2010-09-14
高新西区 ,42.0,19.0,81.0,,,,,良,2010-09-13
高新西区 ,38.0,23.0,81.0,,,,,良,2010-09-12
高新西区 ,29.0,21.0,67.0,,,,,良,2010-09-11
高新西区 ,23.0,20.0,61.0,,,,,良,2010-09-10
高新西区 ,43.0,25.0,61.0,,,,,良,2010-09-09
高新西区 ,29.0,20.0,74.0,,,,,良,2010-09-08
高新西区 ,20.0,21.0,65.0,,,,,良,2010-09-07
高新西区 ,27.0,23.0,97.0,,,,,良,2010-09-06
高新西区 ,28.0,22.0,83.0,,,,,良,2010-09-05
高新西区 ,24.0,21.0,79.0,,,,,良,2010-09-04
高新西区 ,38.0,29.0,90.0,,,,,良,2010-09-03
高新西区 ,30.0,31.0,93.0,,,,,良,2010-09-02
高新西区 ,37.0,19.0,85.0,,,,,良,2010-09-01
高新西区 ,35.0,27.0,89.0,,,,,良,2010-08-31
高新西区 ,35.0,44.0,91.0,,,,,良,2010-08-30
高新西区 ,32.0,24.0,80.0,,,,,良,2010-08-29
高新西区 ,26.0,22.0,84.0,,,,,良,2010-08-28
高新西区 ,39.0,23.0,75.0,,,,,良,2010-08-27
高新西区 ,40.0,22.0,70.0,,,,,良,2010-08-26
高新西区 ,26.0,23.0,88.0,,,,,良,2010-08-25
高新西区 ,14.0,21.0,18.0,,,,,优,2010-08-24
高新西区 ,15.0,27.0,52.0,,,,,良,2010-08-23
高新西区 ,12.0,25.0,37.0,,,,,优,2010-08-22
高新西区 ,19.0,26.0,72.0,,,,,良,2010-08-21
高新西区 ,13.0,22.0,44.0,,,,,优,2010-08-20
高新西区 ,14.0,24.0,90.0,,,,,良,2010-08-19
高新西区 ,13.0,35.0,98.0,,,,,良,2010-08-18
高新西区 ,10.0,34.0,92.0,,,,,良,2010-08-17
高新西区 ,16.0,28.0,74.0,,,,,良,2010-08-16
高新西区 ,13.0,27.0,55.0,,,,,良,2010-08-15
高新西区 ,9.0,17.0,36.0,,,,,优,2010-08-14
高新西区 ,5.0,21.0,57.0,,,,,良,2010-08-13
高新西区 ,6.0,27.0,80.0,,,,,良,2010-08-12
高新西区 ,25.0,21.0,85.0,,,,,良,2010-08-11
高新西区 ,18.0,30.0,77.0,,,,,良,2010-08-10
高新西区 ,19.0,22.0,91.0,,,,,良,2010-08-09
高新西区 ,8.0,25.0,90.0,,,,,良,2010-08-08
高新西区 ,16.0,8.0,83.0,,,,,良,2010-08-07
高新西区 ,4.0,26.0,70.0,,,,,良,2010-08-06
高新西区 ,4.0,19.0,56.0,,,,,良,2010-08-05
高新西区 ,18.0,33.0,95.0,,,,,良,2010-08-04
高新西区 ,16.0,34.0,85.0,,,,,良,2010-08-03
高新西区 ,6.0,24.0,63.0,,,,,良,2010-08-02
高新西区 ,14.0,25.0,76.0,,,,,良,2010-08-01
高新西区 ,14.0,25.0,96.0,,,,,良,2010-07-31
高新西区 ,14.0,25.0,86.0,,,,,良,2010-07-30
高新西区 ,14.0,27.0,107.0,,,,,轻微污染,2010-07-29
高新西区 ,8.0,24.0,87.0,,,,,良,2010-07-28
高新西区 ,13.0,27.0,81.0,,,,,良,2010-07-27
高新西区 ,7.0,21.0,62.0,,,,,良,2010-07-26
高新西区 ,6.0,15.0,53.0,,,,,良,2010-07-25
高新西区 ,8.0,22.0,60.0,,,,,良,2010-07-24
高新西区 ,7.0,19.0,89.0,,,,,良,2010-07-23
高新西区 ,7.0,20.0,56.0,,,,,良,2010-07-22
高新西区 ,12.0,25.0,95.0,,,,,良,2010-07-21
高新西区 ,9.0,17.0,85.0,,,,,良,2010-07-20
高新西区 ,6.0,13.0,68.0,,,,,良,2010-07-19
高新西区 ,10.0,27.0,54.0,,,,,良,2010-07-18
高新西区 ,9.0,30.0,83.0,,,,,良,2010-07-17
高新西区 ,8.0,17.0,62.0,,,,,良,2010-07-16
高新西区 ,9.0,22.0,62.0,,,,,良,2010-07-15
高新西区 ,7.0,27.0,94.0,,,,,良,2010-07-14
高新西区 ,24.0,29.0,67.0,,,,,良,2010-07-13
高新西区 ,14.0,25.0,66.0,,,,,良,2010-07-12
高新西区 ,22.0,22.0,65.0,,,,,良,2010-07-11
高新西区 ,6.0,12.0,33.0,,,,,优,2010-07-10
高新西区 ,11.0,23.0,73.0,,,,,良,2010-07-09
高新西区 ,13.0,25.0,73.0,,,,,良,2010-07-08
高新西区 ,33.0,27.0,69.0,,,,,良,2010-07-07
高新西区 ,23.0,28.0,78.0,,,,,良,2010-07-06
高新西区 ,22.0,17.0,58.0,,,,,良,2010-07-05
高新西区 ,28.0,21.0,53.0,,,,,良,2010-07-04
高新西区 ,25.0,18.0,51.0,,,,,良,2010-07-03
高新西区 ,22.0,23.0,59.0,,,,,良,2010-07-02
高新西区 ,18.0,17.0,41.0,,,,,优,2010-07-01
高新西区 ,15.0,11.0,48.0,,,,,优,2010-06-30
高新西区 ,19.0,20.0,61.0,,,,,良,2010-06-29
高新西区 ,21.0,24.0,68.0,,,,,良,2010-06-28
高新西区 ,39.0,21.0,60.0,,,,,良,2010-06-27
高新西区 ,21.0,25.0,89.0,,,,,良,2010-06-26
高新西区 ,11.0,24.0,82.0,,,,,良,2010-06-25
高新西区 ,11.0,20.0,68.0,,,,,良,2010-06-24
高新西区 ,17.0,27.0,58.0,,,,,良,2010-06-23
高新西区 ,33.0,34.0,70.0,,,,,良,2010-06-22
高新西区 ,28.0,30.0,70.0,,,,,良,2010-06-21
高新西区 ,36.0,22.0,72.0,,,,,良,2010-06-20
高新西区 ,33.0,21.0,100.0,,,,,良,2010-06-19
高新西区 ,34.0,21.0,80.0,,,,,良,2010-06-18
高新西区 ,25.0,29.0,79.0,,,,,良,2010-06-17
高新西区 ,17.0,19.0,61.0,,,,,良,2010-06-16
高新西区 ,23.0,21.0,77.0,,,,,良,2010-06-15
高新西区 ,13.0,23.0,64.0,,,,,良,2010-06-14
高新西区 ,17.0,25.0,77.0,,,,,良,2010-06-13
高新西区 ,11.0,32.0,80.0,,,,,良,2010-06-12
高新西区 ,16.0,34.0,84.0,,,,,良,2010-06-11
高新西区 ,15.0,24.0,62.0,,,,,良,2010-06-10
高新西区 ,10.0,18.0,55.0,,,,,良,2010-06-09
高新西区 ,11.0,17.0,66.0,,,,,良,2010-06-08
高新西区 ,12.0,10.0,61.0,,,,,良,2010-06-07
高新西区 ,14.0,35.0,80.0,,,,,良,2010-06-06
高新西区 ,14.0,30.0,63.0,,,,,良,2010-06-05
高新西区 ,35.0,30.0,66.0,,,,,良,2010-06-04
高新西区 ,26.0,27.0,65.0,,,,,良,2010-06-03
高新西区 ,25.0,18.0,51.0,,,,,良,2010-06-02
高新西区 ,18.0,14.0,52.0,,,,,良,2010-06-01
高新西区 ,31.0,17.0,70.0,,,,,良,2010-05-31
高新西区 ,30.0,24.0,79.0,,,,,良,2010-05-30
高新西区 ,34.0,24.0,89.0,,,,,良,2010-05-29
高新西区 ,27.0,21.0,58.0,,,,,良,2010-05-28
高新西区 ,20.0,17.0,47.0,,,,,优,2010-05-27
高新西区 ,15.0,16.0,80.0,,,,,良,2010-05-26
高新西区 ,35.0,29.0,94.0,,,,,良,2010-05-25
高新西区 ,34.0,36.0,92.0,,,,,良,2010-05-24
高新西区 ,18.0,26.0,63.0,,,,,良,2010-05-23
高新西区 ,17.0,23.0,56.0,,,,,良,2010-05-22
高新西区 ,27.0,22.0,95.0,,,,,良,2010-05-21
高新西区 ,16.0,26.0,92.0,,,,,良,2010-05-20
高新西区 ,20.0,19.0,89.0,,,,,良,2010-05-19
高新西区 ,15.0,20.0,57.0,,,,,良,2010-05-18
高新西区 ,45.0,15.0,79.0,,,,,良,2010-05-17
高新西区 ,44.0,19.0,100.0,,,,,良,2010-05-16
高新西区 ,37.0,18.0,99.0,,,,,良,2010-05-15
高新西区 ,16.0,16.0,65.0,,,,,良,2010-05-14
高新西区 ,6.0,15.0,62.0,,,,,良,2010-05-13
高新西区 ,10.0,15.0,97.0,,,,,良,2010-05-12
高新西区 ,20.0,39.0,90.0,,,,,良,2010-05-11
高新西区 ,21.0,26.0,114.0,,,,,轻微污染,2010-05-10
高新西区 ,17.0,22.0,83.0,,,,,良,2010-05-09
高新西区 ,18.0,19.0,79.0,,,,,良,2010-05-08
高新西区 ,18.0,23.0,82.0,,,,,良,2010-05-07
高新西区 ,16.0,10.0,72.0,,,,,良,2010-05-06
高新西区 ,8.0,12.0,88.0,,,,,良,2010-05-05
高新西区 ,32.0,20.0,85.0,,,,,良,2010-05-04
高新西区 ,53.0,24.0,93.0,,,,,良,2010-05-03
高新西区 ,43.0,15.0,98.0,,,,,良,2010-05-02
高新西区 ,49.0,37.0,103.0,,,,,轻微污染,2010-05-01
高新西区 ,40.0,24.0,138.0,,,,,轻微污染,2010-04-30
高新西区 ,44.0,21.0,153.0,,,,,轻度污染,2010-04-29
高新西区 ,36.0,20.0,168.0,,,,,轻度污染,2010-04-28
高新西区 ,32.0,22.0,154.0,,,,,轻度污染,2010-04-27
高新西区 ,16.0,14.0,304.0,,,,,重度污染,2010-04-26
高新西区 ,48.0,20.0,86.0,,,,,良,2010-04-25
高新西区 ,36.0,24.0,89.0,,,,,良,2010-04-24
高新西区 ,38.0,23.0,83.0,,,,,良,2010-04-23
高新西区 ,23.0,13.0,40.0,,,,,优,2010-04-22
高新西区 ,30.0,23.0,73.0,,,,,良,2010-04-21
高新西区 ,46.0,24.0,95.0,,,,,良,2010-04-20
高新西区 ,42.0,27.0,105.0,,,,,轻微污染,2010-04-19
高新西区 ,46.0,29.0,90.0,,,,,良,2010-04-18
高新西区 ,36.0,14.0,125.0,,,,,轻微污染,2010-04-17
高新西区 ,41.0,30.0,90.0,,,,,良,2010-04-16
高新西区 ,44.0,24.0,73.0,,,,,良,2010-04-15
高新西区 ,29.0,17.0,62.0,,,,,良,2010-04-14
高新西区 ,35.0,15.0,57.0,,,,,良,2010-04-14
高新西区 ,36.0,21.0,88.0,,,,,良,2010-04-12
高新西区 ,37.0,24.0,97.0,,,,,良,2010-04-11
高新西区 ,40.0,24.0,94.0,,,,,良,2010-04-10
高新西区 ,35.0,29.0,93.0,,,,,良,2010-04-09
高新西区 ,32.0,30.0,116.0,,,,,轻微污染,2010-04-08
高新西区 ,49.0,19.0,93.0,,,,,良,2010-04-07
高新西区 ,23.0,16.0,89.0,,,,,良,2010-04-06
高新西区 ,33.0,22.0,99.0,,,,,良,2010-04-05
高新西区 ,33.0,21.0,89.0,,,,,良,2010-04-04
高新西区 ,45.0,19.0,96.0,,,,,良,2010-04-03
高新西区 ,45.0,24.0,95.0,,,,,良,2010-04-02
高新西区 ,55.0,14.0,89.0,,,,,良,2010-04-01
高新西区 ,45.0,24.0,126.0,,,,,轻微污染,2010-03-31
高新西区 ,44.0,22.0,113.0,,,,,轻微污染,2010-03-30
高新西区 ,39.0,25.0,95.0,,,,,良,2010-03-29
高新西区 ,45.0,19.0,99.0,,,,,良,2010-03-28
高新西区 ,42.0,19.0,99.0,,,,,良,2010-03-27
高新西区 ,52.0,24.0,130.0,,,,,轻微污染,2010-03-26
高新西区 ,44.0,17.0,89.0,,,,,良,2010-03-25
高新西区 ,33.0,15.0,88.0,,,,,良,2010-03-24
高新西区 ,41.0,14.0,90.0,,,,,良,2010-03-23
高新西区 ,53.0,27.0,192.0,,,,,轻度污染,2010-03-22
高新西区 ,52.0,20.0,144.0,,,,,轻微污染,2010-03-21
高新西区 ,45.0,14.0,182.0,,,,,轻度污染,2010-03-20
高新西区 ,48.0,34.0,108.0,,,,,轻微污染,2010-03-19
高新西区 ,49.0,30.0,133.0,,,,,轻微污染,2010-03-18
高新西区 ,40.0,27.0,94.0,,,,,良,2010-03-17
高新西区 ,50.0,26.0,95.0,,,,,良,2010-03-16
高新西区 ,43.0,22.0,78.0,,,,,良,2010-03-15
高新西区 ,35.0,24.0,107.0,,,,,轻微污染,2010-03-14
高新西区 ,46.0,32.0,114.0,,,,,轻微污染,2010-03-13
高新西区 ,46.0,36.0,100.0,,,,,良,2010-03-12
高新西区 ,52.0,34.0,96.0,,,,,良,2010-03-11
高新西区 ,42.0,24.0,72.0,,,,,良,2010-03-10
高新西区 ,43.0,11.0,53.0,,,,,良,2010-03-09
高新西区 ,42.0,20.0,88.0,,,,,良,2010-03-08
高新西区 ,70.0,22.0,80.0,,,,,良,2010-03-07
高新西区 ,56.0,17.0,65.0,,,,,良,2010-03-06
高新西区 ,65.0,20.0,80.0,,,,,良,2010-03-05
高新西区 ,55.0,20.0,83.0,,,,,良,2010-03-04
高新西区 ,56.0,32.0,100.0,,,,,良,2010-03-03
高新西区 ,64.0,24.0,100.0,,,,,良,2010-03-02
高新西区 ,84.0,22.0,152.0,,,,,轻度污染,2010-03-01
高新西区 ,79.0,32.0,107.0,,,,,轻微污染,2010-02-28
高新西区 ,64.0,33.0,105.0,,,,,轻微污染,2010-02-27
高新西区 ,62.0,25.0,96.0,,,,,良,2010-02-26
高新西区 ,51.0,19.0,100.0,,,,,良,2010-02-25
高新西区 ,67.0,39.0,120.0,,,,,轻微污染,2010-02-24
高新西区 ,66.0,34.0,100.0,,,,,良,2010-02-23
高新西区 ,58.0,26.0,65.0,,,,,良,2010-02-22
高新西区 ,63.0,29.0,63.0,,,,,良,2010-02-21
高新西区 ,22.0,27.0,93.0,,,,,良,2010-02-20
高新西区 ,47.0,16.0,67.0,,,,,良,2010-02-19
高新西区 ,37.0,13.0,57.0,,,,,良,2010-02-18
高新西区 ,43.0,12.0,65.0,,,,,良,2010-02-17
高新西区 ,46.0,14.0,63.0,,,,,良,2010-02-16
高新西区 ,45.0,9.0,72.0,,,,,良,2010-02-15
高新西区 ,11.0,15.0,89.0,,,,,良,2010-02-14
高新西区 ,68.0,19.0,71.0,,,,,良,2010-02-13
高新西区 ,39.0,12.0,53.0,,,,,良,2010-02-12
高新西区 ,49.0,14.0,52.0,,,,,良,2010-02-11
高新西区 ,56.0,23.0,64.0,,,,,良,2010-02-10
高新西区 ,62.0,28.0,122.0,,,,,轻微污染,2010-02-09
高新西区 ,77.0,27.0,121.0,,,,,轻微污染,2010-02-08
高新西区 ,68.0,28.0,136.0,,,,,轻微污染,2010-02-07
高新西区 ,71.0,39.0,131.0,,,,,轻微污染,2010-02-06
高新西区 ,66.0,32.0,131.0,,,,,轻微污染,2010-02-05
高新西区 ,68.0,35.0,120.0,,,,,轻微污染,2010-02-04
高新西区 ,70.0,34.0,70.0,,,,,良,2010-02-03
高新西区 ,72.0,27.0,85.0,,,,,良,2010-02-02
高新西区 ,58.0,28.0,80.0,,,,,良,2010-02-01
高新西区 ,57.0,36.0,65.0,,,,,良,2010-01-31
高新西区 ,80.0,29.0,80.0,,,,,良,2010-01-30
高新西区 ,63.0,31.0,69.0,,,,,良,2010-01-29
高新西区 ,65.0,33.0,71.0,,,,,良,2010-01-28
高新西区 ,36.0,32.0,59.0,,,,,良,2010-01-27
高新西区 ,34.0,25.0,81.0,,,,,良,2010-01-26
高新西区 ,54.0,35.0,75.0,,,,,良,2010-01-25
高新西区 ,60.0,33.0,76.0,,,,,良,2010-01-24
高新西区 ,56.0,27.0,63.0,,,,,良,2010-01-23
高新西区 ,39.0,20.0,55.0,,,,,良,2010-01-22
高新西区 ,17.0,17.0,86.0,,,,,良,2010-01-21
高新西区 ,72.0,35.0,166.0,,,,,轻度污染,2010-01-20
高新西区 ,70.0,60.0,129.0,,,,,轻微污染,2010-01-19
高新西区 ,84.0,67.0,131.0,,,,,轻微污染,2010-01-18
高新西区 ,63.0,94.0,159.0,,,,,轻度污染,2010-01-17
高新西区 ,58.0,74.0,117.0,,,,,轻微污染,2010-01-16
高新西区 ,62.0,57.0,89.0,,,,,良,2010-01-15
高新西区 ,61.0,45.0,62.0,,,,,良,2010-01-14
高新西区 ,49.0,37.0,56.0,,,,,良,2010-01-13
高新西区 ,63.0,44.0,82.0,,,,,良,2010-01-12
高新西区 ,56.0,80.0,126.0,,,,,轻微污染,2010-01-11
高新西区 ,68.0,48.0,190.0,,,,,轻度污染,2010-01-10
高新西区 ,62.0,35.0,141.0,,,,,轻微污染,2010-01-09
高新西区 ,60.0,106.0,87.0,,,,,轻微污染,2010-01-08
高新西区 ,46.0,67.0,86.0,,,,,良,2010-01-07
高新西区 ,62.0,65.0,67.0,,,,,良,2010-01-06
高新西区 ,63.0,39.0,63.0,,,,,良,2010-01-05
高新西区 ,52.0,70.0,95.0,,,,,良,2010-01-04
高新西区 ,62.0,34.0,97.0,,,,,良,2010-01-03
高新西区 ,70.0,27.0,100.0,,,,,良,2010-01-02
高新西区 ,33.0,60.0,123.0,,,,,轻微污染,2010-01-02
经开区 ,54.0,80.0,106.0,43.0,45.0,68.0,78.0,轻度,2013-04-26
经开区 ,48.0,92.0,145.0,42.0,39.0,55.0,90.0,轻度,2013-04-25
经开区 ,47.0,106.0,96.0,56.0,38.0,45.0,138.0,轻度,2013-04-24
经开区 ,23.0,104.0,,63.0,25.0,29.0,147.0,轻度,2013-04-24
经开区 ,31.0,65.0,,76.0,5.0,5.0,189.0,中度,2013-04-22
经开区 ,43.0,55.0,87.0,88.0,13.0,17.0,137.0,轻度,2013-04-21
经开区 ,39.0,47.0,67.0,72.0,18.0,24.0,93.0,良,2013-04-19
经开区 ,51.0,58.0,317.0,67.0,28.0,38.0,163.0,严重,2013-04-18
经开区 ,61.0,63.0,105.0,55.0,33.0,42.0,74.0,轻度,2013-04-16
经开区 ,66.0,87.0,129.0,64.0,34.0,46.0,103.0,轻度,2013-04-15
经开区 ,67.0,88.0,99.0,59.0,31.0,44.0,73.0,良,2013-04-14
经开区 ,53.0,102.0,105.0,69.0,40.0,55.0,83.0,轻度,2013-04-13
经开区 ,45.0,,,77.0,28.0,36.0,108.0,轻度,2013-04-12
经开区 ,55.0,88.0,121.0,67.0,27.0,36.0,94.0,轻度,2013-04-11
经开区 ,44.0,70.0,107.0,66.0,24.0,34.0,77.0,轻度,2013-04-10
经开区 ,38.0,45.0,90.0,67.0,29.0,40.0,53.0,良,2013-04-09
经开区 ,63.0,83.0,106.0,47.0,25.0,35.0,64.0,轻度,2013-04-05
经开区 ,73.0,102.0,116.0,47.0,28.0,36.0,107.0,轻度,2013-04-04
经开区 ,91.0,123.0,128.0,47.0,49.0,71.0,122.0,轻度,2013-04-03
经开区 ,90.0,103.0,136.0,47.0,21.0,31.0,93.0,轻度,2013-04-02
经开区 ,76.0,115.0,180.0,50.0,40.0,49.0,190.0,中度,2013-04-01
经开区 ,65.0,97.0,145.0,46.0,40.0,45.0,153.0,中度,2013-03-31
经开区 ,78.0,120.0,148.0,37.0,40.0,55.0,145.0,轻度,2013-03-30
经开区 ,82.0,104.0,168.0,37.0,30.0,39.0,132.0,中度,2013-03-29
经开区 ,74.0,,216.0,,33.0,40.0,149.0,重度,2013-03-28
经开区 ,66.0,,174.0,,38.0,41.0,122.0,中度,2013-03-27
经开区 ,62.0,108.0,99.0,56.0,33.0,43.0,110.0,轻度,2013-03-26
经开区 ,65.0,118.0,177.0,,33.0,34.0,180.0,中度,2013-03-22
经开区 ,66.0,105.0,131.0,,22.0,32.0,120.0,轻度,2013-03-21
经开区 ,69.0,,182.0,,34.0,47.0,98.0,中度,2013-03-20
经开区 ,63.0,,302.0,,24.0,29.0,209.0,严重,2013-03-19
经开区 ,,117.0,169.0,,34.0,39.0,89.0,中度,2013-03-18
经开区 ,17.0,48.0,106.0,46.0,25.0,33.0,129.0,轻度,2013-03-14
经开区 ,47.0,74.0,500.0,51.0,19.0,24.0,278.0,严重,2013-03-13
经开区 ,43.0,83.0,500.0,44.0,19.0,21.0,249.0,严重,2013-03-12
经开区 ,13.0,54.0,103.0,36.0,22.0,29.0,90.0,轻度,2013-03-11
经开区 ,15.0,38.0,411.0,28.0,24.0,33.0,112.0,严重,2013-03-10
经开区 ,53.0,,500.0,30.0,25.0,32.0,289.0,严重,2013-03-09
经开区 ,61.0,,178.0,,45.0,61.0,142.0,中度,2013-03-08
经开区 ,62.0,,272.0,,30.0,35.0,178.0,重度,2013-03-07
经开区 ,32.0,69.0,195.0,34.0,32.0,45.0,150.0,中度,2013-03-06
经开区 ,44.0,101.0,226.0,46.0,32.0,42.0,211.0,重度,2013-03-05
经开区 ,31.0,,188.0,36.0,31.0,38.0,144.0,中度,2013-03-04
经开区 ,27.0,60.0,164.0,29.0,32.0,41.0,123.0,中度,2013-03-03
经开区 ,22.0,57.0,157.0,25.0,25.0,32.0,100.0,中度,2013-03-02
经开区 ,15.0,29.0,139.0,13.0,23.0,35.0,55.0,轻度,2013-03-01
经开区 ,28.0,70.0,213.0,41.0,24.0,32.0,244.0,重度,2013-02-28
经开区 ,31.0,105.0,200.0,50.0,40.0,41.0,317.0,严重,2013-02-27
经开区 ,31.0,,265.0,63.0,22.0,22.0,386.0,严重,2013-02-26
经开区 ,35.0,75.0,173.0,46.0,20.0,20.0,290.0,重度,2013-02-25
经开区 ,58.0,78.0,173.0,46.0,42.0,45.0,314.0,严重,2013-02-25
经开区 ,45.0,75.0,131.0,36.0,35.0,44.0,223.0,重度,2013-02-23
经开区 ,49.0,83.0,111.0,37.0,37.0,41.0,178.0,中度,2013-02-22
经开区 ,37.0,68.0,107.0,30.0,27.0,35.0,182.0,中度,2013-02-21
经开区 ,53.0,52.0,78.0,19.0,15.0,21.0,128.0,轻度,2013-02-20
经开区 ,29.0,52.0,72.0,17.0,20.0,26.0,119.0,轻度,2013-02-19
经开区 ,22.0,23.0,66.0,17.0,25.0,32.0,102.0,轻度,2013-02-18
经开区 ,39.0,60.0,,101.0,24.0,23.0,280.0,重度,2013-02-17
经开区 ,39.0,43.0,,103.0,31.0,41.0,293.0,重度,2013-02-16
经开区 ,35.0,40.0,75.0,85.0,30.0,39.0,74.0,良,2013-02-15
经开区 ,39.0,42.0,96.0,98.0,19.0,21.0,159.0,中度,2013-02-14
经开区 ,37.0,37.0,69.0,86.0,27.0,33.0,92.0,良,2013-02-13
经开区 ,38.0,38.0,,,28.0,35.0,182.0,中度,2013-02-12
经开区 ,66.0,75.0,,90.0,11.0,15.0,144.0,轻度,2013-02-08
经开区 ,48.0,73.0,,102.0,14.0,17.0,193.0,中度,2013-02-07
经开区 ,49.0,95.0,148.0,105.0,10.0,13.0,289.0,重度,2013-02-06
经开区 ,49.0,85.0,88.0,103.0,18.0,21.0,152.0,中度,2013-02-05
经开区 ,20.0,70.0,,104.0,7.0,10.0,156.0,中度,2013-02-04
经开区 ,14.0,59.0,63.0,102.0,7.0,10.0,163.0,中度,2013-02-03
经开区 ,17.0,68.0,187.0,109.0,8.0,11.0,360.0,严重,2013-02-02
经开区 ,25.0,73.0,,107.0,10.0,12.0,410.0,严重,2013-02-01
经开区 ,35.0,57.0,,102.0,9.0,12.0,474.0,严重,2013-01-31
经开区 ,64.0,72.0,338.0,105.0,9.0,11.0,379.0,严重,2013-01-30
经开区 ,67.0,47.0,179.0,101.0,14.0,16.0,304.0,严重,2013-01-29
经开区 ,87.0,50.0,,101.0,8.0,11.0,401.0,严重,2013-01-28
经开区 ,66.0,45.0,,75.0,10.0,14.0,207.0,重度,2013-01-27
经开区 ,68.0,45.0,132.0,77.0,15.0,15.0,242.0,重度,2013-01-26
经开区 ,104.0,33.0,122.0,68.0,19.0,20.0,196.0,中度,2013-01-26
经开区 ,45.0,21.0,71.0,51.0,27.0,40.0,69.0,良,2013-01-24
经开区 ,62.0,51.0,188.0,91.0,11.0,13.0,367.0,严重,2013-01-23
经开区 ,55.0,31.0,115.0,67.0,20.0,22.0,225.0,重度,2013-01-22
经开区 ,54.0,45.0,78.0,54.0,20.0,26.0,110.0,轻度,2013-01-21
经开区 ,36.0,67.0,,101.0,8.0,10.0,386.0,严重,2013-01-20
经开区 ,41.0,70.0,226.0,104.0,7.0,10.0,,重度,2013-01-19
经开区 ,64.0,72.0,174.0,98.0,9.0,12.0,293.0,重度,2013-01-18
经开区 ,61.0,62.0,116.0,62.0,13.0,17.0,188.0,中度,2013-01-17
经开区 ,71.0,53.0,145.0,63.0,13.0,15.0,213.0,重度,2013-01-16
经开区 ,53.0,54.0,130.0,35.0,21.0,23.0,127.0,轻度,2013-01-15
经开区 ,77.0,77.0,479.0,92.0,8.0,11.0,462.0,严重,2013-01-14
经开区 ,87.0,59.0,479.0,77.0,9.0,12.0,403.0,严重,2013-01-13
经开区 ,92.0,64.0,300.0,55.0,13.0,15.0,309.0,严重,2013-01-12
经开区 ,65.0,57.0,252.0,51.0,21.0,22.0,272.0,重度,2013-01-11
经开区 ,82.0,64.0,449.0,67.0,10.0,14.0,389.0,严重,2013-01-10
经开区 ,48.0,54.0,137.0,37.0,13.0,17.0,211.0,重度,2013-01-09
经开区 ,62.0,60.0,344.0,79.0,10.0,15.0,444.0,严重,2013-01-08
经开区 ,83.0,69.0,333.0,70.0,10.0,14.0,440.0,严重,2013-01-07
经开区 ,63.0,57.0,380.0,74.0,10.0,14.0,466.0,严重,2013-01-06
经开区 ,87.0,101.0,182.0,68.0,9.0,14.0,312.0,严重,2013-01-05
经开区 ,61.0,85.0,95.0,69.0,17.0,5.0,150.0,轻度,2013-01-04
经开区 ,22.0,44.0,48.0,48.0,40.0,18.0,48.0,优,2013-01-03
经开区 ,32.0,54.0,74.0,53.0,31.0,13.0,74.0,良,2013-01-02
经开区 ,47.0,113.0,151.0,77.0,38.0,12.0,218.0,重度,2013-01-01
经开区 ,69.0,72.0,96.0,,,,,良,2012-12-31
经开区 ,56.0,34.0,73.0,,,,,良,2012-12-30
经开区 ,56.0,37.0,89.0,,,,,良,2012-12-29
经开区 ,67.0,87.0,230.0,,,,,中度污染,2012-12-28
经开区 ,77.0,42.0,96.0,,,,,良,2012-12-25
经开区 ,18.0,19.0,95.0,,,,,良,2012-12-24
经开区 ,31.0,24.0,65.0,,,,,良,2012-12-23
经开区 ,47.0,29.0,77.0,,,,,良,2012-12-22
经开区 ,40.0,35.0,89.0,,,,,良,2012-12-21
经开区 ,51.0,37.0,98.0,,,,,良,2012-12-20
经开区 ,41.0,24.0,93.0,,,,,良,2012-12-19
经开区 ,30.0,25.0,79.0,,,,,良,2012-12-18
经开区 ,42.0,21.0,169.0,,,,,轻度污染,2012-12-17
经开区 ,55.0,21.0,355.0,,,,,重污染,2012-12-16
经开区 ,48.0,23.0,263.0,,,,,中度重污染,2012-12-15
经开区 ,52.0,22.0,299.0,,,,,中度重污染,2012-12-14
经开区 ,53.0,25.0,315.0,,,,,重污染,2012-12-13
经开区 ,57.0,25.0,296.0,,,,,中度重污染,2012-12-12
经开区 ,58.0,30.0,100.0,,,,,良,2012-12-11
经开区 ,54.0,26.0,110.0,,,,,轻微污染,2012-12-10
经开区 ,51.0,17.0,84.0,,,,,良,2012-12-09
经开区 ,54.0,37.0,87.0,,,,,良,2012-12-08
经开区 ,62.0,21.0,88.0,,,,,良,2012-12-07
经开区 ,58.0,15.0,94.0,,,,,良,2012-12-06
经开区 ,75.0,13.0,96.0,,,,,良,2012-12-05
经开区 ,67.0,24.0,142.0,,,,,轻微污染,2012-12-04
经开区 ,69.0,19.0,123.0,,,,,轻微污染,2012-12-03
经开区 ,65.0,22.0,206.0,,,,,中度污染,2012-12-02
经开区 ,68.0,18.0,225.0,,,,,中度污染,2012-12-01
经开区 ,41.0,25.0,111.0,,,,,轻微污染,2012-11-30
经开区 ,33.0,17.0,93.0,,,,,良,2012-11-29
经开区 ,43.0,18.0,99.0,,,,,良,2012-11-28
经开区 ,42.0,23.0,93.0,,,,,良,2012-11-27
经开区 ,28.0,12.0,87.0,,,,,良,2012-11-26
经开区 ,29.0,15.0,82.0,,,,,良,2012-11-25
经开区 ,24.0,15.0,83.0,,,,,良,2012-11-24
经开区 ,27.0,10.0,74.0,,,,,良,2012-11-23
经开区 ,25.0,26.0,158.0,,,,,轻度污染,2012-11-22
经开区 ,24.0,19.0,138.0,,,,,轻微污染,2012-11-21
经开区 ,44.0,20.0,129.0,,,,,轻微污染,2012-11-20
经开区 ,31.0,26.0,97.0,,,,,良,2012-11-19
经开区 ,50.0,31.0,94.0,,,,,良,2012-11-18
经开区 ,41.0,18.0,99.0,,,,,良,2012-11-17
经开区 ,32.0,14.0,69.0,,,,,良,2012-11-16
经开区 ,40.0,24.0,123.0,,,,,轻微污染,2012-11-15
经开区 ,25.0,21.0,100.0,,,,,良,2012-11-14
经开区 ,32.0,27.0,98.0,,,,,良,2012-11-13
经开区 ,21.0,20.0,74.0,,,,,良,2012-11-12
经开区 ,16.0,12.0,68.0,,,,,良,2012-11-11
经开区 ,13.0,20.0,98.0,,,,,良,2012-11-10
经开区 ,13.0,22.0,85.0,,,,,良,2012-11-09
经开区 ,19.0,14.0,59.0,,,,,良,2012-11-08
经开区 ,28.0,21.0,91.0,,,,,良,2012-11-07
经开区 ,22.0,17.0,86.0,,,,,良,2012-11-06
经开区 ,24.0,15.0,67.0,,,,,良,2012-11-05
经开区 ,17.0,13.0,78.0,,,,,良,2012-11-04
经开区 ,17.0,13.0,100.0,,,,,良,2012-11-03
经开区 ,22.0,23.0,266.0,,,,,中度重污染,2012-11-02
经开区 ,24.0,19.0,93.0,,,,,良,2012-11-01
经开区 ,23.0,19.0,97.0,,,,,良,2012-10-31
经开区 ,21.0,18.0,90.0,,,,,良,2012-10-30
经开区 ,25.0,21.0,97.0,,,,,良,2012-10-29
经开区 ,25.0,26.0,97.0,,,,,良,2012-10-28
经开区 ,24.0,27.0,96.0,,,,,良,2012-10-27
经开区 ,25.0,29.0,122.0,,,,,轻微污染,2012-10-26
经开区 ,22.0,24.0,94.0,,,,,良,2012-10-25
经开区 ,23.0,23.0,91.0,,,,,良,2012-10-24
经开区 ,24.0,27.0,92.0,,,,,良,2012-10-23
经开区 ,18.0,20.0,50.0,,,,,优,2012-10-22
经开区 ,21.0,32.0,132.0,,,,,轻微污染,2012-10-21
经开区 ,26.0,34.0,110.0,,,,,轻微污染,2012-10-20
经开区 ,33.0,26.0,109.0,,,,,轻微污染,2012-10-19
经开区 ,32.0,27.0,103.0,,,,,轻微污染,2012-10-18
经开区 ,27.0,22.0,76.0,,,,,良,2012-10-17
经开区 ,26.0,20.0,95.0,,,,,良,2012-10-16
经开区 ,28.0,25.0,140.0,,,,,轻微污染,2012-10-15
经开区 ,29.0,24.0,93.0,,,,,良,2012-10-14
经开区 ,31.0,28.0,95.0,,,,,良,2012-10-13
经开区 ,30.0,24.0,139.0,,,,,轻微污染,2012-10-12
经开区 ,28.0,26.0,138.0,,,,,轻微污染,2012-10-11
经开区 ,29.0,22.0,86.0,,,,,良,2012-10-10
经开区 ,26.0,19.0,97.0,,,,,良,2012-10-09
经开区 ,26.0,25.0,143.0,,,,,轻微污染,2012-10-08
经开区 ,33.0,29.0,131.0,,,,,轻微污染,2012-10-07
经开区 ,25.0,21.0,108.0,,,,,轻微污染,2012-10-06
经开区 ,20.0,17.0,92.0,,,,,良,2012-10-05
经开区 ,24.0,21.0,85.0,,,,,良,2012-10-04
经开区 ,24.0,24.0,101.0,,,,,轻微污染,2012-10-03
经开区 ,26.0,25.0,108.0,,,,,轻微污染,2012-10-02
经开区 ,27.0,25.0,88.0,,,,,良,2012-10-01
经开区 ,29.0,19.0,98.0,,,,,良,2012-09-30
经开区 ,30.0,14.0,83.0,,,,,良,2012-09-29
经开区 ,29.0,22.0,68.0,,,,,良,2012-09-28
经开区 ,31.0,17.0,67.0,,,,,良,2012-09-27
经开区 ,25.0,17.0,54.0,,,,,良,2012-09-26
经开区 ,35.0,17.0,107.0,,,,,轻微污染,2012-09-25
经开区 ,29.0,27.0,112.0,,,,,轻微污染,2012-09-24
经开区 ,33.0,14.0,93.0,,,,,良,2012-09-23
经开区 ,29.0,18.0,78.0,,,,,良,2012-09-22
经开区 ,27.0,9.0,78.0,,,,,良,2012-09-21
经开区 ,30.0,17.0,69.0,,,,,良,2012-09-20
经开区 ,27.0,19.0,83.0,,,,,良,2012-09-19
经开区 ,23.0,17.0,84.0,,,,,良,2012-09-18
经开区 ,21.0,14.0,79.0,,,,,良,2012-09-17
经开区 ,23.0,13.0,51.0,,,,,良,2012-09-16
经开区 ,26.0,15.0,68.0,,,,,良,2012-09-15
经开区 ,25.0,15.0,61.0,,,,,良,2012-09-14
经开区 ,23.0,12.0,53.0,,,,,良,2012-09-13
经开区 ,24.0,15.0,47.0,,,,,优,2012-09-12
经开区 ,20.0,12.0,57.0,,,,,良,2012-09-11
经开区 ,24.0,15.0,64.0,,,,,良,2012-09-10
经开区 ,22.0,12.0,60.0,,,,,良,2012-09-09
经开区 ,25.0,15.0,63.0,,,,,良,2012-09-08
经开区 ,27.0,14.0,68.0,,,,,良,2012-09-07
经开区 ,25.0,17.0,80.0,,,,,良,2012-09-06
经开区 ,32.0,17.0,69.0,,,,,良,2012-09-05
经开区 ,34.0,18.0,57.0,,,,,良,2012-09-04
经开区 ,34.0,18.0,57.0,,,,,良,2012-09-04
经开区 ,31.0,15.0,47.0,,,,,良,2012-09-03
经开区 ,25.0,11.0,32.0,,,,,优,2012-09-02
经开区 ,21.0,14.0,31.0,,,,,优,2012-09-01
经开区 ,25.0,13.0,77.0,,,,,良,2012-08-31
经开区 ,26.0,17.0,75.0,,,,,良,2012-08-30
经开区 ,25.0,18.0,66.0,,,,,良,2012-08-29
经开区 ,26.0,16.0,74.0,,,,,良,2012-08-28
经开区 ,25.0,16.0,88.0,,,,,良,2012-08-28
经开区 ,25.0,13.0,76.0,,,,,良,2012-08-26
经开区 ,28.0,19.0,67.0,,,,,良,2012-08-25
经开区 ,28.0,15.0,56.0,,,,,良,2012-08-24
经开区 ,27.0,14.0,51.0,,,,,良,2012-08-23
经开区 ,20.0,14.0,57.0,,,,,良,2012-08-22
经开区 ,26.0,17.0,41.0,,,,,优,2012-08-21
经开区 ,29.0,17.0,45.0,,,,,优,2012-08-20
经开区 ,28.0,14.0,38.0,,,,,优,2012-08-19
经开区 ,34.0,17.0,55.0,,,,,良,2012-08-18
经开区 ,32.0,17.0,60.0,,,,,良,2012-08-17
经开区 ,34.0,21.0,81.0,,,,,良,2012-08-16
经开区 ,33.0,22.0,60.0,,,,,良,2012-08-15
经开区 ,33.0,19.0,55.0,,,,,良,2012-08-14
经开区 ,32.0,25.0,71.0,,,,,良,2012-08-13
经开区 ,23.0,17.0,83.0,,,,,良,2012-08-12
经开区 ,28.0,14.0,79.0,,,,,良,2012-08-11
经开区 ,25.0,15.0,73.0,,,,,良,2012-08-10
经开区 ,18.0,12.0,78.0,,,,,良,2012-08-09
经开区 ,20.0,15.0,79.0,,,,,良,2012-08-08
经开区 ,33.0,19.0,60.0,,,,,良,2012-08-07
经开区 ,26.0,17.0,59.0,,,,,良,2012-08-06
经开区 ,23.0,12.0,68.0,,,,,良,2012-08-05
经开区 ,24.0,12.0,71.0,,,,,良,2012-08-04
经开区 ,21.0,12.0,61.0,,,,,良,2012-08-03
经开区 ,28.0,16.0,56.0,,,,,良,2012-08-02
经开区 ,29.0,14.0,51.0,,,,,良,2012-08-01
经开区 ,31.0,9.0,54.0,,,,,良,2012-07-31
经开区 ,37.0,18.0,64.0,,,,,良,2012-07-30
经开区 ,31.0,17.0,71.0,,,,,良,2012-07-29
经开区 ,37.0,16.0,53.0,,,,,良,2012-07-28
经开区 ,38.0,17.0,49.0,,,,,优,2012-07-27
经开区 ,33.0,17.0,79.0,,,,,良,2012-07-26
经开区 ,31.0,17.0,74.0,,,,,良,2012-07-25
经开区 ,29.0,18.0,57.0,,,,,良,2012-07-24
经开区 ,24.0,16.0,56.0,,,,,良,2012-07-23
经开区 ,23.0,12.0,52.0,,,,,良,2012-07-22
经开区 ,22.0,14.0,70.0,,,,,良,2012-07-21
经开区 ,23.0,12.0,81.0,,,,,良,2012-07-20
经开区 ,23.0,12.0,82.0,,,,,良,2012-07-19
经开区 ,24.0,12.0,76.0,,,,,良,2012-07-18
经开区 ,21.0,10.0,71.0,,,,,良,2012-07-17
经开区 ,23.0,11.0,69.0,,,,,良,2012-07-16
经开区 ,23.0,11.0,69.0,,,,,良,2012-07-16
经开区 ,21.0,10.0,65.0,,,,,良,2012-07-15
经开区 ,20.0,10.0,63.0,,,,,良,2012-07-14
经开区 ,38.0,26.0,69.0,,,,,良,2012-07-13
经开区 ,33.0,19.0,69.0,,,,,良,2012-07-12
经开区 ,23.0,14.0,68.0,,,,,良,2012-07-11
经开区 ,25.0,12.0,56.0,,,,,良,2012-07-10
经开区 ,15.0,11.0,47.0,,,,,优,2012-07-09
经开区 ,25.0,14.0,65.0,,,,,良,2012-07-08
经开区 ,24.0,13.0,52.0,,,,,良,2012-07-07
经开区 ,20.0,20.0,58.0,,,,,良,2012-07-06
经开区 ,17.0,14.0,42.0,,,,,优,2012-07-05
经开区 ,27.0,14.0,40.0,,,,,优,2012-07-04
经开区 ,24.0,13.0,49.0,,,,,优,2012-07-03
经开区 ,23.0,17.0,59.0,,,,,良,2012-07-02
经开区 ,29.0,19.0,52.0,,,,,良,2012-07-01
经开区 ,22.0,16.0,46.0,,,,,优,2012-06-30
经开区 ,27.0,10.0,53.0,,,,,良,2012-06-29
经开区 ,27.0,11.0,52.0,,,,,良,2012-06-28
经开区 ,30.0,14.0,70.0,,,,,良,2012-06-27
经开区 ,27.0,13.0,54.0,,,,,良,2012-06-26
经开区 ,39.0,19.0,70.0,,,,,良,2012-06-25
经开区 ,31.0,18.0,62.0,,,,,良,2012-06-24
经开区 ,32.0,17.0,62.0,,,,,良,2012-06-23
经开区 ,35.0,17.0,65.0,,,,,良,2012-06-22
经开区 ,35.0,24.0,70.0,,,,,良,2012-06-21
经开区 ,31.0,20.0,66.0,,,,,良,2012-06-20
经开区 ,37.0,18.0,70.0,,,,,良,2012-06-19
经开区 ,35.0,20.0,67.0,,,,,良,2012-06-18
经开区 ,37.0,26.0,71.0,,,,,良,2012-06-17
经开区 ,28.0,30.0,66.0,,,,,良,2012-06-16
经开区 ,33.0,24.0,65.0,,,,,良,2012-06-15
经开区 ,37.0,17.0,67.0,,,,,良,2012-06-14
经开区 ,26.0,25.0,68.0,,,,,良,2012-06-13
经开区 ,30.0,25.0,72.0,,,,,良,2012-06-12
经开区 ,27.0,23.0,79.0,,,,,良,2012-06-11
经开区 ,42.0,27.0,63.0,,,,,良,2012-06-10
经开区 ,43.0,19.0,64.0,,,,,良,2012-06-09
经开区 ,36.0,22.0,63.0,,,,,良,2012-06-08
经开区 ,36.0,22.0,76.0,,,,,良,2012-06-07
经开区 ,31.0,21.0,69.0,,,,,良,2012-06-06
经开区 ,37.0,22.0,86.0,,,,,良,2012-06-05
经开区 ,40.0,21.0,74.0,,,,,良,2012-06-04
经开区 ,37.0,11.0,58.0,,,,,良,2012-06-03
经开区 ,38.0,19.0,62.0,,,,,良,2012-06-02
经开区 ,39.0,20.0,68.0,,,,,良,2012-06-01
经开区 ,34.0,20.0,60.0,,,,,良,2012-05-31
经开区 ,31.0,22.0,54.0,,,,,良,2012-05-30
经开区 ,20.0,15.0,62.0,,,,,良,2012-05-29
经开区 ,24.0,21.0,67.0,,,,,良,2012-05-28
经开区 ,23.0,19.0,83.0,,,,,良,2012-05-27
经开区 ,17.0,17.0,96.0,,,,,良,2012-05-26
经开区 ,11.0,21.0,93.0,,,,,良,2012-05-25
经开区 ,12.0,15.0,92.0,,,,,良,2012-05-24
经开区 ,11.0,20.0,97.0,,,,,良,2012-05-23
经开区 ,10.0,14.0,53.0,,,,,良,2012-05-22
经开区 ,25.0,10.0,73.0,,,,,良,2012-05-21
经开区 ,27.0,24.0,82.0,,,,,良,2012-05-20
经开区 ,33.0,31.0,94.0,,,,,良,2012-05-19
经开区 ,33.0,34.0,85.0,,,,,良,2012-05-18
经开区 ,36.0,34.0,73.0,,,,,良,2012-05-17
经开区 ,37.0,30.0,80.0,,,,,良,2012-05-16
经开区 ,22.0,28.0,65.0,,,,,良,2012-05-15
经开区 ,21.0,20.0,74.0,,,,,良,2012-05-14
经开区 ,17.0,20.0,91.0,,,,,良,2012-05-13
经开区 ,17.0,19.0,68.0,,,,,良,2012-05-12
经开区 ,27.0,10.0,59.0,,,,,良,2012-05-11
经开区 ,30.0,21.0,73.0,,,,,良,2012-05-10
经开区 ,26.0,21.0,81.0,,,,,良,2012-05-09
经开区 ,26.0,30.0,91.0,,,,,良,2012-05-08
经开区 ,27.0,28.0,107.0,,,,,轻微污染,2012-05-07
经开区 ,39.0,32.0,91.0,,,,,良,2012-05-06
经开区 ,42.0,27.0,90.0,,,,,良,2012-05-05
经开区 ,27.0,29.0,82.0,,,,,良,2012-05-04
经开区 ,15.0,23.0,75.0,,,,,良,2012-05-03
经开区 ,16.0,20.0,72.0,,,,,良,2012-05-02
经开区 ,16.0,16.0,89.0,,,,,良,2012-05-01
经开区 ,30.0,16.0,83.0,,,,,良,2012-04-30
经开区 ,32.0,25.0,87.0,,,,,良,2012-04-29
经开区 ,38.0,29.0,91.0,,,,,良,2012-04-28
经开区 ,37.0,25.0,102.0,,,,,轻微污染,2012-04-27
经开区 ,31.0,30.0,97.0,,,,,良,2012-04-26
经开区 ,30.0,29.0,89.0,,,,,良,2012-04-25
经开区 ,24.0,20.0,72.0,,,,,良,2012-04-24
经开区 ,49.0,29.0,90.0,,,,,良,2012-04-23
经开区 ,33.0,29.0,85.0,,,,,良,2012-04-22
经开区 ,33.0,29.0,89.0,,,,,良,2012-04-21
经开区 ,34.0,29.0,81.0,,,,,良,2012-04-20
经开区 ,34.0,30.0,66.0,,,,,良,2012-04-19
经开区 ,32.0,27.0,87.0,,,,,良,2012-04-18
经开区 ,51.0,27.0,85.0,,,,,良,2012-04-17
经开区 ,36.0,32.0,66.0,,,,,良,2012-04-16
经开区 ,28.0,33.0,69.0,,,,,良,2012-04-15
经开区 ,19.0,31.0,68.0,,,,,良,2012-04-14
经开区 ,18.0,20.0,48.0,,,,,优,2012-04-13
经开区 ,31.0,14.0,51.0,,,,,良,2012-04-12
经开区 ,28.0,23.0,67.0,,,,,良,2012-04-11
经开区 ,25.0,20.0,56.0,,,,,良,2012-04-10
经开区 ,28.0,22.0,60.0,,,,,良,2012-04-09
经开区 ,26.0,28.0,80.0,,,,,良,2012-04-08
经开区 ,28.0,22.0,87.0,,,,,良,2012-04-07
经开区 ,26.0,20.0,86.0,,,,,良,2012-04-06
经开区 ,21.0,20.0,77.0,,,,,良,2012-04-05
经开区 ,22.0,25.0,93.0,,,,,良,2012-04-04
经开区 ,25.0,24.0,77.0,,,,,良,2012-04-03
经开区 ,34.0,29.0,82.0,,,,,良,2012-04-02
经开区 ,39.0,29.0,86.0,,,,,良,2012-04-01
经开区 ,30.0,23.0,55.0,,,,,良,2012-04-01
经开区 ,58.0,31.0,71.0,,,,,良,2012-03-30
经开区 ,31.0,27.0,89.0,,,,,良,2012-03-29
经开区 ,68.0,44.0,93.0,,,,,良,2012-03-28
经开区 ,51.0,43.0,110.0,,,,,轻微污染,2012-03-27
经开区 ,65.0,52.0,82.0,,,,,良,2012-03-26
经开区 ,60.0,40.0,80.0,,,,,良,2012-03-25
经开区 ,50.0,33.0,70.0,,,,,良,2012-03-24
经开区 ,47.0,32.0,60.0,,,,,良,2012-03-23
经开区 ,41.0,27.0,57.0,,,,,良,2012-03-22
经开区 ,49.0,32.0,73.0,,,,,良,2012-03-21
经开区 ,49.0,30.0,62.0,,,,,良,2012-03-20
经开区 ,59.0,29.0,118.0,,,,,轻微污染,2012-03-19
经开区 ,65.0,40.0,120.0,,,,,轻微污染,2012-03-18
经开区 ,49.0,37.0,85.0,,,,,良,2012-03-17
经开区 ,40.0,32.0,89.0,,,,,良,2012-03-16
经开区 ,51.0,36.0,79.0,,,,,良,2012-03-15
经开区 ,54.0,40.0,97.0,,,,,良,2012-03-14
经开区 ,57.0,50.0,107.0,,,,,轻微污染,2012-03-13
经开区 ,42.0,38.0,84.0,,,,,良,2012-03-12
经开区 ,44.0,39.0,62.0,,,,,良,2012-03-11
经开区 ,49.0,38.0,83.0,,,,,良,2012-03-10
经开区 ,35.0,30.0,65.0,,,,,良,2012-03-09
经开区 ,37.0,35.0,65.0,,,,,良,2012-03-08
经开区 ,32.0,36.0,61.0,,,,,良,2012-03-07
经开区 ,34.0,36.0,57.0,,,,,良,2012-03-06
经开区 ,37.0,35.0,70.0,,,,,良,2012-03-05
经开区 ,32.0,36.0,64.0,,,,,良,2012-03-04
经开区 ,38.0,30.0,73.0,,,,,良,2012-03-03
经开区 ,39.0,39.0,119.0,,,,,轻微污染,2012-03-02
经开区 ,47.0,72.0,120.0,,,,,轻微污染,2012-03-01
经开区 ,62.0,63.0,130.0,,,,,轻微污染,2012-02-29
经开区 ,56.0,37.0,97.0,,,,,良,2012-02-28
经开区 ,39.0,30.0,81.0,,,,,良,2012-02-27
经开区 ,48.0,35.0,63.0,,,,,良,2012-02-26
经开区 ,67.0,36.0,71.0,,,,,良,2012-02-25
经开区 ,51.0,40.0,97.0,,,,,良,2012-02-24
经开区 ,77.0,74.0,117.0,,,,,轻微污染,2012-02-23
经开区 ,62.0,60.0,118.0,,,,,轻微污染,2012-02-22
经开区 ,81.0,57.0,99.0,,,,,良,2012-02-21
经开区 ,66.0,39.0,77.0,,,,,良,2012-02-20
经开区 ,48.0,34.0,55.0,,,,,良,2012-02-19
经开区 ,37.0,26.0,49.0,,,,,优,2012-02-18
经开区 ,46.0,27.0,51.0,,,,,良,2012-02-17
经开区 ,39.0,31.0,112.0,,,,,轻微污染,2012-02-16
经开区 ,54.0,30.0,123.0,,,,,轻微污染,2012-02-15
经开区 ,55.0,37.0,118.0,,,,,轻微污染,2012-02-14
经开区 ,33.0,30.0,84.0,,,,,良,2012-02-13
经开区 ,34.0,29.0,84.0,,,,,良,2012-02-12
经开区 ,30.0,26.0,63.0,,,,,良,2012-02-11
经开区 ,30.0,21.0,44.0,,,,,优,2012-02-10
经开区 ,31.0,27.0,36.0,,,,,优,2012-02-09
经开区 ,30.0,21.0,51.0,,,,,良,2012-02-08
经开区 ,47.0,15.0,48.0,,,,,优,2012-02-07
经开区 ,73.0,72.0,149.0,,,,,轻微污染,2012-02-06
经开区 ,65.0,39.0,85.0,,,,,良,2012-02-05
经开区 ,48.0,47.0,67.0,,,,,良,2012-02-04
经开区 ,29.0,32.0,50.0,,,,,优,2012-02-03
经开区 ,40.0,27.0,45.0,,,,,优,2012-02-02
经开区 ,70.0,64.0,144.0,,,,,轻微污染,2012-02-01
经开区 ,68.0,50.0,120.0,,,,,轻微污染,2012-01-31
经开区 ,79.0,46.0,118.0,,,,,轻微污染,2012-01-30
经开区 ,77.0,80.0,108.0,,,,,轻微污染,2012-01-29
经开区 ,77.0,53.0,95.0,,,,,良,2012-01-28
经开区 ,53.0,32.0,74.0,,,,,良,2012-01-27
经开区 ,69.0,40.0,79.0,,,,,良,2012-01-26
经开区 ,41.0,24.0,53.0,,,,,良,2012-01-25
经开区 ,36.0,32.0,65.0,,,,,良,2012-01-24
经开区 ,42.0,26.0,63.0,,,,,良,2012-01-23
经开区 ,46.0,27.0,55.0,,,,,良,2012-01-22
经开区 ,54.0,30.0,57.0,,,,,良,2012-01-21
经开区 ,61.0,48.0,99.0,,,,,良,2012-01-20
经开区 ,82.0,55.0,127.0,,,,,轻微污染,2012-01-19
经开区 ,94.0,68.0,141.0,,,,,轻微污染,2012-01-18
经开区 ,74.0,73.0,125.0,,,,,轻微污染,2012-01-17
经开区 ,99.0,83.0,109.0,,,,,轻微污染,2012-01-16
经开区 ,81.0,62.0,90.0,,,,,良,2012-01-15
经开区 ,90.0,92.0,116.0,,,,,轻微污染,2012-01-14
经开区 ,78.0,83.0,120.0,,,,,轻微污染,2012-01-13
经开区 ,67.0,54.0,106.0,,,,,轻微污染,2012-01-12
经开区 ,77.0,87.0,141.0,,,,,轻微污染,2012-01-11
经开区 ,77.0,62.0,156.0,,,,,轻度污染,2012-01-10
经开区 ,83.0,77.0,123.0,,,,,轻微污染,2012-01-09
经开区 ,80.0,58.0,115.0,,,,,轻微污染,2012-01-08
经开区 ,84.0,63.0,81.0,,,,,良,2012-01-07
经开区 ,70.0,50.0,81.0,,,,,良,2012-01-06
经开区 ,37.0,38.0,59.0,,,,,良,2012-01-05
经开区 ,38.0,36.0,47.0,,,,,优,2012-01-04
经开区 ,57.0,39.0,64.0,,,,,良,2012-01-03
经开区 ,97.0,48.0,160.0,,,,,轻度污染,2012-01-02
经开区 ,109.0,88.0,189.0,,,,,轻度污染,2012-01-01
经开区 ,87.0,68.0,147.0,,,,,轻微污染,2011-12-31
经开区 ,90.0,68.0,179.0,,,,,轻度污染,2011-12-30
经开区 ,97.0,46.0,122.0,,,,,轻微污染,2011-12-29
经开区 ,61.0,72.0,99.0,,,,,良,2011-12-28
经开区 ,69.0,46.0,100.0,,,,,良,2011-12-27
经开区 ,58.0,47.0,104.0,,,,,轻微污染,2011-12-26
经开区 ,60.0,31.0,107.0,,,,,轻微污染,2011-12-25
经开区 ,69.0,19.0,60.0,,,,,良,2011-12-24
经开区 ,54.0,41.0,87.0,,,,,良,2011-12-23
经开区 ,63.0,32.0,76.0,,,,,良,2011-12-22
经开区 ,64.0,49.0,98.0,,,,,良,2011-12-21
经开区 ,75.0,50.0,128.0,,,,,轻微污染,2011-12-20
经开区 ,77.0,47.0,133.0,,,,,轻微污染,2011-12-19
经开区 ,60.0,31.0,114.0,,,,,轻微污染,2011-12-18
经开区 ,62.0,33.0,93.0,,,,,良,2011-12-17
经开区 ,67.0,37.0,96.0,,,,,良,2011-12-16
经开区 ,62.0,47.0,107.0,,,,,轻微污染,2011-12-15
经开区 ,64.0,42.0,107.0,,,,,轻微污染,2011-12-14
经开区 ,63.0,32.0,120.0,,,,,轻微污染,2011-12-13
经开区 ,62.0,26.0,95.0,,,,,良,2011-12-12
经开区 ,66.0,33.0,113.0,,,,,轻微污染,2011-12-11
经开区 ,86.0,30.0,69.0,,,,,良,2011-12-10
经开区 ,85.0,27.0,71.0,,,,,良,2011-12-09
经开区 ,64.0,34.0,60.0,,,,,良,2011-12-08
经开区 ,72.0,19.0,70.0,,,,,良,2011-12-07
经开区 ,66.0,27.0,63.0,,,,,良,2011-12-06
经开区 ,68.0,30.0,81.0,,,,,良,2011-12-05
经开区 ,64.0,34.0,104.0,,,,,轻微污染,2011-12-04
经开区 ,59.0,27.0,118.0,,,,,轻微污染,2011-12-03
经开区 ,54.0,31.0,98.0,,,,,良,2011-12-02
经开区 ,50.0,22.0,60.0,,,,,良,2011-12-01
经开区 ,33.0,24.0,45.0,,,,,优,2011-11-30
经开区 ,57.0,37.0,87.0,,,,,良,2011-11-29
经开区 ,32.0,34.0,116.0,,,,,轻微,2011-11-28
经开区 ,31.0,24.0,105.0,,,,,轻微污染,2011-11-27
经开区 ,24.0,20.0,98.0,,,,,良,2011-11-26
经开区 ,26.0,35.0,123.0,,,,,轻微,2011-11-25
经开区 ,17.0,27.0,85.0,,,,,良,2011-11-24
经开区 ,15.0,29.0,69.0,,,,,良,2011-11-23
经开区 ,14.0,15.0,76.0,,,,,良,2011-11-22
经开区 ,22.0,27.0,80.0,,,,,良,2011-11-21
经开区 ,21.0,22.0,45.0,,,,,优,2011-11-20
经开区 ,12.0,30.0,47.0,,,,,良,2011-11-19
经开区 ,16.0,22.0,58.0,,,,,良,2011-11-18
经开区 ,17.0,27.0,61.0,,,,,良,2011-11-17
经开区 ,18.0,29.0,73.0,,,,,良,2011-11-16
经开区 ,28.0,32.0,86.0,,,,,良,2011-11-15
经开区 ,15.0,28.0,68.0,,,,,良,2011-11-14
经开区 ,14.0,22.0,71.0,,,,,良,2011-11-13
经开区 ,18.0,29.0,84.0,,,,,良,2011-11-12
经开区 ,17.0,36.0,95.0,,,,,良,2011-11-11
经开区 ,12.0,24.0,70.0,,,,,良,2011-11-10
经开区 ,13.0,27.0,62.0,,,,,良,2011-11-09
经开区 ,13.0,23.0,35.0,,,,,优,2011-11-08
经开区 ,17.0,24.0,30.0,,,,,优,2011-11-07
经开区 ,18.0,21.0,70.0,,,,,良,2011-11-05
经开区 ,8.0,12.0,56.0,,,,,良,2011-11-05
经开区 ,17.0,19.0,66.0,,,,,良,2011-11-04
经开区 ,16.0,22.0,78.0,,,,,良,2011-11-03
经开区 ,19.0,24.0,93.0,,,,,良,2011-11-02
经开区 ,24.0,27.0,106.0,,,,,轻微,2011-11-01
经开区 ,11.0,34.0,106.0,,,,,轻微,2011-10-31
经开区 ,12.0,31.0,109.0,,,,,轻微,2011-10-30
经开区 ,12.0,26.0,90.0,,,,,良,2011-10-29
经开区 ,25.0,20.0,109.0,,,,,轻微污染,2011-10-28
经开区 ,19.0,14.0,79.0,,,,,良,2011-10-27
经开区 ,23.0,22.0,52.0,,,,,良,2011-10-26
经开区 ,13.0,15.0,51.0,,,,,良,2011-10-25
经开区 ,12.0,22.0,53.0,,,,,良,2011-10-24
经开区 ,10.0,13.0,61.0,,,,,良,2011-10-23
经开区 ,23.0,22.0,87.0,,,,,良,2011-10-22
经开区 ,19.0,41.0,86.0,,,,,良,2011-10-21
经开区 ,12.0,29.0,84.0,,,,,良,2011-10-20
经开区 ,12.0,21.0,90.0,,,,,良,2011-10-19
经开区 ,11.0,25.0,73.0,,,,,良,2011-10-18
经开区 ,18.0,28.0,63.0,,,,,良,2011-10-17
经开区 ,32.0,23.0,55.0,,,,,良,2011-10-16
经开区 ,30.0,28.0,48.0,,,,,优,2011-10-15
经开区 ,25.0,21.0,47.0,,,,,优,2011-10-14
经开区 ,17.0,27.0,48.0,,,,,优,2011-10-13
经开区 ,21.0,13.0,53.0,,,,,良,2011-10-12
经开区 ,17.0,13.0,66.0,,,,,良,2011-10-11
经开区 ,20.0,20.0,61.0,,,,,良,2011-10-10
经开区 ,19.0,25.0,79.0,,,,,良,2011-10-09
经开区 ,19.0,27.0,79.0,,,,,良,2011-10-08
经开区 ,15.0,25.0,76.0,,,,,良,2011-10-07
经开区 ,23.0,32.0,58.0,,,,,良,2011-10-06
经开区 ,19.0,31.0,56.0,,,,,良,2011-10-05
经开区 ,19.0,31.0,56.0,,,,,良,2011-10-05
经开区 ,18.0,22.0,62.0,,,,,良,2011-10-04
经开区 ,22.0,22.0,61.0,,,,,良,2011-10-03
经开区 ,18.0,30.0,65.0,,,,,良,2011-10-02
经开区 ,19.0,28.0,64.0,,,,,良,2011-10-01
经开区 ,32.0,29.0,62.0,,,,,良,2011-09-30
经开区 ,24.0,20.0,39.0,,,,,优,2011-09-29
经开区 ,18.0,12.0,51.0,,,,,良,2011-09-28
经开区 ,28.0,25.0,51.0,,,,,良,2011-09-27
经开区 ,19.0,15.0,82.0,,,,,良,2011-09-26
经开区 ,30.0,24.0,86.0,,,,,良,2011-09-25
经开区 ,30.0,25.0,68.0,,,,,良,2011-09-24
经开区 ,30.0,22.0,81.0,,,,,良,2011-09-23
经开区 ,16.0,19.0,79.0,,,,,良,2011-09-22
经开区 ,13.0,20.0,63.0,,,,,良,2011-09-21
经开区 ,13.0,13.0,31.0,,,,,优,2011-09-20
经开区 ,10.0,9.0,34.0,,,,,优,2011-09-19
经开区 ,9.0,5.0,26.0,,,,,优,2011-09-18
经开区 ,19.0,17.0,34.0,,,,,优,2011-09-17
经开区 ,12.0,21.0,69.0,,,,,良,2011-09-16
经开区 ,10.0,18.0,59.0,,,,,良,2011-09-15
经开区 ,13.0,15.0,45.0,,,,,优,2011-09-14
经开区 ,17.0,18.0,45.0,,,,,优,2011-09-13
经开区 ,11.0,22.0,39.0,,,,,优,2011-09-12
经开区 ,14.0,20.0,53.0,,,,,良,2011-09-11
经开区 ,27.0,21.0,52.0,,,,,良,2011-09-10
经开区 ,21.0,19.0,56.0,,,,,良,2011-09-09
经开区 ,18.0,26.0,45.0,,,,,优,2011-09-08
经开区 ,19.0,10.0,38.0,,,,,优,2011-09-07
经开区 ,15.0,13.0,22.0,,,,,优,2011-09-06
经开区 ,12.0,14.0,43.0,,,,,优,2011-09-05
经开区 ,28.0,27.0,51.0,,,,,良,2011-09-04
经开区 ,26.0,19.0,64.0,,,,,良,2011-09-03
经开区 ,31.0,24.0,91.0,,,,,良,2011-09-02
经开区 ,31.0,29.0,96.0,,,,,良,2011-09-01
经开区 ,31.0,30.0,84.0,,,,,良,2011-08-31
经开区 ,29.0,24.0,72.0,,,,,良,2011-08-30
经开区 ,28.0,28.0,66.0,,,,,良,2011-08-29
经开区 ,24.0,28.0,63.0,,,,,良,2011-08-28
经开区 ,28.0,27.0,51.0,,,,,良,2011-08-27
经开区 ,26.0,21.0,55.0,,,,,良,2011-08-26
经开区 ,29.0,29.0,78.0,,,,,良,2011-08-25
经开区 ,10.0,36.0,65.0,,,,,良,2011-08-24
经开区 ,10.0,16.0,63.0,,,,,良,2011-08-23
经开区 ,10.0,16.0,34.0,,,,,优,2011-08-22
经开区 ,10.0,14.0,35.0,,,,,优,2011-08-21
经开区 ,10.0,14.0,30.0,,,,,优,2011-08-20
经开区 ,10.0,10.0,38.0,,,,,优,2011-08-19
经开区 ,14.0,18.0,52.0,,,,,良,2011-08-18
经开区 ,12.0,24.0,52.0,,,,,良,2011-08-17
经开区 ,21.0,17.0,74.0,,,,,良,2011-08-16
经开区 ,15.0,23.0,95.0,,,,,良,2011-08-15
经开区 ,13.0,27.0,98.0,,,,,良,2011-08-14
经开区 ,12.0,23.0,87.0,,,,,良,2011-08-13
经开区 ,17.0,24.0,90.0,,,,,良,2011-08-12
经开区 ,19.0,23.0,88.0,,,,,良,2011-08-11
经开区 ,18.0,27.0,94.0,,,,,良,2011-08-10
经开区 ,18.0,26.0,94.0,,,,,良,2011-08-09
经开区 ,13.0,25.0,98.0,,,,,良,2011-08-08
经开区 ,14.0,34.0,91.0,,,,,良,2011-08-07
经开区 ,10.0,25.0,52.0,,,,,良,2011-08-06
经开区 ,8.0,25.0,65.0,,,,,良,2011-08-05
经开区 ,14.0,25.0,95.0,,,,,良,2011-08-04
经开区 ,7.0,19.0,65.0,,,,,良,2011-08-03
经开区 ,9.0,25.0,56.0,,,,,良,2011-08-02
经开区 ,10.0,15.0,39.0,,,,,优,2011-08-01
经开区 ,10.0,25.0,64.0,,,,,良,2011-07-31
经开区 ,9.0,19.0,33.0,,,,,优,2011-07-30
经开区 ,13.0,12.0,53.0,,,,,良,2011-07-29
经开区 ,14.0,27.0,76.0,,,,,良,2011-07-28
经开区 ,18.0,20.0,74.0,,,,,良,2011-07-27
经开区 ,22.0,33.0,80.0,,,,,良,2011-07-26
经开区 ,12.0,16.0,61.0,,,,,良,2011-07-25
经开区 ,19.0,35.0,90.0,,,,,良,2011-07-24
经开区 ,12.0,34.0,90.0,,,,,良,2011-07-23
经开区 ,11.0,28.0,56.0,,,,,良,2011-07-22
经开区 ,10.0,24.0,59.0,,,,,良,2011-07-21
经开区 ,16.0,26.0,82.0,,,,,良,2011-07-20
经开区 ,13.0,20.0,70.0,,,,,良,2011-07-19
经开区 ,12.0,24.0,62.0,,,,,良,2011-07-18
经开区 ,13.0,26.0,66.0,,,,,良,2011-07-17
经开区 ,13.0,28.0,69.0,,,,,良,2011-07-16
经开区 ,21.0,31.0,70.0,,,,,良,2011-07-15
经开区 ,14.0,29.0,57.0,,,,,良,2011-07-14
经开区 ,15.0,39.0,90.0,,,,,良,2011-07-13
经开区 ,11.0,45.0,87.0,,,,,良,2011-07-12
经开区 ,23.0,27.0,90.0,,,,,良,2011-07-11
经开区 ,18.0,39.0,106.0,,,,,轻微污染,2011-07-10
经开区 ,20.0,19.0,73.0,,,,,良,2011-07-09
经开区 ,15.0,14.0,81.0,,,,,良,2011-07-08
经开区 ,10.0,17.0,40.0,,,,,优,2011-07-07
经开区 ,10.0,19.0,29.0,,,,,优,2011-07-06
经开区 ,10.0,26.0,58.0,,,,,良,2011-07-05
经开区 ,10.0,12.0,41.0,,,,,优,2011-07-04
经开区 ,19.0,17.0,48.0,,,,,优,2011-07-03
经开区 ,22.0,19.0,40.0,,,,,优,2011-07-02
经开区 ,23.0,19.0,55.0,,,,,良,2011-07-01
经开区 ,23.0,31.0,61.0,,,,,良,2011-06-30
经开区 ,28.0,30.0,52.0,,,,,良,2011-06-29
经开区 ,18.0,15.0,48.0,,,,,优,2011-06-28
经开区 ,11.0,17.0,50.0,,,,,优,2011-06-27
经开区 ,23.0,19.0,52.0,,,,,良,2011-06-26
经开区 ,13.0,27.0,60.0,,,,,良,2011-06-25
经开区 ,17.0,17.0,53.0,,,,,良,2011-06-24
经开区 ,10.0,18.0,43.0,,,,,优,2011-06-23
经开区 ,10.0,21.0,57.0,,,,,良,2011-06-22
经开区 ,14.0,20.0,59.0,,,,,良,2011-06-21
经开区 ,20.0,15.0,71.0,,,,,良,2011-06-20
经开区 ,21.0,25.0,75.0,,,,,良,2011-06-19
经开区 ,12.0,15.0,47.0,,,,,优,2011-06-18
经开区 ,22.0,24.0,68.0,,,,,良,2011-06-17
经开区 ,14.0,29.0,67.0,,,,,良,2011-06-16
经开区 ,21.0,24.0,61.0,,,,,良,2011-06-15
经开区 ,19.0,14.0,64.0,,,,,良,2011-06-14
经开区 ,26.0,24.0,72.0,,,,,良,2011-06-13
经开区 ,27.0,38.0,82.0,,,,,良,2011-06-12
经开区 ,29.0,27.0,78.0,,,,,良,2011-06-11
经开区 ,20.0,25.0,55.0,,,,,良,2011-06-10
经开区 ,20.0,25.0,90.0,,,,,良,2011-06-09
经开区 ,26.0,20.0,84.0,,,,,良,2011-06-08
经开区 ,22.0,34.0,85.0,,,,,良,2011-06-07
经开区 ,18.0,30.0,94.0,,,,,良,2011-06-07
经开区 ,38.0,45.0,97.0,,,,,良,2011-06-06
经开区 ,18.0,29.0,93.0,,,,,良,2011-06-05
经开区 ,18.0,32.0,93.0,,,,,良,2011-06-04
经开区 ,28.0,45.0,84.0,,,,,良,2011-06-03
经开区 ,10.0,12.0,88.0,,,,,良,2011-06-02
经开区 ,21.0,14.0,65.0,,,,,良,2011-06-01
经开区 ,10.0,12.0,59.0,,,,,良,2011-05-31
经开区 ,7.0,36.0,79.0,,,,,良,2011-05-30
经开区 ,8.0,25.0,77.0,,,,,良,2011-05-29
经开区 ,16.0,19.0,67.0,,,,,良,2011-05-28
经开区 ,17.0,10.0,71.0,,,,,良,2011-05-27
经开区 ,13.0,23.0,85.0,,,,,良,2011-05-26
经开区 ,15.0,23.0,77.0,,,,,良,2011-05-25
经开区 ,11.0,37.0,72.0,,,,,良,2011-05-24
经开区 ,12.0,17.0,65.0,,,,,良,2011-05-23
经开区 ,8.0,27.0,43.0,,,,,优,2011-05-22
经开区 ,4.0,10.0,31.0,,,,,优,2011-05-21
经开区 ,24.0,30.0,97.0,,,,,良,2011-05-20
经开区 ,30.0,45.0,87.0,,,,,良,2011-05-19
经开区 ,34.0,58.0,92.0,,,,,良,2011-05-18
经开区 ,31.0,50.0,62.0,,,,,良,2011-05-17
经开区 ,36.0,34.0,48.0,,,,,优,2011-05-16
经开区 ,20.0,59.0,72.0,,,,,良,2011-05-15
经开区 ,10.0,35.0,49.0,,,,,优,2011-05-14
经开区 ,16.0,23.0,66.0,,,,,良,2011-05-13
经开区 ,17.0,42.0,59.0,,,,,良,2011-05-12
经开区 ,10.0,31.0,55.0,,,,,良,2011-05-11
经开区 ,13.0,14.0,51.0,,,,,良,2011-05-10
经开区 ,24.0,28.0,83.0,,,,,良,2011-05-09
经开区 ,19.0,22.0,87.0,,,,,良,2011-05-09
经开区 ,27.0,13.0,94.0,,,,,良,2011-05-07
经开区 ,28.0,15.0,94.0,,,,,良,2011-05-06
经开区 ,21.0,23.0,68.0,,,,,良,2011-05-05
经开区 ,15.0,19.0,83.0,,,,,良,2011-05-04
经开区 ,16.0,30.0,58.0,,,,,良,2011-05-03
经开区 ,9.0,15.0,51.0,,,,,良,2011-05-02
经开区 ,24.0,40.0,84.0,,,,,良,2011-05-01
经开区 ,62.0,47.0,193.0,,,,,轻度污染,2011-04-30
经开区 ,41.0,73.0,92.0,,,,,良,2011-04-29
经开区 ,22.0,49.0,75.0,,,,,良,2011-04-28
经开区 ,24.0,20.0,83.0,,,,,良,2011-04-27
经开区 ,49.0,49.0,99.0,,,,,良,2011-04-26
经开区 ,55.0,63.0,96.0,,,,,良,2011-04-25
经开区 ,29.0,39.0,91.0,,,,,良,2011-04-24
经开区 ,33.0,47.0,92.0,,,,,良,2011-04-23
经开区 ,31.0,39.0,111.0,,,,,轻微污染,2011-04-22
经开区 ,27.0,30.0,90.0,,,,,良,2011-04-21
经开区 ,34.0,40.0,99.0,,,,,良,2011-04-20
经开区 ,18.0,25.0,88.0,,,,,良,2011-04-19
经开区 ,25.0,24.0,90.0,,,,,良,2011-04-18
经开区 ,27.0,22.0,80.0,,,,,良,2011-04-17
经开区 ,20.0,14.0,90.0,,,,,良,2011-04-16
经开区 ,35.0,27.0,93.0,,,,,良,2011-04-15
经开区 ,77.0,64.0,129.0,,,,,轻微污染,2011-04-14
经开区 ,59.0,64.0,142.0,,,,,轻微污染,2011-04-13
经开区 ,30.0,35.0,139.0,,,,,轻微污染,2011-04-12
经开区 ,31.0,29.0,94.0,,,,,良,2011-04-11
经开区 ,41.0,52.0,135.0,,,,,轻微污染,2011-04-10
经开区 ,44.0,50.0,96.0,,,,,良,2011-04-09
经开区 ,25.0,39.0,100.0,,,,,良,2011-04-08
经开区 ,11.0,37.0,92.0,,,,,良,2011-04-07
经开区 ,14.0,22.0,80.0,,,,,良,2011-04-06
经开区 ,28.0,38.0,82.0,,,,,良,2011-04-05
经开区 ,25.0,39.0,88.0,,,,,良,2011-04-04
经开区 ,14.0,24.0,58.0,,,,,良,2011-04-03
经开区 ,13.0,22.0,81.0,,,,,良,2011-04-02
经开区 ,71.0,74.0,90.0,,,,,良,2011-04-01
经开区 ,62.0,64.0,80.0,,,,,良,2011-03-31
经开区 ,53.0,54.0,105.0,,,,,轻微污染,2011-03-30
经开区 ,44.0,63.0,84.0,,,,,良,2011-03-29
经开区 ,42.0,54.0,99.0,,,,,良,2011-03-28
经开区 ,47.0,38.0,97.0,,,,,良,2011-03-27
经开区 ,25.0,22.0,94.0,,,,,良,2011-03-26
经开区 ,21.0,44.0,98.0,,,,,良,2011-03-25
经开区 ,20.0,49.0,100.0,,,,,良,2011-03-24
经开区 ,13.0,48.0,76.0,,,,,良,2011-03-23
经开区 ,5.0,50.0,65.0,,,,,良,2011-03-22
经开区 ,10.0,14.0,55.0,,,,,良,2011-03-21
经开区 ,22.0,14.0,93.0,,,,,良,2011-03-20
经开区 ,50.0,35.0,165.0,,,,,轻度污染,2011-03-19
经开区 ,61.0,63.0,149.0,,,,,轻微污染,2011-03-18
经开区 ,33.0,46.0,91.0,,,,,良,2011-03-17
经开区 ,39.0,34.0,97.0,,,,,良,2011-03-16
经开区 ,24.0,29.0,81.0,,,,,良,2011-03-15
经开区 ,63.0,30.0,230.0,,,,,中度污染,2011-03-14
经开区 ,80.0,90.0,99.0,,,,,良,2011-03-13
经开区 ,82.0,77.0,100.0,,,,,良,2011-03-12
经开区 ,57.0,68.0,100.0,,,,,良,2011-03-11
经开区 ,46.0,39.0,91.0,,,,,良,2011-03-10
经开区 ,66.0,41.0,97.0,,,,,良,2011-03-09
经开区 ,61.0,47.0,91.0,,,,,良,2011-03-08
经开区 ,51.0,45.0,99.0,,,,,良,2011-03-07
经开区 ,60.0,52.0,144.0,,,,,轻微污染,2011-03-06
经开区 ,62.0,45.0,97.0,,,,,良,2011-03-05
经开区 ,42.0,23.0,65.0,,,,,良,2011-03-04
经开区 ,58.0,47.0,96.0,,,,,良,2011-03-03
经开区 ,22.0,39.0,90.0,,,,,良,2011-03-02
经开区 ,21.0,15.0,41.0,,,,,优,2011-03-01
经开区 ,42.0,34.0,76.0,,,,,良,2011-02-28
经开区 ,34.0,16.0,76.0,,,,,良,2011-02-27
经开区 ,38.0,32.0,118.0,,,,,轻微污染,2011-02-26
经开区 ,89.0,80.0,173.0,,,,,轻度污染,2011-02-25
经开区 ,99.0,67.0,199.0,,,,,轻度污染,2011-02-24
经开区 ,98.0,78.0,180.0,,,,,轻度污染,2011-02-23
经开区 ,56.0,47.0,121.0,,,,,轻微污染,2011-02-22
经开区 ,69.0,74.0,197.0,,,,,轻度污染,2011-02-21
经开区 ,66.0,59.0,198.0,,,,,轻度污染,2011-02-20
经开区 ,63.0,45.0,156.0,,,,,轻度污染,2011-02-19
经开区 ,75.0,40.0,141.0,,,,,轻微污染,2011-02-18
经开区 ,62.0,54.0,159.0,,,,,轻度污染,2011-02-17
经开区 ,53.0,27.0,99.0,,,,,良,2011-02-16
经开区 ,60.0,27.0,88.0,,,,,良,2011-02-15
经开区 ,49.0,24.0,48.0,,,,,优,2011-02-14
经开区 ,25.0,29.0,99.0,,,,,良,2011-02-13
经开区 ,56.0,44.0,81.0,,,,,良,2011-02-12
经开区 ,44.0,35.0,89.0,,,,,良,2011-02-11
经开区 ,44.0,15.0,83.0,,,,,良,2011-02-10
经开区 ,101.0,53.0,140.0,,,,,轻微污染,2011-02-09
经开区 ,77.0,65.0,98.0,,,,,良,2011-02-08
经开区 ,72.0,22.0,98.0,,,,,良,2011-02-07
经开区 ,77.0,48.0,125.0,,,,,轻微污染,2011-02-06
经开区 ,90.0,42.0,101.0,,,,,轻微污染,2011-02-05
经开区 ,95.0,54.0,171.0,,,,,轻度污染,2011-02-04
经开区 ,102.0,100.0,180.0,,,,,轻度污染,2011-02-03
经开区 ,73.0,50.0,121.0,,,,,轻微污染,2011-02-02
经开区 ,76.0,73.0,124.0,,,,,轻微污染,2011-02-01
经开区 ,46.0,39.0,84.0,,,,,良,2011-01-31
经开区 ,44.0,32.0,80.0,,,,,良,2011-01-30
经开区 ,50.0,29.0,64.0,,,,,良,2011-01-29
经开区 ,67.0,41.0,96.0,,,,,良,2011-01-28
经开区 ,96.0,63.0,153.0,,,,,轻度污染,2011-01-27
经开区 ,89.0,45.0,103.0,,,,,轻微污染,2011-01-26
经开区 ,85.0,55.0,118.0,,,,,轻微污染,2011-01-25
经开区 ,50.0,42.0,97.0,,,,,良,2011-01-24
经开区 ,22.0,75.0,116.0,,,,,轻微污染,2011-01-23
经开区 ,69.0,88.0,127.0,,,,,轻微污染,2011-01-22
经开区 ,27.0,83.0,111.0,,,,,轻微污染,2011-01-21
经开区 ,62.0,58.0,137.0,,,,,轻微污染,2011-01-20
经开区 ,40.0,43.0,126.0,,,,,轻微污染,2011-01-19
经开区 ,34.0,42.0,97.0,,,,,良,2011-01-18
经开区 ,65.0,36.0,85.0,,,,,良,2011-01-17
经开区 ,86.0,49.0,99.0,,,,,良,2011-01-16
经开区 ,87.0,77.0,137.0,,,,,轻微污染,2011-01-15
经开区 ,98.0,97.0,171.0,,,,,轻度污染,2011-01-14
经开区 ,86.0,58.0,141.0,,,,,轻微污染,2011-01-13
经开区 ,64.0,55.0,112.0,,,,,轻微污染,2011-01-12
经开区 ,55.0,53.0,98.0,,,,,良,2011-01-11
经开区 ,54.0,45.0,87.0,,,,,良,2011-01-10
经开区 ,73.0,42.0,106.0,,,,,轻微污染,2011-01-09
经开区 ,73.0,50.0,95.0,,,,,良,2011-01-08
经开区 ,50.0,43.0,100.0,,,,,良,2011-01-07
经开区 ,46.0,23.0,84.0,,,,,良,2011-01-06
经开区 ,24.0,28.0,128.0,,,,,轻微污染,2011-01-05
经开区 ,49.0,27.0,111.0,,,,,轻微污染,2011-01-04
经开区 ,32.0,16.0,92.0,,,,,良,2011-01-03
经开区 ,35.0,15.0,74.0,,,,,良,2011-01-02
经开区 ,49.0,14.0,88.0,,,,,良,2011-01-01
经开区 ,25.0,14.0,70.0,,,,,良,2010-12-31
经开区 ,17.0,13.0,70.0,,,,,良,2010-12-30
经开区 ,20.0,23.0,134.0,,,,,轻微污染,2010-12-29
经开区 ,24.0,23.0,90.0,,,,,良,2010-12-28
经开区 ,24.0,30.0,131.0,,,,,轻微污染,2010-12-27
经开区 ,21.0,21.0,98.0,,,,,良,2010-12-26
经开区 ,30.0,24.0,79.0,,,,,良,2010-12-25
经开区 ,35.0,23.0,96.0,,,,,良,2010-12-24
经开区 ,53.0,39.0,137.0,,,,,轻微污染,2010-12-23
经开区 ,41.0,26.0,99.0,,,,,良,2010-12-22
经开区 ,55.0,27.0,112.0,,,,,轻微污染,2010-12-21
经开区 ,53.0,37.0,94.0,,,,,良,2010-12-20
经开区 ,70.0,32.0,97.0,,,,,良,2010-12-19
经开区 ,69.0,41.0,137.0,,,,,轻微污染,2010-12-18
经开区 ,78.0,30.0,100.0,,,,,良,2010-12-17
经开区 ,32.0,11.0,64.0,,,,,良,2010-12-16
经开区 ,42.0,10.0,58.0,,,,,良,2010-12-15
经开区 ,32.0,22.0,97.0,,,,,良,2010-12-14
经开区 ,76.0,50.0,172.0,,,,,轻度污染,2010-12-13
经开区 ,43.0,30.0,135.0,,,,,轻微污染,2010-12-12
经开区 ,38.0,20.0,100.0,,,,,良,2010-12-11
经开区 ,67.0,31.0,145.0,,,,,轻微污染,2010-12-10
经开区 ,54.0,24.0,163.0,,,,,轻度污染,2010-12-09
经开区 ,47.0,42.0,100.0,,,,,良,2010-12-08
经开区 ,52.0,20.0,113.0,,,,,轻微污染,2010-12-07
经开区 ,49.0,15.0,97.0,,,,,良,2010-12-06
经开区 ,51.0,42.0,137.0,,,,,轻微污染,2010-12-05
经开区 ,64.0,43.0,163.0,,,,,轻度污染,2010-12-04
经开区 ,38.0,20.0,99.0,,,,,良,2010-12-03
经开区 ,54.0,32.0,98.0,,,,,良,2010-12-02
经开区 ,37.0,24.0,98.0,,,,,良,2010-12-01
经开区 ,62.0,28.0,91.0,,,,,良,2010-11-30
经开区 ,39.0,24.0,100.0,,,,,良,2010-11-29
经开区 ,69.0,42.0,99.0,,,,,良,2010-11-28
经开区 ,55.0,46.0,104.0,,,,,轻微污染,2010-11-27
经开区 ,99.0,40.0,197.0,,,,,轻度污染,2010-11-26
经开区 ,107.0,35.0,157.0,,,,,轻度污染,2010-11-25
经开区 ,70.0,42.0,162.0,,,,,轻度污染,2010-11-24
经开区 ,71.0,20.0,110.0,,,,,轻微污染,2010-11-23
经开区 ,59.0,30.0,100.0,,,,,良,2010-11-22
经开区 ,79.0,24.0,99.0,,,,,良,2010-11-21
经开区 ,44.0,29.0,148.0,,,,,轻微污染,2010-11-20
经开区 ,63.0,25.0,95.0,,,,,良,2010-11-19
经开区 ,87.0,69.0,145.0,,,,,轻微污染,2010-11-18
经开区 ,48.0,24.0,138.0,,,,,轻微污染,2010-11-17
经开区 ,59.0,18.0,111.0,,,,,轻微污染,2010-11-16
经开区 ,55.0,19.0,78.0,,,,,良,2010-11-15
经开区 ,28.0,19.0,82.0,,,,,良,2010-11-14
经开区 ,33.0,22.0,107.0,,,,,轻微污染,2010-11-13
经开区 ,25.0,15.0,132.0,,,,,轻微污染,2010-11-12
经开区 ,29.0,15.0,106.0,,,,,轻微污染,2010-11-11
经开区 ,25.0,24.0,97.0,,,,,良,2010-11-10
经开区 ,44.0,35.0,97.0,,,,,良,2010-11-09
经开区 ,12.0,21.0,99.0,,,,,良,2010-11-08
经开区 ,31.0,29.0,94.0,,,,,良,2010-11-07
经开区 ,33.0,31.0,112.0,,,,,轻微污染,2010-11-06
经开区 ,76.0,32.0,99.0,,,,,良,2010-11-05
经开区 ,66.0,30.0,97.0,,,,,良,2010-11-04
经开区 ,89.0,22.0,112.0,,,,,轻微污染,2010-11-03
经开区 ,30.0,27.0,90.0,,,,,良,2010-11-02
经开区 ,41.0,45.0,95.0,,,,,良,2010-11-01
经开区 ,34.0,53.0,104.0,,,,,轻微污染,2010-10-31
经开区 ,11.0,24.0,68.0,,,,,良,2010-10-30
经开区 ,35.0,29.0,90.0,,,,,良,2010-10-29
经开区 ,24.0,28.0,80.0,,,,,良,2010-10-28
经开区 ,7.0,15.0,82.0,,,,,良,2010-10-27
经开区 ,9.0,15.0,54.0,,,,,良,2010-10-26
经开区 ,20.0,17.0,86.0,,,,,良,2010-10-25
经开区 ,36.0,37.0,98.0,,,,,良,2010-10-24
经开区 ,28.0,42.0,86.0,,,,,良,2010-10-23
经开区 ,27.0,40.0,83.0,,,,,良,2010-10-22
经开区 ,27.0,25.0,111.0,,,,,轻微污染,2010-10-21
经开区 ,22.0,37.0,130.0,,,,,轻微污染,2010-10-20
经开区 ,23.0,80.0,145.0,,,,,轻微污染,2010-10-19
经开区 ,31.0,27.0,109.0,,,,,轻微污染,2010-10-18
经开区 ,36.0,59.0,123.0,,,,,轻微污染,2010-10-17
经开区 ,22.0,59.0,87.0,,,,,良,2010-10-16
经开区 ,24.0,29.0,76.0,,,,,良,2010-10-15
经开区 ,36.0,22.0,68.0,,,,,良,2010-10-14
经开区 ,17.0,20.0,79.0,,,,,良,2010-10-13
经开区 ,17.0,44.0,80.0,,,,,良,2010-10-12
经开区 ,12.0,15.0,61.0,,,,,良,2010-10-11
经开区 ,20.0,20.0,90.0,,,,,良,2010-10-10
经开区 ,35.0,43.0,128.0,,,,,轻微污染,2010-10-09
经开区 ,38.0,28.0,99.0,,,,,良,2010-10-08
经开区 ,40.0,32.0,94.0,,,,,良,2010-10-07
经开区 ,29.0,24.0,92.0,,,,,良,2010-10-06
经开区 ,34.0,22.0,93.0,,,,,良,2010-10-05
经开区 ,26.0,15.0,77.0,,,,,良,2010-10-04
经开区 ,17.0,15.0,79.0,,,,,良,2010-10-03
经开区 ,17.0,11.0,68.0,,,,,良,2010-10-02
经开区 ,16.0,20.0,72.0,,,,,良,2010-10-01
经开区 ,18.0,20.0,66.0,,,,,良,2010-09-30
经开区 ,16.0,11.0,65.0,,,,,良,2010-09-29
经开区 ,39.0,32.0,95.0,,,,,良,2010-09-28
经开区 ,17.0,20.0,73.0,,,,,良,2010-09-27
经开区 ,22.0,19.0,71.0,,,,,良,2010-09-26
经开区 ,9.0,11.0,78.0,,,,,良,2010-09-25
经开区 ,33.0,25.0,75.0,,,,,良,2010-09-24
经开区 ,16.0,19.0,57.0,,,,,良,2010-09-23
经开区 ,16.0,18.0,64.0,,,,,良,2010-09-22
经开区 ,29.0,14.0,71.0,,,,,良,2010-09-21
经开区 ,34.0,19.0,74.0,,,,,良,2010-09-20
经开区 ,27.0,13.0,76.0,,,,,良,2010-09-19
经开区 ,20.0,11.0,69.0,,,,,良,2010-09-18
经开区 ,19.0,24.0,71.0,,,,,良,2010-09-17
经开区 ,19.0,19.0,81.0,,,,,良,2010-09-16
经开区 ,15.0,14.0,72.0,,,,,良,2010-09-15
经开区 ,14.0,11.0,73.0,,,,,良,2010-09-14
经开区 ,14.0,15.0,78.0,,,,,良,2010-09-13
经开区 ,6.0,23.0,67.0,,,,,良,2010-09-12
经开区 ,19.0,16.0,62.0,,,,,良,2010-09-11
经开区 ,14.0,18.0,67.0,,,,,良,2010-09-10
经开区 ,14.0,17.0,69.0,,,,,良,2010-09-09
经开区 ,10.0,17.0,67.0,,,,,良,2010-09-08
经开区 ,12.0,13.0,59.0,,,,,良,2010-09-07
经开区 ,8.0,11.0,61.0,,,,,良,2010-09-06
经开区 ,15.0,15.0,73.0,,,,,良,2010-09-05
经开区 ,13.0,13.0,57.0,,,,,良,2010-09-04
经开区 ,15.0,22.0,83.0,,,,,良,2010-09-03
经开区 ,17.0,14.0,72.0,,,,,良,2010-09-02
经开区 ,11.0,16.0,72.0,,,,,良,2010-09-01
经开区 ,17.0,14.0,71.0,,,,,良,2010-08-31
经开区 ,11.0,24.0,78.0,,,,,良,2010-08-30
经开区 ,17.0,20.0,75.0,,,,,良,2010-08-29
经开区 ,20.0,20.0,94.0,,,,,良,2010-08-28
经开区 ,19.0,16.0,86.0,,,,,良,2010-08-27
经开区 ,15.0,24.0,79.0,,,,,良,2010-08-26
经开区 ,14.0,19.0,68.0,,,,,良,2010-08-25
经开区 ,13.0,12.0,39.0,,,,,优,2010-08-24
经开区 ,8.0,17.0,65.0,,,,,良,2010-08-23
经开区 ,12.0,13.0,61.0,,,,,良,2010-08-22
经开区 ,10.0,12.0,75.0,,,,,良,2010-08-21
经开区 ,9.0,15.0,66.0,,,,,良,2010-08-20
经开区 ,15.0,16.0,65.0,,,,,良,2010-08-19
经开区 ,16.0,22.0,72.0,,,,,良,2010-08-18
经开区 ,16.0,17.0,70.0,,,,,良,2010-08-17
经开区 ,21.0,16.0,68.0,,,,,良,2010-08-16
经开区 ,9.0,18.0,72.0,,,,,良,2010-08-15
经开区 ,6.0,15.0,56.0,,,,,良,2010-08-14
经开区 ,11.0,8.0,67.0,,,,,良,2010-08-13
经开区 ,12.0,14.0,74.0,,,,,良,2010-08-12
经开区 ,16.0,12.0,62.0,,,,,良,2010-08-11
经开区 ,14.0,16.0,66.0,,,,,良,2010-08-10
经开区 ,18.0,19.0,79.0,,,,,良,2010-08-09
经开区 ,8.0,15.0,75.0,,,,,良,2010-08-08
经开区 ,7.0,10.0,69.0,,,,,良,2010-08-07
经开区 ,6.0,21.0,79.0,,,,,良,2010-08-06
经开区 ,8.0,7.0,66.0,,,,,良,2010-08-05
经开区 ,13.0,12.0,95.0,,,,,良,2010-08-04
经开区 ,7.0,14.0,80.0,,,,,良,2010-08-03
经开区 ,4.0,11.0,64.0,,,,,良,2010-08-02
经开区 ,7.0,10.0,75.0,,,,,良,2010-08-01
经开区 ,15.0,18.0,88.0,,,,,良,2010-07-31
经开区 ,8.0,9.0,87.0,,,,,良,2010-07-30
经开区 ,16.0,17.0,98.0,,,,,良,2010-07-29
经开区 ,10.0,8.0,67.0,,,,,良,2010-07-28
经开区 ,9.0,7.0,60.0,,,,,良,2010-07-27
经开区 ,8.0,9.0,55.0,,,,,良,2010-07-26
经开区 ,6.0,8.0,53.0,,,,,良,2010-07-25
经开区 ,9.0,8.0,59.0,,,,,良,2010-07-24
经开区 ,2.0,8.0,78.0,,,,,良,2010-07-23
经开区 ,10.0,10.0,58.0,,,,,良,2010-07-22
经开区 ,16.0,22.0,71.0,,,,,良,2010-07-21
经开区 ,15.0,22.0,74.0,,,,,良,2010-07-20
经开区 ,4.0,10.0,74.0,,,,,良,2010-07-19
经开区 ,5.0,7.0,70.0,,,,,良,2010-07-18
经开区 ,3.0,20.0,66.0,,,,,良,2010-07-17
经开区 ,4.0,13.0,31.0,,,,,优,2010-07-16
经开区 ,6.0,15.0,55.0,,,,,良,2010-07-15
经开区 ,4.0,19.0,71.0,,,,,良,2010-07-14
经开区 ,26.0,10.0,72.0,,,,,良,2010-07-13
经开区 ,14.0,9.0,71.0,,,,,良,2010-07-12
经开区 ,17.0,18.0,77.0,,,,,良,2010-07-11
经开区 ,9.0,12.0,39.0,,,,,优,2010-07-10
经开区 ,12.0,10.0,55.0,,,,,良,2010-07-09
经开区 ,16.0,14.0,70.0,,,,,良,2010-07-08
经开区 ,11.0,16.0,73.0,,,,,良,2010-07-07
经开区 ,15.0,21.0,95.0,,,,,良,2010-07-06
经开区 ,17.0,13.0,71.0,,,,,良,2010-07-05
经开区 ,22.0,20.0,60.0,,,,,良,2010-07-04
经开区 ,17.0,12.0,57.0,,,,,良,2010-07-03
经开区 ,12.0,12.0,84.0,,,,,良,2010-07-02
经开区 ,9.0,15.0,51.0,,,,,良,2010-07-01
经开区 ,18.0,19.0,64.0,,,,,良,2010-06-30
经开区 ,43.0,20.0,77.0,,,,,良,2010-06-29
经开区 ,31.0,24.0,87.0,,,,,良,2010-06-28
经开区 ,17.0,22.0,60.0,,,,,良,2010-06-27
经开区 ,25.0,14.0,93.0,,,,,良,2010-06-26
经开区 ,19.0,13.0,94.0,,,,,良,2010-06-25
经开区 ,16.0,13.0,90.0,,,,,良,2010-06-24
经开区 ,20.0,19.0,70.0,,,,,良,2010-06-23
经开区 ,31.0,20.0,74.0,,,,,良,2010-06-22
经开区 ,31.0,19.0,84.0,,,,,良,2010-06-21
经开区 ,30.0,22.0,85.0,,,,,良,2010-06-20
经开区 ,34.0,23.0,105.0,,,,,轻微污染,2010-06-19
经开区 ,31.0,30.0,91.0,,,,,良,2010-06-18
经开区 ,34.0,24.0,96.0,,,,,良,2010-06-17
经开区 ,23.0,17.0,79.0,,,,,良,2010-06-16
经开区 ,26.0,17.0,107.0,,,,,轻微污染,2010-06-15
经开区 ,25.0,20.0,90.0,,,,,良,2010-06-14
经开区 ,29.0,15.0,90.0,,,,,良,2010-06-13
经开区 ,18.0,24.0,87.0,,,,,良,2010-06-12
经开区 ,23.0,25.0,88.0,,,,,良,2010-06-11
经开区 ,10.0,18.0,76.0,,,,,良,2010-06-10
经开区 ,3.0,13.0,47.0,,,,,优,2010-06-09
经开区 ,12.0,12.0,56.0,,,,,良,2010-06-08
经开区 ,20.0,13.0,75.0,,,,,良,2010-06-07
经开区 ,14.0,17.0,70.0,,,,,良,2010-06-06
经开区 ,17.0,17.0,69.0,,,,,良,2010-06-05
经开区 ,27.0,19.0,65.0,,,,,良,2010-06-04
经开区 ,12.0,26.0,82.0,,,,,良,2010-06-03
经开区 ,19.0,23.0,57.0,,,,,良,2010-06-02
经开区 ,23.0,14.0,53.0,,,,,良,2010-06-01
经开区 ,37.0,8.0,93.0,,,,,良,2010-05-31
经开区 ,30.0,19.0,99.0,,,,,良,2010-05-30
经开区 ,22.0,9.0,91.0,,,,,良,2010-05-29
经开区 ,9.0,9.0,42.0,,,,,优,2010-05-28
经开区 ,7.0,7.0,44.0,,,,,优,2010-05-27
经开区 ,21.0,10.0,96.0,,,,,良,2010-05-26
经开区 ,31.0,19.0,87.0,,,,,良,2010-05-25
经开区 ,33.0,16.0,110.0,,,,,轻微污染,2010-05-24
经开区 ,31.0,17.0,89.0,,,,,良,2010-05-23
经开区 ,25.0,9.0,66.0,,,,,良,2010-05-22
经开区 ,21.0,12.0,97.0,,,,,良,2010-05-21
经开区 ,32.0,16.0,99.0,,,,,良,2010-05-20
经开区 ,32.0,14.0,95.0,,,,,良,2010-05-19
经开区 ,15.0,11.0,62.0,,,,,良,2010-05-18
经开区 ,18.0,12.0,80.0,,,,,良,2010-05-17
经开区 ,19.0,7.0,82.0,,,,,良,2010-05-16
经开区 ,15.0,11.0,78.0,,,,,良,2010-05-15
经开区 ,9.0,14.0,59.0,,,,,良,2010-05-14
经开区 ,12.0,12.0,53.0,,,,,良,2010-05-13
经开区 ,19.0,10.0,102.0,,,,,轻微污染,2010-05-12
经开区 ,24.0,20.0,96.0,,,,,良,2010-05-11
经开区 ,27.0,14.0,134.0,,,,,轻微污染,2010-05-10
经开区 ,17.0,12.0,97.0,,,,,良,2010-05-09
经开区 ,28.0,13.0,96.0,,,,,良,2010-05-08
经开区 ,35.0,16.0,90.0,,,,,良,2010-05-07
经开区 ,17.0,8.0,81.0,,,,,良,2010-05-06
经开区 ,22.0,6.0,106.0,,,,,轻微污染,2010-05-05
经开区 ,25.0,15.0,89.0,,,,,良,2010-05-04
经开区 ,40.0,16.0,97.0,,,,,良,2010-05-03
经开区 ,34.0,19.0,101.0,,,,,轻微污染,2010-05-02
经开区 ,42.0,16.0,117.0,,,,,轻微污染,2010-05-01
经开区 ,25.0,13.0,176.0,,,,,轻度污染,2010-04-30
经开区 ,22.0,17.0,177.0,,,,,轻度污染,2010-04-29
经开区 ,28.0,15.0,194.0,,,,,轻度污染,2010-04-28
经开区 ,17.0,17.0,178.0,,,,,轻度污染,2010-04-27
经开区 ,16.0,16.0,500.0,,,,,重度污染,2010-04-26
经开区 ,32.0,21.0,119.0,,,,,轻微污染,2010-04-25
经开区 ,32.0,21.0,83.0,,,,,良,2010-04-24
经开区 ,26.0,10.0,62.0,,,,,良,2010-04-23
经开区 ,36.0,12.0,55.0,,,,,良,2010-04-22
经开区 ,28.0,24.0,52.0,,,,,良,2010-04-21
经开区 ,40.0,23.0,54.0,,,,,良,2010-04-20
经开区 ,45.0,23.0,103.0,,,,,轻微污染,2010-04-19
经开区 ,21.0,22.0,65.0,,,,,良,2010-04-18
经开区 ,20.0,12.0,69.0,,,,,良,2010-04-17
经开区 ,37.0,20.0,65.0,,,,,良,2010-04-16
经开区 ,38.0,17.0,41.0,,,,,优,2010-04-15
经开区 ,28.0,14.0,53.0,,,,,良,2010-04-14
经开区 ,16.0,18.0,54.0,,,,,良,2010-04-13
经开区 ,27.0,18.0,81.0,,,,,良,2010-04-12
经开区 ,48.0,29.0,97.0,,,,,良,2010-04-11
经开区 ,35.0,32.0,97.0,,,,,良,2010-04-10
经开区 ,41.0,32.0,94.0,,,,,良,2010-04-09
经开区 ,30.0,25.0,96.0,,,,,良,2010-04-08
经开区 ,29.0,22.0,83.0,,,,,良,2010-04-07
经开区 ,29.0,20.0,91.0,,,,,良,2010-04-06
经开区 ,41.0,21.0,104.0,,,,,轻微污染,2010-04-05
经开区 ,48.0,27.0,95.0,,,,,良,2010-04-04
经开区 ,31.0,22.0,95.0,,,,,良,2010-04-03
经开区 ,29.0,25.0,,,,,,,2010-04-02
经开区 ,23.0,19.0,78.0,,,,,良,2010-04-01
经开区 ,42.0,24.0,82.0,,,,,良,2010-03-31
经开区 ,22.0,23.0,85.0,,,,,良,2010-03-30
经开区 ,23.0,22.0,94.0,,,,,良,2010-03-29
经开区 ,31.0,23.0,109.0,,,,,轻微污染,2010-03-28
经开区 ,36.0,24.0,112.0,,,,,轻微污染,2010-03-27
经开区 ,17.0,23.0,111.0,,,,,轻微污染,2010-03-26
经开区 ,23.0,22.0,90.0,,,,,良,2010-03-25
经开区 ,26.0,19.0,85.0,,,,,良,2010-03-24
经开区 ,38.0,26.0,93.0,,,,,良,2010-03-23
经开区 ,59.0,34.0,181.0,,,,,轻度污染,2010-03-22
经开区 ,36.0,25.0,119.0,,,,,轻微污染,2010-03-21
经开区 ,14.0,25.0,171.0,,,,,轻度污染,2010-03-20
经开区 ,43.0,39.0,104.0,,,,,轻微污染,2010-03-19
经开区 ,43.0,27.0,185.0,,,,,轻度污染,2010-03-18
经开区 ,35.0,30.0,108.0,,,,,轻微污染,2010-03-17
经开区 ,35.0,25.0,97.0,,,,,良,2010-03-16
经开区 ,46.0,19.0,68.0,,,,,良,2010-03-15
经开区 ,35.0,21.0,105.0,,,,,轻微污染,2010-03-14
经开区 ,37.0,19.0,108.0,,,,,轻微污染,2010-03-13
经开区 ,33.0,20.0,96.0,,,,,良,2010-03-12
经开区 ,35.0,26.0,92.0,,,,,良,2010-03-11
经开区 ,30.0,19.0,65.0,,,,,良,2010-03-10
经开区 ,35.0,8.0,48.0,,,,,优,2010-03-09
经开区 ,23.0,16.0,65.0,,,,,良,2010-03-08
经开区 ,38.0,23.0,62.0,,,,,良,2010-03-07
经开区 ,20.0,17.0,53.0,,,,,良,2010-03-06
经开区 ,40.0,21.0,54.0,,,,,良,2010-03-05
经开区 ,32.0,17.0,44.0,,,,,优,2010-03-04
经开区 ,43.0,25.0,65.0,,,,,良,2010-03-03
经开区 ,38.0,28.0,94.0,,,,,良,2010-03-02
经开区 ,41.0,20.0,97.0,,,,,良,2010-03-01
经开区 ,36.0,23.0,64.0,,,,,良,2010-02-28
经开区 ,42.0,20.0,87.0,,,,,良,2010-02-27
经开区 ,35.0,44.0,90.0,,,,,良,2010-02-26
经开区 ,54.0,25.0,95.0,,,,,良,2010-02-25
经开区 ,52.0,32.0,115.0,,,,,轻微污染,2010-02-24
经开区 ,44.0,17.0,65.0,,,,,良,2010-02-23
经开区 ,30.0,12.0,56.0,,,,,良,2010-02-22
经开区 ,29.0,9.0,73.0,,,,,良,2010-02-21
经开区 ,27.0,12.0,72.0,,,,,良,2010-02-20
经开区 ,30.0,12.0,59.0,,,,,良,2010-02-19
经开区 ,12.0,7.0,46.0,,,,,优,2010-02-18
经开区 ,11.0,8.0,55.0,,,,,良,2010-02-17
经开区 ,18.0,11.0,54.0,,,,,良,2010-02-16
经开区 ,13.0,7.0,55.0,,,,,良,2010-02-15
经开区 ,16.0,6.0,85.0,,,,,良,2010-02-14
经开区 ,36.0,8.0,69.0,,,,,良,2010-02-13
经开区 ,30.0,9.0,48.0,,,,,优,2010-02-12
经开区 ,21.0,17.0,41.0,,,,,优,2010-02-11
经开区 ,18.0,15.0,72.0,,,,,良,2010-02-10
经开区 ,57.0,34.0,121.0,,,,,轻微污染,2010-02-09
经开区 ,52.0,34.0,109.0,,,,,轻微污染,2010-02-08
经开区 ,61.0,32.0,117.0,,,,,轻微污染,2010-02-07
经开区 ,67.0,43.0,141.0,,,,,轻微污染,2010-02-06
经开区 ,56.0,38.0,130.0,,,,,轻微污染,2010-02-05
经开区 ,59.0,39.0,117.0,,,,,轻微污染,2010-02-04
经开区 ,64.0,39.0,112.0,,,,,轻微污染,2010-02-03
经开区 ,58.0,27.0,97.0,,,,,良,2010-02-02
经开区 ,53.0,31.0,70.0,,,,,良,2010-02-01
经开区 ,51.0,32.0,73.0,,,,,良,2010-01-31
经开区 ,61.0,19.0,76.0,,,,,良,2010-01-30
经开区 ,43.0,19.0,73.0,,,,,良,2010-01-29
经开区 ,71.0,47.0,95.0,,,,,良,2010-01-28
经开区 ,69.0,20.0,69.0,,,,,良,2010-01-27
经开区 ,36.0,34.0,55.0,,,,,良,2010-01-26
经开区 ,59.0,35.0,80.0,,,,,良,2010-01-25
经开区 ,35.0,49.0,68.0,,,,,良,2010-01-24
经开区 ,54.0,27.0,71.0,,,,,良,2010-01-23
经开区 ,16.0,16.0,51.0,,,,,良,2010-01-22
经开区 ,15.0,16.0,62.0,,,,,良,2010-01-21
经开区 ,75.0,39.0,121.0,,,,,轻微污染,2010-01-20
经开区 ,80.0,50.0,123.0,,,,,轻微污染,2010-01-19
经开区 ,57.0,44.0,127.0,,,,,轻微污染,2010-01-18
经开区 ,46.0,27.0,123.0,,,,,轻微污染,2010-01-17
经开区 ,57.0,32.0,92.0,,,,,良,2010-01-16
经开区 ,86.0,43.0,111.0,,,,,轻微污染,2010-01-15
经开区 ,59.0,17.0,70.0,,,,,良,2010-01-14
经开区 ,43.0,25.0,55.0,,,,,良,2010-01-13
经开区 ,40.0,22.0,65.0,,,,,良,2010-01-12
经开区 ,50.0,34.0,105.0,,,,,轻微污染,2010-01-11
经开区 ,37.0,40.0,131.0,,,,,轻微污染,2010-01-10
经开区 ,52.0,37.0,123.0,,,,,轻微污染,2010-01-09
经开区 ,74.0,30.0,80.0,,,,,良,2010-01-08
经开区 ,57.0,27.0,81.0,,,,,良,2010-01-07
经开区 ,43.0,20.0,60.0,,,,,良,2010-01-06
经开区 ,19.0,14.0,80.0,,,,,良,2010-01-05
经开区 ,62.0,29.0,93.0,,,,,良,2010-01-04
经开区 ,46.0,32.0,98.0,,,,,良,2010-01-03
经开区 ,49.0,26.0,80.0,,,,,良,2010-01-02
经开区 ,54.0,31.0,81.0,,,,,良,2010-01-01
长安区 ,40.0,59.0,124.0,58.0,50.0,57.0,99.0,轻度,2013-04-26
长安区 ,43.0,50.0,150.0,49.0,65.0,70.0,127.0,轻度,2013-04-25
长安区 ,32.0,55.0,127.0,71.0,37.0,44.0,112.0,轻度,2013-04-24
长安区 ,14.0,37.0,79.0,87.0,29.0,37.0,88.0,良,2013-04-23
长安区 ,12.0,37.0,95.0,87.0,11.0,11.0,143.0,轻度,2013-04-22
长安区 ,37.0,39.0,83.0,81.0,31.0,40.0,144.0,轻度,2013-04-21
长安区 ,13.0,40.0,72.0,71.0,10.0,12.0,112.0,轻度,2013-04-20
长安区 ,10.0,34.0,77.0,67.0,28.0,27.0,90.0,良,2013-04-19
长安区 ,35.0,38.0,178.0,66.0,30.0,40.0,118.0,中度,2013-04-18
长安区 ,40.0,54.0,109.0,79.0,62.0,73.0,98.0,轻度,2013-04-17
长安区 ,24.0,32.0,,69.0,42.0,67.0,64.0,良,2013-04-16
长安区 ,20.0,35.0,,68.0,46.0,81.0,57.0,良,2013-04-15
长安区 ,25.0,37.0,,58.0,36.0,52.0,60.0,良,2013-04-13
长安区 ,29.0,34.0,,51.0,37.0,,63.0,良,2013-04-12
长安区 ,27.0,35.0,,46.0,43.0,63.0,63.0,良,2013-04-11
长安区 ,15.0,33.0,104.0,,34.0,49.0,65.0,轻度,2013-04-10
长安区 ,10.0,25.0,100.0,,31.0,45.0,43.0,良,2013-04-09
长安区 ,14.0,34.0,116.0,106.0,27.0,38.0,50.0,轻度,2013-04-08
长安区 ,23.0,37.0,105.0,104.0,33.0,42.0,85.0,轻度,2013-04-07
长安区 ,,34.0,93.0,101.0,29.0,39.0,67.0,轻度,2013-04-06
长安区 ,6.0,20.0,104.0,92.0,24.0,35.0,50.0,轻度,2013-04-05
长安区 ,15.0,35.0,137.0,102.0,16.0,20.0,160.0,中度,2013-04-04
长安区 ,50.0,49.0,151.0,110.0,39.0,46.0,173.0,中度,2013-04-03
长安区 ,52.0,47.0,148.0,113.0,15.0,17.0,110.0,轻度,2013-04-02
长安区 ,28.0,42.0,166.0,113.0,38.0,51.0,218.0,重度,2013-04-01
长安区 ,46.0,53.0,191.0,111.0,36.0,30.0,250.0,重度,2013-03-31
长安区 ,43.0,47.0,172.0,109.0,36.0,52.0,203.0,重度,2013-03-30
长安区 ,40.0,48.0,191.0,107.0,24.0,30.0,201.0,重度,2013-03-29
长安区 ,33.0,39.0,124.0,104.0,35.0,47.0,87.0,轻度,2013-03-28
长安区 ,43.0,42.0,117.0,103.0,29.0,34.0,88.0,轻度,2013-03-27
长安区 ,16.0,34.0,104.0,102.0,33.0,45.0,122.0,轻度,2013-03-26
长安区 ,30.0,45.0,141.0,103.0,11.0,,153.0,中度,2013-03-25
长安区 ,42.0,44.0,176.0,102.0,25.0,33.0,113.0,中度,2013-03-24
长安区 ,39.0,47.0,168.0,105.0,37.0,43.0,176.0,中度,2013-03-23
长安区 ,33.0,44.0,187.0,48.0,32.0,26.0,172.0,中度,2013-03-21
长安区 ,35.0,43.0,175.0,47.0,24.0,32.0,97.0,中度,2013-03-20
长安区 ,31.0,45.0,174.0,,30.0,20.0,103.0,中度,2013-03-19
长安区 ,25.0,42.0,159.0,,31.0,39.0,83.0,中度,2013-03-18
长安区 ,38.0,38.0,136.0,20.0,34.0,50.0,143.0,轻度,2013-03-17
长安区 ,39.0,54.0,176.0,43.0,4.0,3.0,286.0,重度,2013-03-16
长安区 ,56.0,50.0,187.0,46.0,21.0,27.0,256.0,重度,2013-03-15
长安区 ,69.0,44.0,149.0,,12.0,14.0,175.0,中度,2013-03-14
长安区 ,69.0,49.0,500.0,17.0,9.0,9.0,287.0,严重,2013-03-13
长安区 ,47.0,34.0,500.0,17.0,20.0,26.0,233.0,严重,2013-03-12
长安区 ,72.0,39.0,139.0,,10.0,12.0,107.0,轻度,2013-03-11
长安区 ,56.0,35.0,474.0,,18.0,22.0,98.0,严重,2013-03-10
长安区 ,25.0,32.0,500.0,,34.0,30.0,232.0,严重,2013-03-09
长安区 ,45.0,40.0,124.0,,,,98.0,轻度,2013-03-08
长安区 ,51.0,45.0,189.0,,,,132.0,中度,2013-03-07
长安区 ,52.0,34.0,197.0,,46.0,69.0,129.0,中度,2013-03-06
长安区 ,81.0,64.0,185.0,,95.0,122.0,213.0,重度,2013-03-05
长安区 ,68.0,54.0,169.0,,48.0,77.0,138.0,中度,2013-03-04
长安区 ,28.0,35.0,150.0,,33.0,45.0,107.0,轻度,2013-03-03
长安区 ,52.0,38.0,153.0,,24.0,31.0,97.0,中度,2013-03-02
长安区 ,33.0,29.0,162.0,,23.0,34.0,80.0,中度,2013-03-01
长安区 ,38.0,33.0,243.0,123.0,20.0,25.0,262.0,重度,2013-02-28
长安区 ,67.0,34.0,215.0,127.0,45.0,50.0,341.0,严重,2013-02-27
长安区 ,59.0,34.0,185.0,114.0,38.0,48.0,345.0,严重,2013-02-26
长安区 ,47.0,44.0,172.0,102.0,15.0,19.0,339.0,严重,2013-02-25
长安区 ,62.0,59.0,172.0,102.0,32.0,38.0,311.0,严重,2013-02-24
长安区 ,62.0,57.0,152.0,56.0,35.0,40.0,254.0,重度,2013-02-23
长安区 ,53.0,53.0,92.0,42.0,29.0,40.0,119.0,轻度,2013-02-22
长安区 ,34.0,45.0,93.0,48.0,42.0,63.0,144.0,轻度,2013-02-21
长安区 ,32.0,37.0,75.0,42.0,25.0,35.0,123.0,轻度,2013-02-20
长安区 ,,32.0,73.0,48.0,17.0,22.0,120.0,轻度,2013-02-19
长安区 ,,30.0,74.0,49.0,29.0,37.0,124.0,轻度,2013-02-18
长安区 ,64.0,34.0,,77.0,29.0,38.0,255.0,重度,2013-02-17
长安区 ,62.0,37.0,143.0,87.0,37.0,50.0,284.0,重度,2013-02-16
长安区 ,65.0,32.0,,56.0,35.0,44.0,92.0,良,2013-02-15
长安区 ,69.0,29.0,,49.0,36.0,46.0,124.0,轻度,2013-02-14
长安区 ,79.0,32.0,84.0,49.0,26.0,38.0,140.0,轻度,2013-02-13
长安区 ,62.0,29.0,,50.0,31.0,45.0,134.0,轻度,2013-02-12
长安区 ,19.0,29.0,,60.0,16.0,21.0,294.0,重度,2013-02-11
长安区 ,37.0,30.0,,70.0,43.0,51.0,472.0,严重,2013-02-10
长安区 ,45.0,30.0,,60.0,35.0,44.0,318.0,严重,2013-02-09
长安区 ,27.0,33.0,,57.0,28.0,33.0,198.0,中度,2013-02-08
长安区 ,20.0,34.0,,66.0,14.0,19.0,208.0,重度,2013-02-07
长安区 ,22.0,25.0,145.0,87.0,15.0,19.0,312.0,严重,2013-02-06
长安区 ,61.0,13.0,0.0,75.0,2.0,3.0,142.0,轻度,2013-02-05
长安区 ,17.0,28.0,,85.0,14.0,20.0,182.0,中度,2013-02-04
长安区 ,16.0,44.0,,90.0,12.0,16.0,265.0,重度,2013-02-03
长安区 ,25.0,53.0,219.0,101.0,6.0,8.0,400.0,严重,2013-02-02
长安区 ,34.0,57.0,300.0,102.0,8.0,11.0,433.0,严重,2013-02-01
长安区 ,57.0,52.0,183.0,90.0,17.0,19.0,338.0,严重,2013-01-31
长安区 ,96.0,60.0,262.0,93.0,24.0,26.0,410.0,严重,2013-01-30
长安区 ,80.0,60.0,215.0,101.0,30.0,43.0,362.0,严重,2013-01-29
长安区 ,79.0,49.0,159.0,97.0,23.0,27.0,268.0,重度,2013-01-28
长安区 ,80.0,49.0,146.0,88.0,25.0,25.0,212.0,重度,2013-01-27
长安区 ,42.0,35.0,85.0,72.0,32.0,42.0,82.0,良,2013-01-26
长安区 ,39.0,33.0,75.0,65.0,33.0,43.0,78.0,良,2013-01-25
长安区 ,23.0,26.0,66.0,51.0,40.0,64.0,60.0,良,2013-01-24
长安区 ,54.0,39.0,111.0,80.0,49.0,55.0,172.0,中度,2013-01-23
长安区 ,67.0,46.0,111.0,84.0,24.0,28.0,144.0,轻度,2013-01-22
长安区 ,42.0,29.0,58.0,53.0,39.0,60.0,75.0,良,2013-01-21
长安区 ,58.0,40.0,133.0,100.0,35.0,45.0,227.0,重度,2013-01-20
长安区 ,87.0,57.0,230.0,108.0,14.0,18.0,389.0,严重,2013-01-19
长安区 ,101.0,50.0,170.0,102.0,21.0,30.0,285.0,重度,2013-01-18
长安区 ,86.0,45.0,137.0,84.0,18.0,25.0,208.0,重度,2013-01-17
长安区 ,62.0,37.0,137.0,65.0,43.0,52.0,156.0,中度,2013-01-16
长安区 ,54.0,34.0,132.0,42.0,38.0,55.0,92.0,轻度,2013-01-15
长安区 ,107.0,47.0,117.0,87.0,21.0,28.0,118.0,轻度,2013-01-12
长安区 ,70.0,39.0,140.0,79.0,38.0,48.0,195.0,中度,2013-01-11
长安区 ,96.0,52.0,191.0,101.0,27.0,35.0,309.0,严重,2013-01-10
长安区 ,101.0,65.0,151.0,103.0,23.0,34.0,239.0,重度,2013-01-09
长安区 ,105.0,60.0,161.0,102.0,26.0,36.0,322.0,严重,2013-01-08
长安区 ,83.0,40.0,150.0,89.0,19.0,26.0,300.0,重度,2013-01-07
长安区 ,71.0,39.0,150.0,86.0,18.0,25.0,284.0,重度,2013-01-06
长安区 ,99.0,37.0,126.0,69.0,21.0,29.0,210.0,重度,2013-01-05
长安区 ,115.0,37.0,132.0,63.0,62.0,25.0,185.0,中度,2013-01-04
长安区 ,77.0,38.0,135.0,33.0,66.0,29.0,118.0,轻度,2013-01-02
长安区 ,68.0,37.0,138.0,37.0,71.0,30.0,138.0,轻度,2013-01-01
长安区 ,60.0,47.0,105.0,,,,,轻微污染,2012-12-31
长安区 ,53.0,27.0,71.0,,,,,良,2012-12-30
长安区 ,67.0,33.0,92.0,,,,,良,2012-12-29
长安区 ,78.0,34.0,240.0,,,,,中度污染,2012-12-28
长安区 ,80.0,58.0,96.0,,,,,良,2012-12-25
长安区 ,39.0,14.0,91.0,,,,,良,2012-12-24
长安区 ,34.0,22.0,61.0,,,,,良,2012-12-23
长安区 ,36.0,24.0,73.0,,,,,良,2012-12-22
长安区 ,42.0,30.0,82.0,,,,,良,2012-12-21
长安区 ,55.0,24.0,94.0,,,,,良,2012-12-20
长安区 ,51.0,22.0,90.0,,,,,良,2012-12-19
长安区 ,35.0,22.0,77.0,,,,,良,2012-12-18
长安区 ,54.0,19.0,176.0,,,,,轻度污染,2012-12-17
长安区 ,52.0,20.0,293.0,,,,,中度重污染,2012-12-16
长安区 ,62.0,24.0,282.0,,,,,中度重污染,2012-12-15
长安区 ,64.0,20.0,283.0,,,,,中度重污染,2012-12-14
长安区 ,62.0,23.0,253.0,,,,,中度重污染,2012-12-13
长安区 ,59.0,27.0,228.0,,,,,中度污染,2012-12-12
长安区 ,64.0,25.0,122.0,,,,,轻微污染,2012-12-11
长安区 ,60.0,19.0,97.0,,,,,良,2012-12-10
长安区 ,56.0,14.0,83.0,,,,,良,2012-12-09
长安区 ,54.0,20.0,90.0,,,,,良,2012-12-08
长安区 ,57.0,19.0,85.0,,,,,良,2012-12-07
长安区 ,57.0,15.0,90.0,,,,,良,2012-12-06
长安区 ,60.0,15.0,92.0,,,,,良,2012-12-05
长安区 ,59.0,20.0,115.0,,,,,轻微污染,2012-12-04
长安区 ,67.0,18.0,120.0,,,,,轻微污染,2012-12-03
长安区 ,68.0,20.0,182.0,,,,,轻度污染,2012-12-02
长安区 ,76.0,25.0,182.0,,,,,轻度污染,2012-12-01
长安区 ,46.0,17.0,107.0,,,,,轻微污染,2012-11-30
长安区 ,36.0,15.0,92.0,,,,,良,2012-11-29
长安区 ,44.0,15.0,87.0,,,,,良,2012-11-28
长安区 ,29.0,17.0,80.0,,,,,良,2012-11-27
长安区 ,21.0,15.0,75.0,,,,,良,2012-11-26
长安区 ,36.0,14.0,77.0,,,,,良,2012-11-25
长安区 ,22.0,13.0,60.0,,,,,良,2012-11-24
长安区 ,25.0,7.0,57.0,,,,,良,2012-11-23
长安区 ,27.0,25.0,169.0,,,,,轻度污染,2012-11-22
长安区 ,28.0,20.0,143.0,,,,,轻微污染,2012-11-21
长安区 ,52.0,20.0,140.0,,,,,轻微污染,2012-11-20
长安区 ,25.0,30.0,87.0,,,,,良,2012-11-19
长安区 ,27.0,39.0,81.0,,,,,良,2012-11-18
长安区 ,24.0,25.0,93.0,,,,,良,2012-11-17
长安区 ,30.0,20.0,59.0,,,,,良,2012-11-16
长安区 ,51.0,36.0,137.0,,,,,轻微污染,2012-11-15
长安区 ,27.0,32.0,99.0,,,,,良,2012-11-14
长安区 ,23.0,29.0,73.0,,,,,良,2012-11-13
长安区 ,19.0,24.0,63.0,,,,,良,2012-11-12
长安区 ,11.0,20.0,73.0,,,,,良,2012-11-11
长安区 ,12.0,26.0,89.0,,,,,良,2012-11-10
长安区 ,14.0,27.0,87.0,,,,,良,2012-11-09
长安区 ,13.0,17.0,59.0,,,,,良,2012-11-08
长安区 ,24.0,26.0,88.0,,,,,良,2012-11-07
长安区 ,19.0,19.0,79.0,,,,,良,2012-11-06
长安区 ,18.0,22.0,64.0,,,,,良,2012-11-05
长安区 ,13.0,18.0,68.0,,,,,良,2012-11-04
长安区 ,23.0,20.0,97.0,,,,,良,2012-11-03
长安区 ,26.0,19.0,108.0,,,,,轻微污染,2012-11-02
长安区 ,19.0,25.0,85.0,,,,,良,2012-11-01
长安区 ,26.0,24.0,73.0,,,,,良,2012-10-31
长安区 ,27.0,17.0,82.0,,,,,良,2012-10-30
长安区 ,31.0,34.0,84.0,,,,,良,2012-10-29
长安区 ,29.0,29.0,95.0,,,,,良,2012-10-28
长安区 ,21.0,27.0,93.0,,,,,良,2012-10-27
长安区 ,24.0,28.0,112.0,,,,,轻微污染,2012-10-26
长安区 ,23.0,23.0,77.0,,,,,良,2012-10-25
长安区 ,28.0,24.0,83.0,,,,,良,2012-10-24
长安区 ,27.0,26.0,81.0,,,,,良,2012-10-23
长安区 ,29.0,21.0,58.0,,,,,良,2012-10-22
长安区 ,34.0,30.0,118.0,,,,,轻微污染,2012-10-21
长安区 ,32.0,29.0,94.0,,,,,良,2012-10-20
长安区 ,36.0,25.0,92.0,,,,,良,2012-10-19
长安区 ,34.0,24.0,94.0,,,,,良,2012-10-18
长安区 ,31.0,20.0,70.0,,,,,良,2012-10-17
长安区 ,33.0,24.0,96.0,,,,,良,2012-10-16
长安区 ,30.0,26.0,136.0,,,,,轻微污染,2012-10-15
长安区 ,31.0,24.0,93.0,,,,,良,2012-10-14
长安区 ,33.0,20.0,85.0,,,,,良,2012-10-13
长安区 ,31.0,25.0,133.0,,,,,轻微污染,2012-10-12
长安区 ,31.0,27.0,109.0,,,,,轻微污染,2012-10-11
长安区 ,30.0,21.0,71.0,,,,,良,2012-10-10
长安区 ,29.0,22.0,94.0,,,,,良,2012-10-09
长安区 ,32.0,25.0,134.0,,,,,轻微污染,2012-10-08
长安区 ,35.0,27.0,114.0,,,,,轻微污染,2012-10-07
长安区 ,24.0,22.0,89.0,,,,,良,2012-10-06
长安区 ,23.0,20.0,83.0,,,,,良,2012-10-05
长安区 ,27.0,20.0,72.0,,,,,良,2012-10-04
长安区 ,26.0,20.0,91.0,,,,,良,2012-10-03
长安区 ,28.0,25.0,111.0,,,,,轻微污染,2012-10-02
长安区 ,28.0,26.0,94.0,,,,,良,2012-10-01
长安区 ,33.0,27.0,80.0,,,,,良,2012-09-30
长安区 ,21.0,22.0,72.0,,,,,良,2012-09-29
长安区 ,30.0,20.0,56.0,,,,,良,2012-09-28
长安区 ,23.0,22.0,81.0,,,,,良,2012-09-27
长安区 ,21.0,16.0,44.0,,,,,优,2012-09-26
长安区 ,25.0,22.0,88.0,,,,,良,2012-09-25
长安区 ,40.0,24.0,111.0,,,,,轻微污染,2012-09-24
长安区 ,32.0,19.0,87.0,,,,,良,2012-09-23
长安区 ,32.0,19.0,81.0,,,,,良,2012-09-22
长安区 ,26.0,20.0,71.0,,,,,良,2012-09-21
长安区 ,25.0,20.0,71.0,,,,,良,2012-09-20
长安区 ,21.0,20.0,74.0,,,,,良,2012-09-19
长安区 ,27.0,20.0,74.0,,,,,良,2012-09-18
长安区 ,23.0,19.0,75.0,,,,,良,2012-09-17
长安区 ,20.0,19.0,64.0,,,,,良,2012-09-16
长安区 ,27.0,22.0,79.0,,,,,良,2012-09-15
长安区 ,24.0,19.0,55.0,,,,,良,2012-09-14
长安区 ,21.0,16.0,48.0,,,,,优,2012-09-13
长安区 ,20.0,15.0,53.0,,,,,良,2012-09-12
长安区 ,17.0,17.0,57.0,,,,,良,2012-09-11
长安区 ,23.0,19.0,60.0,,,,,良,2012-09-10
长安区 ,21.0,17.0,53.0,,,,,良,2012-09-09
长安区 ,24.0,17.0,62.0,,,,,良,2012-09-08
长安区 ,24.0,20.0,75.0,,,,,良,2012-09-07
长安区 ,26.0,24.0,79.0,,,,,良,2012-09-06
长安区 ,33.0,20.0,78.0,,,,,良,2012-09-05
长安区 ,32.0,19.0,53.0,,,,,良,2012-09-04
长安区 ,32.0,19.0,53.0,,,,,良,2012-09-04
长安区 ,33.0,16.0,34.0,,,,,优,2012-09-03
长安区 ,27.0,12.0,36.0,,,,,优,2012-09-02
长安区 ,25.0,14.0,33.0,,,,,优,2012-09-01
长安区 ,24.0,17.0,74.0,,,,,良,2012-08-31
长安区 ,24.0,19.0,75.0,,,,,良,2012-08-30
长安区 ,23.0,19.0,57.0,,,,,良,2012-08-29
长安区 ,24.0,15.0,83.0,,,,,良,2012-08-28
长安区 ,23.0,14.0,94.0,,,,,良,2012-08-27
长安区 ,23.0,14.0,88.0,,,,,良,2012-08-26
长安区 ,23.0,23.0,75.0,,,,,良,2012-08-25
长安区 ,21.0,18.0,57.0,,,,,良,2012-08-24
长安区 ,21.0,17.0,56.0,,,,,良,2012-08-23
长安区 ,25.0,19.0,60.0,,,,,良,2012-08-22
长安区 ,22.0,15.0,42.0,,,,,优,2012-08-21
长安区 ,20.0,15.0,32.0,,,,,优,2012-08-20
长安区 ,25.0,15.0,37.0,,,,,优,2012-08-19
长安区 ,26.0,16.0,54.0,,,,,良,2012-08-18
长安区 ,28.0,15.0,65.0,,,,,良,2012-08-17
长安区 ,30.0,26.0,78.0,,,,,良,2012-08-16
长安区 ,32.0,25.0,61.0,,,,,良,2012-08-15
长安区 ,27.0,22.0,58.0,,,,,良,2012-08-14
长安区 ,24.0,21.0,78.0,,,,,良,2012-08-13
长安区 ,26.0,21.0,81.0,,,,,良,2012-08-12
长安区 ,23.0,14.0,80.0,,,,,良,2012-08-11
长安区 ,20.0,16.0,76.0,,,,,良,2012-08-10
长安区 ,22.0,13.0,76.0,,,,,良,2012-08-09
长安区 ,18.0,16.0,69.0,,,,,良,2012-08-08
长安区 ,19.0,24.0,62.0,,,,,良,2012-08-07
长安区 ,22.0,24.0,55.0,,,,,良,2012-08-06
长安区 ,22.0,12.0,72.0,,,,,良,2012-08-05
长安区 ,20.0,15.0,79.0,,,,,良,2012-08-04
长安区 ,18.0,15.0,66.0,,,,,良,2012-08-03
长安区 ,22.0,21.0,53.0,,,,,良,2012-08-02
长安区 ,18.0,18.0,46.0,,,,,优,2012-08-01
长安区 ,18.0,10.0,56.0,,,,,良,2012-07-31
长安区 ,35.0,22.0,68.0,,,,,良,2012-07-30
长安区 ,24.0,24.0,66.0,,,,,良,2012-07-29
长安区 ,30.0,19.0,51.0,,,,,良,2012-07-29
长安区 ,24.0,22.0,47.0,,,,,优,2012-07-27
长安区 ,29.0,22.0,80.0,,,,,良,2012-07-26
长安区 ,25.0,20.0,65.0,,,,,良,2012-07-25
长安区 ,20.0,20.0,55.0,,,,,良,2012-07-24
长安区 ,17.0,13.0,54.0,,,,,良,2012-07-23
长安区 ,18.0,12.0,54.0,,,,,良,2012-07-22
长安区 ,16.0,12.0,78.0,,,,,良,2012-07-21
长安区 ,14.0,13.0,88.0,,,,,良,2012-07-20
长安区 ,18.0,12.0,92.0,,,,,良,2012-07-19
长安区 ,21.0,12.0,80.0,,,,,良,2012-07-18
长安区 ,14.0,11.0,74.0,,,,,良,2012-07-17
长安区 ,21.0,14.0,79.0,,,,,良,2012-07-16
长安区 ,21.0,14.0,79.0,,,,,良,2012-07-16
长安区 ,14.0,10.0,73.0,,,,,良,2012-07-15
长安区 ,16.0,10.0,68.0,,,,,良,2012-07-14
长安区 ,32.0,20.0,66.0,,,,,良,2012-07-13
长安区 ,25.0,17.0,58.0,,,,,良,2012-07-12
长安区 ,19.0,15.0,60.0,,,,,良,2012-07-11
长安区 ,12.0,10.0,51.0,,,,,良,2012-07-10
长安区 ,12.0,12.0,44.0,,,,,优,2012-07-09
长安区 ,19.0,13.0,56.0,,,,,良,2012-07-08
长安区 ,22.0,14.0,56.0,,,,,良,2012-07-07
长安区 ,24.0,14.0,60.0,,,,,良,2012-07-06
长安区 ,20.0,17.0,45.0,,,,,优,2012-07-05
长安区 ,17.0,17.0,45.0,,,,,优,2012-07-04
长安区 ,17.0,16.0,45.0,,,,,优,2012-07-03
长安区 ,22.0,20.0,62.0,,,,,良,2012-07-02
长安区 ,24.0,17.0,41.0,,,,,优,2012-07-01
长安区 ,18.0,17.0,42.0,,,,,优,2012-06-30
长安区 ,18.0,16.0,59.0,,,,,良,2012-06-29
长安区 ,21.0,17.0,52.0,,,,,良,2012-06-28
长安区 ,25.0,22.0,77.0,,,,,良,2012-06-27
长安区 ,16.0,22.0,61.0,,,,,良,2012-06-26
长安区 ,24.0,20.0,71.0,,,,,良,2012-06-25
长安区 ,25.0,20.0,66.0,,,,,良,2012-06-24
长安区 ,28.0,26.0,62.0,,,,,良,2012-06-23
长安区 ,36.0,19.0,61.0,,,,,良,2012-06-22
长安区 ,28.0,30.0,75.0,,,,,良,2012-06-21
长安区 ,25.0,28.0,77.0,,,,,良,2012-06-20
长安区 ,24.0,26.0,83.0,,,,,良,2012-06-19
长安区 ,25.0,26.0,67.0,,,,,良,2012-06-18
长安区 ,28.0,32.0,72.0,,,,,良,2012-06-17
长安区 ,30.0,29.0,72.0,,,,,良,2012-06-16
长安区 ,27.0,21.0,71.0,,,,,良,2012-06-15
长安区 ,24.0,23.0,69.0,,,,,良,2012-06-14
长安区 ,22.0,29.0,65.0,,,,,良,2012-06-13
长安区 ,24.0,24.0,68.0,,,,,良,2012-06-12
长安区 ,23.0,22.0,76.0,,,,,良,2012-06-11
长安区 ,30.0,30.0,65.0,,,,,良,2012-06-10
长安区 ,31.0,23.0,64.0,,,,,良,2012-06-09
长安区 ,29.0,25.0,64.0,,,,,良,2012-06-08
长安区 ,33.0,20.0,80.0,,,,,良,2012-06-07
长安区 ,29.0,20.0,61.0,,,,,良,2012-06-06
长安区 ,35.0,24.0,89.0,,,,,良,2012-06-05
长安区 ,39.0,23.0,77.0,,,,,良,2012-06-04
长安区 ,29.0,19.0,67.0,,,,,良,2012-06-03
长安区 ,31.0,22.0,70.0,,,,,良,2012-06-02
长安区 ,35.0,25.0,79.0,,,,,良,2012-06-01
长安区 ,29.0,25.0,65.0,,,,,良,2012-05-31
长安区 ,26.0,21.0,56.0,,,,,良,2012-05-31
长安区 ,32.0,13.0,63.0,,,,,良,2012-05-29
长安区 ,31.0,18.0,69.0,,,,,良,2012-05-28
长安区 ,30.0,15.0,85.0,,,,,良,2012-05-27
长安区 ,27.0,15.0,90.0,,,,,良,2012-05-26
长安区 ,21.0,10.0,75.0,,,,,良,2012-05-25
长安区 ,20.0,12.0,99.0,,,,,良,2012-05-24
长安区 ,12.0,13.0,91.0,,,,,良,2012-05-23
长安区 ,19.0,14.0,55.0,,,,,良,2012-05-22
长安区 ,19.0,22.0,79.0,,,,,良,2012-05-21
长安区 ,22.0,30.0,86.0,,,,,良,2012-05-20
长安区 ,30.0,33.0,90.0,,,,,良,2012-05-19
长安区 ,35.0,37.0,76.0,,,,,良,2012-05-18
长安区 ,20.0,29.0,79.0,,,,,良,2012-05-17
长安区 ,25.0,28.0,76.0,,,,,良,2012-05-16
长安区 ,18.0,26.0,62.0,,,,,良,2012-05-15
长安区 ,16.0,30.0,75.0,,,,,良,2012-05-14
长安区 ,20.0,19.0,92.0,,,,,良,2012-05-13
长安区 ,18.0,18.0,57.0,,,,,良,2012-05-12
长安区 ,17.0,18.0,60.0,,,,,良,2012-05-11
长安区 ,25.0,29.0,94.0,,,,,良,2012-05-10
长安区 ,27.0,26.0,81.0,,,,,良,2012-05-09
长安区 ,23.0,20.0,83.0,,,,,良,2012-05-08
长安区 ,28.0,23.0,106.0,,,,,轻微污染,2012-05-07
长安区 ,27.0,35.0,87.0,,,,,良,2012-05-06
长安区 ,33.0,24.0,75.0,,,,,良,2012-05-05
长安区 ,22.0,25.0,78.0,,,,,良,2012-05-04
长安区 ,19.0,28.0,78.0,,,,,良,2012-05-03
长安区 ,18.0,27.0,74.0,,,,,良,2012-05-02
长安区 ,26.0,25.0,92.0,,,,,良,2012-05-01
长安区 ,28.0,19.0,94.0,,,,,良,2012-04-30
长安区 ,35.0,29.0,93.0,,,,,良,2012-04-29
长安区 ,33.0,24.0,94.0,,,,,良,2012-04-28
长安区 ,29.0,27.0,110.0,,,,,轻微污染,2012-04-27
长安区 ,28.0,28.0,100.0,,,,,良,2012-04-26
长安区 ,26.0,26.0,95.0,,,,,良,2012-04-25
长安区 ,25.0,20.0,81.0,,,,,良,2012-04-24
长安区 ,37.0,33.0,100.0,,,,,良,2012-04-23
长安区 ,29.0,26.0,94.0,,,,,良,2012-04-22
长安区 ,29.0,26.0,94.0,,,,,良,2012-04-21
长安区 ,29.0,22.0,87.0,,,,,良,2012-04-20
长安区 ,29.0,26.0,63.0,,,,,良,2012-04-19
长安区 ,38.0,24.0,90.0,,,,,良,2012-04-18
长安区 ,53.0,29.0,78.0,,,,,良,2012-04-17
长安区 ,30.0,29.0,62.0,,,,,良,2012-04-16
长安区 ,32.0,29.0,68.0,,,,,良,2012-04-15
长安区 ,22.0,24.0,59.0,,,,,良,2012-04-14
长安区 ,19.0,22.0,36.0,,,,,优,2012-04-13
长安区 ,27.0,16.0,48.0,,,,,优,2012-04-12
长安区 ,33.0,24.0,61.0,,,,,良,2012-04-11
长安区 ,24.0,28.0,53.0,,,,,良,2012-04-10
长安区 ,31.0,24.0,62.0,,,,,良,2012-04-09
长安区 ,31.0,23.0,82.0,,,,,良,2012-04-08
长安区 ,31.0,21.0,83.0,,,,,良,2012-04-07
长安区 ,25.0,21.0,79.0,,,,,良,2012-04-06
长安区 ,24.0,25.0,67.0,,,,,良,2012-04-05
长安区 ,28.0,20.0,71.0,,,,,良,2012-04-04
长安区 ,19.0,28.0,80.0,,,,,良,2012-04-03
长安区 ,35.0,30.0,77.0,,,,,良,2012-04-02
长安区 ,32.0,25.0,73.0,,,,,良,2012-04-01
长安区 ,23.0,19.0,47.0,,,,,优,2012-03-31
长安区 ,36.0,25.0,75.0,,,,,良,2012-03-30
长安区 ,35.0,26.0,90.0,,,,,良,2012-03-29
长安区 ,47.0,50.0,98.0,,,,,良,2012-03-28
长安区 ,57.0,33.0,112.0,,,,,轻微污染,2012-03-27
长安区 ,55.0,45.0,83.0,,,,,良,2012-03-26
长安区 ,49.0,32.0,90.0,,,,,良,2012-03-25
长安区 ,36.0,21.0,79.0,,,,,良,2012-03-24
长安区 ,35.0,20.0,78.0,,,,,良,2012-03-23
长安区 ,37.0,32.0,71.0,,,,,良,2012-03-22
长安区 ,56.0,32.0,84.0,,,,,良,2012-03-21
长安区 ,54.0,32.0,78.0,,,,,良,2012-03-20
长安区 ,53.0,36.0,96.0,,,,,良,2012-03-19
长安区 ,61.0,45.0,120.0,,,,,轻微污染,2012-03-18
长安区 ,40.0,37.0,92.0,,,,,良,2012-03-17
长安区 ,41.0,37.0,94.0,,,,,良,2012-03-16
长安区 ,44.0,48.0,95.0,,,,,良,2012-03-15
长安区 ,50.0,49.0,92.0,,,,,良,2012-03-14
长安区 ,52.0,54.0,107.0,,,,,轻微污染,2012-03-13
长安区 ,35.0,46.0,94.0,,,,,良,2012-03-12
长安区 ,32.0,50.0,78.0,,,,,良,2012-03-11
长安区 ,36.0,53.0,82.0,,,,,良,2012-03-10
长安区 ,32.0,34.0,67.0,,,,,良,2012-03-09
长安区 ,35.0,44.0,73.0,,,,,良,2012-03-08
长安区 ,41.0,37.0,68.0,,,,,良,2012-03-07
长安区 ,36.0,42.0,61.0,,,,,良,2012-03-06
长安区 ,39.0,35.0,77.0,,,,,良,2012-03-05
长安区 ,34.0,34.0,66.0,,,,,良,2012-03-04
长安区 ,34.0,33.0,70.0,,,,,良,2012-03-03
长安区 ,38.0,47.0,118.0,,,,,轻微污染,2012-03-02
长安区 ,50.0,60.0,128.0,,,,,轻微污染,2012-03-02
长安区 ,62.0,47.0,133.0,,,,,轻微污染,2012-02-29
长安区 ,42.0,28.0,109.0,,,,,轻微污染,2012-02-28
长安区 ,48.0,27.0,89.0,,,,,良,2012-02-27
长安区 ,51.0,35.0,67.0,,,,,良,2012-02-26
长安区 ,62.0,22.0,91.0,,,,,良,2012-02-25
长安区 ,73.0,47.0,107.0,,,,,轻微污染,2012-02-24
长安区 ,91.0,69.0,118.0,,,,,轻微污染,2012-02-23
长安区 ,74.0,68.0,121.0,,,,,轻微污染,2012-02-22
长安区 ,68.0,29.0,96.0,,,,,良,2012-02-21
长安区 ,61.0,29.0,94.0,,,,,良,2012-02-20
长安区 ,49.0,29.0,60.0,,,,,良,2012-02-19
长安区 ,51.0,22.0,58.0,,,,,良,2012-02-18
长安区 ,42.0,21.0,58.0,,,,,良,2012-02-17
长安区 ,55.0,25.0,121.0,,,,,轻微污染,2012-02-16
长安区 ,56.0,29.0,122.0,,,,,轻微污染,2012-02-15
长安区 ,57.0,35.0,110.0,,,,,轻微污染,2012-02-14
长安区 ,52.0,25.0,94.0,,,,,良,2012-02-13
长安区 ,42.0,24.0,90.0,,,,,良,2012-02-12
长安区 ,40.0,20.0,70.0,,,,,良,2012-02-11
长安区 ,36.0,20.0,49.0,,,,,优,2012-02-10
长安区 ,49.0,14.0,53.0,,,,,良,2012-02-09
长安区 ,29.0,16.0,51.0,,,,,良,2012-02-08
长安区 ,41.0,18.0,53.0,,,,,良,2012-02-07
长安区 ,66.0,42.0,146.0,,,,,轻微污染,2012-02-06
长安区 ,62.0,39.0,82.0,,,,,良,2012-02-05
长安区 ,52.0,42.0,75.0,,,,,良,2012-02-04
长安区 ,31.0,25.0,54.0,,,,,良,2012-02-03
长安区 ,43.0,24.0,38.0,,,,,优,2012-02-02
长安区 ,68.0,48.0,132.0,,,,,轻微污染,2012-02-01
长安区 ,75.0,55.0,123.0,,,,,轻微污染,2012-02-01
长安区 ,87.0,55.0,112.0,,,,,轻微污染,2012-01-30
长安区 ,78.0,47.0,107.0,,,,,轻微污染,2012-01-29
长安区 ,85.0,28.0,97.0,,,,,良,2012-01-28
长安区 ,53.0,30.0,92.0,,,,,良,2012-01-27
长安区 ,57.0,15.0,88.0,,,,,良,2012-01-26
长安区 ,34.0,11.0,43.0,,,,,优,2012-01-25
长安区 ,53.0,25.0,70.0,,,,,良,2012-01-24
长安区 ,54.0,17.0,73.0,,,,,良,2012-01-23
长安区 ,46.0,24.0,54.0,,,,,良,2012-01-22
长安区 ,58.0,24.0,68.0,,,,,良,2012-01-21
长安区 ,60.0,32.0,88.0,,,,,良,2012-01-20
长安区 ,79.0,49.0,112.0,,,,,轻微污染,2012-01-19
长安区 ,84.0,60.0,147.0,,,,,轻微污染,2012-01-18
长安区 ,70.0,57.0,133.0,,,,,轻微污染,2012-01-17
长安区 ,95.0,84.0,117.0,,,,,轻微污染,2012-01-16
长安区 ,76.0,73.0,93.0,,,,,良,2012-01-15
长安区 ,97.0,72.0,130.0,,,,,轻微污染,2012-01-14
长安区 ,83.0,59.0,111.0,,,,,轻微污染,2012-01-13
长安区 ,92.0,57.0,94.0,,,,,良,2012-01-12
长安区 ,109.0,59.0,129.0,,,,,轻微污染,2012-01-11
长安区 ,99.0,94.0,159.0,,,,,轻度污染,2012-01-10
长安区 ,95.0,42.0,122.0,,,,,轻微污染,2012-01-09
长安区 ,79.0,37.0,108.0,,,,,轻微污染,2012-01-08
长安区 ,84.0,33.0,71.0,,,,,良,2012-01-07
长安区 ,66.0,23.0,82.0,,,,,良,2012-01-06
长安区 ,55.0,18.0,57.0,,,,,良,2012-01-05
长安区 ,44.0,18.0,44.0,,,,,优,2012-01-04
长安区 ,47.0,11.0,61.0,,,,,良,2012-01-03
长安区 ,89.0,40.0,133.0,,,,,轻微污染,2012-01-02
长安区 ,109.0,70.0,196.0,,,,,轻度污染,2012-01-01
长安区 ,89.0,48.0,149.0,,,,,轻微污染,2011-12-31
长安区 ,86.0,54.0,175.0,,,,,轻度污染,2011-12-30
长安区 ,99.0,42.0,129.0,,,,,轻微污染,2011-12-29
长安区 ,61.0,37.0,111.0,,,,,轻微污染,2011-12-28
长安区 ,69.0,30.0,117.0,,,,,轻微污染,2011-12-27
长安区 ,56.0,43.0,123.0,,,,,轻微污染,2011-12-26
长安区 ,59.0,24.0,105.0,,,,,轻微污染,2011-12-25
长安区 ,62.0,26.0,58.0,,,,,良,2011-12-24
长安区 ,57.0,30.0,76.0,,,,,良,2011-12-23
长安区 ,73.0,15.0,72.0,,,,,良,2011-12-22
长安区 ,75.0,47.0,99.0,,,,,良,2011-12-21
长安区 ,80.0,34.0,124.0,,,,,轻微污染,2011-12-20
长安区 ,84.0,29.0,113.0,,,,,轻微污染,2011-12-19
长安区 ,69.0,30.0,106.0,,,,,轻微污染,2011-12-18
长安区 ,53.0,26.0,99.0,,,,,良,2011-12-17
长安区 ,51.0,34.0,85.0,,,,,良,2011-12-16
长安区 ,58.0,29.0,99.0,,,,,良,2011-12-15
长安区 ,62.0,22.0,106.0,,,,,轻微污染,2011-12-14
长安区 ,56.0,18.0,104.0,,,,,轻微污染,2011-12-13
长安区 ,57.0,15.0,70.0,,,,,良,2011-12-12
长安区 ,57.0,19.0,109.0,,,,,轻微污染,2011-12-11
长安区 ,89.0,14.0,57.0,,,,,良,2011-12-10
长安区 ,86.0,23.0,76.0,,,,,良,2011-12-09
长安区 ,64.0,25.0,62.0,,,,,良,2011-12-08
长安区 ,68.0,15.0,65.0,,,,,良,2011-12-07
长安区 ,64.0,17.0,55.0,,,,,良,2011-12-06
长安区 ,67.0,20.0,83.0,,,,,良,2011-12-05
长安区 ,63.0,18.0,110.0,,,,,轻微污染,2011-12-04
长安区 ,62.0,26.0,105.0,,,,,轻微污染,2011-12-03
长安区 ,58.0,19.0,68.0,,,,,良,2011-12-02
长安区 ,52.0,23.0,56.0,,,,,良,2011-12-01
长安区 ,36.0,18.0,43.0,,,,,优,2011-11-30
长安区 ,38.0,28.0,75.0,,,,,良,2011-11-29
长安区 ,26.0,28.0,119.0,,,,,轻微,2011-11-28
长安区 ,23.0,20.0,106.0,,,,,轻微污染,2011-11-27
长安区 ,31.0,26.0,113.0,,,,,轻微污染,2011-11-26
长安区 ,21.0,21.0,93.0,,,,,良,2011-11-25
长安区 ,20.0,16.0,56.0,,,,,良,2011-11-24
长安区 ,18.0,22.0,58.0,,,,,良,2011-11-23
长安区 ,23.0,21.0,64.0,,,,,良,2011-11-22
长安区 ,33.0,23.0,77.0,,,,,良,2011-11-21
长安区 ,31.0,19.0,56.0,,,,,良,2011-11-20
长安区 ,27.0,19.0,46.0,,,,,良,2011-11-19
长安区 ,20.0,19.0,58.0,,,,,良,2011-11-18
长安区 ,32.0,24.0,69.0,,,,,良,2011-11-17
长安区 ,17.0,22.0,72.0,,,,,良,2011-11-16
长安区 ,16.0,29.0,87.0,,,,,良,2011-11-15
长安区 ,17.0,21.0,72.0,,,,,良,2011-11-14
长安区 ,15.0,15.0,72.0,,,,,良,2011-11-13
长安区 ,19.0,20.0,78.0,,,,,良,2011-11-12
长安区 ,24.0,23.0,82.0,,,,,良,2011-11-11
长安区 ,15.0,21.0,51.0,,,,,良,2011-11-10
长安区 ,15.0,17.0,57.0,,,,,良,2011-11-09
长安区 ,17.0,12.0,33.0,,,,,优,2011-11-08
长安区 ,13.0,20.0,53.0,,,,,良,2011-11-07
长安区 ,37.0,22.0,63.0,,,,,良,2011-11-05
长安区 ,24.0,18.0,55.0,,,,,良,2011-11-05
长安区 ,15.0,19.0,71.0,,,,,良,2011-11-04
长安区 ,18.0,21.0,88.0,,,,,良,2011-11-03
长安区 ,15.0,20.0,92.0,,,,,良,2011-11-02
长安区 ,25.0,24.0,102.0,,,,,轻微,2011-11-01
长安区 ,15.0,31.0,99.0,,,,,良,2011-10-31
长安区 ,17.0,20.0,78.0,,,,,良,2011-10-30
长安区 ,35.0,28.0,84.0,,,,,良,2011-10-29
长安区 ,22.0,24.0,93.0,,,,,良,2011-10-28
长安区 ,21.0,24.0,70.0,,,,,良,2011-10-27
长安区 ,23.0,22.0,54.0,,,,,良,2011-10-26
长安区 ,10.0,12.0,62.0,,,,,良,2011-10-25
长安区 ,10.0,15.0,52.0,,,,,良,2011-10-24
长安区 ,13.0,24.0,69.0,,,,,良,2011-10-23
长安区 ,24.0,18.0,85.0,,,,,良,2011-10-22
长安区 ,15.0,25.0,88.0,,,,,良,2011-10-21
长安区 ,35.0,29.0,95.0,,,,,良,2011-10-20
长安区 ,13.0,14.0,83.0,,,,,良,2011-10-19
长安区 ,13.0,27.0,72.0,,,,,良,2011-10-18
长安区 ,11.0,19.0,47.0,,,,,优,2011-10-17
长安区 ,22.0,17.0,60.0,,,,,良,2011-10-16
长安区 ,18.0,18.0,63.0,,,,,良,2011-10-15
长安区 ,13.0,17.0,60.0,,,,,良,2011-10-14
长安区 ,16.0,10.0,45.0,,,,,优,2011-10-13
长安区 ,12.0,11.0,54.0,,,,,良,2011-10-12
长安区 ,9.0,12.0,68.0,,,,,良,2011-10-11
长安区 ,13.0,10.0,66.0,,,,,良,2011-10-10
长安区 ,14.0,16.0,77.0,,,,,良,2011-10-09
长安区 ,17.0,20.0,78.0,,,,,良,2011-10-08
长安区 ,13.0,16.0,68.0,,,,,良,2011-10-07
长安区 ,19.0,17.0,54.0,,,,,良,2011-10-06
长安区 ,10.0,12.0,59.0,,,,,良,2011-10-05
长安区 ,10.0,12.0,59.0,,,,,良,2011-10-05
长安区 ,15.0,14.0,59.0,,,,,良,2011-10-05
长安区 ,16.0,14.0,57.0,,,,,良,2011-10-03
长安区 ,10.0,18.0,59.0,,,,,良,2011-10-02
长安区 ,18.0,17.0,53.0,,,,,良,2011-10-01
长安区 ,13.0,15.0,64.0,,,,,良,2011-09-30
长安区 ,11.0,7.0,41.0,,,,,优,2011-09-29
长安区 ,15.0,17.0,60.0,,,,,良,2011-09-28
长安区 ,18.0,22.0,53.0,,,,,良,2011-09-27
长安区 ,17.0,21.0,75.0,,,,,良,2011-09-26
长安区 ,21.0,20.0,100.0,,,,,良,2011-09-25
长安区 ,26.0,16.0,81.0,,,,,良,2011-09-24
长安区 ,16.0,12.0,66.0,,,,,良,2011-09-23
长安区 ,15.0,15.0,65.0,,,,,良,2011-09-22
长安区 ,11.0,10.0,47.0,,,,,优,2011-09-21
长安区 ,15.0,8.0,33.0,,,,,优,2011-09-20
长安区 ,6.0,10.0,26.0,,,,,优,2011-09-19
长安区 ,5.0,12.0,37.0,,,,,优,2011-09-18
长安区 ,6.0,10.0,44.0,,,,,优,2011-09-17
长安区 ,16.0,16.0,63.0,,,,,良,2011-09-16
长安区 ,12.0,17.0,54.0,,,,,良,2011-09-15
长安区 ,9.0,14.0,42.0,,,,,优,2011-09-14
长安区 ,13.0,16.0,36.0,,,,,优,2011-09-13
长安区 ,9.0,16.0,38.0,,,,,优,2011-09-12
长安区 ,9.0,15.0,59.0,,,,,良,2011-09-11
长安区 ,9.0,14.0,62.0,,,,,良,2011-09-10
长安区 ,10.0,20.0,68.0,,,,,良,2011-09-09
长安区 ,11.0,15.0,41.0,,,,,优,2011-09-08
长安区 ,8.0,10.0,32.0,,,,,优,2011-09-07
长安区 ,6.0,17.0,22.0,,,,,优,2011-09-06
长安区 ,8.0,18.0,32.0,,,,,优,2011-09-05
长安区 ,11.0,11.0,55.0,,,,,良,2011-09-04
长安区 ,13.0,20.0,72.0,,,,,良,2011-09-03
长安区 ,11.0,18.0,82.0,,,,,良,2011-09-02
长安区 ,16.0,22.0,87.0,,,,,良,2011-09-01
长安区 ,26.0,24.0,99.0,,,,,良,2011-08-31
长安区 ,17.0,20.0,92.0,,,,,良,2011-08-30
长安区 ,16.0,20.0,100.0,,,,,良,2011-08-29
长安区 ,13.0,20.0,87.0,,,,,良,2011-08-28
长安区 ,9.0,15.0,65.0,,,,,良,2011-08-27
长安区 ,18.0,17.0,52.0,,,,,良,2011-08-26
长安区 ,23.0,18.0,70.0,,,,,良,2011-08-25
长安区 ,22.0,10.0,72.0,,,,,良,2011-08-24
长安区 ,17.0,16.0,67.0,,,,,良,2011-08-23
长安区 ,23.0,9.0,54.0,,,,,良,2011-08-22
长安区 ,18.0,9.0,46.0,,,,,优,2011-08-21
长安区 ,25.0,8.0,39.0,,,,,优,2011-08-20
长安区 ,9.0,12.0,45.0,,,,,优,2011-08-19
长安区 ,23.0,15.0,55.0,,,,,良,2011-08-18
长安区 ,18.0,15.0,52.0,,,,,良,2011-08-17
长安区 ,12.0,10.0,61.0,,,,,良,2011-08-16
长安区 ,19.0,17.0,95.0,,,,,良,2011-08-15
长安区 ,28.0,17.0,91.0,,,,,良,2011-08-14
长安区 ,17.0,13.0,86.0,,,,,良,2011-08-13
长安区 ,16.0,12.0,98.0,,,,,良,2011-08-12
长安区 ,15.0,19.0,80.0,,,,,良,2011-08-11
长安区 ,33.0,20.0,86.0,,,,,良,2011-08-10
长安区 ,12.0,17.0,80.0,,,,,良,2011-08-09
长安区 ,22.0,18.0,86.0,,,,,良,2011-08-08
长安区 ,21.0,15.0,69.0,,,,,良,2011-08-07
长安区 ,10.0,13.0,39.0,,,,,优,2011-08-06
长安区 ,16.0,9.0,68.0,,,,,良,2011-08-06
长安区 ,17.0,19.0,88.0,,,,,良,2011-08-04
长安区 ,10.0,10.0,73.0,,,,,良,2011-08-03
长安区 ,7.0,9.0,42.0,,,,,优,2011-08-02
长安区 ,9.0,10.0,35.0,,,,,优,2011-08-01
长安区 ,13.0,14.0,38.0,,,,,优,2011-07-31
长安区 ,10.0,8.0,42.0,,,,,优,2011-07-30
长安区 ,12.0,12.0,51.0,,,,,良,2011-07-29
长安区 ,13.0,14.0,76.0,,,,,良,2011-07-28
长安区 ,12.0,30.0,77.0,,,,,良,2011-07-27
长安区 ,16.0,15.0,61.0,,,,,良,2011-07-26
长安区 ,10.0,14.0,72.0,,,,,良,2011-07-25
长安区 ,12.0,8.0,87.0,,,,,良,2011-07-24
长安区 ,12.0,12.0,63.0,,,,,良,2011-07-23
长安区 ,12.0,11.0,56.0,,,,,良,2011-07-22
长安区 ,13.0,11.0,70.0,,,,,良,2011-07-21
长安区 ,15.0,7.0,91.0,,,,,良,2011-07-20
长安区 ,11.0,7.0,82.0,,,,,良,2011-07-19
长安区 ,9.0,17.0,73.0,,,,,良,2011-07-18
长安区 ,9.0,13.0,79.0,,,,,良,2011-07-17
长安区 ,10.0,13.0,92.0,,,,,良,2011-07-16
长安区 ,15.0,14.0,93.0,,,,,良,2011-07-15
长安区 ,11.0,12.0,73.0,,,,,良,2011-07-14
长安区 ,9.0,14.0,85.0,,,,,良,2011-07-13
长安区 ,14.0,8.0,81.0,,,,,良,2011-07-12
长安区 ,16.0,19.0,87.0,,,,,良,2011-07-11
长安区 ,42.0,22.0,91.0,,,,,良,2011-07-10
长安区 ,24.0,22.0,85.0,,,,,良,2011-07-09
长安区 ,23.0,12.0,82.0,,,,,良,2011-07-08
长安区 ,15.0,17.0,38.0,,,,,优,2011-07-07
长安区 ,19.0,9.0,37.0,,,,,优,2011-07-06
长安区 ,20.0,8.0,75.0,,,,,良,2011-07-05
长安区 ,11.0,7.0,50.0,,,,,优,2011-07-04
长安区 ,20.0,9.0,72.0,,,,,良,2011-07-03
长安区 ,23.0,5.0,41.0,,,,,优,2011-07-02
长安区 ,27.0,7.0,58.0,,,,,良,2011-07-01
长安区 ,22.0,14.0,62.0,,,,,良,2011-06-30
长安区 ,22.0,14.0,75.0,,,,,良,2011-06-29
长安区 ,26.0,9.0,54.0,,,,,良,2011-06-28
长安区 ,35.0,7.0,51.0,,,,,良,2011-06-27
长安区 ,25.0,11.0,71.0,,,,,良,2011-06-26
长安区 ,20.0,23.0,69.0,,,,,良,2011-06-25
长安区 ,10.0,10.0,48.0,,,,,优,2011-06-24
长安区 ,18.0,19.0,46.0,,,,,优,2011-06-23
长安区 ,9.0,17.0,54.0,,,,,良,2011-06-22
长安区 ,16.0,9.0,53.0,,,,,良,2011-06-21
长安区 ,12.0,14.0,77.0,,,,,良,2011-06-20
长安区 ,16.0,18.0,62.0,,,,,良,2011-06-19
长安区 ,9.0,15.0,46.0,,,,,优,2011-06-18
长安区 ,16.0,19.0,81.0,,,,,良,2011-06-17
长安区 ,17.0,27.0,91.0,,,,,良,2011-06-16
长安区 ,23.0,12.0,65.0,,,,,良,2011-06-15
长安区 ,10.0,11.0,71.0,,,,,良,2011-06-14
长安区 ,30.0,15.0,87.0,,,,,良,2011-06-13
长安区 ,20.0,20.0,75.0,,,,,良,2011-06-12
长安区 ,16.0,15.0,53.0,,,,,良,2011-06-11
长安区 ,9.0,10.0,38.0,,,,,优,2011-06-10
长安区 ,15.0,22.0,83.0,,,,,良,2011-06-09
长安区 ,31.0,19.0,72.0,,,,,良,2011-06-08
长安区 ,36.0,25.0,85.0,,,,,良,2011-06-07
长安区 ,5.0,17.0,80.0,,,,,良,2011-06-07
长安区 ,17.0,24.0,100.0,,,,,良,2011-06-06
长安区 ,16.0,24.0,95.0,,,,,良,2011-06-05
长安区 ,16.0,24.0,90.0,,,,,良,2011-06-04
长安区 ,27.0,31.0,77.0,,,,,良,2011-06-03
长安区 ,20.0,22.0,94.0,,,,,良,2011-06-02
长安区 ,17.0,15.0,66.0,,,,,良,2011-06-01
长安区 ,9.0,14.0,54.0,,,,,良,2011-05-31
长安区 ,8.0,16.0,63.0,,,,,良,2011-05-30
长安区 ,15.0,17.0,79.0,,,,,良,2011-05-29
长安区 ,13.0,14.0,93.0,,,,,良,2011-05-28
长安区 ,17.0,19.0,79.0,,,,,良,2011-05-27
长安区 ,19.0,19.0,80.0,,,,,良,2011-05-26
长安区 ,15.0,19.0,72.0,,,,,良,2011-05-25
长安区 ,14.0,23.0,65.0,,,,,良,2011-05-24
长安区 ,8.0,8.0,37.0,,,,,优,2011-05-23
长安区 ,5.0,7.0,33.0,,,,,优,2011-05-22
长安区 ,4.0,12.0,42.0,,,,,优,2011-05-21
长安区 ,33.0,19.0,99.0,,,,,良,2011-05-20
长安区 ,23.0,22.0,97.0,,,,,良,2011-05-19
长安区 ,21.0,19.0,93.0,,,,,良,2011-05-18
长安区 ,20.0,21.0,65.0,,,,,良,2011-05-17
长安区 ,15.0,24.0,55.0,,,,,良,2011-05-16
长安区 ,12.0,24.0,49.0,,,,,优,2011-05-15
长安区 ,18.0,20.0,41.0,,,,,优,2011-05-14
长安区 ,14.0,17.0,52.0,,,,,良,2011-05-13
长安区 ,12.0,13.0,65.0,,,,,良,2011-05-12
长安区 ,8.0,20.0,56.0,,,,,良,2011-05-11
长安区 ,18.0,15.0,59.0,,,,,良,2011-05-10
长安区 ,14.0,19.0,94.0,,,,,良,2011-05-09
长安区 ,9.0,23.0,98.0,,,,,良,2011-05-08
长安区 ,18.0,20.0,88.0,,,,,良,2011-05-07
长安区 ,17.0,15.0,81.0,,,,,良,2011-05-06
长安区 ,12.0,16.0,86.0,,,,,良,2011-05-05
长安区 ,20.0,23.0,98.0,,,,,良,2011-05-04
长安区 ,17.0,17.0,66.0,,,,,良,2011-05-03
长安区 ,12.0,17.0,44.0,,,,,优,2011-05-02
长安区 ,14.0,24.0,96.0,,,,,良,2011-05-01
长安区 ,18.0,17.0,164.0,,,,,轻度污染,2011-04-30
长安区 ,22.0,46.0,99.0,,,,,良,2011-04-29
长安区 ,20.0,30.0,88.0,,,,,良,2011-04-28
长安区 ,23.0,18.0,97.0,,,,,良,2011-04-27
长安区 ,17.0,25.0,98.0,,,,,良,2011-04-26
长安区 ,41.0,30.0,96.0,,,,,良,2011-04-25
长安区 ,31.0,31.0,94.0,,,,,良,2011-04-24
长安区 ,27.0,27.0,90.0,,,,,良,2011-04-23
长安区 ,20.0,27.0,87.0,,,,,良,2011-04-22
长安区 ,18.0,39.0,95.0,,,,,良,2011-04-21
长安区 ,34.0,36.0,96.0,,,,,良,2011-04-20
长安区 ,28.0,13.0,85.0,,,,,良,2011-04-19
长安区 ,18.0,19.0,80.0,,,,,良,2011-04-18
长安区 ,23.0,25.0,85.0,,,,,良,2011-04-17
长安区 ,23.0,14.0,92.0,,,,,良,2011-04-16
长安区 ,18.0,23.0,92.0,,,,,良,2011-04-15
长安区 ,17.0,41.0,117.0,,,,,轻微污染,2011-04-14
长安区 ,52.0,72.0,144.0,,,,,轻微污染,2011-04-13
长安区 ,37.0,30.0,110.0,,,,,轻微污染,2011-04-12
长安区 ,34.0,32.0,80.0,,,,,良,2011-04-11
长安区 ,31.0,47.0,113.0,,,,,轻微污染,2011-04-10
长安区 ,20.0,35.0,93.0,,,,,良,2011-04-09
长安区 ,18.0,23.0,99.0,,,,,良,2011-04-08
长安区 ,27.0,21.0,89.0,,,,,良,2011-04-07
长安区 ,33.0,25.0,97.0,,,,,良,2011-04-06
长安区 ,37.0,42.0,98.0,,,,,良,2011-04-05
长安区 ,34.0,35.0,87.0,,,,,良,2011-04-04
长安区 ,37.0,30.0,66.0,,,,,良,2011-04-03
长安区 ,14.0,24.0,94.0,,,,,良,2011-04-02
长安区 ,63.0,65.0,94.0,,,,,良,2011-04-01
长安区 ,56.0,69.0,98.0,,,,,良,2011-03-31
长安区 ,71.0,87.0,107.0,,,,,轻微污染,2011-03-30
长安区 ,32.0,35.0,90.0,,,,,良,2011-03-29
长安区 ,60.0,53.0,97.0,,,,,良,2011-03-28
长安区 ,41.0,47.0,88.0,,,,,良,2011-03-27
长安区 ,45.0,24.0,94.0,,,,,良,2011-03-26
长安区 ,28.0,34.0,89.0,,,,,良,2011-03-25
长安区 ,29.0,37.0,68.0,,,,,良,2011-03-24
长安区 ,22.0,26.0,83.0,,,,,良,2011-03-23
长安区 ,9.0,15.0,60.0,,,,,良,2011-03-22
长安区 ,10.0,22.0,52.0,,,,,良,2011-03-21
长安区 ,24.0,14.0,94.0,,,,,良,2011-03-20
长安区 ,32.0,19.0,171.0,,,,,轻度污染,2011-03-19
长安区 ,44.0,30.0,129.0,,,,,轻微污染,2011-03-18
长安区 ,29.0,22.0,88.0,,,,,良,2011-03-17
长安区 ,33.0,25.0,84.0,,,,,良,2011-03-16
长安区 ,35.0,30.0,92.0,,,,,良,2011-03-15
长安区 ,44.0,25.0,166.0,,,,,轻度污染,2011-03-14
长安区 ,71.0,80.0,91.0,,,,,良,2011-03-13
长安区 ,59.0,38.0,90.0,,,,,良,2011-03-12
长安区 ,78.0,53.0,88.0,,,,,良,2011-03-11
长安区 ,49.0,25.0,87.0,,,,,良,2011-03-10
长安区 ,72.0,32.0,99.0,,,,,良,2011-03-09
长安区 ,56.0,33.0,95.0,,,,,良,2011-03-08
长安区 ,54.0,24.0,85.0,,,,,良,2011-03-07
长安区 ,67.0,28.0,98.0,,,,,良,2011-03-06
长安区 ,80.0,26.0,88.0,,,,,良,2011-03-05
长安区 ,62.0,22.0,75.0,,,,,良,2011-03-04
长安区 ,70.0,27.0,88.0,,,,,良,2011-03-03
长安区 ,36.0,39.0,61.0,,,,,良,2011-03-02
长安区 ,26.0,10.0,26.0,,,,,优,2011-03-01
长安区 ,73.0,28.0,73.0,,,,,良,2011-02-28
长安区 ,59.0,24.0,78.0,,,,,良,2011-02-27
长安区 ,85.0,27.0,123.0,,,,,轻微污染,2011-02-26
长安区 ,102.0,43.0,195.0,,,,,轻度污染,2011-02-25
长安区 ,95.0,65.0,182.0,,,,,轻度污染,2011-02-24
长安区 ,74.0,44.0,136.0,,,,,轻微污染,2011-02-23
长安区 ,103.0,67.0,165.0,,,,,轻度污染,2011-02-22
长安区 ,98.0,87.0,185.0,,,,,轻度污染,2011-02-21
长安区 ,71.0,60.0,149.0,,,,,轻微污染,2011-02-20
长安区 ,89.0,65.0,138.0,,,,,轻微污染,2011-02-19
长安区 ,91.0,47.0,133.0,,,,,轻微污染,2011-02-18
长安区 ,81.0,39.0,173.0,,,,,轻度污染,2011-02-17
长安区 ,93.0,39.0,115.0,,,,,轻微污染,2011-02-16
长安区 ,91.0,35.0,91.0,,,,,良,2011-02-15
长安区 ,43.0,18.0,43.0,,,,,优,2011-02-14
长安区 ,52.0,19.0,100.0,,,,,良,2011-02-13
长安区 ,79.0,17.0,97.0,,,,,良,2011-02-12
长安区 ,53.0,19.0,107.0,,,,,轻微污染,2011-02-11
长安区 ,52.0,19.0,87.0,,,,,良,2011-02-10
长安区 ,105.0,24.0,137.0,,,,,轻微污染,2011-02-09
长安区 ,66.0,30.0,93.0,,,,,良,2011-02-08
长安区 ,68.0,11.0,95.0,,,,,良,2011-02-07
长安区 ,70.0,25.0,108.0,,,,,轻微污染,2011-02-06
长安区 ,47.0,20.0,94.0,,,,,良,2011-02-05
长安区 ,91.0,29.0,181.0,,,,,轻度污染,2011-02-04
长安区 ,103.0,49.0,190.0,,,,,轻度污染,2011-02-03
长安区 ,67.0,25.0,114.0,,,,,轻微污染,2011-02-02
长安区 ,81.0,34.0,119.0,,,,,轻微污染,2011-02-01
长安区 ,62.0,42.0,85.0,,,,,良,2011-01-31
长安区 ,64.0,39.0,81.0,,,,,良,2011-01-30
长安区 ,52.0,20.0,56.0,,,,,良,2011-01-29
长安区 ,74.0,40.0,87.0,,,,,良,2011-01-28
长安区 ,110.0,67.0,141.0,,,,,轻微污染,2011-01-27
长安区 ,100.0,44.0,136.0,,,,,轻微污染,2011-01-26
长安区 ,95.0,47.0,113.0,,,,,轻微污染,2011-01-25
长安区 ,57.0,55.0,123.0,,,,,轻微污染,2011-01-24
长安区 ,64.0,64.0,105.0,,,,,轻微污染,2011-01-23
长安区 ,91.0,73.0,170.0,,,,,轻度污染,2011-01-22
长安区 ,51.0,47.0,122.0,,,,,轻微污染,2011-01-21
长安区 ,60.0,52.0,107.0,,,,,轻微污染,2011-01-20
长安区 ,85.0,48.0,121.0,,,,,轻微污染,2011-01-19
长安区 ,29.0,34.0,93.0,,,,,良,2011-01-18
长安区 ,77.0,36.0,87.0,,,,,良,2011-01-17
长安区 ,54.0,39.0,100.0,,,,,良,2011-01-16
长安区 ,54.0,45.0,120.0,,,,,轻微污染,2011-01-15
长安区 ,63.0,47.0,145.0,,,,,轻微污染,2011-01-14
长安区 ,97.0,57.0,123.0,,,,,轻微污染,2011-01-13
长安区 ,62.0,42.0,114.0,,,,,轻微污染,2011-01-12
长安区 ,54.0,40.0,91.0,,,,,良,2011-01-11
长安区 ,73.0,47.0,95.0,,,,,良,2011-01-10
长安区 ,61.0,32.0,101.0,,,,,轻微污染,2011-01-09
长安区 ,57.0,35.0,96.0,,,,,良,2011-01-09
长安区 ,49.0,32.0,94.0,,,,,良,2011-01-07
长安区 ,52.0,27.0,84.0,,,,,良,2011-01-06
长安区 ,56.0,45.0,127.0,,,,,轻微污染,2011-01-05
长安区 ,85.0,35.0,117.0,,,,,轻微污染,2011-01-04
长安区 ,72.0,45.0,91.0,,,,,良,2011-01-03
长安区 ,72.0,27.0,96.0,,,,,良,2011-01-02
长安区 ,61.0,27.0,93.0,,,,,良,2011-01-01
长安区 ,39.0,34.0,93.0,,,,,良,2010-12-31
长安区 ,20.0,28.0,70.0,,,,,良,2010-12-30
长安区 ,60.0,53.0,142.0,,,,,轻微污染,2010-12-29
长安区 ,34.0,34.0,87.0,,,,,良,2010-12-28
长安区 ,33.0,45.0,137.0,,,,,轻微污染,2010-12-27
长安区 ,29.0,26.0,81.0,,,,,良,2010-12-26
长安区 ,36.0,43.0,92.0,,,,,良,2010-12-25
长安区 ,61.0,63.0,98.0,,,,,良,2010-12-24
长安区 ,54.0,49.0,150.0,,,,,轻微污染,2010-12-23
长安区 ,50.0,40.0,106.0,,,,,轻微污染,2010-12-22
长安区 ,52.0,42.0,122.0,,,,,轻微污染,2010-12-21
长安区 ,46.0,32.0,98.0,,,,,良,2010-12-20
长安区 ,64.0,37.0,99.0,,,,,良,2010-12-19
长安区 ,78.0,87.0,135.0,,,,,轻微污染,2010-12-18
长安区 ,55.0,34.0,97.0,,,,,良,2010-12-17
长安区 ,27.0,17.0,68.0,,,,,良,2010-12-16
长安区 ,65.0,38.0,67.0,,,,,良,2010-12-15
长安区 ,72.0,40.0,107.0,,,,,轻微污染,2010-12-14
长安区 ,82.0,78.0,160.0,,,,,轻度污染,2010-12-13
长安区 ,70.0,68.0,144.0,,,,,轻微污染,2010-12-12
长安区 ,30.0,35.0,92.0,,,,,良,2010-12-11
长安区 ,57.0,47.0,143.0,,,,,轻微污染,2010-12-10
长安区 ,37.0,34.0,139.0,,,,,轻微污染,2010-12-09
长安区 ,55.0,38.0,96.0,,,,,良,2010-12-08
长安区 ,43.0,27.0,105.0,,,,,轻微污染,2010-12-07
长安区 ,44.0,15.0,106.0,,,,,轻微污染,2010-12-06
长安区 ,60.0,103.0,160.0,,,,,轻度污染,2010-12-05
长安区 ,60.0,49.0,154.0,,,,,轻度污染,2010-12-04
长安区 ,40.0,23.0,96.0,,,,,良,2010-12-03
长安区 ,40.0,23.0,99.0,,,,,良,2010-12-02
长安区 ,30.0,24.0,96.0,,,,,良,2010-12-01
长安区 ,53.0,6.0,97.0,,,,,良,2010-11-30
长安区 ,36.0,31.0,72.0,,,,,良,2010-11-29
长安区 ,63.0,49.0,110.0,,,,,轻微污染,2010-11-28
长安区 ,60.0,52.0,98.0,,,,,良,2010-11-27
长安区 ,77.0,58.0,125.0,,,,,轻微污染,2010-11-26
长安区 ,53.0,34.0,105.0,,,,,轻微污染,2010-11-25
长安区 ,64.0,44.0,118.0,,,,,轻微污染,2010-11-24
长安区 ,79.0,44.0,93.0,,,,,良,2010-11-23
长安区 ,83.0,64.0,94.0,,,,,良,2010-11-22
长安区 ,83.0,52.0,99.0,,,,,良,2010-11-21
长安区 ,55.0,29.0,118.0,,,,,轻微污染,2010-11-20
长安区 ,77.0,70.0,93.0,,,,,良,2010-11-19
长安区 ,88.0,83.0,152.0,,,,,轻度污染,2010-11-18
长安区 ,63.0,43.0,130.0,,,,,轻微污染,2010-11-17
长安区 ,62.0,45.0,108.0,,,,,轻微污染,2010-11-16
长安区 ,70.0,37.0,94.0,,,,,良,2010-11-15
长安区 ,62.0,45.0,95.0,,,,,良,2010-11-14
长安区 ,58.0,45.0,92.0,,,,,良,2010-11-13
长安区 ,27.0,27.0,105.0,,,,,轻微污染,2010-11-12
长安区 ,31.0,24.0,107.0,,,,,轻微污染,2010-11-11
长安区 ,35.0,37.0,92.0,,,,,良,2010-11-10
长安区 ,36.0,32.0,95.0,,,,,良,2010-11-10
长安区 ,35.0,33.0,82.0,,,,,良,2010-11-08
长安区 ,56.0,36.0,95.0,,,,,良,2010-11-07
长安区 ,56.0,88.0,137.0,,,,,轻微污染,2010-11-06
长安区 ,49.0,42.0,96.0,,,,,良,2010-11-05
长安区 ,53.0,35.0,99.0,,,,,良,2010-11-04
长安区 ,53.0,21.0,147.0,,,,,轻微污染,2010-11-03
长安区 ,46.0,26.0,90.0,,,,,良,2010-11-02
长安区 ,70.0,65.0,168.0,,,,,轻度污染,2010-11-01
长安区 ,56.0,83.0,146.0,,,,,轻微污染,2010-10-31
长安区 ,53.0,45.0,119.0,,,,,轻微污染,2010-10-30
长安区 ,37.0,31.0,95.0,,,,,良,2010-10-29
长安区 ,53.0,22.0,98.0,,,,,良,2010-10-28
长安区 ,39.0,18.0,88.0,,,,,良,2010-10-27
长安区 ,24.0,9.0,63.0,,,,,良,2010-10-26
长安区 ,20.0,19.0,90.0,,,,,良,2010-10-25
长安区 ,53.0,47.0,95.0,,,,,良,2010-10-24
长安区 ,54.0,42.0,86.0,,,,,良,2010-10-23
长安区 ,58.0,50.0,91.0,,,,,良,2010-10-22
长安区 ,54.0,55.0,116.0,,,,,轻微污染,2010-10-21
长安区 ,44.0,37.0,139.0,,,,,轻微污染,2010-10-20
长安区 ,40.0,57.0,120.0,,,,,轻微污染,2010-10-19
长安区 ,30.0,70.0,108.0,,,,,轻微污染,2010-10-18
长安区 ,55.0,49.0,96.0,,,,,良,2010-10-17
长安区 ,47.0,47.0,74.0,,,,,良,2010-10-16
长安区 ,44.0,35.0,68.0,,,,,良,2010-10-15
长安区 ,50.0,27.0,64.0,,,,,良,2010-10-14
长安区 ,35.0,19.0,64.0,,,,,良,2010-10-13
长安区 ,20.0,29.0,67.0,,,,,良,2010-10-12
长安区 ,11.0,14.0,53.0,,,,,良,2010-10-11
长安区 ,31.0,30.0,91.0,,,,,良,2010-10-10
长安区 ,55.0,27.0,144.0,,,,,轻微污染,2010-10-09
长安区 ,48.0,29.0,96.0,,,,,良,2010-10-08
长安区 ,41.0,27.0,95.0,,,,,良,2010-10-07
长安区 ,32.0,35.0,65.0,,,,,良,2010-10-06
长安区 ,26.0,25.0,62.0,,,,,良,2010-10-05
长安区 ,21.0,23.0,62.0,,,,,良,2010-10-04
长安区 ,13.0,14.0,81.0,,,,,良,2010-10-03
长安区 ,23.0,8.0,53.0,,,,,良,2010-10-02
长安区 ,30.0,19.0,84.0,,,,,良,2010-10-01
长安区 ,34.0,15.0,81.0,,,,,良,2010-09-30
长安区 ,35.0,22.0,66.0,,,,,良,2010-09-29
长安区 ,41.0,42.0,99.0,,,,,良,2010-09-28
长安区 ,34.0,17.0,62.0,,,,,良,2010-09-27
长安区 ,23.0,16.0,89.0,,,,,良,2010-09-26
长安区 ,16.0,17.0,90.0,,,,,良,2010-09-25
长安区 ,37.0,22.0,98.0,,,,,良,2010-09-24
长安区 ,21.0,15.0,48.0,,,,,优,2010-09-23
长安区 ,13.0,12.0,53.0,,,,,良,2010-09-22
长安区 ,24.0,17.0,97.0,,,,,良,2010-09-21
长安区 ,22.0,19.0,85.0,,,,,良,2010-09-20
长安区 ,12.0,19.0,77.0,,,,,良,2010-09-19
长安区 ,26.0,10.0,82.0,,,,,良,2010-09-18
长安区 ,12.0,13.0,68.0,,,,,良,2010-09-17
长安区 ,17.0,18.0,96.0,,,,,良,2010-09-16
长安区 ,30.0,12.0,113.0,,,,,轻微污染,2010-09-15
长安区 ,23.0,9.0,95.0,,,,,良,2010-09-14
长安区 ,21.0,9.0,89.0,,,,,良,2010-09-13
长安区 ,30.0,9.0,85.0,,,,,良,2010-09-12
长安区 ,15.0,6.0,52.0,,,,,良,2010-09-11
长安区 ,10.0,10.0,60.0,,,,,良,2010-09-10
长安区 ,21.0,5.0,77.0,,,,,良,2010-09-09
长安区 ,24.0,12.0,66.0,,,,,良,2010-09-08
长安区 ,12.0,9.0,62.0,,,,,良,2010-09-07
长安区 ,7.0,9.0,96.0,,,,,良,2010-09-06
长安区 ,12.0,14.0,77.0,,,,,良,2010-09-05
长安区 ,13.0,12.0,90.0,,,,,良,2010-09-04
长安区 ,20.0,15.0,80.0,,,,,良,2010-09-03
长安区 ,20.0,13.0,78.0,,,,,良,2010-09-02
长安区 ,18.0,15.0,69.0,,,,,良,2010-09-01
长安区 ,15.0,15.0,60.0,,,,,良,2010-08-31
长安区 ,15.0,15.0,100.0,,,,,良,2010-08-30
长安区 ,17.0,18.0,93.0,,,,,良,2010-08-29
长安区 ,31.0,24.0,72.0,,,,,良,2010-08-28
长安区 ,24.0,20.0,64.0,,,,,良,2010-08-27
长安区 ,18.0,15.0,58.0,,,,,良,2010-08-26
长安区 ,16.0,18.0,42.0,,,,,优,2010-08-25
长安区 ,5.0,3.0,15.0,,,,,优,2010-08-24
长安区 ,16.0,12.0,51.0,,,,,良,2010-08-23
长安区 ,7.0,11.0,27.0,,,,,优,2010-08-22
长安区 ,7.0,8.0,53.0,,,,,良,2010-08-21
长安区 ,10.0,5.0,22.0,,,,,优,2010-08-20
长安区 ,17.0,12.0,81.0,,,,,良,2010-08-19
长安区 ,12.0,9.0,90.0,,,,,良,2010-08-18
长安区 ,10.0,10.0,97.0,,,,,良,2010-08-17
长安区 ,10.0,7.0,69.0,,,,,良,2010-08-16
长安区 ,7.0,12.0,53.0,,,,,良,2010-08-15
长安区 ,8.0,8.0,51.0,,,,,良,2010-08-14
长安区 ,13.0,7.0,51.0,,,,,良,2010-08-13
长安区 ,4.0,9.0,79.0,,,,,良,2010-08-12
长安区 ,14.0,12.0,100.0,,,,,良,2010-08-12
长安区 ,12.0,9.0,91.0,,,,,良,2010-08-10
长安区 ,13.0,16.0,97.0,,,,,良,2010-08-09
长安区 ,7.0,14.0,95.0,,,,,良,2010-08-08
长安区 ,7.0,9.0,93.0,,,,,良,2010-08-07
长安区 ,4.0,19.0,91.0,,,,,良,2010-08-06
长安区 ,6.0,8.0,87.0,,,,,良,2010-08-05
长安区 ,15.0,17.0,78.0,,,,,良,2010-08-04
长安区 ,8.0,14.0,98.0,,,,,良,2010-08-03
长安区 ,4.0,7.0,60.0,,,,,良,2010-08-02
长安区 ,13.0,7.0,108.0,,,,,轻微污染,2010-08-01
长安区 ,12.0,13.0,100.0,,,,,良,2010-07-31
长安区 ,13.0,15.0,88.0,,,,,良,2010-07-30
长安区 ,13.0,13.0,112.0,,,,,轻微污染,2010-07-29
长安区 ,10.0,7.0,94.0,,,,,良,2010-07-28
长安区 ,10.0,7.0,83.0,,,,,良,2010-07-27
长安区 ,6.0,9.0,79.0,,,,,良,2010-07-26
长安区 ,4.0,7.0,64.0,,,,,良,2010-07-25
长安区 ,6.0,7.0,67.0,,,,,良,2010-07-24
长安区 ,2.0,9.0,93.0,,,,,良,2010-07-23
长安区 ,8.0,12.0,67.0,,,,,良,2010-07-22
长安区 ,12.0,9.0,94.0,,,,,良,2010-07-21
长安区 ,13.0,10.0,88.0,,,,,良,2010-07-20
长安区 ,2.0,7.0,63.0,,,,,良,2010-07-19
长安区 ,3.0,5.0,51.0,,,,,良,2010-07-18
长安区 ,2.0,19.0,74.0,,,,,良,2010-07-17
长安区 ,6.0,20.0,64.0,,,,,良,2010-07-16
长安区 ,3.0,9.0,76.0,,,,,良,2010-07-15
长安区 ,12.0,12.0,95.0,,,,,良,2010-07-14
长安区 ,5.0,7.0,82.0,,,,,良,2010-07-13
长安区 ,15.0,7.0,88.0,,,,,良,2010-07-12
长安区 ,13.0,19.0,62.0,,,,,良,2010-07-11
长安区 ,5.0,7.0,42.0,,,,,优,2010-07-10
长安区 ,13.0,8.0,83.0,,,,,良,2010-07-09
长安区 ,13.0,7.0,97.0,,,,,良,2010-07-08
长安区 ,9.0,7.0,95.0,,,,,良,2010-07-07
长安区 ,13.0,9.0,92.0,,,,,良,2010-07-06
长安区 ,8.0,12.0,69.0,,,,,良,2010-07-05
长安区 ,15.0,11.0,60.0,,,,,良,2010-07-04
长安区 ,23.0,9.0,80.0,,,,,良,2010-07-03
长安区 ,11.0,8.0,70.0,,,,,良,2010-07-02
长安区 ,8.0,7.0,52.0,,,,,良,2010-07-01
长安区 ,13.0,10.0,56.0,,,,,良,2010-06-30
长安区 ,24.0,14.0,73.0,,,,,良,2010-06-29
长安区 ,18.0,14.0,83.0,,,,,良,2010-06-28
长安区 ,16.0,10.0,75.0,,,,,良,2010-06-27
长安区 ,18.0,9.0,80.0,,,,,良,2010-06-26
长安区 ,11.0,7.0,91.0,,,,,良,2010-06-25
长安区 ,19.0,12.0,97.0,,,,,良,2010-06-24
长安区 ,18.0,13.0,80.0,,,,,良,2010-06-23
长安区 ,19.0,11.0,87.0,,,,,良,2010-06-22
长安区 ,22.0,7.0,93.0,,,,,良,2010-06-21
长安区 ,21.0,14.0,99.0,,,,,良,2010-06-20
长安区 ,15.0,15.0,97.0,,,,,良,2010-06-19
长安区 ,29.0,14.0,102.0,,,,,轻微污染,2010-06-18
长安区 ,12.0,12.0,95.0,,,,,良,2010-06-17
长安区 ,18.0,13.0,93.0,,,,,良,2010-06-16
长安区 ,16.0,9.0,102.0,,,,,轻微污染,2010-06-15
长安区 ,11.0,12.0,87.0,,,,,良,2010-06-14
长安区 ,17.0,12.0,94.0,,,,,良,2010-06-13
长安区 ,15.0,9.0,93.0,,,,,良,2010-06-12
长安区 ,19.0,15.0,94.0,,,,,良,2010-06-11
长安区 ,9.0,12.0,66.0,,,,,良,2010-06-10
长安区 ,10.0,8.0,59.0,,,,,良,2010-06-09
长安区 ,16.0,10.0,80.0,,,,,良,2010-06-08
长安区 ,17.0,10.0,87.0,,,,,良,2010-06-07
长安区 ,10.0,17.0,96.0,,,,,良,2010-06-06
长安区 ,16.0,12.0,81.0,,,,,良,2010-06-05
长安区 ,21.0,7.0,85.0,,,,,良,2010-06-04
长安区 ,14.0,14.0,73.0,,,,,良,2010-06-03
长安区 ,16.0,12.0,60.0,,,,,良,2010-06-02
长安区 ,18.0,9.0,57.0,,,,,良,2010-06-01
长安区 ,11.0,10.0,96.0,,,,,良,2010-05-31
长安区 ,11.0,12.0,98.0,,,,,良,2010-05-30
长安区 ,16.0,6.0,92.0,,,,,良,2010-05-29
长安区 ,12.0,7.0,72.0,,,,,良,2010-05-28
长安区 ,7.0,5.0,60.0,,,,,良,2010-05-27
长安区 ,8.0,5.0,98.0,,,,,良,2010-05-26
长安区 ,23.0,14.0,92.0,,,,,良,2010-05-25
长安区 ,19.0,15.0,99.0,,,,,良,2010-05-24
长安区 ,12.0,14.0,71.0,,,,,良,2010-05-23
长安区 ,22.0,15.0,65.0,,,,,良,2010-05-22
长安区 ,19.0,12.0,100.0,,,,,良,2010-05-21
长安区 ,14.0,10.0,97.0,,,,,良,2010-05-20
长安区 ,16.0,12.0,94.0,,,,,良,2010-05-19
长安区 ,12.0,12.0,65.0,,,,,良,2010-05-18
长安区 ,20.0,11.0,109.0,,,,,轻微污染,2010-05-17
长安区 ,20.0,12.0,108.0,,,,,轻微污染,2010-05-16
长安区 ,17.0,10.0,108.0,,,,,轻微污染,2010-05-15
长安区 ,10.0,9.0,73.0,,,,,良,2010-05-14
长安区 ,12.0,24.0,112.0,,,,,轻微污染,2010-05-13
长安区 ,18.0,19.0,108.0,,,,,轻微污染,2010-05-12
长安区 ,28.0,19.0,103.0,,,,,轻微污染,2010-05-11
长安区 ,31.0,8.0,159.0,,,,,轻度污染,2010-05-10
长安区 ,26.0,11.0,97.0,,,,,良,2010-05-09
长安区 ,32.0,9.0,84.0,,,,,良,2010-05-08
长安区 ,31.0,7.0,91.0,,,,,良,2010-05-07
长安区 ,10.0,6.0,79.0,,,,,良,2010-05-06
长安区 ,23.0,8.0,90.0,,,,,良,2010-05-05
长安区 ,29.0,14.0,83.0,,,,,良,2010-05-04
长安区 ,44.0,15.0,104.0,,,,,轻微污染,2010-05-03
长安区 ,25.0,10.0,104.0,,,,,轻微污染,2010-05-02
长安区 ,31.0,17.0,95.0,,,,,良,2010-05-01
长安区 ,31.0,17.0,121.0,,,,,轻微污染,2010-04-30
长安区 ,23.0,9.0,186.0,,,,,轻度污染,2010-04-29
长安区 ,14.0,9.0,193.0,,,,,轻度污染,2010-04-28
长安区 ,28.0,9.0,201.0,,,,,中度污染,2010-04-27
长安区 ,20.0,12.0,207.0,,,,,中度污染,2010-04-26
长安区 ,20.0,20.0,109.0,,,,,轻微污染,2010-04-25
长安区 ,33.0,17.0,71.0,,,,,良,2010-04-24
长安区 ,36.0,10.0,82.0,,,,,良,2010-04-23
长安区 ,17.0,7.0,58.0,,,,,良,2010-04-22
长安区 ,10.0,10.0,43.0,,,,,优,2010-04-21
长安区 ,30.0,15.0,86.0,,,,,良,2010-04-20
长安区 ,39.0,20.0,97.0,,,,,良,2010-04-19
长安区 ,40.0,20.0,73.0,,,,,良,2010-04-18
长安区 ,23.0,28.0,73.0,,,,,良,2010-04-17
长安区 ,20.0,17.0,63.0,,,,,良,2010-04-16
长安区 ,23.0,11.0,59.0,,,,,良,2010-04-15
长安区 ,35.0,10.0,63.0,,,,,良,2010-04-14
长安区 ,14.0,7.0,53.0,,,,,良,2010-04-13
长安区 ,30.0,13.0,90.0,,,,,良,2010-04-12
长安区 ,31.0,19.0,92.0,,,,,良,2010-04-11
长安区 ,29.0,14.0,94.0,,,,,良,2010-04-10
长安区 ,27.0,24.0,88.0,,,,,良,2010-04-09
长安区 ,39.0,26.0,95.0,,,,,良,2010-04-08
长安区 ,25.0,22.0,77.0,,,,,良,2010-04-07
长安区 ,25.0,20.0,80.0,,,,,良,2010-04-06
长安区 ,35.0,19.0,79.0,,,,,良,2010-04-05
长安区 ,28.0,20.0,75.0,,,,,良,2010-04-04
长安区 ,30.0,15.0,91.0,,,,,良,2010-04-03
长安区 ,26.0,14.0,85.0,,,,,良,2010-04-02
长安区 ,19.0,14.0,97.0,,,,,良,2010-04-01
长安区 ,29.0,19.0,114.0,,,,,轻微污染,2010-03-31
长安区 ,41.0,24.0,115.0,,,,,轻微污染,2010-03-30
长安区 ,40.0,28.0,96.0,,,,,良,2010-03-29
长安区 ,28.0,22.0,76.0,,,,,良,2010-03-28
长安区 ,29.0,21.0,87.0,,,,,良,2010-03-27
长安区 ,29.0,15.0,100.0,,,,,良,2010-03-26
长安区 ,19.0,15.0,80.0,,,,,良,2010-03-25
长安区 ,25.0,14.0,94.0,,,,,良,2010-03-24
长安区 ,14.0,10.0,88.0,,,,,良,2010-03-23
长安区 ,45.0,27.0,188.0,,,,,轻度污染,2010-03-22
长安区 ,27.0,14.0,134.0,,,,,轻微污染,2010-03-21
长安区 ,22.0,16.0,149.0,,,,,轻微污染,2010-03-20
长安区 ,41.0,24.0,107.0,,,,,轻微污染,2010-03-19
长安区 ,32.0,24.0,160.0,,,,,轻度污染,2010-03-18
长安区 ,29.0,24.0,106.0,,,,,轻微污染,2010-03-17
长安区 ,31.0,22.0,95.0,,,,,良,2010-03-16
长安区 ,27.0,20.0,77.0,,,,,良,2010-03-15
长安区 ,34.0,25.0,91.0,,,,,良,2010-03-14
长安区 ,42.0,20.0,99.0,,,,,良,2010-03-13
长安区 ,30.0,24.0,73.0,,,,,良,2010-03-12
长安区 ,41.0,27.0,79.0,,,,,良,2010-03-11
长安区 ,29.0,15.0,57.0,,,,,良,2010-03-10
长安区 ,30.0,10.0,45.0,,,,,优,2010-03-09
长安区 ,43.0,22.0,82.0,,,,,良,2010-03-08
长安区 ,62.0,29.0,75.0,,,,,良,2010-03-07
长安区 ,45.0,21.0,52.0,,,,,良,2010-03-06
长安区 ,59.0,26.0,82.0,,,,,良,2010-03-05
长安区 ,52.0,23.0,68.0,,,,,良,2010-03-04
长安区 ,50.0,20.0,79.0,,,,,良,2010-03-03
长安区 ,52.0,23.0,95.0,,,,,良,2010-03-02
长安区 ,77.0,23.0,112.0,,,,,轻微污染,2010-03-01
长安区 ,67.0,22.0,105.0,,,,,轻微污染,2010-02-28
长安区 ,55.0,20.0,82.0,,,,,良,2010-02-27
长安区 ,29.0,24.0,67.0,,,,,良,2010-02-26
长安区 ,44.0,22.0,73.0,,,,,良,2010-02-25
长安区 ,78.0,33.0,101.0,,,,,轻微污染,2010-02-24
长安区 ,23.0,20.0,73.0,,,,,良,2010-02-23
长安区 ,20.0,9.0,59.0,,,,,良,2010-02-22
长安区 ,34.0,10.0,64.0,,,,,良,2010-02-21
长安区 ,45.0,20.0,56.0,,,,,良,2010-02-20
长安区 ,10.0,9.0,53.0,,,,,良,2010-02-19
长安区 ,27.0,17.0,55.0,,,,,良,2010-02-18
长安区 ,17.0,5.0,56.0,,,,,良,2010-02-17
长安区 ,21.0,10.0,60.0,,,,,良,2010-02-16
长安区 ,10.0,7.0,64.0,,,,,良,2010-02-15
长安区 ,49.0,7.0,67.0,,,,,良,2010-02-14
长安区 ,51.0,10.0,61.0,,,,,良,2010-02-13
长安区 ,28.0,12.0,44.0,,,,,优,2010-02-12
长安区 ,26.0,21.0,46.0,,,,,优,2010-02-11
长安区 ,46.0,32.0,67.0,,,,,良,2010-02-10
长安区 ,67.0,62.0,107.0,,,,,轻微污染,2010-02-09
长安区 ,70.0,42.0,101.0,,,,,轻微污染,2010-02-08
长安区 ,71.0,37.0,128.0,,,,,轻微污染,2010-02-07
长安区 ,66.0,34.0,115.0,,,,,轻微污染,2010-02-06
长安区 ,81.0,34.0,109.0,,,,,轻微污染,2010-02-05
长安区 ,55.0,25.0,111.0,,,,,轻微污染,2010-02-04
长安区 ,46.0,31.0,100.0,,,,,良,2010-02-03
长安区 ,44.0,17.0,100.0,,,,,良,2010-02-02
长安区 ,29.0,28.0,67.0,,,,,良,2010-02-01
长安区 ,17.0,20.0,66.0,,,,,良,2010-01-31
长安区 ,51.0,24.0,74.0,,,,,良,2010-01-30
长安区 ,24.0,34.0,88.0,,,,,良,2010-01-29
长安区 ,18.0,18.0,78.0,,,,,良,2010-01-28
长安区 ,69.0,24.0,71.0,,,,,良,2010-01-27
长安区 ,30.0,19.0,62.0,,,,,良,2010-01-26
长安区 ,51.0,22.0,78.0,,,,,良,2010-01-25
长安区 ,36.0,20.0,60.0,,,,,良,2010-01-24
长安区 ,24.0,15.0,54.0,,,,,良,2010-01-23
长安区 ,16.0,14.0,57.0,,,,,良,2010-01-22
长安区 ,16.0,12.0,67.0,,,,,良,2010-01-21
长安区 ,87.0,36.0,125.0,,,,,轻微污染,2010-01-20
长安区 ,97.0,43.0,112.0,,,,,轻微污染,2010-01-19
长安区 ,59.0,33.0,119.0,,,,,轻微污染,2010-01-18
长安区 ,60.0,29.0,102.0,,,,,轻微污染,2010-01-17
长安区 ,80.0,36.0,97.0,,,,,良,2010-01-16
长安区 ,101.0,40.0,91.0,,,,,轻微污染,2010-01-15
长安区 ,62.0,17.0,71.0,,,,,良,2010-01-14
长安区 ,37.0,22.0,63.0,,,,,良,2010-01-13
长安区 ,40.0,15.0,59.0,,,,,良,2010-01-12
长安区 ,72.0,27.0,87.0,,,,,良,2010-01-11
长安区 ,96.0,44.0,154.0,,,,,轻度污染,2010-01-10
长安区 ,89.0,35.0,117.0,,,,,轻微污染,2010-01-09
长安区 ,114.0,35.0,140.0,,,,,轻微污染,2010-01-08
长安区 ,82.0,27.0,121.0,,,,,轻微污染,2010-01-07
长安区 ,56.0,22.0,101.0,,,,,轻微污染,2010-01-06
长安区 ,44.0,17.0,71.0,,,,,良,2010-01-05
长安区 ,65.0,25.0,93.0,,,,,良,2010-01-04
长安区 ,55.0,22.0,88.0,,,,,良,2010-01-03
长安区 ,58.0,19.0,67.0,,,,,良,2010-01-02
长安区 ,62.0,22.0,84.0,,,,,良,2010-01-01
阎良区 ,51.0,54.0,90.0,35.0,21.0,30.0,94.0,良,2013-04-26
阎良区 ,41.0,52.0,87.0,34.0,18.0,25.0,87.0,良,2013-04-25
阎良区 ,36.0,50.0,142.0,50.0,21.0,32.0,158.0,中度,2013-04-24
阎良区 ,,43.0,163.0,51.0,36.0,,207.0,重度,2013-04-23
阎良区 ,,23.0,155.0,40.0,,,189.0,中度,2013-04-22
阎良区 ,17.0,22.0,105.0,40.0,31.0,48.0,147.0,轻度,2013-04-21
阎良区 ,,20.0,82.0,28.0,25.0,37.0,99.0,良,2013-04-20
阎良区 ,,19.0,,28.0,21.0,32.0,92.0,良,2013-04-19
阎良区 ,22.0,24.0,233.0,29.0,22.0,32.0,144.0,重度,2013-04-18
阎良区 ,41.0,33.0,181.0,34.0,31.0,43.0,138.0,中度,2013-04-17
阎良区 ,44.0,32.0,,34.0,25.0,31.0,90.0,良,2013-04-16
阎良区 ,50.0,30.0,107.0,43.0,20.0,26.0,72.0,轻度,2013-04-15
阎良区 ,50.0,30.0,109.0,40.0,18.0,24.0,70.0,轻度,2013-04-14
阎良区 ,50.0,29.0,99.0,39.0,17.0,25.0,65.0,良,2013-04-13
阎良区 ,53.0,,110.0,42.0,22.0,30.0,88.0,轻度,2013-04-12
阎良区 ,48.0,141.0,106.0,38.0,18.0,25.0,79.0,轻度,2013-04-11
阎良区 ,38.0,127.0,93.0,29.0,18.0,27.0,60.0,轻度,2013-04-10
阎良区 ,35.0,,88.0,23.0,17.0,26.0,49.0,良,2013-04-09
阎良区 ,23.0,90.0,145.0,26.0,19.0,27.0,79.0,轻度,2013-04-08
阎良区 ,27.0,73.0,120.0,35.0,16.0,22.0,95.0,轻度,2013-04-07
阎良区 ,12.0,48.0,113.0,31.0,15.0,22.0,87.0,轻度,2013-04-06
阎良区 ,4.0,38.0,102.0,24.0,22.0,26.0,53.0,轻度,2013-04-05
阎良区 ,10.0,35.0,160.0,38.0,24.0,36.0,160.0,中度,2013-04-04
阎良区 ,25.0,67.0,162.0,44.0,25.0,33.0,179.0,中度,2013-04-03
阎良区 ,28.0,53.0,129.0,37.0,16.0,25.0,119.0,轻度,2013-04-02
阎良区 ,15.0,60.0,171.0,42.0,16.0,24.0,195.0,中度,2013-04-01
阎良区 ,20.0,54.0,185.0,44.0,17.0,28.0,236.0,重度,2013-03-31
阎良区 ,34.0,69.0,190.0,39.0,17.0,25.0,233.0,重度,2013-03-30
阎良区 ,26.0,47.0,177.0,38.0,20.0,30.0,204.0,重度,2013-03-29
阎良区 ,43.0,79.0,144.0,37.0,14.0,19.0,130.0,轻度,2013-03-28
阎良区 ,42.0,100.0,161.0,46.0,14.0,19.0,176.0,中度,2013-03-27
阎良区 ,30.0,34.0,142.0,22.0,19.0,26.0,109.0,轻度,2013-03-24
阎良区 ,43.0,72.0,190.0,35.0,19.0,23.0,219.0,重度,2013-03-23
阎良区 ,29.0,63.0,168.0,35.0,15.0,21.0,183.0,中度,2013-03-22
阎良区 ,35.0,70.0,162.0,66.0,15.0,20.0,129.0,中度,2013-03-20
阎良区 ,51.0,104.0,179.0,67.0,11.0,14.0,125.0,中度,2013-03-19
阎良区 ,35.0,,152.0,59.0,13.0,16.0,89.0,中度,2013-03-18
阎良区 ,29.0,,157.0,65.0,20.0,25.0,182.0,中度,2013-03-17
阎良区 ,44.0,,198.0,70.0,14.0,21.0,239.0,重度,2013-03-16
阎良区 ,42.0,,155.0,63.0,18.0,26.0,189.0,中度,2013-03-15
阎良区 ,32.0,,158.0,60.0,19.0,28.0,152.0,中度,2013-03-14
阎良区 ,46.0,,500.0,47.0,16.0,19.0,272.0,严重,2013-03-13
阎良区 ,31.0,,500.0,36.0,5.0,5.0,255.0,严重,2013-03-12
阎良区 ,34.0,,123.0,32.0,6.0,8.0,105.0,轻度,2013-03-11
阎良区 ,25.0,,258.0,26.0,6.0,7.0,114.0,重度,2013-03-10
阎良区 ,18.0,,500.0,33.0,5.0,8.0,287.0,严重,2013-03-09
阎良区 ,24.0,,181.0,34.0,6.0,7.0,163.0,中度,2013-03-08
阎良区 ,33.0,,185.0,26.0,8.0,8.0,133.0,中度,2013-03-07
阎良区 ,35.0,,156.0,29.0,116.0,161.0,107.0,中度,2013-03-04
阎良区 ,32.0,,180.0,21.0,106.0,130.0,109.0,中度,2013-03-03
阎良区 ,53.0,29.0,172.0,21.0,70.0,107.0,110.0,中度,2013-03-02
阎良区 ,29.0,14.0,118.0,11.0,48.0,90.0,52.0,轻度,2013-03-01
阎良区 ,51.0,,295.0,48.0,44.0,67.0,291.0,重度,2013-02-28
阎良区 ,57.0,68.0,374.0,74.0,19.0,25.0,352.0,严重,2013-02-27
阎良区 ,56.0,67.0,458.0,75.0,17.0,22.0,420.0,严重,2013-02-26
阎良区 ,55.0,62.0,182.0,55.0,16.0,24.0,334.0,严重,2013-02-25
阎良区 ,56.0,60.0,182.0,55.0,19.0,27.0,267.0,重度,2013-02-24
阎良区 ,60.0,64.0,184.0,69.0,18.0,26.0,263.0,重度,2013-02-23
阎良区 ,50.0,65.0,141.0,54.0,18.0,24.0,210.0,重度,2013-02-22
阎良区 ,54.0,68.0,147.0,48.0,15.0,18.0,220.0,重度,2013-02-21
阎良区 ,44.0,60.0,114.0,34.0,11.0,13.0,165.0,中度,2013-02-20
阎良区 ,32.0,58.0,101.0,33.0,12.0,17.0,122.0,轻度,2013-02-19
阎良区 ,26.0,55.0,97.0,29.0,17.0,26.0,100.0,良,2013-02-18
阎良区 ,57.0,49.0,199.0,102.0,36.0,47.0,313.0,严重,2013-02-17
阎良区 ,60.0,45.0,203.0,109.0,41.0,65.0,301.0,严重,2013-02-16
阎良区 ,52.0,44.0,96.0,104.0,36.0,57.0,108.0,轻度,2013-02-15
阎良区 ,58.0,47.0,117.0,105.0,32.0,47.0,170.0,中度,2013-02-14
阎良区 ,47.0,44.0,88.0,104.0,32.0,48.0,108.0,轻度,2013-02-13
阎良区 ,34.0,44.0,119.0,104.0,29.0,43.0,199.0,中度,2013-02-12
阎良区 ,52.0,44.0,185.0,106.0,32.0,47.0,308.0,严重,2013-02-11
阎良区 ,68.0,47.0,338.0,107.0,35.0,55.0,407.0,严重,2013-02-10
阎良区 ,64.0,48.0,228.0,107.0,31.0,44.0,367.0,严重,2013-02-09
阎良区 ,60.0,44.0,105.0,102.0,26.0,39.0,168.0,中度,2013-02-08
阎良区 ,62.0,48.0,124.0,106.0,24.0,37.0,203.0,重度,2013-02-07
阎良区 ,67.0,50.0,182.0,111.0,28.0,39.0,322.0,严重,2013-02-06
阎良区 ,58.0,50.0,120.0,106.0,23.0,31.0,217.0,重度,2013-02-05
阎良区 ,55.0,49.0,109.0,108.0,18.0,23.0,186.0,中度,2013-02-04
阎良区 ,56.0,49.0,126.0,106.0,24.0,36.0,206.0,重度,2013-02-03
阎良区 ,73.0,55.0,169.0,109.0,25.0,36.0,275.0,重度,2013-02-02
阎良区 ,68.0,58.0,270.0,109.0,28.0,39.0,349.0,严重,2013-02-01
阎良区 ,68.0,58.0,263.0,108.0,23.0,33.0,344.0,严重,2013-01-31
阎良区 ,83.0,60.0,292.0,109.0,26.0,38.0,371.0,严重,2013-01-30
阎良区 ,82.0,59.0,188.0,106.0,31.0,44.0,291.0,重度,2013-01-29
阎良区 ,85.0,59.0,158.0,103.0,22.0,29.0,236.0,重度,2013-01-28
阎良区 ,71.0,53.0,111.0,96.0,30.0,45.0,143.0,轻度,2013-01-27
阎良区 ,76.0,32.0,117.0,101.0,29.0,38.0,159.0,中度,2013-01-26
阎良区 ,75.0,55.0,119.0,90.0,23.0,32.0,153.0,中度,2013-01-25
阎良区 ,52.0,48.0,72.0,78.0,25.0,37.0,72.0,良,2013-01-24
阎良区 ,64.0,53.0,156.0,95.0,20.0,25.0,264.0,重度,2013-01-23
阎良区 ,56.0,50.0,103.0,85.0,24.0,34.0,143.0,轻度,2013-01-22
阎良区 ,52.0,51.0,106.0,82.0,22.0,29.0,149.0,轻度,2013-01-21
阎良区 ,75.0,64.0,401.0,108.0,15.0,22.0,424.0,严重,2013-01-20
阎良区 ,106.0,62.0,299.0,107.0,22.0,29.0,365.0,严重,2013-01-19
阎良区 ,96.0,58.0,180.0,102.0,23.0,33.0,258.0,重度,2013-01-18
阎良区 ,82.0,50.0,131.0,79.0,24.0,33.0,159.0,中度,2013-01-17
阎良区 ,92.0,58.0,173.0,77.0,20.0,26.0,189.0,中度,2013-01-16
阎良区 ,97.0,39.0,155.0,73.0,30.0,38.0,196.0,中度,2013-01-15
阎良区 ,118.0,35.0,253.0,102.0,30.0,41.0,334.0,严重,2013-01-14
阎良区 ,107.0,34.0,186.0,99.0,31.0,39.0,289.0,重度,2013-01-13
阎良区 ,91.0,30.0,145.0,83.0,27.0,38.0,209.0,重度,2013-01-12
阎良区 ,84.0,32.0,170.0,79.0,30.0,37.0,266.0,重度,2013-01-11
阎良区 ,96.0,32.0,158.0,79.0,12.0,16.0,244.0,重度,2013-01-10
阎良区 ,75.0,30.0,112.0,69.0,26.0,36.0,162.0,中度,2013-01-09
阎良区 ,87.0,35.0,191.0,86.0,24.0,29.0,311.0,严重,2013-01-08
阎良区 ,103.0,38.0,324.0,99.0,16.0,18.0,406.0,严重,2013-01-07
阎良区 ,99.0,32.0,183.0,75.0,9.0,13.0,287.0,重度,2013-01-06
阎良区 ,93.0,29.0,157.0,69.0,13.0,16.0,257.0,重度,2013-01-05
阎良区 ,83.0,27.0,95.0,48.0,27.0,11.0,130.0,轻度,2013-01-04
阎良区 ,61.0,23.0,61.0,24.0,46.0,22.0,57.0,良,2013-01-03
阎良区 ,60.0,23.0,61.0,24.0,42.0,20.0,46.0,良,2013-01-02
阎良区 ,67.0,27.0,85.0,46.0,45.0,19.0,90.0,良,2013-01-01
阎良区 ,71.0,45.0,79.0,,,,,良,2012-12-31
阎良区 ,60.0,29.0,78.0,,,,,良,2012-12-30
阎良区 ,69.0,44.0,90.0,,,,,良,2012-12-29
阎良区 ,86.0,70.0,205.0,,,,,中度污染,2012-12-28
阎良区 ,73.0,70.0,122.0,,,,,轻微污染,2012-12-25
阎良区 ,26.0,15.0,78.0,,,,,良,2012-12-25
阎良区 ,32.0,19.0,59.0,,,,,良,2012-12-23
阎良区 ,49.0,25.0,75.0,,,,,良,2012-12-22
阎良区 ,51.0,29.0,81.0,,,,,良,2012-12-21
阎良区 ,52.0,29.0,95.0,,,,,良,2012-12-20
阎良区 ,57.0,23.0,83.0,,,,,良,2012-12-19
阎良区 ,34.0,19.0,78.0,,,,,良,2012-12-18
阎良区 ,50.0,17.0,149.0,,,,,轻微污染,2012-12-17
阎良区 ,61.0,24.0,288.0,,,,,中度重污染,2012-12-16
阎良区 ,55.0,29.0,260.0,,,,,中度重污染,2012-12-15
阎良区 ,60.0,27.0,273.0,,,,,中度重污染,2012-12-14
阎良区 ,54.0,24.0,295.0,,,,,中度重污染,2012-12-13
阎良区 ,58.0,23.0,293.0,,,,,中度重污染,2012-12-12
阎良区 ,56.0,22.0,99.0,,,,,良,2012-12-11
阎良区 ,54.0,20.0,93.0,,,,,良,2012-12-10
阎良区 ,55.0,15.0,82.0,,,,,良,2012-12-09
阎良区 ,52.0,24.0,86.0,,,,,良,2012-12-08
阎良区 ,51.0,20.0,84.0,,,,,良,2012-12-07
阎良区 ,53.0,14.0,91.0,,,,,良,2012-12-06
阎良区 ,59.0,14.0,85.0,,,,,良,2012-12-05
阎良区 ,60.0,22.0,98.0,,,,,良,2012-12-04
阎良区 ,70.0,16.0,110.0,,,,,轻微污染,2012-12-03
阎良区 ,65.0,20.0,200.0,,,,,轻度污染,2012-12-02
阎良区 ,69.0,14.0,174.0,,,,,轻度污染,2012-12-01
阎良区 ,54.0,20.0,84.0,,,,,良,2012-11-30
阎良区 ,26.0,13.0,95.0,,,,,良,2012-11-29
阎良区 ,32.0,14.0,82.0,,,,,良,2012-11-28
阎良区 ,33.0,13.0,87.0,,,,,良,2012-11-27
阎良区 ,25.0,12.0,74.0,,,,,良,2012-11-26
阎良区 ,35.0,16.0,83.0,,,,,良,2012-11-25
阎良区 ,31.0,15.0,67.0,,,,,良,2012-11-24
阎良区 ,26.0,12.0,63.0,,,,,良,2012-11-23
阎良区 ,31.0,27.0,166.0,,,,,轻度污染,2012-11-22
阎良区 ,31.0,22.0,140.0,,,,,轻微污染,2012-11-21
阎良区 ,38.0,19.0,95.0,,,,,良,2012-11-20
阎良区 ,33.0,25.0,86.0,,,,,良,2012-11-19
阎良区 ,26.0,25.0,85.0,,,,,良,2012-11-18
阎良区 ,22.0,17.0,92.0,,,,,良,2012-11-17
阎良区 ,26.0,15.0,52.0,,,,,良,2012-11-16
阎良区 ,48.0,22.0,129.0,,,,,轻微污染,2012-11-15
阎良区 ,22.0,19.0,97.0,,,,,良,2012-11-14
阎良区 ,28.0,26.0,82.0,,,,,良,2012-11-13
阎良区 ,20.0,21.0,71.0,,,,,良,2012-11-12
阎良区 ,17.0,14.0,71.0,,,,,良,2012-11-11
阎良区 ,21.0,15.0,91.0,,,,,良,2012-11-10
阎良区 ,18.0,15.0,84.0,,,,,良,2012-11-09
阎良区 ,15.0,14.0,61.0,,,,,良,2012-11-08
阎良区 ,23.0,22.0,90.0,,,,,良,2012-11-07
阎良区 ,21.0,15.0,78.0,,,,,良,2012-11-06
阎良区 ,21.0,27.0,74.0,,,,,良,2012-11-05
阎良区 ,20.0,15.0,70.0,,,,,良,2012-11-04
阎良区 ,18.0,14.0,88.0,,,,,良,2012-11-03
阎良区 ,20.0,15.0,106.0,,,,,轻微污染,2012-11-02
阎良区 ,20.0,16.0,88.0,,,,,良,2012-11-01
阎良区 ,19.0,16.0,72.0,,,,,良,2012-10-31
阎良区 ,16.0,16.0,77.0,,,,,良,2012-10-30
阎良区 ,21.0,16.0,88.0,,,,,良,2012-10-29
阎良区 ,21.0,27.0,110.0,,,,,轻微污染,2012-10-28
阎良区 ,19.0,23.0,109.0,,,,,轻微污染,2012-10-27
阎良区 ,22.0,25.0,110.0,,,,,轻微污染,2012-10-26
阎良区 ,20.0,26.0,79.0,,,,,良,2012-10-25
阎良区 ,18.0,22.0,94.0,,,,,良,2012-10-24
阎良区 ,20.0,28.0,83.0,,,,,良,2012-10-23
阎良区 ,22.0,17.0,55.0,,,,,良,2012-10-22
阎良区 ,20.0,20.0,124.0,,,,,轻微污染,2012-10-21
阎良区 ,18.0,18.0,91.0,,,,,良,2012-10-20
阎良区 ,20.0,18.0,108.0,,,,,轻微污染,2012-10-19
阎良区 ,20.0,20.0,91.0,,,,,良,2012-10-18
阎良区 ,18.0,18.0,69.0,,,,,良,2012-10-17
阎良区 ,19.0,22.0,89.0,,,,,良,2012-10-16
阎良区 ,19.0,20.0,134.0,,,,,轻微污染,2012-10-15
阎良区 ,18.0,22.0,98.0,,,,,良,2012-10-14
阎良区 ,17.0,19.0,96.0,,,,,良,2012-10-13
阎良区 ,20.0,23.0,118.0,,,,,轻微污染,2012-10-12
阎良区 ,16.0,23.0,132.0,,,,,轻微污染,2012-10-11
阎良区 ,21.0,17.0,75.0,,,,,良,2012-10-10
阎良区 ,19.0,16.0,96.0,,,,,良,2012-10-09
阎良区 ,22.0,22.0,138.0,,,,,轻微污染,2012-10-08
阎良区 ,21.0,16.0,110.0,,,,,轻微污染,2012-10-07
阎良区 ,16.0,20.0,101.0,,,,,轻微污染,2012-10-06
阎良区 ,22.0,18.0,88.0,,,,,良,2012-10-05
阎良区 ,21.0,22.0,80.0,,,,,良,2012-10-04
阎良区 ,18.0,15.0,104.0,,,,,轻微污染,2012-10-03
阎良区 ,20.0,24.0,107.0,,,,,轻微污染,2012-10-02
阎良区 ,20.0,22.0,85.0,,,,,良,2012-10-01
阎良区 ,23.0,16.0,85.0,,,,,良,2012-09-30
阎良区 ,19.0,15.0,68.0,,,,,良,2012-09-29
阎良区 ,19.0,19.0,66.0,,,,,良,2012-09-28
阎良区 ,21.0,14.0,94.0,,,,,良,2012-09-27
阎良区 ,15.0,14.0,61.0,,,,,良,2012-09-26
阎良区 ,21.0,14.0,88.0,,,,,良,2012-09-25
阎良区 ,27.0,15.0,115.0,,,,,轻微污染,2012-09-24
阎良区 ,28.0,15.0,103.0,,,,,轻微污染,2012-09-23
阎良区 ,18.0,14.0,93.0,,,,,良,2012-09-22
阎良区 ,18.0,14.0,76.0,,,,,良,2012-09-21
阎良区 ,19.0,15.0,70.0,,,,,良,2012-09-20
阎良区 ,19.0,15.0,76.0,,,,,良,2012-09-19
阎良区 ,23.0,15.0,82.0,,,,,良,2012-09-18
阎良区 ,19.0,14.0,77.0,,,,,良,2012-09-17
阎良区 ,17.0,14.0,55.0,,,,,良,2012-09-16
阎良区 ,21.0,17.0,77.0,,,,,良,2012-09-15
阎良区 ,21.0,15.0,53.0,,,,,良,2012-09-14
阎良区 ,20.0,14.0,46.0,,,,,优,2012-09-13
阎良区 ,21.0,14.0,48.0,,,,,优,2012-09-12
阎良区 ,18.0,14.0,66.0,,,,,良,2012-09-11
阎良区 ,18.0,15.0,74.0,,,,,良,2012-09-10
阎良区 ,17.0,14.0,72.0,,,,,良,2012-09-09
阎良区 ,14.0,14.0,86.0,,,,,良,2012-09-08
阎良区 ,17.0,15.0,69.0,,,,,良,2012-09-07
阎良区 ,18.0,17.0,77.0,,,,,良,2012-09-06
阎良区 ,23.0,16.0,63.0,,,,,良,2012-09-05
阎良区 ,26.0,17.0,52.0,,,,,良,2012-09-04
阎良区 ,26.0,17.0,52.0,,,,,良,2012-09-04
阎良区 ,22.0,17.0,32.0,,,,,优,2012-09-03
阎良区 ,18.0,14.0,31.0,,,,,优,2012-09-02
阎良区 ,18.0,13.0,48.0,,,,,优,2012-09-01
阎良区 ,20.0,15.0,65.0,,,,,良,2012-08-31
阎良区 ,19.0,16.0,68.0,,,,,良,2012-08-30
阎良区 ,19.0,16.0,61.0,,,,,良,2012-08-29
阎良区 ,19.0,15.0,73.0,,,,,良,2012-08-28
阎良区 ,19.0,17.0,90.0,,,,,良,2012-08-27
阎良区 ,16.0,15.0,89.0,,,,,良,2012-08-26
阎良区 ,17.0,14.0,63.0,,,,,良,2012-08-25
阎良区 ,16.0,14.0,57.0,,,,,良,2012-08-24
阎良区 ,16.0,14.0,51.0,,,,,良,2012-08-23
阎良区 ,19.0,15.0,52.0,,,,,良,2012-08-22
阎良区 ,19.0,17.0,48.0,,,,,优,2012-08-21
阎良区 ,15.0,13.0,48.0,,,,,优,2012-08-20
阎良区 ,27.0,14.0,48.0,,,,,优,2012-08-19
阎良区 ,24.0,14.0,62.0,,,,,良,2012-08-18
阎良区 ,31.0,14.0,72.0,,,,,良,2012-08-17
阎良区 ,33.0,19.0,79.0,,,,,良,2012-08-16
阎良区 ,31.0,15.0,75.0,,,,,良,2012-08-15
阎良区 ,30.0,14.0,54.0,,,,,良,2012-08-14
阎良区 ,29.0,19.0,69.0,,,,,良,2012-08-13
阎良区 ,28.0,23.0,83.0,,,,,良,2012-08-12
阎良区 ,22.0,17.0,81.0,,,,,良,2012-08-11
阎良区 ,25.0,19.0,77.0,,,,,良,2012-08-10
阎良区 ,23.0,15.0,75.0,,,,,良,2012-08-09
阎良区 ,19.0,18.0,68.0,,,,,良,2012-08-08
阎良区 ,23.0,27.0,65.0,,,,,良,2012-08-07
阎良区 ,19.0,15.0,62.0,,,,,良,2012-08-06
阎良区 ,20.0,12.0,72.0,,,,,良,2012-08-05
阎良区 ,21.0,11.0,79.0,,,,,良,2012-08-04
阎良区 ,13.0,12.0,68.0,,,,,良,2012-08-03
阎良区 ,25.0,20.0,57.0,,,,,良,2012-08-02
阎良区 ,23.0,14.0,50.0,,,,,优,2012-08-01
阎良区 ,19.0,10.0,52.0,,,,,良,2012-07-31
阎良区 ,24.0,17.0,62.0,,,,,良,2012-07-30
阎良区 ,21.0,20.0,61.0,,,,,良,2012-07-29
阎良区 ,23.0,22.0,50.0,,,,,优,2012-07-28
阎良区 ,25.0,22.0,46.0,,,,,优,2012-07-27
阎良区 ,30.0,22.0,72.0,,,,,良,2012-07-26
阎良区 ,27.0,19.0,76.0,,,,,良,2012-07-25
阎良区 ,24.0,22.0,64.0,,,,,良,2012-07-24
阎良区 ,17.0,15.0,52.0,,,,,良,2012-07-23
阎良区 ,16.0,13.0,53.0,,,,,良,2012-07-22
阎良区 ,19.0,11.0,68.0,,,,,良,2012-07-21
阎良区 ,17.0,10.0,82.0,,,,,良,2012-07-20
阎良区 ,19.0,10.0,84.0,,,,,良,2012-07-19
阎良区 ,19.0,14.0,76.0,,,,,良,2012-07-18
阎良区 ,16.0,12.0,73.0,,,,,良,2012-07-17
阎良区 ,17.0,13.0,75.0,,,,,良,2012-07-16
阎良区 ,17.0,13.0,75.0,,,,,良,2012-07-16
阎良区 ,16.0,10.0,60.0,,,,,良,2012-07-15
阎良区 ,13.0,16.0,63.0,,,,,良,2012-07-14
阎良区 ,29.0,20.0,64.0,,,,,良,2012-07-13
阎良区 ,28.0,22.0,56.0,,,,,良,2012-07-12
阎良区 ,18.0,12.0,59.0,,,,,良,2012-07-11
阎良区 ,14.0,12.0,59.0,,,,,良,2012-07-10
阎良区 ,14.0,10.0,57.0,,,,,良,2012-07-09
阎良区 ,18.0,12.0,68.0,,,,,良,2012-07-08
阎良区 ,23.0,12.0,53.0,,,,,良,2012-07-07
阎良区 ,25.0,14.0,58.0,,,,,良,2012-07-06
阎良区 ,21.0,14.0,52.0,,,,,良,2012-07-05
阎良区 ,16.0,15.0,47.0,,,,,优,2012-07-04
阎良区 ,23.0,14.0,44.0,,,,,优,2012-07-03
阎良区 ,24.0,19.0,60.0,,,,,良,2012-07-02
阎良区 ,15.0,12.0,51.0,,,,,良,2012-07-01
阎良区 ,12.0,13.0,51.0,,,,,良,2012-06-30
阎良区 ,16.0,12.0,57.0,,,,,良,2012-06-30
阎良区 ,19.0,10.0,60.0,,,,,良,2012-06-28
阎良区 ,15.0,15.0,76.0,,,,,良,2012-06-27
阎良区 ,13.0,12.0,62.0,,,,,良,2012-06-26
阎良区 ,23.0,13.0,65.0,,,,,良,2012-06-25
阎良区 ,22.0,15.0,65.0,,,,,良,2012-06-24
阎良区 ,24.0,17.0,60.0,,,,,良,2012-06-23
阎良区 ,31.0,15.0,58.0,,,,,良,2012-06-22
阎良区 ,23.0,23.0,69.0,,,,,良,2012-06-21
阎良区 ,24.0,21.0,70.0,,,,,良,2012-06-20
阎良区 ,22.0,20.0,68.0,,,,,良,2012-06-19
阎良区 ,27.0,20.0,65.0,,,,,良,2012-06-18
阎良区 ,20.0,23.0,70.0,,,,,良,2012-06-17
阎良区 ,24.0,24.0,68.0,,,,,良,2012-06-16
阎良区 ,25.0,19.0,66.0,,,,,良,2012-06-15
阎良区 ,26.0,15.0,64.0,,,,,良,2012-06-14
阎良区 ,23.0,22.0,67.0,,,,,良,2012-06-13
阎良区 ,28.0,20.0,63.0,,,,,良,2012-06-12
阎良区 ,30.0,22.0,70.0,,,,,良,2012-06-11
阎良区 ,28.0,24.0,62.0,,,,,良,2012-06-10
阎良区 ,30.0,19.0,63.0,,,,,良,2012-06-09
阎良区 ,23.0,21.0,63.0,,,,,良,2012-06-08
阎良区 ,26.0,20.0,73.0,,,,,良,2012-06-07
阎良区 ,21.0,17.0,79.0,,,,,良,2012-06-06
阎良区 ,28.0,14.0,80.0,,,,,良,2012-06-05
阎良区 ,28.0,15.0,73.0,,,,,良,2012-06-04
阎良区 ,32.0,12.0,58.0,,,,,良,2012-06-03
阎良区 ,34.0,13.0,63.0,,,,,良,2012-06-02
阎良区 ,28.0,15.0,72.0,,,,,良,2012-06-01
阎良区 ,28.0,18.0,63.0,,,,,良,2012-05-31
阎良区 ,21.0,15.0,54.0,,,,,良,2012-05-30
阎良区 ,25.0,14.0,59.0,,,,,良,2012-05-29
阎良区 ,28.0,17.0,60.0,,,,,良,2012-05-28
阎良区 ,25.0,12.0,71.0,,,,,良,2012-05-27
阎良区 ,15.0,12.0,88.0,,,,,良,2012-05-26
阎良区 ,14.0,12.0,93.0,,,,,良,2012-05-25
阎良区 ,16.0,11.0,98.0,,,,,良,2012-05-24
阎良区 ,14.0,11.0,97.0,,,,,良,2012-05-23
阎良区 ,12.0,10.0,52.0,,,,,良,2012-05-22
阎良区 ,13.0,14.0,65.0,,,,,良,2012-05-21
阎良区 ,29.0,27.0,81.0,,,,,良,2012-05-20
阎良区 ,28.0,30.0,91.0,,,,,良,2012-05-19
阎良区 ,21.0,31.0,79.0,,,,,良,2012-05-18
阎良区 ,16.0,31.0,72.0,,,,,良,2012-05-17
阎良区 ,16.0,27.0,77.0,,,,,良,2012-05-16
阎良区 ,16.0,24.0,59.0,,,,,良,2012-05-15
阎良区 ,27.0,24.0,76.0,,,,,良,2012-05-14
阎良区 ,19.0,20.0,91.0,,,,,良,2012-05-13
阎良区 ,16.0,17.0,68.0,,,,,良,2012-05-12
阎良区 ,24.0,11.0,61.0,,,,,良,2012-05-11
阎良区 ,22.0,20.0,78.0,,,,,良,2012-05-10
阎良区 ,28.0,24.0,84.0,,,,,良,2012-05-09
阎良区 ,28.0,21.0,94.0,,,,,良,2012-05-08
阎良区 ,27.0,22.0,76.0,,,,,良,2012-05-07
阎良区 ,32.0,30.0,82.0,,,,,良,2012-05-06
阎良区 ,36.0,19.0,72.0,,,,,良,2012-05-05
阎良区 ,20.0,20.0,74.0,,,,,良,2012-05-04
阎良区 ,15.0,20.0,77.0,,,,,良,2012-05-03
阎良区 ,17.0,18.0,63.0,,,,,良,2012-05-02
阎良区 ,16.0,15.0,90.0,,,,,良,2012-05-01
阎良区 ,26.0,14.0,91.0,,,,,良,2012-05-01
阎良区 ,33.0,25.0,104.0,,,,,轻微污染,2012-04-29
阎良区 ,41.0,26.0,101.0,,,,,轻微污染,2012-04-28
阎良区 ,33.0,25.0,89.0,,,,,良,2012-04-27
阎良区 ,31.0,24.0,96.0,,,,,良,2012-04-26
阎良区 ,28.0,23.0,88.0,,,,,良,2012-04-25
阎良区 ,21.0,19.0,74.0,,,,,良,2012-04-24
阎良区 ,42.0,29.0,91.0,,,,,良,2012-04-23
阎良区 ,30.0,24.0,90.0,,,,,良,2012-04-22
阎良区 ,30.0,24.0,85.0,,,,,良,2012-04-21
阎良区 ,34.0,24.0,78.0,,,,,良,2012-04-20
阎良区 ,35.0,24.0,70.0,,,,,良,2012-04-19
阎良区 ,41.0,25.0,86.0,,,,,良,2012-04-18
阎良区 ,51.0,29.0,88.0,,,,,良,2012-04-17
阎良区 ,34.0,30.0,68.0,,,,,良,2012-04-16
阎良区 ,34.0,32.0,71.0,,,,,良,2012-04-15
阎良区 ,31.0,22.0,67.0,,,,,良,2012-04-14
阎良区 ,17.0,20.0,56.0,,,,,良,2012-04-13
阎良区 ,28.0,15.0,56.0,,,,,良,2012-04-12
阎良区 ,35.0,27.0,66.0,,,,,良,2012-04-11
阎良区 ,26.0,30.0,58.0,,,,,良,2012-04-10
阎良区 ,32.0,17.0,69.0,,,,,良,2012-04-09
阎良区 ,25.0,20.0,79.0,,,,,良,2012-04-08
阎良区 ,32.0,24.0,76.0,,,,,良,2012-04-07
阎良区 ,30.0,23.0,78.0,,,,,良,2012-04-06
阎良区 ,27.0,17.0,82.0,,,,,良,2012-04-05
阎良区 ,27.0,23.0,82.0,,,,,良,2012-04-04
阎良区 ,24.0,20.0,79.0,,,,,良,2012-04-03
阎良区 ,26.0,25.0,79.0,,,,,良,2012-04-02
阎良区 ,36.0,20.0,80.0,,,,,良,2012-04-01
阎良区 ,24.0,17.0,56.0,,,,,良,2012-03-31
阎良区 ,34.0,27.0,83.0,,,,,良,2012-03-30
阎良区 ,25.0,25.0,90.0,,,,,良,2012-03-29
阎良区 ,54.0,35.0,96.0,,,,,良,2012-03-28
阎良区 ,57.0,29.0,88.0,,,,,良,2012-03-27
阎良区 ,59.0,34.0,89.0,,,,,良,2012-03-26
阎良区 ,51.0,31.0,82.0,,,,,良,2012-03-25
阎良区 ,40.0,20.0,77.0,,,,,良,2012-03-24
阎良区 ,30.0,19.0,59.0,,,,,良,2012-03-23
阎良区 ,40.0,29.0,61.0,,,,,良,2012-03-22
阎良区 ,42.0,27.0,75.0,,,,,良,2012-03-21
阎良区 ,42.0,27.0,66.0,,,,,良,2012-03-20
阎良区 ,50.0,23.0,112.0,,,,,轻微污染,2012-03-19
阎良区 ,59.0,36.0,123.0,,,,,轻微污染,2012-03-18
阎良区 ,46.0,32.0,105.0,,,,,轻微污染,2012-03-17
阎良区 ,38.0,33.0,78.0,,,,,良,2012-03-16
阎良区 ,41.0,28.0,93.0,,,,,良,2012-03-15
阎良区 ,46.0,37.0,99.0,,,,,良,2012-03-14
阎良区 ,53.0,50.0,106.0,,,,,轻微污染,2012-03-13
阎良区 ,36.0,30.0,79.0,,,,,良,2012-03-12
阎良区 ,33.0,40.0,67.0,,,,,良,2012-03-11
阎良区 ,34.0,60.0,79.0,,,,,良,2012-03-10
阎良区 ,36.0,29.0,72.0,,,,,良,2012-03-09
阎良区 ,32.0,28.0,69.0,,,,,良,2012-03-08
阎良区 ,44.0,26.0,70.0,,,,,良,2012-03-07
阎良区 ,28.0,24.0,58.0,,,,,良,2012-03-06
阎良区 ,35.0,37.0,72.0,,,,,良,2012-03-05
阎良区 ,28.0,35.0,63.0,,,,,良,2012-03-04
阎良区 ,28.0,34.0,65.0,,,,,良,2012-03-03
阎良区 ,32.0,41.0,96.0,,,,,良,2012-03-02
阎良区 ,49.0,53.0,126.0,,,,,轻微污染,2012-03-01
阎良区 ,52.0,68.0,112.0,,,,,轻微污染,2012-02-29
阎良区 ,47.0,25.0,95.0,,,,,良,2012-02-28
阎良区 ,39.0,33.0,88.0,,,,,良,2012-02-27
阎良区 ,49.0,30.0,64.0,,,,,良,2012-02-26
阎良区 ,57.0,20.0,75.0,,,,,良,2012-02-25
阎良区 ,71.0,75.0,107.0,,,,,轻微污染,2012-02-24
阎良区 ,90.0,58.0,124.0,,,,,轻微污染,2012-02-23
阎良区 ,66.0,53.0,123.0,,,,,轻微污染,2012-02-22
阎良区 ,65.0,35.0,104.0,,,,,轻微污染,2012-02-21
阎良区 ,62.0,22.0,73.0,,,,,良,2012-02-20
阎良区 ,52.0,27.0,59.0,,,,,良,2012-02-19
阎良区 ,54.0,24.0,53.0,,,,,良,2012-02-18
阎良区 ,39.0,20.0,59.0,,,,,良,2012-02-17
阎良区 ,53.0,23.0,106.0,,,,,轻微污染,2012-02-16
阎良区 ,57.0,34.0,118.0,,,,,轻微污染,2012-02-15
阎良区 ,54.0,22.0,115.0,,,,,轻微污染,2012-02-14
阎良区 ,51.0,29.0,85.0,,,,,良,2012-02-13
阎良区 ,45.0,25.0,83.0,,,,,良,2012-02-12
阎良区 ,53.0,24.0,69.0,,,,,良,2012-02-11
阎良区 ,45.0,17.0,57.0,,,,,良,2012-02-10
阎良区 ,40.0,24.0,41.0,,,,,优,2012-02-09
阎良区 ,25.0,24.0,58.0,,,,,良,2012-02-08
阎良区 ,33.0,19.0,54.0,,,,,良,2012-02-07
阎良区 ,71.0,40.0,144.0,,,,,轻微污染,2012-02-06
阎良区 ,65.0,42.0,81.0,,,,,良,2012-02-05
阎良区 ,49.0,43.0,73.0,,,,,良,2012-02-04
阎良区 ,25.0,23.0,56.0,,,,,良,2012-02-03
阎良区 ,31.0,19.0,56.0,,,,,良,2012-02-02
阎良区 ,82.0,54.0,138.0,,,,,轻微污染,2012-02-01
阎良区 ,84.0,52.0,134.0,,,,,轻微污染,2012-01-31
阎良区 ,85.0,50.0,121.0,,,,,轻微污染,2012-01-30
阎良区 ,82.0,52.0,111.0,,,,,轻微污染,2012-01-29
阎良区 ,75.0,25.0,94.0,,,,,良,2012-01-28
阎良区 ,75.0,39.0,95.0,,,,,良,2012-01-27
阎良区 ,60.0,15.0,74.0,,,,,良,2012-01-26
阎良区 ,43.0,12.0,55.0,,,,,良,2012-01-25
阎良区 ,44.0,20.0,77.0,,,,,良,2012-01-24
阎良区 ,50.0,20.0,80.0,,,,,良,2012-01-23
阎良区 ,43.0,29.0,52.0,,,,,良,2012-01-22
阎良区 ,57.0,23.0,66.0,,,,,良,2012-01-21
阎良区 ,65.0,31.0,99.0,,,,,良,2012-01-20
阎良区 ,89.0,44.0,125.0,,,,,轻微污染,2012-01-19
阎良区 ,76.0,72.0,170.0,,,,,轻度污染,2012-01-18
阎良区 ,95.0,67.0,121.0,,,,,轻微污染,2012-01-17
阎良区 ,99.0,79.0,129.0,,,,,轻微污染,2012-01-16
阎良区 ,93.0,70.0,107.0,,,,,轻微污染,2012-01-15
阎良区 ,95.0,62.0,113.0,,,,,轻微污染,2012-01-14
阎良区 ,94.0,69.0,134.0,,,,,轻微污染,2012-01-13
阎良区 ,94.0,52.0,91.0,,,,,良,2012-01-12
阎良区 ,113.0,58.0,115.0,,,,,轻微污染,2012-01-11
阎良区 ,107.0,79.0,167.0,,,,,轻度污染,2012-01-10
阎良区 ,81.0,39.0,137.0,,,,,轻微污染,2012-01-09
阎良区 ,86.0,35.0,128.0,,,,,轻微污染,2012-01-08
阎良区 ,90.0,16.0,87.0,,,,,良,2012-01-07
阎良区 ,57.0,26.0,82.0,,,,,良,2012-01-06
阎良区 ,53.0,17.0,58.0,,,,,良,2012-01-05
阎良区 ,56.0,14.0,54.0,,,,,良,2012-01-04
阎良区 ,51.0,9.0,62.0,,,,,良,2012-01-03
阎良区 ,93.0,35.0,167.0,,,,,轻度污染,2012-01-02
阎良区 ,109.0,62.0,246.0,,,,,中度污染,2012-01-01
阎良区 ,77.0,46.0,159.0,,,,,轻度污染,2011-12-31
阎良区 ,97.0,70.0,181.0,,,,,轻度污染,2011-12-30
阎良区 ,103.0,47.0,128.0,,,,,轻微污染,2011-12-29
阎良区 ,77.0,29.0,115.0,,,,,轻微污染,2011-12-28
阎良区 ,80.0,22.0,106.0,,,,,轻微污染,2011-12-27
阎良区 ,71.0,21.0,110.0,,,,,轻微污染,2011-12-26
阎良区 ,58.0,34.0,104.0,,,,,轻微污染,2011-12-25
阎良区 ,64.0,24.0,63.0,,,,,良,2011-12-24
阎良区 ,59.0,24.0,73.0,,,,,良,2011-12-23
阎良区 ,63.0,22.0,78.0,,,,,良,2011-12-22
阎良区 ,56.0,30.0,107.0,,,,,轻微污染,2011-12-21
阎良区 ,80.0,30.0,125.0,,,,,轻微污染,2011-12-20
阎良区 ,74.0,28.0,116.0,,,,,轻微污染,2011-12-19
阎良区 ,65.0,26.0,106.0,,,,,轻微污染,2011-12-18
阎良区 ,52.0,25.0,79.0,,,,,良,2011-12-17
阎良区 ,54.0,26.0,79.0,,,,,良,2011-12-16
阎良区 ,60.0,31.0,102.0,,,,,轻微污染,2011-12-15
阎良区 ,61.0,30.0,111.0,,,,,轻微污染,2011-12-14
阎良区 ,59.0,20.0,109.0,,,,,轻微污染,2011-12-13
阎良区 ,62.0,22.0,94.0,,,,,良,2011-12-12
阎良区 ,47.0,21.0,106.0,,,,,轻微污染,2011-12-11
阎良区 ,59.0,19.0,57.0,,,,,良,2011-12-10
阎良区 ,68.0,13.0,73.0,,,,,良,2011-12-09
阎良区 ,59.0,23.0,61.0,,,,,良,2011-12-08
阎良区 ,66.0,14.0,72.0,,,,,良,2011-12-07
阎良区 ,57.0,15.0,66.0,,,,,良,2011-12-06
阎良区 ,66.0,17.0,77.0,,,,,良,2011-12-05
阎良区 ,61.0,14.0,88.0,,,,,良,2011-12-04
阎良区 ,58.0,16.0,106.0,,,,,轻微污染,2011-12-03
阎良区 ,51.0,17.0,82.0,,,,,良,2011-12-03
阎良区 ,49.0,20.0,57.0,,,,,良,2011-12-01
阎良区 ,40.0,15.0,47.0,,,,,优,2011-11-30
阎良区 ,24.0,23.0,89.0,,,,,良,2011-11-29
阎良区 ,24.0,22.0,115.0,,,,,轻微,2011-11-28
阎良区 ,24.0,19.0,115.0,,,,,轻微污染,2011-11-27
阎良区 ,28.0,17.0,112.0,,,,,轻微污染,2011-11-26
阎良区 ,30.0,15.0,116.0,,,,,轻微,2011-11-25
阎良区 ,19.0,14.0,72.0,,,,,良,2011-11-24
阎良区 ,24.0,19.0,75.0,,,,,良,2011-11-23
阎良区 ,10.0,15.0,79.0,,,,,良,2011-11-22
阎良区 ,27.0,14.0,83.0,,,,,良,2011-11-21
阎良区 ,19.0,17.0,58.0,,,,,良,2011-11-20
阎良区 ,11.0,16.0,60.0,,,,,良,2011-11-19
阎良区 ,19.0,14.0,70.0,,,,,良,2011-11-18
阎良区 ,19.0,14.0,67.0,,,,,良,2011-11-17
阎良区 ,16.0,16.0,91.0,,,,,良,2011-11-16
阎良区 ,21.0,17.0,99.0,,,,,良,2011-11-15
阎良区 ,19.0,17.0,87.0,,,,,良,2011-11-14
阎良区 ,12.0,17.0,85.0,,,,,良,2011-11-13
阎良区 ,15.0,14.0,97.0,,,,,良,2011-11-12
阎良区 ,14.0,15.0,88.0,,,,,良,2011-11-11
阎良区 ,12.0,14.0,67.0,,,,,良,2011-11-10
阎良区 ,12.0,12.0,66.0,,,,,良,2011-11-09
阎良区 ,9.0,9.0,31.0,,,,,优,2011-11-08
阎良区 ,19.0,14.0,41.0,,,,,优,2011-11-07
阎良区 ,11.0,11.0,79.0,,,,,良,2011-11-05
阎良区 ,10.0,9.0,60.0,,,,,良,2011-11-05
阎良区 ,12.0,14.0,75.0,,,,,良,2011-11-04
阎良区 ,10.0,17.0,95.0,,,,,良,2011-11-03
阎良区 ,12.0,15.0,96.0,,,,,良,2011-11-02
阎良区 ,18.0,16.0,97.0,,,,,良,2011-11-01
阎良区 ,8.0,17.0,104.0,,,,,轻微,2011-10-31
阎良区 ,10.0,16.0,99.0,,,,,良,2011-10-30
阎良区 ,14.0,17.0,88.0,,,,,良,2011-10-29
阎良区 ,22.0,17.0,95.0,,,,,良,2011-10-28
阎良区 ,16.0,15.0,77.0,,,,,良,2011-10-27
阎良区 ,13.0,13.0,57.0,,,,,良,2011-10-26
阎良区 ,16.0,17.0,51.0,,,,,良,2011-10-25
阎良区 ,12.0,14.0,54.0,,,,,良,2011-10-24
阎良区 ,13.0,9.0,80.0,,,,,良,2011-10-23
阎良区 ,9.0,14.0,90.0,,,,,良,2011-10-22
阎良区 ,10.0,23.0,109.0,,,,,轻微污染,2011-10-21
阎良区 ,19.0,22.0,96.0,,,,,良,2011-10-20
阎良区 ,19.0,15.0,92.0,,,,,良,2011-10-19
阎良区 ,17.0,18.0,81.0,,,,,良,2011-10-18
阎良区 ,13.0,19.0,59.0,,,,,良,2011-10-17
阎良区 ,8.0,14.0,59.0,,,,,良,2011-10-16
阎良区 ,8.0,13.0,68.0,,,,,良,2011-10-15
阎良区 ,9.0,10.0,54.0,,,,,良,2011-10-14
阎良区 ,10.0,8.0,42.0,,,,,优,2011-10-13
阎良区 ,15.0,12.0,69.0,,,,,良,2011-10-12
阎良区 ,13.0,8.0,77.0,,,,,良,2011-10-11
阎良区 ,11.0,9.0,77.0,,,,,良,2011-10-10
阎良区 ,9.0,17.0,71.0,,,,,良,2011-10-09
阎良区 ,11.0,17.0,82.0,,,,,良,2011-10-08
阎良区 ,11.0,14.0,65.0,,,,,良,2011-10-07
阎良区 ,10.0,14.0,57.0,,,,,良,2011-10-06
阎良区 ,8.0,9.0,70.0,,,,,良,2011-10-05
阎良区 ,8.0,9.0,70.0,,,,,良,2011-10-05
阎良区 ,13.0,9.0,67.0,,,,,良,2011-10-04
阎良区 ,10.0,11.0,62.0,,,,,良,2011-10-03
阎良区 ,11.0,8.0,87.0,,,,,良,2011-10-02
阎良区 ,7.0,10.0,76.0,,,,,良,2011-10-01
阎良区 ,17.0,15.0,67.0,,,,,良,2011-09-30
阎良区 ,13.0,9.0,59.0,,,,,良,2011-09-29
阎良区 ,14.0,13.0,69.0,,,,,良,2011-09-28
阎良区 ,7.0,14.0,89.0,,,,,良,2011-09-27
阎良区 ,19.0,12.0,89.0,,,,,良,2011-09-26
阎良区 ,15.0,12.0,90.0,,,,,良,2011-09-25
阎良区 ,13.0,12.0,99.0,,,,,良,2011-09-24
阎良区 ,17.0,11.0,83.0,,,,,良,2011-09-23
阎良区 ,16.0,17.0,71.0,,,,,良,2011-09-22
阎良区 ,15.0,12.0,57.0,,,,,良,2011-09-21
阎良区 ,6.0,9.0,49.0,,,,,优,2011-09-20
阎良区 ,8.0,7.0,33.0,,,,,优,2011-09-19
阎良区 ,6.0,6.0,32.0,,,,,优,2011-09-18
阎良区 ,6.0,7.0,41.0,,,,,优,2011-09-17
阎良区 ,9.0,9.0,72.0,,,,,良,2011-09-16
阎良区 ,16.0,14.0,59.0,,,,,良,2011-09-15
阎良区 ,6.0,13.0,48.0,,,,,优,2011-09-14
阎良区 ,9.0,15.0,40.0,,,,,优,2011-09-13
阎良区 ,15.0,9.0,21.0,,,,,优,2011-09-12
阎良区 ,6.0,7.0,56.0,,,,,良,2011-09-11
阎良区 ,10.0,8.0,65.0,,,,,良,2011-09-10
阎良区 ,11.0,14.0,75.0,,,,,良,2011-09-09
阎良区 ,14.0,16.0,55.0,,,,,良,2011-09-08
阎良区 ,7.0,12.0,41.0,,,,,优,2011-09-07
阎良区 ,5.0,12.0,46.0,,,,,优,2011-09-06
阎良区 ,11.0,12.0,49.0,,,,,优,2011-09-05
阎良区 ,16.0,9.0,75.0,,,,,良,2011-09-04
阎良区 ,18.0,15.0,82.0,,,,,良,2011-09-03
阎良区 ,12.0,9.0,98.0,,,,,良,2011-09-02
阎良区 ,17.0,22.0,96.0,,,,,良,2011-09-01
阎良区 ,30.0,17.0,99.0,,,,,良,2011-08-31
阎良区 ,16.0,10.0,84.0,,,,,良,2011-08-30
阎良区 ,15.0,9.0,100.0,,,,,良,2011-08-29
阎良区 ,8.0,12.0,84.0,,,,,良,2011-08-28
阎良区 ,12.0,7.0,75.0,,,,,良,2011-08-27
阎良区 ,23.0,24.0,53.0,,,,,良,2011-08-26
阎良区 ,13.0,13.0,74.0,,,,,良,2011-08-25
阎良区 ,13.0,12.0,69.0,,,,,良,2011-08-24
阎良区 ,13.0,13.0,57.0,,,,,良,2011-08-23
阎良区 ,14.0,11.0,39.0,,,,,优,2011-08-22
阎良区 ,7.0,7.0,30.0,,,,,优,2011-08-21
阎良区 ,14.0,14.0,30.0,,,,,优,2011-08-20
阎良区 ,14.0,12.0,32.0,,,,,优,2011-08-19
阎良区 ,19.0,13.0,56.0,,,,,良,2011-08-18
阎良区 ,15.0,17.0,53.0,,,,,良,2011-08-17
阎良区 ,17.0,14.0,65.0,,,,,良,2011-08-16
阎良区 ,18.0,14.0,65.0,,,,,良,2011-08-15
阎良区 ,19.0,13.0,88.0,,,,,良,2011-08-14
阎良区 ,10.0,14.0,87.0,,,,,良,2011-08-13
阎良区 ,20.0,14.0,85.0,,,,,良,2011-08-12
阎良区 ,14.0,17.0,81.0,,,,,良,2011-08-11
阎良区 ,11.0,14.0,93.0,,,,,良,2011-08-10
阎良区 ,19.0,22.0,85.0,,,,,良,2011-08-09
阎良区 ,19.0,24.0,82.0,,,,,良,2011-08-08
阎良区 ,12.0,9.0,71.0,,,,,良,2011-08-07
阎良区 ,15.0,15.0,54.0,,,,,良,2011-08-06
阎良区 ,13.0,14.0,69.0,,,,,良,2011-08-06
阎良区 ,15.0,15.0,83.0,,,,,良,2011-08-04
阎良区 ,12.0,9.0,76.0,,,,,良,2011-08-03
阎良区 ,12.0,8.0,49.0,,,,,优,2011-08-02
阎良区 ,14.0,7.0,35.0,,,,,优,2011-08-01
阎良区 ,15.0,10.0,36.0,,,,,优,2011-07-31
阎良区 ,12.0,7.0,35.0,,,,,优,2011-07-30
阎良区 ,10.0,10.0,56.0,,,,,良,2011-07-29
阎良区 ,12.0,10.0,58.0,,,,,良,2011-07-28
阎良区 ,10.0,14.0,65.0,,,,,良,2011-07-27
阎良区 ,11.0,14.0,95.0,,,,,良,2011-07-26
阎良区 ,15.0,19.0,61.0,,,,,良,2011-07-25
阎良区 ,16.0,15.0,90.0,,,,,良,2011-07-24
阎良区 ,15.0,18.0,83.0,,,,,良,2011-07-23
阎良区 ,10.0,8.0,60.0,,,,,良,2011-07-22
阎良区 ,10.0,9.0,79.0,,,,,良,2011-07-21
阎良区 ,11.0,24.0,74.0,,,,,良,2011-07-20
阎良区 ,14.0,11.0,85.0,,,,,良,2011-07-19
阎良区 ,17.0,18.0,68.0,,,,,良,2011-07-18
阎良区 ,13.0,12.0,62.0,,,,,良,2011-07-17
阎良区 ,12.0,12.0,62.0,,,,,良,2011-07-16
阎良区 ,17.0,13.0,78.0,,,,,良,2011-07-15
阎良区 ,16.0,13.0,61.0,,,,,良,2011-07-14
阎良区 ,16.0,12.0,92.0,,,,,良,2011-07-13
阎良区 ,15.0,10.0,87.0,,,,,良,2011-07-12
阎良区 ,13.0,25.0,92.0,,,,,良,2011-07-11
阎良区 ,26.0,25.0,91.0,,,,,良,2011-07-10
阎良区 ,8.0,13.0,72.0,,,,,良,2011-07-09
阎良区 ,12.0,12.0,75.0,,,,,良,2011-07-08
阎良区 ,11.0,15.0,41.0,,,,,优,2011-07-07
阎良区 ,11.0,10.0,35.0,,,,,优,2011-07-06
阎良区 ,4.0,9.0,75.0,,,,,良,2011-07-05
阎良区 ,9.0,8.0,31.0,,,,,优,2011-07-04
阎良区 ,5.0,7.0,39.0,,,,,优,2011-07-03
阎良区 ,7.0,8.0,49.0,,,,,优,2011-07-02
阎良区 ,8.0,9.0,53.0,,,,,良,2011-07-01
阎良区 ,13.0,18.0,53.0,,,,,良,2011-06-30
阎良区 ,8.0,11.0,44.0,,,,,优,2011-06-29
阎良区 ,15.0,12.0,43.0,,,,,优,2011-06-28
阎良区 ,9.0,12.0,64.0,,,,,良,2011-06-27
阎良区 ,15.0,10.0,55.0,,,,,良,2011-06-26
阎良区 ,12.0,20.0,60.0,,,,,良,2011-06-25
阎良区 ,6.0,19.0,53.0,,,,,良,2011-06-24
阎良区 ,12.0,13.0,39.0,,,,,优,2011-06-23
阎良区 ,13.0,17.0,65.0,,,,,良,2011-06-22
阎良区 ,7.0,14.0,61.0,,,,,良,2011-06-21
阎良区 ,11.0,13.0,72.0,,,,,良,2011-06-20
阎良区 ,14.0,16.0,65.0,,,,,良,2011-06-19
阎良区 ,11.0,15.0,53.0,,,,,良,2011-06-18
阎良区 ,9.0,15.0,72.0,,,,,良,2011-06-17
阎良区 ,10.0,15.0,72.0,,,,,良,2011-06-16
阎良区 ,17.0,16.0,77.0,,,,,良,2011-06-15
阎良区 ,7.0,16.0,74.0,,,,,良,2011-06-14
阎良区 ,14.0,17.0,82.0,,,,,良,2011-06-13
阎良区 ,23.0,16.0,65.0,,,,,良,2011-06-12
阎良区 ,13.0,14.0,56.0,,,,,良,2011-06-11
阎良区 ,16.0,13.0,53.0,,,,,良,2011-06-10
阎良区 ,18.0,20.0,69.0,,,,,良,2011-06-09
阎良区 ,17.0,19.0,76.0,,,,,良,2011-06-08
阎良区 ,27.0,23.0,72.0,,,,,良,2011-06-07
阎良区 ,10.0,9.0,95.0,,,,,良,2011-06-07
阎良区 ,17.0,16.0,93.0,,,,,良,2011-06-06
阎良区 ,20.0,12.0,78.0,,,,,良,2011-06-05
阎良区 ,10.0,15.0,74.0,,,,,良,2011-06-04
阎良区 ,15.0,23.0,82.0,,,,,良,2011-06-03
阎良区 ,15.0,13.0,85.0,,,,,良,2011-06-02
阎良区 ,13.0,17.0,67.0,,,,,良,2011-06-01
阎良区 ,13.0,13.0,59.0,,,,,良,2011-05-31
阎良区 ,7.0,16.0,84.0,,,,,良,2011-05-30
阎良区 ,6.0,10.0,75.0,,,,,良,2011-05-29
阎良区 ,11.0,19.0,71.0,,,,,良,2011-05-28
阎良区 ,11.0,15.0,60.0,,,,,良,2011-05-27
阎良区 ,19.0,10.0,58.0,,,,,良,2011-05-26
阎良区 ,13.0,9.0,63.0,,,,,良,2011-05-25
阎良区 ,7.0,18.0,53.0,,,,,良,2011-05-24
阎良区 ,13.0,19.0,45.0,,,,,优,2011-05-23
阎良区 ,6.0,15.0,26.0,,,,,优,2011-05-22
阎良区 ,6.0,12.0,37.0,,,,,优,2011-05-21
阎良区 ,22.0,13.0,93.0,,,,,良,2011-05-20
阎良区 ,27.0,12.0,95.0,,,,,良,2011-05-19
阎良区 ,34.0,19.0,95.0,,,,,良,2011-05-18
阎良区 ,25.0,22.0,81.0,,,,,良,2011-05-17
阎良区 ,21.0,10.0,58.0,,,,,良,2011-05-16
阎良区 ,11.0,22.0,51.0,,,,,良,2011-05-15
阎良区 ,10.0,12.0,47.0,,,,,优,2011-05-14
阎良区 ,9.0,16.0,59.0,,,,,良,2011-05-13
阎良区 ,11.0,14.0,57.0,,,,,良,2011-05-12
阎良区 ,7.0,17.0,51.0,,,,,良,2011-05-11
阎良区 ,15.0,19.0,52.0,,,,,良,2011-05-10
阎良区 ,21.0,20.0,69.0,,,,,良,2011-05-09
阎良区 ,23.0,25.0,92.0,,,,,良,2011-05-08
阎良区 ,26.0,23.0,74.0,,,,,良,2011-05-07
阎良区 ,27.0,24.0,80.0,,,,,良,2011-05-06
阎良区 ,13.0,17.0,66.0,,,,,良,2011-05-05
阎良区 ,22.0,19.0,80.0,,,,,良,2011-05-04
阎良区 ,22.0,19.0,55.0,,,,,良,2011-05-03
阎良区 ,15.0,15.0,53.0,,,,,良,2011-05-02
阎良区 ,20.0,19.0,89.0,,,,,良,2011-05-01
阎良区 ,21.0,20.0,150.0,,,,,轻微污染,2011-04-30
阎良区 ,22.0,47.0,91.0,,,,,良,2011-04-29
阎良区 ,21.0,37.0,70.0,,,,,良,2011-04-28
阎良区 ,20.0,29.0,85.0,,,,,良,2011-04-27
阎良区 ,33.0,40.0,110.0,,,,,轻微污染,2011-04-26
阎良区 ,42.0,57.0,86.0,,,,,良,2011-04-25
阎良区 ,25.0,35.0,65.0,,,,,良,2011-04-24
阎良区 ,26.0,41.0,72.0,,,,,良,2011-04-23
阎良区 ,21.0,43.0,71.0,,,,,良,2011-04-22
阎良区 ,19.0,21.0,94.0,,,,,良,2011-04-21
阎良区 ,29.0,21.0,94.0,,,,,良,2011-04-20
阎良区 ,33.0,14.0,85.0,,,,,良,2011-04-19
阎良区 ,19.0,15.0,80.0,,,,,良,2011-04-18
阎良区 ,33.0,21.0,76.0,,,,,良,2011-04-17
阎良区 ,19.0,19.0,95.0,,,,,良,2011-04-16
阎良区 ,22.0,14.0,86.0,,,,,良,2011-04-15
阎良区 ,26.0,5.0,138.0,,,,,轻微污染,2011-04-14
阎良区 ,25.0,22.0,145.0,,,,,轻微污染,2011-04-13
阎良区 ,17.0,19.0,145.0,,,,,轻微污染,2011-04-12
阎良区 ,10.0,11.0,88.0,,,,,良,2011-04-11
阎良区 ,23.0,22.0,128.0,,,,,轻微污染,2011-04-10
阎良区 ,21.0,21.0,98.0,,,,,良,2011-04-09
阎良区 ,18.0,15.0,96.0,,,,,良,2011-04-08
阎良区 ,12.0,20.0,94.0,,,,,良,2011-04-07
阎良区 ,20.0,13.0,96.0,,,,,良,2011-04-06
阎良区 ,22.0,14.0,93.0,,,,,良,2011-04-05
阎良区 ,20.0,18.0,92.0,,,,,良,2011-04-04
阎良区 ,20.0,20.0,83.0,,,,,良,2011-04-03
阎良区 ,16.0,25.0,89.0,,,,,良,2011-04-02
阎良区 ,37.0,35.0,97.0,,,,,良,2011-04-01
阎良区 ,46.0,37.0,97.0,,,,,良,2011-03-31
阎良区 ,45.0,32.0,92.0,,,,,良,2011-03-30
阎良区 ,25.0,37.0,91.0,,,,,良,2011-03-29
阎良区 ,34.0,39.0,92.0,,,,,良,2011-03-28
阎良区 ,22.0,39.0,86.0,,,,,良,2011-03-27
阎良区 ,22.0,28.0,100.0,,,,,良,2011-03-26
阎良区 ,24.0,42.0,97.0,,,,,良,2011-03-25
阎良区 ,19.0,42.0,95.0,,,,,良,2011-03-24
阎良区 ,19.0,40.0,84.0,,,,,良,2011-03-23
阎良区 ,13.0,27.0,65.0,,,,,良,2011-03-22
阎良区 ,13.0,30.0,51.0,,,,,良,2011-03-21
阎良区 ,16.0,24.0,100.0,,,,,良,2011-03-20
阎良区 ,20.0,35.0,173.0,,,,,轻度污染,2011-03-19
阎良区 ,20.0,63.0,136.0,,,,,轻微污染,2011-03-18
阎良区 ,19.0,42.0,89.0,,,,,良,2011-03-17
阎良区 ,11.0,32.0,81.0,,,,,良,2011-03-16
阎良区 ,36.0,29.0,77.0,,,,,良,2011-03-15
阎良区 ,42.0,30.0,177.0,,,,,轻度污染,2011-03-14
阎良区 ,52.0,39.0,97.0,,,,,良,2011-03-13
阎良区 ,55.0,32.0,99.0,,,,,良,2011-03-12
阎良区 ,51.0,32.0,95.0,,,,,良,2011-03-11
阎良区 ,49.0,32.0,89.0,,,,,良,2011-03-10
阎良区 ,51.0,30.0,94.0,,,,,良,2011-03-09
阎良区 ,54.0,33.0,92.0,,,,,良,2011-03-08
阎良区 ,46.0,26.0,97.0,,,,,良,2011-03-07
阎良区 ,52.0,32.0,113.0,,,,,轻微污染,2011-03-06
阎良区 ,59.0,29.0,106.0,,,,,轻微污染,2011-03-05
阎良区 ,51.0,16.0,59.0,,,,,良,2011-03-04
阎良区 ,54.0,27.0,84.0,,,,,良,2011-03-03
阎良区 ,16.0,28.0,72.0,,,,,良,2011-03-02
阎良区 ,29.0,39.0,64.0,,,,,良,2011-03-01
阎良区 ,24.0,26.0,88.0,,,,,良,2011-02-28
阎良区 ,27.0,13.0,79.0,,,,,良,2011-02-27
阎良区 ,39.0,13.0,108.0,,,,,轻微污染,2011-02-26
阎良区 ,61.0,63.0,179.0,,,,,轻度污染,2011-02-25
阎良区 ,72.0,43.0,187.0,,,,,轻度污染,2011-02-24
阎良区 ,55.0,50.0,178.0,,,,,轻度污染,2011-02-23
阎良区 ,62.0,22.0,133.0,,,,,轻微污染,2011-02-22
阎良区 ,70.0,52.0,171.0,,,,,轻度污染,2011-02-21
阎良区 ,69.0,72.0,194.0,,,,,轻度污染,2011-02-20
阎良区 ,62.0,54.0,142.0,,,,,轻微污染,2011-02-19
阎良区 ,71.0,40.0,148.0,,,,,轻微污染,2011-02-18
阎良区 ,65.0,65.0,163.0,,,,,轻度污染,2011-02-17
阎良区 ,52.0,34.0,96.0,,,,,良,2011-02-16
阎良区 ,49.0,30.0,87.0,,,,,良,2011-02-15
阎良区 ,33.0,24.0,43.0,,,,,优,2011-02-14
阎良区 ,36.0,28.0,85.0,,,,,良,2011-02-13
阎良区 ,45.0,32.0,82.0,,,,,良,2011-02-12
阎良区 ,60.0,31.0,95.0,,,,,良,2011-02-11
阎良区 ,28.0,30.0,92.0,,,,,良,2011-02-10
阎良区 ,90.0,47.0,128.0,,,,,轻微污染,2011-02-09
阎良区 ,54.0,52.0,97.0,,,,,良,2011-02-08
阎良区 ,64.0,34.0,96.0,,,,,良,2011-02-07
阎良区 ,48.0,38.0,139.0,,,,,轻微污染,2011-02-06
阎良区 ,49.0,31.0,99.0,,,,,良,2011-02-05
阎良区 ,53.0,39.0,180.0,,,,,轻度污染,2011-02-04
阎良区 ,102.0,44.0,195.0,,,,,轻度污染,2011-02-03
阎良区 ,55.0,45.0,138.0,,,,,轻微污染,2011-02-02
阎良区 ,63.0,35.0,113.0,,,,,轻微污染,2011-02-01
阎良区 ,27.0,25.0,73.0,,,,,良,2011-01-31
阎良区 ,20.0,29.0,79.0,,,,,良,2011-01-30
阎良区 ,61.0,14.0,68.0,,,,,良,2011-01-29
阎良区 ,74.0,25.0,92.0,,,,,良,2011-01-28
阎良区 ,89.0,33.0,118.0,,,,,轻微污染,2011-01-27
阎良区 ,92.0,37.0,112.0,,,,,轻微污染,2011-01-26
阎良区 ,86.0,30.0,113.0,,,,,轻微污染,2011-01-25
阎良区 ,45.0,32.0,92.0,,,,,良,2011-01-24
阎良区 ,23.0,29.0,126.0,,,,,轻微污染,2011-01-23
阎良区 ,80.0,70.0,140.0,,,,,轻微污染,2011-01-22
阎良区 ,77.0,74.0,122.0,,,,,轻微污染,2011-01-21
阎良区 ,77.0,15.0,145.0,,,,,轻微污染,2011-01-20
阎良区 ,83.0,13.0,107.0,,,,,轻微污染,2011-01-19
阎良区 ,65.0,24.0,94.0,,,,,良,2011-01-18
阎良区 ,67.0,19.0,67.0,,,,,良,2011-01-17
阎良区 ,60.0,20.0,85.0,,,,,良,2011-01-16
阎良区 ,59.0,19.0,91.0,,,,,良,2011-01-15
阎良区 ,97.0,19.0,149.0,,,,,轻微污染,2011-01-14
阎良区 ,85.0,49.0,121.0,,,,,轻微污染,2011-01-13
阎良区 ,56.0,30.0,78.0,,,,,良,2011-01-12
阎良区 ,71.0,10.0,75.0,,,,,良,2011-01-11
阎良区 ,53.0,7.0,63.0,,,,,良,2011-01-10
阎良区 ,67.0,13.0,100.0,,,,,良,2011-01-09
阎良区 ,71.0,20.0,98.0,,,,,良,2011-01-08
阎良区 ,50.0,20.0,95.0,,,,,良,2011-01-07
阎良区 ,60.0,20.0,92.0,,,,,良,2011-01-06
阎良区 ,62.0,13.0,122.0,,,,,轻微污染,2011-01-05
阎良区 ,71.0,24.0,87.0,,,,,良,2011-01-04
阎良区 ,56.0,15.0,76.0,,,,,良,2011-01-03
阎良区 ,66.0,40.0,69.0,,,,,良,2011-01-02
阎良区 ,51.0,27.0,89.0,,,,,良,2011-01-01
阎良区 ,51.0,19.0,51.0,,,,,良,2010-12-31
阎良区 ,20.0,28.0,80.0,,,,,良,2010-12-30
阎良区 ,54.0,15.0,113.0,,,,,轻微污染,2010-12-29
阎良区 ,52.0,15.0,74.0,,,,,良,2010-12-28
阎良区 ,53.0,22.0,110.0,,,,,轻微污染,2010-12-27
阎良区 ,31.0,12.0,74.0,,,,,良,2010-12-26
阎良区 ,36.0,15.0,62.0,,,,,良,2010-12-25
阎良区 ,76.0,19.0,86.0,,,,,良,2010-12-24
阎良区 ,61.0,39.0,152.0,,,,,轻度污染,2010-12-23
阎良区 ,40.0,29.0,107.0,,,,,轻微污染,2010-12-22
阎良区 ,83.0,30.0,131.0,,,,,轻微污染,2010-12-21
阎良区 ,74.0,28.0,87.0,,,,,良,2010-12-20
阎良区 ,84.0,25.0,100.0,,,,,良,2010-12-19
阎良区 ,92.0,38.0,102.0,,,,,轻微污染,2010-12-18
阎良区 ,82.0,27.0,90.0,,,,,良,2010-12-17
阎良区 ,29.0,9.0,57.0,,,,,良,2010-12-16
阎良区 ,40.0,9.0,66.0,,,,,良,2010-12-15
阎良区 ,75.0,19.0,83.0,,,,,良,2010-12-14
阎良区 ,96.0,41.0,167.0,,,,,轻度污染,2010-12-13
阎良区 ,46.0,17.0,145.0,,,,,轻微污染,2010-12-12
阎良区 ,63.0,12.0,100.0,,,,,良,2010-12-11
阎良区 ,64.0,35.0,132.0,,,,,轻微污染,2010-12-10
阎良区 ,57.0,16.0,148.0,,,,,轻微污染,2010-12-10
阎良区 ,63.0,20.0,94.0,,,,,良,2010-12-08
阎良区 ,59.0,21.0,91.0,,,,,良,2010-12-07
阎良区 ,58.0,15.0,111.0,,,,,轻微污染,2010-12-06
阎良区 ,76.0,40.0,152.0,,,,,轻度污染,2010-12-05
阎良区 ,57.0,31.0,141.0,,,,,轻微污染,2010-12-04
阎良区 ,66.0,25.0,94.0,,,,,良,2010-12-03
阎良区 ,72.0,22.0,110.0,,,,,轻微污染,2010-12-02
阎良区 ,70.0,40.0,111.0,,,,,轻微污染,2010-12-01
阎良区 ,70.0,22.0,97.0,,,,,良,2010-11-30
阎良区 ,67.0,18.0,91.0,,,,,良,2010-11-29
阎良区 ,72.0,35.0,104.0,,,,,轻微污染,2010-11-28
阎良区 ,73.0,35.0,103.0,,,,,轻微污染,2010-11-27
阎良区 ,79.0,25.0,137.0,,,,,轻微污染,2010-11-26
阎良区 ,55.0,15.0,141.0,,,,,轻微污染,2010-11-25
阎良区 ,85.0,32.0,199.0,,,,,轻度污染,2010-11-24
阎良区 ,73.0,26.0,96.0,,,,,良,2010-11-23
阎良区 ,79.0,34.0,97.0,,,,,良,2010-11-22
阎良区 ,74.0,35.0,95.0,,,,,良,2010-11-21
阎良区 ,67.0,33.0,142.0,,,,,轻微污染,2010-11-20
阎良区 ,53.0,32.0,82.0,,,,,良,2010-11-19
阎良区 ,80.0,70.0,149.0,,,,,轻微污染,2010-11-18
阎良区 ,65.0,34.0,132.0,,,,,轻微污染,2010-11-17
阎良区 ,57.0,24.0,108.0,,,,,轻微污染,2010-11-16
阎良区 ,52.0,26.0,86.0,,,,,良,2010-11-15
阎良区 ,52.0,20.0,74.0,,,,,良,2010-11-14
阎良区 ,82.0,27.0,108.0,,,,,轻微污染,2010-11-13
阎良区 ,63.0,21.0,138.0,,,,,轻微污染,2010-11-12
阎良区 ,41.0,19.0,111.0,,,,,轻微污染,2010-11-11
阎良区 ,44.0,39.0,96.0,,,,,良,2010-11-10
阎良区 ,40.0,38.0,96.0,,,,,良,2010-11-10
阎良区 ,31.0,28.0,98.0,,,,,良,2010-11-08
阎良区 ,41.0,45.0,95.0,,,,,良,2010-11-07
阎良区 ,46.0,41.0,125.0,,,,,轻微污染,2010-11-06
阎良区 ,42.0,42.0,93.0,,,,,良,2010-11-05
阎良区 ,43.0,39.0,97.0,,,,,良,2010-11-04
阎良区 ,36.0,31.0,72.0,,,,,良,2010-11-03
阎良区 ,31.0,37.0,98.0,,,,,良,2010-11-02
阎良区 ,39.0,55.0,146.0,,,,,轻微污染,2010-11-01
阎良区 ,47.0,46.0,126.0,,,,,轻微污染,2010-10-31
阎良区 ,37.0,35.0,92.0,,,,,良,2010-10-30
阎良区 ,35.0,33.0,91.0,,,,,良,2010-10-29
阎良区 ,35.0,31.0,67.0,,,,,良,2010-10-28
阎良区 ,12.0,19.0,47.0,,,,,优,2010-10-27
阎良区 ,8.0,19.0,28.0,,,,,优,2010-10-26
阎良区 ,10.0,15.0,47.0,,,,,优,2010-10-25
阎良区 ,29.0,30.0,105.0,,,,,轻微污染,2010-10-24
阎良区 ,26.0,27.0,93.0,,,,,良,2010-10-23
阎良区 ,35.0,44.0,86.0,,,,,良,2010-10-22
阎良区 ,47.0,35.0,113.0,,,,,轻微污染,2010-10-21
阎良区 ,27.0,41.0,150.0,,,,,轻微污染,2010-10-20
阎良区 ,39.0,50.0,145.0,,,,,轻微污染,2010-10-19
阎良区 ,22.0,35.0,122.0,,,,,轻微污染,2010-10-18
阎良区 ,40.0,47.0,121.0,,,,,轻微污染,2010-10-17
阎良区 ,47.0,40.0,100.0,,,,,良,2010-10-16
阎良区 ,30.0,42.0,82.0,,,,,良,2010-10-15
阎良区 ,49.0,22.0,82.0,,,,,良,2010-10-14
阎良区 ,43.0,19.0,69.0,,,,,良,2010-10-13
阎良区 ,48.0,19.0,61.0,,,,,良,2010-10-12
阎良区 ,31.0,14.0,46.0,,,,,优,2010-10-11
阎良区 ,35.0,18.0,99.0,,,,,良,2010-10-10
阎良区 ,48.0,28.0,134.0,,,,,轻微污染,2010-10-09
阎良区 ,45.0,25.0,95.0,,,,,良,2010-10-08
阎良区 ,38.0,28.0,99.0,,,,,良,2010-10-07
阎良区 ,48.0,23.0,80.0,,,,,良,2010-10-06
阎良区 ,46.0,27.0,96.0,,,,,良,2010-10-05
阎良区 ,50.0,14.0,69.0,,,,,良,2010-10-04
阎良区 ,24.0,19.0,68.0,,,,,良,2010-10-03
阎良区 ,25.0,14.0,75.0,,,,,良,2010-10-02
阎良区 ,30.0,14.0,87.0,,,,,良,2010-10-01
阎良区 ,37.0,15.0,81.0,,,,,良,2010-09-30
阎良区 ,33.0,10.0,89.0,,,,,良,2010-09-29
阎良区 ,48.0,30.0,109.0,,,,,轻微污染,2010-09-28
阎良区 ,35.0,9.0,81.0,,,,,良,2010-09-27
阎良区 ,38.0,17.0,64.0,,,,,良,2010-09-26
阎良区 ,12.0,12.0,51.0,,,,,良,2010-09-25
阎良区 ,45.0,20.0,72.0,,,,,良,2010-09-24
阎良区 ,46.0,18.0,55.0,,,,,良,2010-09-23
阎良区 ,35.0,14.0,40.0,,,,,优,2010-09-22
阎良区 ,33.0,14.0,71.0,,,,,良,2010-09-21
阎良区 ,43.0,15.0,74.0,,,,,良,2010-09-20
阎良区 ,41.0,15.0,72.0,,,,,良,2010-09-19
阎良区 ,39.0,9.0,84.0,,,,,良,2010-09-18
阎良区 ,15.0,19.0,83.0,,,,,良,2010-09-17
阎良区 ,26.0,19.0,80.0,,,,,良,2010-09-16
阎良区 ,18.0,19.0,96.0,,,,,良,2010-09-15
阎良区 ,22.0,16.0,85.0,,,,,良,2010-09-14
阎良区 ,16.0,15.0,84.0,,,,,良,2010-09-13
阎良区 ,38.0,25.0,94.0,,,,,良,2010-09-12
阎良区 ,17.0,7.0,90.0,,,,,良,2010-09-11
阎良区 ,25.0,17.0,60.0,,,,,良,2010-09-10
阎良区 ,27.0,7.0,59.0,,,,,良,2010-09-09
阎良区 ,18.0,13.0,90.0,,,,,良,2010-09-08
阎良区 ,11.0,10.0,73.0,,,,,良,2010-09-07
阎良区 ,14.0,7.0,79.0,,,,,良,2010-09-06
阎良区 ,14.0,19.0,70.0,,,,,良,2010-09-05
阎良区 ,12.0,13.0,63.0,,,,,良,2010-09-04
阎良区 ,14.0,19.0,65.0,,,,,良,2010-09-03
阎良区 ,14.0,11.0,68.0,,,,,良,2010-09-02
阎良区 ,13.0,12.0,100.0,,,,,良,2010-09-01
阎良区 ,16.0,14.0,85.0,,,,,良,2010-08-31
阎良区 ,11.0,15.0,97.0,,,,,良,2010-08-30
阎良区 ,15.0,17.0,85.0,,,,,良,2010-08-29
阎良区 ,17.0,13.0,83.0,,,,,良,2010-08-28
阎良区 ,18.0,15.0,63.0,,,,,良,2010-08-27
阎良区 ,18.0,18.0,63.0,,,,,良,2010-08-26
阎良区 ,15.0,13.0,33.0,,,,,优,2010-08-25
阎良区 ,12.0,7.0,19.0,,,,,优,2010-08-24
阎良区 ,10.0,15.0,60.0,,,,,良,2010-08-23
阎良区 ,7.0,13.0,36.0,,,,,优,2010-08-22
阎良区 ,6.0,10.0,58.0,,,,,良,2010-08-21
阎良区 ,8.0,13.0,43.0,,,,,优,2010-08-20
阎良区 ,14.0,15.0,71.0,,,,,良,2010-08-19
阎良区 ,13.0,13.0,79.0,,,,,良,2010-08-18
阎良区 ,12.0,12.0,75.0,,,,,良,2010-08-17
阎良区 ,14.0,15.0,78.0,,,,,良,2010-08-16
阎良区 ,6.0,10.0,69.0,,,,,良,2010-08-15
阎良区 ,5.0,12.0,49.0,,,,,优,2010-08-14
阎良区 ,5.0,13.0,41.0,,,,,优,2010-08-13
阎良区 ,3.0,17.0,73.0,,,,,良,2010-08-12
阎良区 ,8.0,8.0,67.0,,,,,良,2010-08-11
阎良区 ,6.0,9.0,69.0,,,,,良,2010-08-10
阎良区 ,9.0,10.0,82.0,,,,,良,2010-08-09
阎良区 ,4.0,9.0,84.0,,,,,良,2010-08-08
阎良区 ,5.0,10.0,76.0,,,,,良,2010-08-07
阎良区 ,7.0,18.0,70.0,,,,,良,2010-08-06
阎良区 ,6.0,18.0,66.0,,,,,良,2010-08-05
阎良区 ,16.0,18.0,94.0,,,,,良,2010-08-04
阎良区 ,13.0,10.0,71.0,,,,,良,2010-08-03
阎良区 ,6.0,6.0,50.0,,,,,优,2010-08-02
阎良区 ,10.0,8.0,69.0,,,,,良,2010-08-01
阎良区 ,10.0,5.0,77.0,,,,,良,2010-07-31
阎良区 ,4.0,8.0,76.0,,,,,良,2010-07-30
阎良区 ,9.0,8.0,95.0,,,,,良,2010-07-29
阎良区 ,10.0,7.0,69.0,,,,,良,2010-07-28
阎良区 ,9.0,8.0,64.0,,,,,良,2010-07-27
阎良区 ,8.0,7.0,55.0,,,,,良,2010-07-26
阎良区 ,3.0,5.0,40.0,,,,,优,2010-07-25
阎良区 ,7.0,9.0,34.0,,,,,优,2010-07-24
阎良区 ,5.0,9.0,61.0,,,,,良,2010-07-23
阎良区 ,9.0,10.0,71.0,,,,,良,2010-07-22
阎良区 ,13.0,11.0,66.0,,,,,良,2010-07-21
阎良区 ,13.0,12.0,67.0,,,,,良,2010-07-20
阎良区 ,7.0,19.0,80.0,,,,,良,2010-07-19
阎良区 ,7.0,17.0,67.0,,,,,良,2010-07-18
阎良区 ,6.0,17.0,60.0,,,,,良,2010-07-17
阎良区 ,3.0,7.0,43.0,,,,,优,2010-07-16
阎良区 ,4.0,7.0,62.0,,,,,良,2010-07-15
阎良区 ,6.0,9.0,73.0,,,,,良,2010-07-14
阎良区 ,6.0,9.0,83.0,,,,,良,2010-07-13
阎良区 ,9.0,9.0,73.0,,,,,良,2010-07-12
阎良区 ,15.0,14.0,50.0,,,,,优,2010-07-11
阎良区 ,6.0,12.0,30.0,,,,,优,2010-07-10
阎良区 ,14.0,7.0,64.0,,,,,良,2010-07-09
阎良区 ,18.0,8.0,65.0,,,,,良,2010-07-08
阎良区 ,12.0,9.0,76.0,,,,,良,2010-07-07
阎良区 ,12.0,12.0,84.0,,,,,良,2010-07-06
阎良区 ,9.0,19.0,85.0,,,,,良,2010-07-05
阎良区 ,14.0,17.0,76.0,,,,,良,2010-07-04
阎良区 ,8.0,12.0,53.0,,,,,良,2010-07-03
阎良区 ,8.0,11.0,55.0,,,,,良,2010-07-02
阎良区 ,17.0,9.0,50.0,,,,,优,2010-07-01
阎良区 ,13.0,12.0,65.0,,,,,良,2010-06-30
阎良区 ,18.0,15.0,82.0,,,,,良,2010-06-29
阎良区 ,17.0,15.0,78.0,,,,,良,2010-06-28
阎良区 ,38.0,21.0,77.0,,,,,良,2010-06-27
阎良区 ,38.0,12.0,95.0,,,,,良,2010-06-26
阎良区 ,39.0,12.0,85.0,,,,,良,2010-06-25
阎良区 ,27.0,10.0,93.0,,,,,良,2010-06-24
阎良区 ,36.0,19.0,94.0,,,,,良,2010-06-23
阎良区 ,22.0,16.0,77.0,,,,,良,2010-06-22
阎良区 ,22.0,20.0,97.0,,,,,良,2010-06-21
阎良区 ,33.0,20.0,79.0,,,,,良,2010-06-20
阎良区 ,23.0,18.0,104.0,,,,,轻微污染,2010-06-19
阎良区 ,33.0,29.0,86.0,,,,,良,2010-06-18
阎良区 ,15.0,14.0,93.0,,,,,良,2010-06-17
阎良区 ,20.0,17.0,97.0,,,,,良,2010-06-16
阎良区 ,21.0,19.0,99.0,,,,,良,2010-06-15
阎良区 ,18.0,18.0,99.0,,,,,良,2010-06-14
阎良区 ,19.0,20.0,94.0,,,,,良,2010-06-13
阎良区 ,25.0,24.0,89.0,,,,,良,2010-06-12
阎良区 ,19.0,19.0,84.0,,,,,良,2010-06-11
阎良区 ,16.0,19.0,66.0,,,,,良,2010-06-10
阎良区 ,4.0,9.0,54.0,,,,,良,2010-06-09
阎良区 ,18.0,11.0,73.0,,,,,良,2010-06-08
阎良区 ,24.0,10.0,93.0,,,,,良,2010-06-07
阎良区 ,10.0,15.0,76.0,,,,,良,2010-06-06
阎良区 ,18.0,13.0,77.0,,,,,良,2010-06-05
阎良区 ,11.0,8.0,64.0,,,,,良,2010-06-04
阎良区 ,13.0,21.0,77.0,,,,,良,2010-06-03
阎良区 ,16.0,16.0,60.0,,,,,良,2010-06-02
阎良区 ,25.0,24.0,55.0,,,,,良,2010-06-01
阎良区 ,37.0,26.0,85.0,,,,,良,2010-05-31
阎良区 ,30.0,25.0,94.0,,,,,良,2010-05-30
阎良区 ,18.0,24.0,87.0,,,,,良,2010-05-29
阎良区 ,11.0,10.0,58.0,,,,,良,2010-05-28
阎良区 ,14.0,11.0,51.0,,,,,良,2010-05-27
阎良区 ,22.0,13.0,91.0,,,,,良,2010-05-26
阎良区 ,42.0,20.0,85.0,,,,,良,2010-05-25
阎良区 ,39.0,25.0,105.0,,,,,轻微污染,2010-05-24
阎良区 ,34.0,21.0,92.0,,,,,良,2010-05-23
阎良区 ,20.0,19.0,56.0,,,,,良,2010-05-22
阎良区 ,15.0,18.0,85.0,,,,,良,2010-05-21
阎良区 ,28.0,14.0,99.0,,,,,良,2010-05-20
阎良区 ,30.0,25.0,99.0,,,,,良,2010-05-19
阎良区 ,11.0,18.0,55.0,,,,,良,2010-05-18
阎良区 ,23.0,35.0,82.0,,,,,良,2010-05-17
阎良区 ,35.0,23.0,92.0,,,,,良,2010-05-16
阎良区 ,20.0,19.0,92.0,,,,,良,2010-05-15
阎良区 ,16.0,22.0,65.0,,,,,良,2010-05-14
阎良区 ,16.0,5.0,59.0,,,,,良,2010-05-13
阎良区 ,22.0,6.0,110.0,,,,,轻微污染,2010-05-12
阎良区 ,36.0,26.0,106.0,,,,,轻微污染,2010-05-11
阎良区 ,34.0,10.0,168.0,,,,,轻度污染,2010-05-10
阎良区 ,27.0,10.0,110.0,,,,,轻微污染,2010-05-09
阎良区 ,26.0,12.0,98.0,,,,,良,2010-05-08
阎良区 ,30.0,13.0,88.0,,,,,良,2010-05-07
阎良区 ,16.0,6.0,74.0,,,,,良,2010-05-06
阎良区 ,19.0,10.0,92.0,,,,,良,2010-05-05
阎良区 ,32.0,11.0,88.0,,,,,良,2010-05-04
阎良区 ,52.0,12.0,105.0,,,,,轻微污染,2010-05-03
阎良区 ,37.0,15.0,91.0,,,,,良,2010-05-02
阎良区 ,20.0,11.0,95.0,,,,,良,2010-05-01
阎良区 ,20.0,11.0,127.0,,,,,轻微污染,2010-04-30
阎良区 ,30.0,12.0,155.0,,,,,轻度污染,2010-04-29
阎良区 ,37.0,10.0,152.0,,,,,轻度污染,2010-04-28
阎良区 ,31.0,9.0,188.0,,,,,轻度污染,2010-04-27
阎良区 ,26.0,13.0,500.0,,,,,重度污染,2010-04-26
阎良区 ,25.0,13.0,59.0,,,,,良,2010-04-25
阎良区 ,42.0,16.0,87.0,,,,,良,2010-04-24
阎良区 ,23.0,27.0,73.0,,,,,良,2010-04-23
阎良区 ,36.0,25.0,53.0,,,,,良,2010-04-22
阎良区 ,11.0,9.0,35.0,,,,,优,2010-04-21
阎良区 ,35.0,19.0,54.0,,,,,良,2010-04-20
阎良区 ,33.0,18.0,85.0,,,,,良,2010-04-19
阎良区 ,22.0,15.0,68.0,,,,,良,2010-04-18
阎良区 ,33.0,25.0,102.0,,,,,轻微污染,2010-04-17
阎良区 ,25.0,28.0,87.0,,,,,良,2010-04-16
阎良区 ,30.0,18.0,49.0,,,,,优,2010-04-15
阎良区 ,18.0,13.0,54.0,,,,,良,2010-04-14
阎良区 ,13.0,19.0,66.0,,,,,良,2010-04-13
阎良区 ,24.0,25.0,69.0,,,,,良,2010-04-12
阎良区 ,27.0,16.0,65.0,,,,,良,2010-04-11
阎良区 ,33.0,15.0,75.0,,,,,良,2010-04-10
阎良区 ,30.0,27.0,74.0,,,,,良,2010-04-09
阎良区 ,34.0,23.0,96.0,,,,,良,2010-04-08
阎良区 ,37.0,13.0,61.0,,,,,良,2010-04-07
阎良区 ,38.0,18.0,65.0,,,,,良,2010-04-06
阎良区 ,36.0,28.0,58.0,,,,,良,2010-04-05
阎良区 ,41.0,28.0,64.0,,,,,良,2010-04-04
阎良区 ,37.0,25.0,65.0,,,,,良,2010-04-03
阎良区 ,29.0,32.0,94.0,,,,,良,2010-04-02
阎良区 ,29.0,30.0,116.0,,,,,轻微污染,2010-04-01
阎良区 ,42.0,32.0,147.0,,,,,轻微污染,2010-03-31
阎良区 ,41.0,25.0,96.0,,,,,良,2010-03-30
阎良区 ,41.0,14.0,95.0,,,,,良,2010-03-29
阎良区 ,39.0,30.0,116.0,,,,,轻微污染,2010-03-28
阎良区 ,30.0,30.0,109.0,,,,,轻微污染,2010-03-27
阎良区 ,38.0,27.0,176.0,,,,,轻度污染,2010-03-26
阎良区 ,13.0,25.0,112.0,,,,,轻微污染,2010-03-25
阎良区 ,38.0,15.0,95.0,,,,,良,2010-03-24
阎良区 ,46.0,15.0,93.0,,,,,良,2010-03-23
阎良区 ,38.0,22.0,182.0,,,,,轻度污染,2010-03-22
阎良区 ,50.0,17.0,188.0,,,,,轻度污染,2010-03-21
阎良区 ,38.0,25.0,176.0,,,,,轻度污染,2010-03-20
阎良区 ,47.0,29.0,96.0,,,,,良,2010-03-19
阎良区 ,45.0,27.0,150.0,,,,,轻微污染,2010-03-18
阎良区 ,41.0,26.0,110.0,,,,,轻微污染,2010-03-17
阎良区 ,38.0,24.0,96.0,,,,,良,2010-03-16
阎良区 ,31.0,26.0,83.0,,,,,良,2010-03-15
阎良区 ,32.0,23.0,95.0,,,,,良,2010-03-14
阎良区 ,44.0,25.0,114.0,,,,,轻微污染,2010-03-13
阎良区 ,51.0,36.0,99.0,,,,,良,2010-03-12
阎良区 ,45.0,35.0,81.0,,,,,良,2010-03-11
阎良区 ,38.0,25.0,78.0,,,,,良,2010-03-10
阎良区 ,23.0,10.0,41.0,,,,,优,2010-03-09
阎良区 ,38.0,47.0,78.0,,,,,良,2010-03-08
阎良区 ,54.0,37.0,55.0,,,,,良,2010-03-07
阎良区 ,51.0,24.0,59.0,,,,,良,2010-03-06
阎良区 ,55.0,27.0,93.0,,,,,良,2010-03-05
阎良区 ,57.0,36.0,79.0,,,,,良,2010-03-04
阎良区 ,52.0,19.0,98.0,,,,,良,2010-03-03
阎良区 ,52.0,27.0,117.0,,,,,轻微污染,2010-03-02
阎良区 ,29.0,9.0,138.0,,,,,轻微污染,2010-03-01
阎良区 ,64.0,28.0,109.0,,,,,轻微污染,2010-02-28
阎良区 ,57.0,28.0,101.0,,,,,轻微污染,2010-02-27
阎良区 ,63.0,28.0,96.0,,,,,良,2010-02-26
阎良区 ,57.0,25.0,89.0,,,,,良,2010-02-25
阎良区 ,61.0,32.0,117.0,,,,,轻微污染,2010-02-24
阎良区 ,71.0,27.0,100.0,,,,,良,2010-02-23
阎良区 ,54.0,21.0,58.0,,,,,良,2010-02-22
阎良区 ,53.0,19.0,60.0,,,,,良,2010-02-21
阎良区 ,40.0,15.0,67.0,,,,,良,2010-02-20
阎良区 ,36.0,10.0,55.0,,,,,良,2010-02-19
阎良区 ,23.0,7.0,56.0,,,,,良,2010-02-18
阎良区 ,23.0,7.0,54.0,,,,,良,2010-02-17
阎良区 ,32.0,7.0,48.0,,,,,优,2010-02-16
阎良区 ,43.0,7.0,43.0,,,,,优,2010-02-15
阎良区 ,58.0,10.0,84.0,,,,,良,2010-02-14
阎良区 ,67.0,9.0,54.0,,,,,良,2010-02-13
阎良区 ,31.0,9.0,41.0,,,,,优,2010-02-12
阎良区 ,48.0,8.0,52.0,,,,,良,2010-02-11
阎良区 ,42.0,12.0,75.0,,,,,良,2010-02-10
阎良区 ,64.0,17.0,122.0,,,,,轻微污染,2010-02-09
阎良区 ,74.0,20.0,105.0,,,,,轻微污染,2010-02-08
阎良区 ,65.0,19.0,107.0,,,,,轻微污染,2010-02-07
阎良区 ,93.0,30.0,155.0,,,,,轻度污染,2010-02-06
阎良区 ,73.0,29.0,137.0,,,,,轻微污染,2010-02-05
阎良区 ,68.0,27.0,135.0,,,,,轻微污染,2010-02-04
阎良区 ,73.0,33.0,95.0,,,,,良,2010-02-03
阎良区 ,63.0,15.0,71.0,,,,,良,2010-02-02
阎良区 ,60.0,20.0,75.0,,,,,良,2010-02-01
阎良区 ,52.0,22.0,65.0,,,,,良,2010-01-31
阎良区 ,68.0,20.0,71.0,,,,,良,2010-01-30
阎良区 ,65.0,23.0,81.0,,,,,良,2010-01-29
阎良区 ,40.0,21.0,71.0,,,,,良,2010-01-28
阎良区 ,53.0,20.0,71.0,,,,,良,2010-01-27
阎良区 ,45.0,16.0,95.0,,,,,良,2010-01-26
阎良区 ,47.0,25.0,60.0,,,,,良,2010-01-25
阎良区 ,66.0,17.0,76.0,,,,,良,2010-01-24
阎良区 ,56.0,13.0,90.0,,,,,良,2010-01-23
阎良区 ,70.0,14.0,75.0,,,,,良,2010-01-22
阎良区 ,43.0,10.0,68.0,,,,,良,2010-01-21
阎良区 ,80.0,30.0,76.0,,,,,良,2010-01-20
阎良区 ,80.0,40.0,83.0,,,,,良,2010-01-19
阎良区 ,85.0,30.0,89.0,,,,,良,2010-01-18
阎良区 ,59.0,26.0,59.0,,,,,良,2010-01-17
阎良区 ,60.0,25.0,88.0,,,,,良,2010-01-16
阎良区 ,66.0,32.0,101.0,,,,,轻微污染,2010-01-15
阎良区 ,45.0,15.0,75.0,,,,,良,2010-01-14
阎良区 ,49.0,21.0,73.0,,,,,良,2010-01-13
阎良区 ,32.0,20.0,57.0,,,,,良,2010-01-12
阎良区 ,63.0,40.0,78.0,,,,,良,2010-01-11
阎良区 ,92.0,37.0,99.0,,,,,良,2010-01-10
阎良区 ,57.0,22.0,84.0,,,,,良,2010-01-09
阎良区 ,104.0,40.0,108.0,,,,,轻微污染,2010-01-08
阎良区 ,61.0,24.0,89.0,,,,,良,2010-01-07
阎良区 ,60.0,16.0,84.0,,,,,良,2010-01-06
阎良区 ,37.0,8.0,67.0,,,,,良,2010-01-05
阎良区 ,72.0,22.0,72.0,,,,,良,2010-01-04
阎良区 ,84.0,34.0,91.0,,,,,良,2010-01-03
阎良区 ,60.0,22.0,76.0,,,,,良,2010-01-02
阎良区 ,74.0,25.0,90.0,,,,,良,2010-01-01
临潼区 ,38.0,,103.0,37.0,35.0,41.0,95.0,轻度,2013-04-26
临潼区 ,29.0,92.0,110.0,41.0,31.0,42.0,92.0,轻度,2013-04-25
临潼区 ,19.0,87.0,121.0,44.0,30.0,35.0,135.0,轻度,2013-04-24
临潼区 ,14.0,67.0,99.0,46.0,23.0,29.0,130.0,轻度,2013-04-23
临潼区 ,11.0,52.0,95.0,30.0,16.0,18.0,98.0,良,2013-04-19
临潼区 ,28.0,50.0,249.0,30.0,25.0,34.0,152.0,重度,2013-04-18
临潼区 ,42.0,68.0,150.0,28.0,40.0,51.0,130.0,轻度,2013-04-17
临潼区 ,34.0,47.0,96.0,17.0,30.0,43.0,64.0,良,2013-04-16
临潼区 ,34.0,55.0,78.0,15.0,37.0,48.0,67.0,良,2013-04-15
临潼区 ,24.0,35.0,81.0,11.0,31.0,41.0,67.0,良,2013-04-14
临潼区 ,40.0,45.0,71.0,15.0,32.0,38.0,58.0,良,2013-04-13
临潼区 ,34.0,77.0,81.0,24.0,30.0,42.0,70.0,良,2013-04-12
临潼区 ,37.0,85.0,87.0,26.0,29.0,39.0,75.0,良,2013-04-11
临潼区 ,22.0,57.0,77.0,16.0,25.0,39.0,62.0,良,2013-04-10
临潼区 ,16.0,39.0,81.0,13.0,27.0,38.0,74.0,良,2013-04-09
临潼区 ,18.0,43.0,143.0,12.0,26.0,38.0,100.0,轻度,2013-04-08
临潼区 ,42.0,93.0,101.0,45.0,30.0,39.0,92.0,轻度,2013-04-07
临潼区 ,25.0,92.0,99.0,59.0,22.0,25.0,90.0,良,2013-04-06
临潼区 ,14.0,52.0,110.0,51.0,18.0,25.0,52.0,轻度,2013-04-05
临潼区 ,22.0,82.0,124.0,61.0,27.0,25.0,169.0,中度,2013-04-04
临潼区 ,56.0,110.0,129.0,67.0,39.0,46.0,170.0,中度,2013-04-03
临潼区 ,53.0,94.0,128.0,59.0,21.0,29.0,134.0,轻度,2013-04-02
临潼区 ,27.0,90.0,137.0,60.0,35.0,45.0,152.0,中度,2013-04-01
临潼区 ,37.0,98.0,148.0,63.0,32.0,28.0,249.0,重度,2013-03-31
临潼区 ,46.0,99.0,156.0,62.0,32.0,38.0,228.0,重度,2013-03-30
临潼区 ,42.0,88.0,146.0,56.0,19.0,26.0,198.0,中度,2013-03-29
临潼区 ,55.0,102.0,112.0,58.0,34.0,40.0,117.0,轻度,2013-03-28
临潼区 ,50.0,111.0,120.0,61.0,27.0,28.0,119.0,轻度,2013-03-27
临潼区 ,23.0,78.0,95.0,56.0,33.0,42.0,120.0,轻度,2013-03-27
临潼区 ,44.0,104.0,124.0,61.0,27.0,30.0,119.0,轻度,2013-03-22
临潼区 ,38.0,82.0,135.0,53.0,18.0,22.0,143.0,轻度,2013-03-21
临潼区 ,40.0,68.0,126.0,47.0,29.0,38.0,89.0,轻度,2013-03-20
临潼区 ,52.0,92.0,138.0,43.0,33.0,46.0,88.0,轻度,2013-03-19
临潼区 ,40.0,,140.0,16.0,34.0,47.0,62.0,轻度,2013-03-18
临潼区 ,54.0,,126.0,18.0,37.0,55.0,119.0,轻度,2013-03-17
临潼区 ,60.0,,156.0,35.0,14.0,17.0,223.0,重度,2013-03-16
临潼区 ,55.0,75.0,133.0,37.0,26.0,32.0,224.0,重度,2013-03-15
临潼区 ,66.0,,500.0,26.0,17.0,21.0,204.0,严重,2013-03-12
临潼区 ,57.0,35.0,98.0,35.0,15.0,20.0,93.0,良,2013-03-11
临潼区 ,40.0,23.0,296.0,25.0,25.0,32.0,77.0,重度,2013-03-10
临潼区 ,41.0,33.0,500.0,25.0,36.0,27.0,216.0,严重,2013-03-09
临潼区 ,55.0,43.0,107.0,26.0,45.0,56.0,88.0,轻度,2013-03-08
临潼区 ,62.0,55.0,156.0,34.0,35.0,54.0,135.0,中度,2013-03-07
临潼区 ,81.0,74.0,138.0,45.0,31.0,33.0,165.0,中度,2013-03-05
临潼区 ,74.0,69.0,126.0,60.0,23.0,27.0,123.0,轻度,2013-03-04
临潼区 ,83.0,62.0,212.0,60.0,31.0,43.0,263.0,重度,2013-02-28
临潼区 ,88.0,85.0,216.0,78.0,35.0,44.0,349.0,严重,2013-02-27
临潼区 ,85.0,100.0,191.0,88.0,27.0,23.0,333.0,严重,2013-02-26
临潼区 ,66.0,63.0,98.0,65.0,34.0,42.0,163.0,中度,2013-02-22
临潼区 ,79.0,75.0,108.0,77.0,30.0,31.0,186.0,中度,2013-02-21
临潼区 ,63.0,44.0,80.0,51.0,21.0,25.0,128.0,轻度,2013-02-20
临潼区 ,43.0,,83.0,47.0,18.0,26.0,129.0,轻度,2013-02-19
临潼区 ,28.0,52.0,90.0,52.0,28.0,37.0,137.0,轻度,2013-02-18
临潼区 ,66.0,,145.0,96.0,33.0,39.0,276.0,重度,2013-02-17
临潼区 ,52.0,69.0,148.0,107.0,33.0,40.0,291.0,重度,2013-02-16
临潼区 ,41.0,49.0,77.0,104.0,31.0,37.0,84.0,轻度,2013-02-15
临潼区 ,56.0,52.0,80.0,103.0,27.0,37.0,109.0,轻度,2013-02-14
临潼区 ,47.0,49.0,84.0,101.0,26.0,33.0,117.0,轻度,2013-02-13
临潼区 ,51.0,43.0,104.0,105.0,24.0,31.0,179.0,中度,2013-02-12
临潼区 ,34.0,38.0,,105.0,10.0,15.0,292.0,重度,2013-02-11
临潼区 ,41.0,,95.0,94.0,17.0,19.0,180.0,中度,2013-02-08
临潼区 ,54.0,59.0,106.0,103.0,14.0,19.0,196.0,中度,2013-02-07
临潼区 ,55.0,88.0,,109.0,17.0,19.0,327.0,严重,2013-02-06
临潼区 ,48.0,74.0,82.0,104.0,23.0,25.0,138.0,轻度,2013-02-05
临潼区 ,25.0,69.0,,105.0,10.0,14.0,186.0,中度,2013-02-04
临潼区 ,34.0,83.0,,104.0,9.0,13.0,215.0,重度,2013-02-03
临潼区 ,63.0,111.0,169.0,111.0,12.0,16.0,320.0,严重,2013-02-02
临潼区 ,54.0,106.0,263.0,114.0,13.0,16.0,423.0,严重,2013-02-01
临潼区 ,56.0,111.0,176.0,106.0,14.0,17.0,336.0,严重,2013-01-31
临潼区 ,89.0,125.0,250.0,107.0,11.0,15.0,410.0,严重,2013-01-30
临潼区 ,76.0,105.0,184.0,108.0,13.0,17.0,352.0,严重,2013-01-29
临潼区 ,83.0,120.0,152.0,108.0,12.0,16.0,272.0,重度,2013-01-28
临潼区 ,70.0,131.0,128.0,95.0,14.0,19.0,210.0,重度,2013-01-27
临潼区 ,79.0,137.0,118.0,89.0,15.0,20.0,186.0,中度,2013-01-26
临潼区 ,60.0,108.0,80.0,73.0,26.0,37.0,87.0,轻度,2013-01-25
临潼区 ,56.0,100.0,71.0,53.0,25.0,36.0,63.0,良,2013-01-24
临潼区 ,71.0,138.0,152.0,100.0,13.0,18.0,289.0,重度,2013-01-23
临潼区 ,58.0,118.0,112.0,85.0,19.0,24.0,202.0,重度,2013-01-22
临潼区 ,62.0,96.0,53.0,53.0,25.0,32.0,77.0,良,2013-01-21
临潼区 ,54.0,122.0,,104.0,15.0,20.0,355.0,严重,2013-01-20
临潼区 ,88.0,150.0,,114.0,10.0,16.0,442.0,严重,2013-01-19
临潼区 ,78.0,142.0,220.0,107.0,11.0,17.0,328.0,严重,2013-01-18
临潼区 ,67.0,116.0,127.0,69.0,22.0,24.0,189.0,中度,2013-01-17
临潼区 ,64.0,127.0,126.0,64.0,32.0,26.0,145.0,轻度,2013-01-16
临潼区 ,72.0,110.0,135.0,35.0,14.0,13.0,90.0,轻度,2013-01-15
临潼区 ,91.0,167.0,210.0,103.0,6.0,5.0,362.0,严重,2013-01-14
临潼区 ,94.0,171.0,177.0,104.0,3.0,4.0,305.0,严重,2013-01-13
临潼区 ,81.0,175.0,177.0,102.0,4.0,4.0,284.0,重度,2013-01-12
临潼区 ,85.0,125.0,137.0,68.0,11.0,12.0,212.0,重度,2013-01-11
临潼区 ,102.0,138.0,171.0,101.0,3.0,4.0,303.0,严重,2013-01-10
临潼区 ,62.0,117.0,111.0,64.0,6.0,7.0,159.0,中度,2013-01-09
临潼区 ,85.0,152.0,171.0,101.0,,,288.0,重度,2013-01-08
临潼区 ,103.0,147.0,196.0,107.0,4.0,5.0,342.0,严重,2013-01-07
临潼区 ,94.0,154.0,188.0,105.0,4.0,5.0,328.0,严重,2013-01-06
临潼区 ,102.0,119.0,135.0,87.0,4.0,6.0,229.0,重度,2013-01-05
临潼区 ,74.0,78.0,96.0,50.0,21.0,8.0,138.0,轻度,2013-01-04
临潼区 ,41.0,39.0,55.0,18.0,116.0,39.0,45.0,良,2013-01-03
临潼区 ,55.0,50.0,79.0,30.0,54.0,18.0,65.0,良,2013-01-02
临潼区 ,66.0,87.0,107.0,66.0,54.0,18.0,97.0,轻度,2013-01-01
临潼区 ,67.0,60.0,78.0,,,,,良,2012-12-31
临潼区 ,52.0,26.0,70.0,,,,,良,2012-12-30
临潼区 ,62.0,39.0,88.0,,,,,良,2012-12-29
临潼区 ,65.0,70.0,177.0,,,,,轻度污染,2012-12-28
临潼区 ,66.0,60.0,99.0,,,,,良,2012-12-25
临潼区 ,38.0,20.0,82.0,,,,,良,2012-12-24
临潼区 ,30.0,20.0,65.0,,,,,良,2012-12-23
临潼区 ,37.0,22.0,76.0,,,,,良,2012-12-22
临潼区 ,52.0,22.0,80.0,,,,,良,2012-12-21
临潼区 ,56.0,23.0,91.0,,,,,良,2012-12-20
临潼区 ,55.0,20.0,92.0,,,,,良,2012-12-19
临潼区 ,38.0,20.0,87.0,,,,,良,2012-12-18
临潼区 ,54.0,19.0,195.0,,,,,轻度污染,2012-12-17
临潼区 ,63.0,22.0,269.0,,,,,中度重污染,2012-12-16
临潼区 ,57.0,22.0,295.0,,,,,中度重污染,2012-12-15
临潼区 ,56.0,20.0,304.0,,,,,重污染,2012-12-14
临潼区 ,59.0,26.0,307.0,,,,,重污染,2012-12-13
临潼区 ,59.0,33.0,299.0,,,,,中度重污染,2012-12-12
临潼区 ,62.0,25.0,126.0,,,,,轻微污染,2012-12-11
临潼区 ,59.0,22.0,113.0,,,,,轻微污染,2012-12-10
临潼区 ,58.0,14.0,81.0,,,,,良,2012-12-09
临潼区 ,58.0,19.0,85.0,,,,,良,2012-12-08
临潼区 ,60.0,21.0,86.0,,,,,良,2012-12-07
临潼区 ,59.0,15.0,90.0,,,,,良,2012-12-06
临潼区 ,61.0,15.0,86.0,,,,,良,2012-12-05
临潼区 ,63.0,20.0,100.0,,,,,良,2012-12-04
临潼区 ,73.0,17.0,115.0,,,,,轻微污染,2012-12-03
临潼区 ,62.0,19.0,196.0,,,,,轻度污染,2012-12-02
临潼区 ,64.0,16.0,193.0,,,,,轻度污染,2012-12-01
临潼区 ,57.0,17.0,87.0,,,,,良,2012-11-30
临潼区 ,38.0,15.0,91.0,,,,,良,2012-11-29
临潼区 ,46.0,15.0,85.0,,,,,良,2012-11-28
临潼区 ,27.0,15.0,83.0,,,,,良,2012-11-27
临潼区 ,40.0,13.0,81.0,,,,,良,2012-11-26
临潼区 ,37.0,14.0,80.0,,,,,良,2012-11-25
临潼区 ,38.0,16.0,71.0,,,,,良,2012-11-24
临潼区 ,27.0,11.0,64.0,,,,,良,2012-11-23
临潼区 ,34.0,28.0,157.0,,,,,轻度污染,2012-11-22
临潼区 ,29.0,24.0,142.0,,,,,轻微污染,2012-11-21
临潼区 ,52.0,22.0,131.0,,,,,轻微污染,2012-11-20
临潼区 ,30.0,27.0,96.0,,,,,良,2012-11-19
临潼区 ,49.0,26.0,106.0,,,,,轻微污染,2012-11-18
临潼区 ,46.0,19.0,98.0,,,,,良,2012-11-17
临潼区 ,49.0,14.0,73.0,,,,,良,2012-11-16
临潼区 ,53.0,24.0,142.0,,,,,轻微污染,2012-11-15
临潼区 ,28.0,20.0,98.0,,,,,良,2012-11-14
临潼区 ,31.0,24.0,96.0,,,,,良,2012-11-13
临潼区 ,23.0,19.0,80.0,,,,,良,2012-11-12
临潼区 ,18.0,17.0,76.0,,,,,良,2012-11-11
临潼区 ,18.0,14.0,95.0,,,,,良,2012-11-10
临潼区 ,17.0,27.0,93.0,,,,,良,2012-11-09
临潼区 ,20.0,16.0,69.0,,,,,良,2012-11-08
临潼区 ,21.0,24.0,89.0,,,,,良,2012-11-07
临潼区 ,20.0,16.0,90.0,,,,,良,2012-11-06
临潼区 ,19.0,17.0,86.0,,,,,良,2012-11-05
临潼区 ,24.0,10.0,68.0,,,,,良,2012-11-04
临潼区 ,21.0,13.0,93.0,,,,,良,2012-11-03
临潼区 ,31.0,15.0,109.0,,,,,轻微污染,2012-11-02
临潼区 ,24.0,19.0,91.0,,,,,良,2012-11-01
临潼区 ,28.0,14.0,91.0,,,,,良,2012-10-31
临潼区 ,21.0,13.0,92.0,,,,,良,2012-10-30
临潼区 ,24.0,17.0,95.0,,,,,良,2012-10-29
临潼区 ,27.0,29.0,108.0,,,,,轻微污染,2012-10-28
临潼区 ,20.0,22.0,105.0,,,,,轻微污染,2012-10-27
临潼区 ,22.0,20.0,117.0,,,,,轻微污染,2012-10-26
临潼区 ,21.0,27.0,82.0,,,,,良,2012-10-25
临潼区 ,24.0,20.0,79.0,,,,,良,2012-10-24
临潼区 ,25.0,24.0,86.0,,,,,良,2012-10-23
临潼区 ,25.0,19.0,59.0,,,,,良,2012-10-22
临潼区 ,29.0,19.0,135.0,,,,,轻微污染,2012-10-21
临潼区 ,27.0,17.0,104.0,,,,,轻微污染,2012-10-20
临潼区 ,29.0,17.0,91.0,,,,,良,2012-10-19
临潼区 ,28.0,19.0,93.0,,,,,良,2012-10-18
临潼区 ,26.0,17.0,73.0,,,,,良,2012-10-17
临潼区 ,28.0,19.0,93.0,,,,,良,2012-10-16
临潼区 ,24.0,20.0,143.0,,,,,轻微污染,2012-10-15
临潼区 ,23.0,21.0,97.0,,,,,良,2012-10-14
临潼区 ,23.0,18.0,94.0,,,,,良,2012-10-13
临潼区 ,21.0,20.0,126.0,,,,,轻微污染,2012-10-12
临潼区 ,25.0,20.0,134.0,,,,,轻微污染,2012-10-11
临潼区 ,27.0,17.0,77.0,,,,,良,2012-10-10
临潼区 ,22.0,14.0,96.0,,,,,良,2012-10-09
临潼区 ,29.0,20.0,139.0,,,,,轻微污染,2012-10-08
临潼区 ,26.0,14.0,119.0,,,,,轻微污染,2012-10-07
临潼区 ,20.0,19.0,98.0,,,,,良,2012-10-06
临潼区 ,22.0,17.0,85.0,,,,,良,2012-10-05
临潼区 ,23.0,19.0,80.0,,,,,良,2012-10-04
临潼区 ,22.0,19.0,105.0,,,,,轻微污染,2012-10-03
临潼区 ,25.0,24.0,106.0,,,,,轻微污染,2012-10-02
临潼区 ,29.0,25.0,87.0,,,,,良,2012-10-01
临潼区 ,27.0,15.0,87.0,,,,,良,2012-09-30
临潼区 ,18.0,17.0,70.0,,,,,良,2012-09-29
临潼区 ,23.0,21.0,59.0,,,,,良,2012-09-28
临潼区 ,22.0,14.0,82.0,,,,,良,2012-09-27
临潼区 ,17.0,16.0,63.0,,,,,良,2012-09-26
临潼区 ,23.0,14.0,107.0,,,,,轻微污染,2012-09-25
临潼区 ,24.0,19.0,112.0,,,,,轻微污染,2012-09-24
临潼区 ,22.0,17.0,124.0,,,,,轻微污染,2012-09-23
临潼区 ,21.0,12.0,80.0,,,,,良,2012-09-22
临潼区 ,21.0,13.0,99.0,,,,,良,2012-09-21
临潼区 ,23.0,14.0,80.0,,,,,良,2012-09-20
临潼区 ,23.0,17.0,83.0,,,,,良,2012-09-19
临潼区 ,24.0,14.0,88.0,,,,,良,2012-09-18
临潼区 ,20.0,15.0,88.0,,,,,良,2012-09-17
临潼区 ,19.0,15.0,61.0,,,,,良,2012-09-16
临潼区 ,20.0,18.0,71.0,,,,,良,2012-09-15
临潼区 ,19.0,17.0,61.0,,,,,良,2012-09-14
临潼区 ,19.0,16.0,57.0,,,,,良,2012-09-13
临潼区 ,17.0,17.0,56.0,,,,,良,2012-09-12
临潼区 ,16.0,16.0,61.0,,,,,良,2012-09-11
临潼区 ,19.0,17.0,63.0,,,,,良,2012-09-10
临潼区 ,16.0,19.0,61.0,,,,,良,2012-09-09
临潼区 ,15.0,19.0,70.0,,,,,良,2012-09-08
临潼区 ,14.0,16.0,75.0,,,,,良,2012-09-07
临潼区 ,15.0,21.0,76.0,,,,,良,2012-09-06
临潼区 ,25.0,22.0,65.0,,,,,良,2012-09-05
临潼区 ,24.0,23.0,54.0,,,,,良,2012-09-04
临潼区 ,24.0,23.0,54.0,,,,,良,2012-09-04
临潼区 ,21.0,23.0,36.0,,,,,优,2012-09-03
临潼区 ,20.0,12.0,33.0,,,,,优,2012-09-02
临潼区 ,16.0,15.0,39.0,,,,,优,2012-09-01
临潼区 ,23.0,18.0,65.0,,,,,良,2012-08-31
临潼区 ,20.0,22.0,73.0,,,,,良,2012-08-30
临潼区 ,25.0,27.0,68.0,,,,,良,2012-08-29
临潼区 ,20.0,19.0,84.0,,,,,良,2012-08-28
临潼区 ,16.0,22.0,92.0,,,,,良,2012-08-27
临潼区 ,18.0,14.0,90.0,,,,,良,2012-08-26
临潼区 ,16.0,21.0,78.0,,,,,良,2012-08-25
临潼区 ,14.0,21.0,59.0,,,,,良,2012-08-24
临潼区 ,14.0,14.0,61.0,,,,,良,2012-08-23
临潼区 ,15.0,24.0,58.0,,,,,良,2012-08-22
临潼区 ,18.0,17.0,44.0,,,,,优,2012-08-21
临潼区 ,15.0,16.0,47.0,,,,,优,2012-08-20
临潼区 ,22.0,17.0,44.0,,,,,优,2012-08-19
临潼区 ,22.0,15.0,64.0,,,,,良,2012-08-18
临潼区 ,23.0,19.0,73.0,,,,,良,2012-08-17
临潼区 ,26.0,22.0,86.0,,,,,良,2012-08-16
临潼区 ,27.0,24.0,73.0,,,,,良,2012-08-15
临潼区 ,25.0,18.0,60.0,,,,,良,2012-08-14
临潼区 ,23.0,17.0,76.0,,,,,良,2012-08-13
临潼区 ,24.0,19.0,85.0,,,,,良,2012-08-12
临潼区 ,19.0,16.0,77.0,,,,,良,2012-08-11
临潼区 ,24.0,16.0,73.0,,,,,良,2012-08-10
临潼区 ,15.0,14.0,74.0,,,,,良,2012-08-09
临潼区 ,16.0,19.0,72.0,,,,,良,2012-08-08
临潼区 ,21.0,19.0,67.0,,,,,良,2012-08-07
临潼区 ,18.0,16.0,59.0,,,,,良,2012-08-06
临潼区 ,11.0,11.0,67.0,,,,,良,2012-08-05
临潼区 ,16.0,14.0,71.0,,,,,良,2012-08-04
临潼区 ,14.0,12.0,62.0,,,,,良,2012-08-03
临潼区 ,20.0,22.0,53.0,,,,,良,2012-08-02
临潼区 ,16.0,19.0,47.0,,,,,优,2012-08-01
临潼区 ,17.0,13.0,60.0,,,,,良,2012-07-31
临潼区 ,25.0,19.0,67.0,,,,,良,2012-07-30
临潼区 ,22.0,17.0,67.0,,,,,良,2012-07-29
临潼区 ,29.0,18.0,51.0,,,,,良,2012-07-28
临潼区 ,26.0,16.0,48.0,,,,,优,2012-07-27
临潼区 ,23.0,14.0,83.0,,,,,良,2012-07-26
临潼区 ,20.0,17.0,77.0,,,,,良,2012-07-25
临潼区 ,19.0,20.0,67.0,,,,,良,2012-07-24
临潼区 ,18.0,14.0,54.0,,,,,良,2012-07-23
临潼区 ,17.0,15.0,57.0,,,,,良,2012-07-22
临潼区 ,20.0,14.0,67.0,,,,,良,2012-07-21
临潼区 ,15.0,14.0,91.0,,,,,良,2012-07-20
临潼区 ,21.0,15.0,90.0,,,,,良,2012-07-19
临潼区 ,23.0,15.0,76.0,,,,,良,2012-07-18
临潼区 ,21.0,14.0,77.0,,,,,良,2012-07-17
临潼区 ,22.0,12.0,76.0,,,,,良,2012-07-16
临潼区 ,22.0,12.0,76.0,,,,,良,2012-07-16
临潼区 ,13.0,13.0,70.0,,,,,良,2012-07-15
临潼区 ,17.0,14.0,72.0,,,,,良,2012-07-14
临潼区 ,27.0,24.0,71.0,,,,,良,2012-07-13
临潼区 ,26.0,14.0,68.0,,,,,良,2012-07-12
临潼区 ,21.0,14.0,67.0,,,,,良,2012-07-11
临潼区 ,15.0,13.0,56.0,,,,,良,2012-07-10
临潼区 ,19.0,10.0,58.0,,,,,良,2012-07-09
临潼区 ,17.0,16.0,62.0,,,,,良,2012-07-08
临潼区 ,21.0,15.0,51.0,,,,,良,2012-07-07
临潼区 ,18.0,20.0,58.0,,,,,良,2012-07-06
临潼区 ,20.0,20.0,51.0,,,,,良,2012-07-05
临潼区 ,18.0,15.0,43.0,,,,,优,2012-07-04
临潼区 ,25.0,14.0,52.0,,,,,良,2012-07-03
临潼区 ,25.0,22.0,64.0,,,,,良,2012-07-02
临潼区 ,23.0,13.0,52.0,,,,,良,2012-07-01
临潼区 ,16.0,15.0,53.0,,,,,良,2012-06-30
临潼区 ,15.0,12.0,60.0,,,,,良,2012-06-29
临潼区 ,22.0,10.0,62.0,,,,,良,2012-06-28
临潼区 ,24.0,12.0,71.0,,,,,良,2012-06-27
临潼区 ,19.0,14.0,58.0,,,,,良,2012-06-26
临潼区 ,29.0,17.0,70.0,,,,,良,2012-06-25
临潼区 ,27.0,17.0,62.0,,,,,良,2012-06-24
临潼区 ,26.0,14.0,58.0,,,,,良,2012-06-23
临潼区 ,29.0,15.0,52.0,,,,,良,2012-06-22
临潼区 ,32.0,22.0,68.0,,,,,良,2012-06-21
临潼区 ,27.0,18.0,73.0,,,,,良,2012-06-20
临潼区 ,30.0,17.0,71.0,,,,,良,2012-06-19
临潼区 ,28.0,22.0,64.0,,,,,良,2012-06-18
临潼区 ,25.0,21.0,65.0,,,,,良,2012-06-17
临潼区 ,25.0,24.0,67.0,,,,,良,2012-06-16
临潼区 ,26.0,17.0,70.0,,,,,良,2012-06-15
临潼区 ,30.0,16.0,62.0,,,,,良,2012-06-14
临潼区 ,24.0,21.0,69.0,,,,,良,2012-06-13
临潼区 ,22.0,21.0,68.0,,,,,良,2012-06-12
临潼区 ,32.0,15.0,82.0,,,,,良,2012-06-11
临潼区 ,32.0,22.0,58.0,,,,,良,2012-06-10
临潼区 ,35.0,15.0,55.0,,,,,良,2012-06-09
临潼区 ,29.0,19.0,51.0,,,,,良,2012-06-08
临潼区 ,25.0,20.0,67.0,,,,,良,2012-06-07
临潼区 ,23.0,18.0,65.0,,,,,良,2012-06-06
临潼区 ,24.0,15.0,80.0,,,,,良,2012-06-05
临潼区 ,31.0,15.0,70.0,,,,,良,2012-06-04
临潼区 ,25.0,11.0,54.0,,,,,良,2012-06-03
临潼区 ,27.0,16.0,60.0,,,,,良,2012-06-02
临潼区 ,29.0,18.0,65.0,,,,,良,2012-06-01
临潼区 ,25.0,17.0,54.0,,,,,良,2012-05-31
临潼区 ,22.0,16.0,41.0,,,,,优,2012-05-30
临潼区 ,24.0,12.0,60.0,,,,,良,2012-05-29
临潼区 ,26.0,15.0,56.0,,,,,良,2012-05-28
临潼区 ,18.0,14.0,69.0,,,,,良,2012-05-27
临潼区 ,13.0,20.0,74.0,,,,,良,2012-05-26
临潼区 ,13.0,17.0,90.0,,,,,良,2012-05-25
临潼区 ,18.0,11.0,89.0,,,,,良,2012-05-24
临潼区 ,12.0,15.0,93.0,,,,,良,2012-05-23
临潼区 ,18.0,11.0,59.0,,,,,良,2012-05-22
临潼区 ,15.0,19.0,62.0,,,,,良,2012-05-21
临潼区 ,20.0,25.0,67.0,,,,,良,2012-05-20
临潼区 ,24.0,30.0,90.0,,,,,良,2012-05-19
临潼区 ,28.0,34.0,75.0,,,,,良,2012-05-18
临潼区 ,20.0,28.0,63.0,,,,,良,2012-05-17
临潼区 ,18.0,26.0,68.0,,,,,良,2012-05-16
临潼区 ,15.0,25.0,53.0,,,,,良,2012-05-15
临潼区 ,16.0,22.0,64.0,,,,,良,2012-05-14
临潼区 ,18.0,19.0,76.0,,,,,良,2012-05-13
临潼区 ,11.0,13.0,58.0,,,,,良,2012-05-12
临潼区 ,19.0,15.0,53.0,,,,,良,2012-05-11
临潼区 ,27.0,22.0,79.0,,,,,良,2012-05-10
临潼区 ,29.0,20.0,77.0,,,,,良,2012-05-09
临潼区 ,23.0,29.0,71.0,,,,,良,2012-05-08
临潼区 ,26.0,25.0,72.0,,,,,良,2012-05-07
临潼区 ,29.0,35.0,84.0,,,,,良,2012-05-06
临潼区 ,30.0,27.0,71.0,,,,,良,2012-05-05
临潼区 ,25.0,27.0,84.0,,,,,良,2012-05-04
临潼区 ,14.0,24.0,72.0,,,,,良,2012-05-03
临潼区 ,13.0,17.0,71.0,,,,,良,2012-05-02
临潼区 ,19.0,19.0,82.0,,,,,良,2012-05-01
临潼区 ,25.0,15.0,85.0,,,,,良,2012-04-30
临潼区 ,31.0,27.0,91.0,,,,,良,2012-04-29
临潼区 ,31.0,29.0,91.0,,,,,良,2012-04-28
临潼区 ,29.0,29.0,80.0,,,,,良,2012-04-27
临潼区 ,30.0,26.0,95.0,,,,,良,2012-04-26
临潼区 ,27.0,24.0,87.0,,,,,良,2012-04-25
临潼区 ,22.0,17.0,72.0,,,,,良,2012-04-24
临潼区 ,30.0,25.0,91.0,,,,,良,2012-04-23
临潼区 ,27.0,25.0,85.0,,,,,良,2012-04-22
临潼区 ,28.0,25.0,86.0,,,,,良,2012-04-21
临潼区 ,32.0,24.0,76.0,,,,,良,2012-04-20
临潼区 ,30.0,25.0,66.0,,,,,良,2012-04-19
临潼区 ,39.0,23.0,82.0,,,,,良,2012-04-18
临潼区 ,53.0,26.0,81.0,,,,,良,2012-04-17
临潼区 ,35.0,27.0,62.0,,,,,良,2012-04-16
临潼区 ,37.0,30.0,69.0,,,,,良,2012-04-15
临潼区 ,23.0,22.0,68.0,,,,,良,2012-04-14
临潼区 ,23.0,17.0,43.0,,,,,优,2012-04-13
临潼区 ,26.0,15.0,53.0,,,,,良,2012-04-12
临潼区 ,31.0,28.0,64.0,,,,,良,2012-04-11
临潼区 ,22.0,24.0,55.0,,,,,良,2012-04-10
临潼区 ,30.0,16.0,59.0,,,,,良,2012-04-09
临潼区 ,30.0,24.0,75.0,,,,,良,2012-04-08
临潼区 ,30.0,24.0,84.0,,,,,良,2012-04-07
临潼区 ,29.0,24.0,81.0,,,,,良,2012-04-06
临潼区 ,21.0,15.0,65.0,,,,,良,2012-04-05
临潼区 ,28.0,22.0,84.0,,,,,良,2012-04-04
临潼区 ,22.0,22.0,81.0,,,,,良,2012-04-03
临潼区 ,28.0,27.0,79.0,,,,,良,2012-04-02
临潼区 ,37.0,26.0,74.0,,,,,良,2012-04-01
临潼区 ,28.0,12.0,48.0,,,,,优,2012-03-31
临潼区 ,45.0,26.0,76.0,,,,,良,2012-03-30
临潼区 ,24.0,22.0,93.0,,,,,良,2012-03-29
临潼区 ,52.0,32.0,96.0,,,,,良,2012-03-28
临潼区 ,42.0,34.0,87.0,,,,,良,2012-03-27
临潼区 ,57.0,31.0,91.0,,,,,良,2012-03-26
临潼区 ,53.0,30.0,83.0,,,,,良,2012-03-25
临潼区 ,37.0,20.0,78.0,,,,,良,2012-03-24
临潼区 ,33.0,21.0,71.0,,,,,良,2012-03-23
临潼区 ,38.0,22.0,72.0,,,,,良,2012-03-22
临潼区 ,43.0,25.0,71.0,,,,,良,2012-03-21
临潼区 ,40.0,23.0,62.0,,,,,良,2012-03-20
临潼区 ,51.0,25.0,93.0,,,,,良,2012-03-19
临潼区 ,63.0,37.0,114.0,,,,,轻微污染,2012-03-18
临潼区 ,45.0,33.0,88.0,,,,,良,2012-03-17
临潼区 ,39.0,32.0,89.0,,,,,良,2012-03-16
临潼区 ,38.0,31.0,88.0,,,,,良,2012-03-15
临潼区 ,51.0,38.0,97.0,,,,,良,2012-03-14
临潼区 ,54.0,53.0,113.0,,,,,轻微污染,2012-03-13
临潼区 ,45.0,27.0,89.0,,,,,良,2012-03-12
临潼区 ,41.0,37.0,66.0,,,,,良,2012-03-11
临潼区 ,32.0,53.0,80.0,,,,,良,2012-03-10
临潼区 ,30.0,29.0,76.0,,,,,良,2012-03-09
临潼区 ,31.0,30.0,70.0,,,,,良,2012-03-08
临潼区 ,43.0,28.0,72.0,,,,,良,2012-03-07
临潼区 ,31.0,22.0,57.0,,,,,良,2012-03-06
临潼区 ,38.0,34.0,81.0,,,,,良,2012-03-05
临潼区 ,32.0,30.0,65.0,,,,,良,2012-03-04
临潼区 ,34.0,32.0,61.0,,,,,良,2012-03-03
临潼区 ,41.0,43.0,115.0,,,,,轻微污染,2012-03-02
临潼区 ,48.0,46.0,131.0,,,,,轻微污染,2012-03-01
临潼区 ,51.0,73.0,123.0,,,,,轻微污染,2012-02-29
临潼区 ,43.0,29.0,112.0,,,,,轻微污染,2012-02-28
临潼区 ,51.0,29.0,86.0,,,,,良,2012-02-27
临潼区 ,66.0,34.0,73.0,,,,,良,2012-02-26
临潼区 ,70.0,22.0,71.0,,,,,良,2012-02-25
临潼区 ,70.0,45.0,104.0,,,,,轻微污染,2012-02-24
临潼区 ,73.0,54.0,118.0,,,,,轻微污染,2012-02-23
临潼区 ,68.0,54.0,115.0,,,,,轻微污染,2012-02-22
临潼区 ,69.0,39.0,88.0,,,,,良,2012-02-21
临潼区 ,65.0,32.0,76.0,,,,,良,2012-02-20
临潼区 ,55.0,29.0,58.0,,,,,良,2012-02-19
临潼区 ,49.0,23.0,55.0,,,,,良,2012-02-18
临潼区 ,49.0,20.0,51.0,,,,,良,2012-02-17
临潼区 ,58.0,29.0,97.0,,,,,良,2012-02-16
临潼区 ,71.0,29.0,114.0,,,,,轻微污染,2012-02-15
临潼区 ,55.0,32.0,116.0,,,,,轻微污染,2012-02-14
临潼区 ,54.0,30.0,83.0,,,,,良,2012-02-13
临潼区 ,49.0,29.0,85.0,,,,,良,2012-02-12
临潼区 ,38.0,23.0,63.0,,,,,良,2012-02-11
临潼区 ,38.0,20.0,41.0,,,,,优,2012-02-10
临潼区 ,37.0,19.0,39.0,,,,,优,2012-02-09
临潼区 ,35.0,27.0,55.0,,,,,良,2012-02-08
临潼区 ,40.0,17.0,47.0,,,,,优,2012-02-07
临潼区 ,64.0,48.0,122.0,,,,,轻微污染,2012-02-06
临潼区 ,63.0,46.0,83.0,,,,,良,2012-02-05
临潼区 ,43.0,44.0,72.0,,,,,良,2012-02-04
临潼区 ,23.0,27.0,59.0,,,,,良,2012-02-03
临潼区 ,38.0,22.0,52.0,,,,,良,2012-02-02
临潼区 ,78.0,47.0,122.0,,,,,轻微污染,2012-02-01
临潼区 ,80.0,62.0,128.0,,,,,轻微污染,2012-01-31
临潼区 ,91.0,49.0,109.0,,,,,轻微污染,2012-01-30
临潼区 ,83.0,44.0,106.0,,,,,轻微污染,2012-01-29
临潼区 ,86.0,40.0,95.0,,,,,良,2012-01-28
临潼区 ,60.0,23.0,94.0,,,,,良,2012-01-27
临潼区 ,56.0,27.0,84.0,,,,,良,2012-01-26
临潼区 ,44.0,23.0,45.0,,,,,优,2012-01-25
临潼区 ,43.0,21.0,70.0,,,,,良,2012-01-24
临潼区 ,57.0,22.0,76.0,,,,,良,2012-01-23
临潼区 ,28.0,25.0,52.0,,,,,良,2012-01-22
临潼区 ,47.0,25.0,62.0,,,,,良,2012-01-21
临潼区 ,64.0,34.0,100.0,,,,,良,2012-01-20
临潼区 ,80.0,41.0,131.0,,,,,轻微污染,2012-01-19
临潼区 ,74.0,84.0,177.0,,,,,轻度污染,2012-01-18
临潼区 ,78.0,70.0,132.0,,,,,轻微污染,2012-01-17
临潼区 ,85.0,99.0,111.0,,,,,轻微污染,2012-01-16
临潼区 ,79.0,92.0,102.0,,,,,轻微污染,2012-01-15
临潼区 ,89.0,65.0,130.0,,,,,轻微污染,2012-01-14
临潼区 ,88.0,46.0,130.0,,,,,轻微污染,2012-01-13
临潼区 ,76.0,54.0,119.0,,,,,轻微污染,2012-01-12
临潼区 ,73.0,50.0,131.0,,,,,轻微污染,2012-01-11
临潼区 ,96.0,72.0,147.0,,,,,轻微污染,2012-01-10
临潼区 ,102.0,49.0,121.0,,,,,轻微污染,2012-01-09
临潼区 ,73.0,34.0,121.0,,,,,轻微污染,2012-01-08
临潼区 ,60.0,27.0,79.0,,,,,良,2012-01-07
临潼区 ,53.0,37.0,92.0,,,,,良,2012-01-06
临潼区 ,41.0,29.0,62.0,,,,,良,2012-01-05
临潼区 ,36.0,20.0,47.0,,,,,优,2012-01-04
临潼区 ,40.0,15.0,68.0,,,,,良,2012-01-03
临潼区 ,71.0,37.0,146.0,,,,,轻微污染,2012-01-02
临潼区 ,104.0,94.0,240.0,,,,,中度污染,2012-01-01
临潼区 ,74.0,55.0,150.0,,,,,轻微污染,2011-12-31
临潼区 ,82.0,55.0,184.0,,,,,轻度污染,2011-12-30
临潼区 ,97.0,48.0,130.0,,,,,轻微污染,2011-12-29
临潼区 ,59.0,35.0,100.0,,,,,良,2011-12-28
临潼区 ,63.0,27.0,98.0,,,,,良,2011-12-27
临潼区 ,72.0,24.0,109.0,,,,,轻微污染,2011-12-26
临潼区 ,61.0,26.0,107.0,,,,,轻微污染,2011-12-25
临潼区 ,58.0,25.0,53.0,,,,,良,2011-12-24
临潼区 ,56.0,27.0,74.0,,,,,良,2011-12-23
临潼区 ,71.0,30.0,71.0,,,,,良,2011-12-22
临潼区 ,62.0,39.0,103.0,,,,,轻微污染,2011-12-21
临潼区 ,79.0,40.0,118.0,,,,,轻微污染,2011-12-20
临潼区 ,66.0,30.0,103.0,,,,,轻微污染,2011-12-19
临潼区 ,57.0,28.0,109.0,,,,,轻微污染,2011-12-18
临潼区 ,52.0,29.0,76.0,,,,,良,2011-12-17
临潼区 ,55.0,21.0,77.0,,,,,良,2011-12-16
临潼区 ,54.0,33.0,106.0,,,,,轻微污染,2011-12-15
临潼区 ,64.0,37.0,112.0,,,,,轻微污染,2011-12-14
临潼区 ,66.0,25.0,102.0,,,,,轻微污染,2011-12-13
临潼区 ,70.0,21.0,63.0,,,,,良,2011-12-12
临潼区 ,58.0,22.0,98.0,,,,,良,2011-12-11
临潼区 ,88.0,20.0,56.0,,,,,良,2011-12-10
临潼区 ,76.0,22.0,67.0,,,,,良,2011-12-09
临潼区 ,61.0,21.0,58.0,,,,,良,2011-12-08
临潼区 ,67.0,17.0,63.0,,,,,良,2011-12-07
临潼区 ,59.0,20.0,67.0,,,,,良,2011-12-06
临潼区 ,68.0,21.0,79.0,,,,,良,2011-12-05
临潼区 ,60.0,20.0,98.0,,,,,良,2011-12-04
临潼区 ,62.0,23.0,109.0,,,,,轻微污染,2011-12-03
临潼区 ,61.0,20.0,68.0,,,,,良,2011-12-02
临潼区 ,55.0,19.0,53.0,,,,,良,2011-12-01
临潼区 ,28.0,20.0,38.0,,,,,优,2011-11-30
临潼区 ,54.0,28.0,81.0,,,,,良,2011-11-29
临潼区 ,35.0,29.0,112.0,,,,,轻微,2011-11-28
临潼区 ,37.0,24.0,107.0,,,,,轻微污染,2011-11-27
临潼区 ,31.0,24.0,110.0,,,,,轻微污染,2011-11-26
临潼区 ,23.0,25.0,111.0,,,,,轻微,2011-11-25
临潼区 ,16.0,19.0,56.0,,,,,良,2011-11-24
临潼区 ,29.0,24.0,59.0,,,,,良,2011-11-23
临潼区 ,19.0,16.0,62.0,,,,,良,2011-11-22
临潼区 ,31.0,20.0,70.0,,,,,良,2011-11-21
临潼区 ,23.0,14.0,47.0,,,,,优,2011-11-20
临潼区 ,18.0,17.0,52.0,,,,,良,2011-11-19
临潼区 ,20.0,17.0,69.0,,,,,良,2011-11-18
临潼区 ,21.0,17.0,61.0,,,,,良,2011-11-17
临潼区 ,19.0,21.0,74.0,,,,,良,2011-11-16
临潼区 ,23.0,23.0,89.0,,,,,良,2011-11-15
临潼区 ,20.0,19.0,72.0,,,,,良,2011-11-14
临潼区 ,15.0,16.0,78.0,,,,,良,2011-11-13
临潼区 ,17.0,19.0,85.0,,,,,良,2011-11-12
临潼区 ,17.0,19.0,77.0,,,,,良,2011-11-11
临潼区 ,19.0,17.0,57.0,,,,,良,2011-11-10
临潼区 ,21.0,16.0,54.0,,,,,良,2011-11-09
临潼区 ,14.0,12.0,32.0,,,,,优,2011-11-08
临潼区 ,14.0,15.0,35.0,,,,,优,2011-11-07
临潼区 ,16.0,12.0,64.0,,,,,良,2011-11-05
临潼区 ,11.0,11.0,48.0,,,,,优,2011-11-05
临潼区 ,11.0,15.0,62.0,,,,,良,2011-11-04
临潼区 ,15.0,15.0,74.0,,,,,良,2011-11-03
临潼区 ,15.0,15.0,98.0,,,,,良,2011-11-02
临潼区 ,14.0,20.0,96.0,,,,,良,2011-11-01
临潼区 ,13.0,20.0,100.0,,,,,良,2011-10-31
临潼区 ,21.0,15.0,91.0,,,,,良,2011-10-30
临潼区 ,34.0,24.0,84.0,,,,,良,2011-10-29
临潼区 ,24.0,29.0,83.0,,,,,良,2011-10-28
临潼区 ,25.0,21.0,77.0,,,,,良,2011-10-27
临潼区 ,14.0,15.0,55.0,,,,,良,2011-10-26
临潼区 ,18.0,23.0,53.0,,,,,良,2011-10-25
临潼区 ,11.0,14.0,60.0,,,,,良,2011-10-24
临潼区 ,12.0,12.0,73.0,,,,,良,2011-10-23
临潼区 ,19.0,19.0,90.0,,,,,良,2011-10-22
临潼区 ,12.0,21.0,90.0,,,,,良,2011-10-21
临潼区 ,10.0,27.0,97.0,,,,,良,2011-10-20
临潼区 ,18.0,28.0,89.0,,,,,良,2011-10-19
临潼区 ,15.0,25.0,74.0,,,,,良,2011-10-18
临潼区 ,14.0,24.0,52.0,,,,,良,2011-10-17
临潼区 ,24.0,14.0,40.0,,,,,优,2011-10-16
临潼区 ,15.0,16.0,51.0,,,,,良,2011-10-15
临潼区 ,7.0,15.0,44.0,,,,,优,2011-10-14
临潼区 ,8.0,13.0,45.0,,,,,优,2011-10-13
临潼区 ,11.0,14.0,72.0,,,,,良,2011-10-12
临潼区 ,10.0,15.0,89.0,,,,,良,2011-10-11
临潼区 ,20.0,19.0,74.0,,,,,良,2011-10-10
临潼区 ,10.0,16.0,77.0,,,,,良,2011-10-09
临潼区 ,18.0,22.0,90.0,,,,,良,2011-10-08
临潼区 ,15.0,17.0,76.0,,,,,良,2011-10-07
临潼区 ,11.0,15.0,66.0,,,,,良,2011-10-06
临潼区 ,7.0,10.0,66.0,,,,,良,2011-10-05
临潼区 ,7.0,10.0,66.0,,,,,良,2011-10-05
临潼区 ,10.0,12.0,62.0,,,,,良,2011-10-04
临潼区 ,11.0,15.0,69.0,,,,,良,2011-10-03
临潼区 ,12.0,17.0,85.0,,,,,良,2011-10-02
临潼区 ,12.0,20.0,72.0,,,,,良,2011-10-01
临潼区 ,20.0,19.0,59.0,,,,,良,2011-09-30
临潼区 ,11.0,12.0,45.0,,,,,优,2011-09-29
临潼区 ,11.0,14.0,68.0,,,,,良,2011-09-28
临潼区 ,9.0,16.0,76.0,,,,,良,2011-09-27
临潼区 ,16.0,16.0,82.0,,,,,良,2011-09-26
临潼区 ,22.0,17.0,96.0,,,,,良,2011-09-25
临潼区 ,22.0,17.0,91.0,,,,,良,2011-09-24
临潼区 ,22.0,16.0,68.0,,,,,良,2011-09-23
临潼区 ,20.0,14.0,55.0,,,,,良,2011-09-22
临潼区 ,16.0,12.0,55.0,,,,,良,2011-09-21
临潼区 ,8.0,8.0,36.0,,,,,优,2011-09-20
临潼区 ,10.0,10.0,32.0,,,,,优,2011-09-19
临潼区 ,9.0,7.0,30.0,,,,,优,2011-09-18
临潼区 ,9.0,7.0,49.0,,,,,优,2011-09-17
临潼区 ,15.0,10.0,66.0,,,,,良,2011-09-16
临潼区 ,11.0,12.0,58.0,,,,,良,2011-09-15
临潼区 ,9.0,9.0,57.0,,,,,良,2011-09-14
临潼区 ,13.0,12.0,43.0,,,,,优,2011-09-13
临潼区 ,7.0,15.0,45.0,,,,,优,2011-09-12
临潼区 ,13.0,24.0,52.0,,,,,良,2011-09-11
临潼区 ,11.0,10.0,70.0,,,,,良,2011-09-10
临潼区 ,13.0,16.0,70.0,,,,,良,2011-09-09
临潼区 ,12.0,17.0,40.0,,,,,优,2011-09-08
临潼区 ,9.0,10.0,40.0,,,,,优,2011-09-07
临潼区 ,5.0,9.0,25.0,,,,,优,2011-09-06
临潼区 ,14.0,11.0,33.0,,,,,优,2011-09-05
临潼区 ,19.0,15.0,84.0,,,,,良,2011-09-04
临潼区 ,20.0,12.0,88.0,,,,,良,2011-09-03
临潼区 ,18.0,15.0,99.0,,,,,良,2011-09-02
临潼区 ,19.0,20.0,92.0,,,,,良,2011-09-01
临潼区 ,24.0,16.0,99.0,,,,,良,2011-08-31
临潼区 ,19.0,13.0,81.0,,,,,良,2011-08-30
临潼区 ,13.0,22.0,93.0,,,,,良,2011-08-29
临潼区 ,11.0,18.0,70.0,,,,,良,2011-08-28
临潼区 ,8.0,10.0,68.0,,,,,良,2011-08-27
临潼区 ,16.0,19.0,61.0,,,,,良,2011-08-26
临潼区 ,16.0,15.0,92.0,,,,,良,2011-08-25
临潼区 ,11.0,18.0,80.0,,,,,良,2011-08-24
临潼区 ,18.0,18.0,74.0,,,,,良,2011-08-23
临潼区 ,13.0,15.0,56.0,,,,,良,2011-08-22
临潼区 ,9.0,13.0,40.0,,,,,优,2011-08-21
临潼区 ,11.0,12.0,43.0,,,,,优,2011-08-20
临潼区 ,13.0,10.0,45.0,,,,,优,2011-08-19
临潼区 ,13.0,12.0,63.0,,,,,良,2011-08-18
临潼区 ,18.0,18.0,69.0,,,,,良,2011-08-17
临潼区 ,14.0,10.0,70.0,,,,,良,2011-08-16
临潼区 ,14.0,20.0,74.0,,,,,良,2011-08-15
临潼区 ,13.0,16.0,92.0,,,,,良,2011-08-14
临潼区 ,14.0,18.0,90.0,,,,,良,2011-08-13
临潼区 ,21.0,17.0,97.0,,,,,良,2011-08-12
临潼区 ,15.0,23.0,97.0,,,,,良,2011-08-11
临潼区 ,17.0,24.0,96.0,,,,,良,2011-08-10
临潼区 ,15.0,25.0,110.0,,,,,轻微污染,2011-08-09
临潼区 ,14.0,29.0,99.0,,,,,良,2011-08-08
临潼区 ,10.0,22.0,94.0,,,,,良,2011-08-07
临潼区 ,12.0,15.0,62.0,,,,,良,2011-08-06
临潼区 ,10.0,16.0,86.0,,,,,良,2011-08-06
临潼区 ,11.0,21.0,97.0,,,,,良,2011-08-04
临潼区 ,10.0,15.0,96.0,,,,,良,2011-08-03
临潼区 ,8.0,16.0,53.0,,,,,良,2011-08-02
临潼区 ,10.0,12.0,44.0,,,,,优,2011-08-01
临潼区 ,9.0,13.0,55.0,,,,,良,2011-07-31
临潼区 ,7.0,12.0,57.0,,,,,良,2011-07-30
临潼区 ,12.0,14.0,61.0,,,,,良,2011-07-29
临潼区 ,15.0,20.0,89.0,,,,,良,2011-07-28
临潼区 ,16.0,19.0,85.0,,,,,良,2011-07-27
临潼区 ,28.0,20.0,72.0,,,,,良,2011-07-26
临潼区 ,20.0,17.0,68.0,,,,,良,2011-07-25
临潼区 ,22.0,17.0,84.0,,,,,良,2011-07-24
临潼区 ,17.0,20.0,84.0,,,,,良,2011-07-23
临潼区 ,13.0,16.0,71.0,,,,,良,2011-07-22
临潼区 ,17.0,17.0,82.0,,,,,良,2011-07-21
临潼区 ,26.0,19.0,97.0,,,,,良,2011-07-20
临潼区 ,19.0,14.0,95.0,,,,,良,2011-07-19
临潼区 ,24.0,19.0,66.0,,,,,良,2011-07-18
临潼区 ,21.0,18.0,86.0,,,,,良,2011-07-17
临潼区 ,24.0,23.0,81.0,,,,,良,2011-07-16
临潼区 ,35.0,24.0,79.0,,,,,良,2011-07-15
临潼区 ,25.0,22.0,82.0,,,,,良,2011-07-14
临潼区 ,32.0,29.0,91.0,,,,,良,2011-07-13
临潼区 ,35.0,27.0,99.0,,,,,良,2011-07-12
临潼区 ,27.0,26.0,89.0,,,,,良,2011-07-11
临潼区 ,44.0,41.0,104.0,,,,,轻微污染,2011-07-10
临潼区 ,16.0,19.0,83.0,,,,,良,2011-07-09
临潼区 ,20.0,20.0,88.0,,,,,良,2011-07-08
临潼区 ,13.0,17.0,35.0,,,,,优,2011-07-07
临潼区 ,9.0,14.0,34.0,,,,,优,2011-07-07
临潼区 ,8.0,19.0,78.0,,,,,良,2011-07-05
临潼区 ,9.0,15.0,52.0,,,,,良,2011-07-04
临潼区 ,17.0,24.0,57.0,,,,,良,2011-07-03
临潼区 ,21.0,12.0,63.0,,,,,良,2011-07-02
临潼区 ,16.0,15.0,64.0,,,,,良,2011-07-01
临潼区 ,21.0,16.0,66.0,,,,,良,2011-06-30
临潼区 ,12.0,17.0,60.0,,,,,良,2011-06-29
临潼区 ,16.0,14.0,69.0,,,,,良,2011-06-28
临潼区 ,11.0,17.0,75.0,,,,,良,2011-06-27
临潼区 ,32.0,17.0,70.0,,,,,良,2011-06-26
临潼区 ,11.0,22.0,81.0,,,,,良,2011-06-25
临潼区 ,5.0,19.0,52.0,,,,,良,2011-06-24
临潼区 ,13.0,11.0,40.0,,,,,优,2011-06-23
临潼区 ,11.0,15.0,62.0,,,,,良,2011-06-22
临潼区 ,8.0,18.0,66.0,,,,,良,2011-06-21
临潼区 ,9.0,14.0,82.0,,,,,良,2011-06-20
临潼区 ,9.0,37.0,72.0,,,,,良,2011-06-19
临潼区 ,5.0,24.0,60.0,,,,,良,2011-06-18
临潼区 ,12.0,20.0,77.0,,,,,良,2011-06-17
临潼区 ,10.0,23.0,95.0,,,,,良,2011-06-16
临潼区 ,28.0,21.0,94.0,,,,,良,2011-06-15
临潼区 ,10.0,14.0,71.0,,,,,良,2011-06-14
临潼区 ,29.0,29.0,88.0,,,,,良,2011-06-13
临潼区 ,32.0,25.0,82.0,,,,,良,2011-06-12
临潼区 ,26.0,22.0,65.0,,,,,良,2011-06-11
临潼区 ,10.0,16.0,56.0,,,,,良,2011-06-10
临潼区 ,20.0,20.0,92.0,,,,,良,2011-06-09
临潼区 ,22.0,26.0,75.0,,,,,良,2011-06-08
临潼区 ,23.0,29.0,83.0,,,,,良,2011-06-07
临潼区 ,14.0,27.0,77.0,,,,,良,2011-06-07
临潼区 ,26.0,42.0,99.0,,,,,良,2011-06-06
临潼区 ,17.0,32.0,89.0,,,,,良,2011-06-05
临潼区 ,20.0,24.0,88.0,,,,,良,2011-06-04
临潼区 ,33.0,35.0,84.0,,,,,良,2011-06-03
临潼区 ,12.0,11.0,90.0,,,,,良,2011-06-02
临潼区 ,25.0,15.0,72.0,,,,,良,2011-06-01
临潼区 ,15.0,17.0,63.0,,,,,良,2011-05-31
临潼区 ,9.0,26.0,87.0,,,,,良,2011-05-30
临潼区 ,18.0,24.0,74.0,,,,,良,2011-05-29
临潼区 ,27.0,19.0,95.0,,,,,良,2011-05-28
临潼区 ,14.0,16.0,76.0,,,,,良,2011-05-27
临潼区 ,16.0,20.0,80.0,,,,,良,2011-05-26
临潼区 ,23.0,7.0,77.0,,,,,良,2011-05-25
临潼区 ,14.0,12.0,63.0,,,,,良,2011-05-24
临潼区 ,8.0,7.0,44.0,,,,,优,2011-05-23
临潼区 ,8.0,9.0,42.0,,,,,优,2011-05-22
临潼区 ,7.0,8.0,49.0,,,,,优,2011-05-21
临潼区 ,46.0,15.0,98.0,,,,,良,2011-05-20
临潼区 ,35.0,14.0,106.0,,,,,轻微污染,2011-05-19
临潼区 ,42.0,21.0,97.0,,,,,良,2011-05-18
临潼区 ,17.0,31.0,83.0,,,,,良,2011-05-17
临潼区 ,30.0,25.0,64.0,,,,,良,2011-05-16
临潼区 ,22.0,37.0,74.0,,,,,良,2011-05-15
临潼区 ,22.0,23.0,51.0,,,,,良,2011-05-14
临潼区 ,25.0,25.0,65.0,,,,,良,2011-05-13
临潼区 ,20.0,24.0,76.0,,,,,良,2011-05-12
临潼区 ,8.0,20.0,43.0,,,,,优,2011-05-11
临潼区 ,14.0,27.0,74.0,,,,,良,2011-05-10
临潼区 ,28.0,20.0,119.0,,,,,轻微污染,2011-05-09
临潼区 ,22.0,17.0,95.0,,,,,良,2011-05-09
临潼区 ,25.0,28.0,98.0,,,,,良,2011-05-07
临潼区 ,31.0,14.0,93.0,,,,,良,2011-05-06
临潼区 ,25.0,28.0,88.0,,,,,良,2011-05-05
临潼区 ,12.0,14.0,95.0,,,,,良,2011-05-04
临潼区 ,12.0,28.0,67.0,,,,,良,2011-05-03
临潼区 ,13.0,18.0,42.0,,,,,优,2011-05-02
临潼区 ,30.0,22.0,90.0,,,,,良,2011-05-01
临潼区 ,39.0,24.0,70.0,,,,,良,2011-04-30
临潼区 ,45.0,42.0,112.0,,,,,轻微污染,2011-04-29
临潼区 ,31.0,35.0,93.0,,,,,良,2011-04-28
临潼区 ,22.0,22.0,100.0,,,,,良,2011-04-27
临潼区 ,27.0,25.0,103.0,,,,,轻微污染,2011-04-26
临潼区 ,45.0,34.0,91.0,,,,,良,2011-04-25
临潼区 ,46.0,27.0,86.0,,,,,良,2011-04-24
临潼区 ,29.0,30.0,80.0,,,,,良,2011-04-23
临潼区 ,36.0,32.0,86.0,,,,,良,2011-04-22
临潼区 ,17.0,32.0,97.0,,,,,良,2011-04-21
临潼区 ,33.0,22.0,110.0,,,,,轻微污染,2011-04-20
临潼区 ,31.0,20.0,90.0,,,,,良,2011-04-19
临潼区 ,26.0,13.0,74.0,,,,,良,2011-04-18
临潼区 ,30.0,14.0,91.0,,,,,良,2011-04-17
临潼区 ,26.0,19.0,88.0,,,,,良,2011-04-16
临潼区 ,36.0,17.0,94.0,,,,,良,2011-04-15
临潼区 ,30.0,37.0,109.0,,,,,轻微污染,2011-04-14
临潼区 ,55.0,45.0,142.0,,,,,轻微污染,2011-04-13
临潼区 ,46.0,35.0,134.0,,,,,轻微污染,2011-04-12
临潼区 ,45.0,24.0,99.0,,,,,良,2011-04-11
临潼区 ,53.0,48.0,132.0,,,,,轻微污染,2011-04-10
临潼区 ,39.0,42.0,100.0,,,,,良,2011-04-09
临潼区 ,38.0,29.0,96.0,,,,,良,2011-04-08
临潼区 ,30.0,32.0,95.0,,,,,良,2011-04-07
临潼区 ,20.0,28.0,93.0,,,,,良,2011-04-06
临潼区 ,51.0,36.0,96.0,,,,,良,2011-04-05
临潼区 ,21.0,31.0,91.0,,,,,良,2011-04-04
临潼区 ,20.0,27.0,73.0,,,,,良,2011-04-03
临潼区 ,15.0,27.0,97.0,,,,,良,2011-04-02
临潼区 ,64.0,42.0,109.0,,,,,轻微污染,2011-04-01
临潼区 ,57.0,43.0,94.0,,,,,良,2011-03-31
临潼区 ,49.0,40.0,100.0,,,,,良,2011-03-30
临潼区 ,39.0,41.0,89.0,,,,,良,2011-03-29
临潼区 ,60.0,34.0,96.0,,,,,良,2011-03-28
临潼区 ,51.0,44.0,98.0,,,,,良,2011-03-27
临潼区 ,50.0,20.0,92.0,,,,,良,2011-03-26
临潼区 ,36.0,28.0,93.0,,,,,良,2011-03-25
临潼区 ,36.0,22.0,88.0,,,,,良,2011-03-24
临潼区 ,26.0,32.0,84.0,,,,,良,2011-03-23
临潼区 ,5.0,18.0,63.0,,,,,良,2011-03-22
临潼区 ,10.0,27.0,60.0,,,,,良,2011-03-21
临潼区 ,14.0,26.0,96.0,,,,,良,2011-03-20
临潼区 ,42.0,28.0,170.0,,,,,轻度污染,2011-03-19
临潼区 ,56.0,35.0,146.0,,,,,轻微污染,2011-03-18
临潼区 ,40.0,40.0,97.0,,,,,良,2011-03-17
临潼区 ,43.0,29.0,100.0,,,,,良,2011-03-16
临潼区 ,23.0,20.0,90.0,,,,,良,2011-03-15
临潼区 ,52.0,22.0,188.0,,,,,轻度污染,2011-03-14
临潼区 ,68.0,45.0,97.0,,,,,良,2011-03-13
临潼区 ,77.0,62.0,92.0,,,,,良,2011-03-12
临潼区 ,62.0,50.0,99.0,,,,,良,2011-03-11
临潼区 ,55.0,32.0,91.0,,,,,良,2011-03-10
临潼区 ,65.0,29.0,79.0,,,,,良,2011-03-09
临潼区 ,75.0,40.0,94.0,,,,,良,2011-03-08
临潼区 ,73.0,43.0,84.0,,,,,良,2011-03-07
临潼区 ,95.0,43.0,86.0,,,,,良,2011-03-06
临潼区 ,86.0,43.0,97.0,,,,,良,2011-03-05
临潼区 ,63.0,23.0,63.0,,,,,良,2011-03-04
临潼区 ,69.0,40.0,76.0,,,,,良,2011-03-03
临潼区 ,50.0,34.0,55.0,,,,,良,2011-03-02
临潼区 ,19.0,19.0,29.0,,,,,优,2011-03-01
临潼区 ,25.0,42.0,70.0,,,,,良,2011-02-28
临潼区 ,33.0,32.0,78.0,,,,,良,2011-02-27
临潼区 ,54.0,42.0,113.0,,,,,轻微污染,2011-02-26
临潼区 ,92.0,75.0,140.0,,,,,轻微污染,2011-02-25
临潼区 ,97.0,82.0,164.0,,,,,轻度污染,2011-02-24
临潼区 ,79.0,36.0,165.0,,,,,轻度污染,2011-02-23
临潼区 ,73.0,25.0,104.0,,,,,轻微污染,2011-02-22
临潼区 ,75.0,29.0,125.0,,,,,轻微污染,2011-02-21
临潼区 ,70.0,42.0,135.0,,,,,轻微污染,2011-02-20
临潼区 ,76.0,37.0,123.0,,,,,轻微污染,2011-02-19
临潼区 ,80.0,25.0,90.0,,,,,良,2011-02-18
临潼区 ,92.0,43.0,168.0,,,,,轻度污染,2011-02-17
临潼区 ,46.0,24.0,113.0,,,,,轻微污染,2011-02-16
临潼区 ,78.0,19.0,99.0,,,,,良,2011-02-15
临潼区 ,51.0,24.0,57.0,,,,,良,2011-02-14
临潼区 ,55.0,32.0,84.0,,,,,良,2011-02-13
临潼区 ,34.0,26.0,78.0,,,,,良,2011-02-12
临潼区 ,29.0,38.0,118.0,,,,,轻微污染,2011-02-11
临潼区 ,36.0,34.0,80.0,,,,,良,2011-02-10
临潼区 ,103.0,54.0,132.0,,,,,轻微污染,2011-02-09
临潼区 ,55.0,52.0,97.0,,,,,良,2011-02-08
临潼区 ,69.0,53.0,99.0,,,,,良,2011-02-07
临潼区 ,107.0,65.0,139.0,,,,,轻微污染,2011-02-06
临潼区 ,87.0,41.0,105.0,,,,,轻微污染,2011-02-05
临潼区 ,108.0,63.0,212.0,,,,,中度污染,2011-02-04
临潼区 ,113.0,78.0,258.0,,,,,中度重污染,2011-02-03
临潼区 ,98.0,68.0,143.0,,,,,轻微污染,2011-02-02
临潼区 ,99.0,48.0,113.0,,,,,轻微污染,2011-02-01
临潼区 ,62.0,29.0,73.0,,,,,良,2011-01-31
临潼区 ,58.0,34.0,75.0,,,,,良,2011-01-30
临潼区 ,65.0,29.0,70.0,,,,,良,2011-01-29
临潼区 ,66.0,32.0,114.0,,,,,轻微污染,2011-01-28
临潼区 ,112.0,49.0,154.0,,,,,轻度污染,2011-01-27
临潼区 ,106.0,35.0,108.0,,,,,轻微污染,2011-01-26
临潼区 ,105.0,59.0,119.0,,,,,轻微污染,2011-01-25
临潼区 ,64.0,40.0,86.0,,,,,良,2011-01-24
临潼区 ,73.0,87.0,145.0,,,,,轻微污染,2011-01-23
临潼区 ,104.0,70.0,159.0,,,,,轻度污染,2011-01-22
临潼区 ,92.0,82.0,175.0,,,,,轻度污染,2011-01-21
临潼区 ,84.0,75.0,167.0,,,,,轻度污染,2011-01-20
临潼区 ,69.0,54.0,145.0,,,,,轻微污染,2011-01-19
临潼区 ,32.0,44.0,98.0,,,,,良,2011-01-18
临潼区 ,89.0,39.0,88.0,,,,,良,2011-01-17
临潼区 ,74.0,34.0,83.0,,,,,良,2011-01-16
临潼区 ,102.0,41.0,95.0,,,,,轻微污染,2011-01-15
临潼区 ,103.0,77.0,148.0,,,,,轻微污染,2011-01-14
临潼区 ,117.0,64.0,122.0,,,,,轻微污染,2011-01-13
临潼区 ,86.0,48.0,109.0,,,,,轻微污染,2011-01-12
临潼区 ,79.0,43.0,89.0,,,,,良,2011-01-11
临潼区 ,46.0,11.0,72.0,,,,,良,2011-01-10
临潼区 ,63.0,12.0,83.0,,,,,良,2011-01-09
临潼区 ,90.0,22.0,91.0,,,,,良,2011-01-08
临潼区 ,46.0,25.0,84.0,,,,,良,2011-01-07
临潼区 ,47.0,19.0,78.0,,,,,良,2011-01-06
临潼区 ,49.0,27.0,125.0,,,,,轻微污染,2011-01-05
临潼区 ,48.0,30.0,79.0,,,,,良,2011-01-04
临潼区 ,32.0,18.0,62.0,,,,,良,2011-01-03
临潼区 ,67.0,24.0,71.0,,,,,良,2011-01-02
临潼区 ,40.0,27.0,52.0,,,,,良,2011-01-01
临潼区 ,47.0,15.0,52.0,,,,,良,2010-12-31
临潼区 ,19.0,19.0,71.0,,,,,良,2010-12-30
临潼区 ,69.0,15.0,90.0,,,,,良,2010-12-29
临潼区 ,45.0,19.0,72.0,,,,,良,2010-12-28
临潼区 ,32.0,42.0,112.0,,,,,轻微污染,2010-12-27
临潼区 ,20.0,18.0,97.0,,,,,良,2010-12-26
临潼区 ,34.0,10.0,65.0,,,,,良,2010-12-25
临潼区 ,65.0,17.0,84.0,,,,,良,2010-12-24
临潼区 ,58.0,37.0,123.0,,,,,轻微污染,2010-12-23
临潼区 ,61.0,37.0,120.0,,,,,轻微污染,2010-12-22
临潼区 ,93.0,30.0,94.0,,,,,良,2010-12-21
临潼区 ,78.0,34.0,87.0,,,,,良,2010-12-20
临潼区 ,82.0,29.0,78.0,,,,,良,2010-12-19
临潼区 ,105.0,52.0,105.0,,,,,轻微污染,2010-12-18
临潼区 ,98.0,38.0,88.0,,,,,良,2010-12-17
临潼区 ,55.0,7.0,52.0,,,,,良,2010-12-16
临潼区 ,74.0,8.0,52.0,,,,,良,2010-12-15
临潼区 ,76.0,15.0,76.0,,,,,良,2010-12-14
临潼区 ,77.0,44.0,152.0,,,,,轻度污染,2010-12-13
临潼区 ,50.0,40.0,145.0,,,,,轻微污染,2010-12-12
临潼区 ,43.0,57.0,95.0,,,,,良,2010-12-11
临潼区 ,70.0,25.0,123.0,,,,,轻微污染,2010-12-10
临潼区 ,63.0,24.0,76.0,,,,,良,2010-12-09
临潼区 ,51.0,20.0,56.0,,,,,良,2010-12-08
临潼区 ,59.0,19.0,62.0,,,,,良,2010-12-07
临潼区 ,58.0,14.0,66.0,,,,,良,2010-12-06
临潼区 ,95.0,42.0,122.0,,,,,轻微污染,2010-12-05
临潼区 ,88.0,64.0,105.0,,,,,轻微污染,2010-12-04
临潼区 ,45.0,28.0,97.0,,,,,良,2010-12-03
临潼区 ,73.0,28.0,86.0,,,,,良,2010-12-02
临潼区 ,68.0,42.0,105.0,,,,,轻微污染,2010-12-01
临潼区 ,63.0,36.0,78.0,,,,,良,2010-11-30
临潼区 ,53.0,29.0,69.0,,,,,良,2010-11-29
临潼区 ,65.0,32.0,85.0,,,,,良,2010-11-28
临潼区 ,83.0,34.0,94.0,,,,,良,2010-11-27
临潼区 ,84.0,79.0,128.0,,,,,轻微污染,2010-11-26
临潼区 ,83.0,34.0,109.0,,,,,轻微污染,2010-11-25
临潼区 ,113.0,79.0,128.0,,,,,轻微污染,2010-11-24
临潼区 ,88.0,27.0,90.0,,,,,良,2010-11-23
临潼区 ,91.0,38.0,100.0,,,,,良,2010-11-22
临潼区 ,90.0,36.0,97.0,,,,,良,2010-11-21
临潼区 ,79.0,45.0,113.0,,,,,轻微污染,2010-11-20
临潼区 ,63.0,20.0,68.0,,,,,良,2010-11-19
临潼区 ,80.0,88.0,146.0,,,,,轻微污染,2010-11-18
临潼区 ,59.0,40.0,90.0,,,,,良,2010-11-17
临潼区 ,62.0,31.0,90.0,,,,,良,2010-11-16
临潼区 ,55.0,18.0,67.0,,,,,良,2010-11-15
临潼区 ,57.0,19.0,70.0,,,,,良,2010-11-14
临潼区 ,59.0,29.0,89.0,,,,,良,2010-11-13
临潼区 ,47.0,24.0,82.0,,,,,良,2010-11-12
临潼区 ,39.0,12.0,89.0,,,,,良,2010-11-11
临潼区 ,57.0,30.0,98.0,,,,,良,2010-11-10
临潼区 ,58.0,26.0,96.0,,,,,良,2010-11-10
临潼区 ,53.0,20.0,76.0,,,,,良,2010-11-08
临潼区 ,71.0,19.0,96.0,,,,,良,2010-11-07
临潼区 ,53.0,43.0,89.0,,,,,良,2010-11-06
临潼区 ,50.0,37.0,91.0,,,,,良,2010-11-05
临潼区 ,54.0,27.0,67.0,,,,,良,2010-11-04
临潼区 ,48.0,22.0,62.0,,,,,良,2010-11-03
临潼区 ,28.0,20.0,73.0,,,,,良,2010-11-02
临潼区 ,39.0,41.0,100.0,,,,,良,2010-11-01
临潼区 ,34.0,41.0,98.0,,,,,良,2010-10-31
临潼区 ,29.0,24.0,72.0,,,,,良,2010-10-30
临潼区 ,32.0,24.0,70.0,,,,,良,2010-10-29
临潼区 ,29.0,23.0,86.0,,,,,良,2010-10-28
临潼区 ,10.0,9.0,49.0,,,,,优,2010-10-27
临潼区 ,13.0,7.0,25.0,,,,,优,2010-10-26
临潼区 ,14.0,10.0,51.0,,,,,良,2010-10-25
临潼区 ,35.0,29.0,92.0,,,,,良,2010-10-24
临潼区 ,25.0,47.0,88.0,,,,,良,2010-10-23
临潼区 ,31.0,39.0,88.0,,,,,良,2010-10-22
临潼区 ,42.0,29.0,114.0,,,,,轻微污染,2010-10-21
临潼区 ,23.0,35.0,136.0,,,,,轻微污染,2010-10-20
临潼区 ,34.0,54.0,143.0,,,,,轻微污染,2010-10-19
临潼区 ,31.0,70.0,116.0,,,,,轻微污染,2010-10-18
临潼区 ,44.0,54.0,116.0,,,,,轻微污染,2010-10-17
临潼区 ,31.0,73.0,91.0,,,,,良,2010-10-16
临潼区 ,26.0,25.0,70.0,,,,,良,2010-10-15
临潼区 ,42.0,22.0,71.0,,,,,良,2010-10-14
临潼区 ,24.0,17.0,62.0,,,,,良,2010-10-13
临潼区 ,28.0,10.0,68.0,,,,,良,2010-10-12
临潼区 ,20.0,7.0,51.0,,,,,良,2010-10-11
临潼区 ,27.0,14.0,93.0,,,,,良,2010-10-10
临潼区 ,42.0,22.0,137.0,,,,,轻微污染,2010-10-09
临潼区 ,33.0,25.0,92.0,,,,,良,2010-10-08
临潼区 ,30.0,35.0,83.0,,,,,良,2010-10-07
临潼区 ,27.0,26.0,93.0,,,,,良,2010-10-06
临潼区 ,29.0,35.0,95.0,,,,,良,2010-10-05
临潼区 ,20.0,19.0,73.0,,,,,良,2010-10-04
临潼区 ,30.0,14.0,83.0,,,,,良,2010-10-03
临潼区 ,21.0,10.0,79.0,,,,,良,2010-10-02
临潼区 ,17.0,22.0,96.0,,,,,良,2010-10-01
临潼区 ,20.0,12.0,82.0,,,,,良,2010-09-30
临潼区 ,18.0,10.0,83.0,,,,,良,2010-09-29
临潼区 ,39.0,35.0,130.0,,,,,轻微污染,2010-09-28
临潼区 ,11.0,19.0,86.0,,,,,良,2010-09-27
临潼区 ,18.0,20.0,70.0,,,,,良,2010-09-26
临潼区 ,11.0,13.0,61.0,,,,,良,2010-09-25
临潼区 ,32.0,31.0,88.0,,,,,良,2010-09-24
临潼区 ,49.0,25.0,60.0,,,,,良,2010-09-23
临潼区 ,25.0,15.0,39.0,,,,,优,2010-09-22
临潼区 ,27.0,18.0,67.0,,,,,良,2010-09-21
临潼区 ,28.0,24.0,72.0,,,,,良,2010-09-20
临潼区 ,19.0,22.0,100.0,,,,,良,2010-09-19
临潼区 ,18.0,15.0,86.0,,,,,良,2010-09-18
临潼区 ,10.0,16.0,73.0,,,,,良,2010-09-17
临潼区 ,24.0,22.0,82.0,,,,,良,2010-09-16
临潼区 ,15.0,25.0,100.0,,,,,良,2010-09-15
临潼区 ,14.0,10.0,78.0,,,,,良,2010-09-14
临潼区 ,11.0,19.0,80.0,,,,,良,2010-09-13
临潼区 ,11.0,23.0,89.0,,,,,良,2010-09-12
临潼区 ,22.0,22.0,75.0,,,,,良,2010-09-11
临潼区 ,11.0,22.0,57.0,,,,,良,2010-09-11
临潼区 ,12.0,18.0,79.0,,,,,良,2010-09-09
临潼区 ,10.0,21.0,59.0,,,,,良,2010-09-08
临潼区 ,8.0,18.0,49.0,,,,,优,2010-09-07
临潼区 ,10.0,20.0,100.0,,,,,良,2010-09-06
临潼区 ,13.0,24.0,66.0,,,,,良,2010-09-05
临潼区 ,16.0,17.0,69.0,,,,,良,2010-09-04
临潼区 ,21.0,23.0,98.0,,,,,良,2010-09-03
临潼区 ,22.0,24.0,83.0,,,,,良,2010-09-02
临潼区 ,13.0,21.0,80.0,,,,,良,2010-09-01
临潼区 ,14.0,18.0,84.0,,,,,良,2010-08-31
临潼区 ,18.0,27.0,91.0,,,,,良,2010-08-30
临潼区 ,10.0,27.0,84.0,,,,,良,2010-08-29
临潼区 ,12.0,24.0,88.0,,,,,良,2010-08-28
临潼区 ,15.0,25.0,89.0,,,,,良,2010-08-27
临潼区 ,23.0,17.0,56.0,,,,,良,2010-08-26
临潼区 ,12.0,22.0,64.0,,,,,良,2010-08-25
临潼区 ,8.0,19.0,26.0,,,,,优,2010-08-24
临潼区 ,10.0,19.0,59.0,,,,,良,2010-08-23
临潼区 ,8.0,15.0,61.0,,,,,良,2010-08-22
临潼区 ,10.0,18.0,73.0,,,,,良,2010-08-21
临潼区 ,11.0,15.0,53.0,,,,,良,2010-08-20
临潼区 ,18.0,20.0,99.0,,,,,良,2010-08-19
临潼区 ,18.0,22.0,100.0,,,,,良,2010-08-18
临潼区 ,10.0,25.0,98.0,,,,,良,2010-08-17
临潼区 ,18.0,20.0,93.0,,,,,良,2010-08-16
临潼区 ,10.0,24.0,72.0,,,,,良,2010-08-15
临潼区 ,10.0,20.0,53.0,,,,,良,2010-08-14
临潼区 ,13.0,15.0,59.0,,,,,良,2010-08-13
临潼区 ,8.0,18.0,91.0,,,,,良,2010-08-12
临潼区 ,20.0,17.0,94.0,,,,,良,2010-08-11
临潼区 ,18.0,15.0,91.0,,,,,良,2010-08-10
临潼区 ,10.0,23.0,96.0,,,,,良,2010-08-09
临潼区 ,10.0,19.0,74.0,,,,,良,2010-08-08
临潼区 ,13.0,18.0,90.0,,,,,良,2010-08-07
临潼区 ,6.0,22.0,78.0,,,,,良,2010-08-06
临潼区 ,7.0,10.0,71.0,,,,,良,2010-08-05
临潼区 ,11.0,13.0,90.0,,,,,良,2010-08-04
临潼区 ,5.0,10.0,98.0,,,,,良,2010-08-03
临潼区 ,3.0,4.0,64.0,,,,,良,2010-08-02
临潼区 ,11.0,11.0,96.0,,,,,良,2010-08-01
临潼区 ,15.0,19.0,97.0,,,,,良,2010-07-31
临潼区 ,2.0,9.0,93.0,,,,,良,2010-07-30
临潼区 ,10.0,20.0,100.0,,,,,良,2010-07-29
临潼区 ,11.0,15.0,99.0,,,,,良,2010-07-28
临潼区 ,18.0,22.0,94.0,,,,,良,2010-07-27
临潼区 ,10.0,12.0,64.0,,,,,良,2010-07-26
临潼区 ,9.0,10.0,48.0,,,,,优,2010-07-25
临潼区 ,10.0,13.0,55.0,,,,,良,2010-07-24
临潼区 ,6.0,27.0,97.0,,,,,良,2010-07-23
临潼区 ,6.0,14.0,60.0,,,,,良,2010-07-22
临潼区 ,14.0,17.0,98.0,,,,,良,2010-07-21
临潼区 ,15.0,21.0,93.0,,,,,良,2010-07-20
临潼区 ,3.0,24.0,92.0,,,,,良,2010-07-19
临潼区 ,2.0,20.0,53.0,,,,,良,2010-07-18
临潼区 ,4.0,20.0,85.0,,,,,良,2010-07-17
临潼区 ,5.0,25.0,82.0,,,,,良,2010-07-16
临潼区 ,3.0,20.0,77.0,,,,,良,2010-07-15
临潼区 ,8.0,9.0,95.0,,,,,良,2010-07-14
临潼区 ,12.0,9.0,96.0,,,,,良,2010-07-13
临潼区 ,14.0,17.0,81.0,,,,,良,2010-07-12
临潼区 ,13.0,27.0,64.0,,,,,良,2010-07-11
临潼区 ,7.0,16.0,39.0,,,,,优,2010-07-10
临潼区 ,10.0,18.0,82.0,,,,,良,2010-07-09
临潼区 ,22.0,14.0,90.0,,,,,良,2010-07-08
临潼区 ,16.0,13.0,90.0,,,,,良,2010-07-07
临潼区 ,24.0,20.0,96.0,,,,,良,2010-07-06
临潼区 ,19.0,12.0,77.0,,,,,良,2010-07-05
临潼区 ,23.0,15.0,74.0,,,,,良,2010-07-04
临潼区 ,10.0,13.0,64.0,,,,,良,2010-07-03
临潼区 ,21.0,20.0,66.0,,,,,良,2010-07-02
临潼区 ,14.0,17.0,52.0,,,,,良,2010-07-01
临潼区 ,12.0,14.0,74.0,,,,,良,2010-06-30
临潼区 ,23.0,26.0,87.0,,,,,良,2010-06-29
临潼区 ,12.0,18.0,81.0,,,,,良,2010-06-28
临潼区 ,18.0,22.0,73.0,,,,,良,2010-06-27
临潼区 ,14.0,15.0,95.0,,,,,良,2010-06-26
临潼区 ,13.0,22.0,92.0,,,,,良,2010-06-25
临潼区 ,14.0,21.0,68.0,,,,,良,2010-06-24
临潼区 ,26.0,23.0,83.0,,,,,良,2010-06-23
临潼区 ,23.0,28.0,78.0,,,,,良,2010-06-22
临潼区 ,31.0,30.0,91.0,,,,,良,2010-06-21
临潼区 ,33.0,21.0,84.0,,,,,良,2010-06-20
临潼区 ,22.0,25.0,97.0,,,,,良,2010-06-19
临潼区 ,24.0,34.0,90.0,,,,,良,2010-06-18
临潼区 ,16.0,22.0,86.0,,,,,良,2010-06-17
临潼区 ,26.0,17.0,93.0,,,,,良,2010-06-16
临潼区 ,19.0,17.0,107.0,,,,,轻微污染,2010-06-15
临潼区 ,18.0,20.0,91.0,,,,,良,2010-06-14
临潼区 ,14.0,19.0,83.0,,,,,良,2010-06-13
临潼区 ,19.0,14.0,93.0,,,,,良,2010-06-12
临潼区 ,29.0,25.0,90.0,,,,,良,2010-06-11
临潼区 ,29.0,18.0,79.0,,,,,良,2010-06-10
临潼区 ,19.0,19.0,60.0,,,,,良,2010-06-09
临潼区 ,39.0,28.0,68.0,,,,,良,2010-06-08
临潼区 ,26.0,18.0,83.0,,,,,良,2010-06-07
临潼区 ,29.0,18.0,80.0,,,,,良,2010-06-06
临潼区 ,19.0,30.0,71.0,,,,,良,2010-06-05
临潼区 ,29.0,20.0,85.0,,,,,良,2010-06-04
临潼区 ,29.0,23.0,86.0,,,,,良,2010-06-03
临潼区 ,39.0,14.0,72.0,,,,,良,2010-06-02
临潼区 ,29.0,18.0,73.0,,,,,良,2010-06-01
临潼区 ,39.0,23.0,99.0,,,,,良,2010-05-31
临潼区 ,29.0,25.0,100.0,,,,,良,2010-05-30
临潼区 ,29.0,23.0,98.0,,,,,良,2010-05-29
临潼区 ,39.0,24.0,60.0,,,,,良,2010-05-28
临潼区 ,29.0,19.0,42.0,,,,,优,2010-05-27
临潼区 ,29.0,23.0,91.0,,,,,良,2010-05-26
临潼区 ,29.0,22.0,89.0,,,,,良,2010-05-25
临潼区 ,29.0,22.0,98.0,,,,,良,2010-05-24
临潼区 ,29.0,25.0,86.0,,,,,良,2010-05-23
临潼区 ,27.0,35.0,71.0,,,,,良,2010-05-22
临潼区 ,29.0,15.0,97.0,,,,,良,2010-05-21
临潼区 ,25.0,27.0,96.0,,,,,良,2010-05-20
临潼区 ,25.0,20.0,97.0,,,,,良,2010-05-19
临潼区 ,39.0,22.0,73.0,,,,,良,2010-05-18
临潼区 ,34.0,24.0,91.0,,,,,良,2010-05-17
临潼区 ,29.0,22.0,103.0,,,,,轻微污染,2010-05-16
临潼区 ,29.0,24.0,104.0,,,,,轻微污染,2010-05-15
临潼区 ,29.0,21.0,72.0,,,,,良,2010-05-14
临潼区 ,19.0,19.0,94.0,,,,,良,2010-05-13
临潼区 ,19.0,16.0,98.0,,,,,良,2010-05-12
临潼区 ,24.0,36.0,95.0,,,,,良,2010-05-11
临潼区 ,37.0,23.0,159.0,,,,,轻度污染,2010-05-10
临潼区 ,11.0,20.0,98.0,,,,,良,2010-05-09
临潼区 ,23.0,24.0,100.0,,,,,良,2010-05-08
临潼区 ,15.0,27.0,82.0,,,,,良,2010-05-07
临潼区 ,14.0,22.0,92.0,,,,,良,2010-05-06
临潼区 ,14.0,22.0,121.0,,,,,轻微污染,2010-05-05
临潼区 ,17.0,22.0,99.0,,,,,良,2010-05-04
临潼区 ,29.0,33.0,102.0,,,,,轻微污染,2010-05-03
临潼区 ,26.0,24.0,103.0,,,,,轻微污染,2010-05-02
临潼区 ,21.0,27.0,105.0,,,,,轻微污染,2010-05-01
临潼区 ,21.0,27.0,146.0,,,,,轻微污染,2010-04-30
临潼区 ,19.0,31.0,167.0,,,,,轻度污染,2010-04-29
临潼区 ,15.0,20.0,205.0,,,,,中度污染,2010-04-28
临潼区 ,17.0,24.0,192.0,,,,,轻度污染,2010-04-27
临潼区 ,16.0,17.0,500.0,,,,,重度污染,2010-04-26
临潼区 ,13.0,27.0,115.0,,,,,轻微污染,2010-04-25
临潼区 ,21.0,42.0,100.0,,,,,良,2010-04-24
临潼区 ,35.0,34.0,93.0,,,,,良,2010-04-23
临潼区 ,32.0,29.0,47.0,,,,,优,2010-04-22
临潼区 ,28.0,18.0,43.0,,,,,优,2010-04-21
临潼区 ,39.0,29.0,80.0,,,,,良,2010-04-20
临潼区 ,27.0,43.0,106.0,,,,,轻微污染,2010-04-19
临潼区 ,37.0,27.0,89.0,,,,,良,2010-04-18
临潼区 ,28.0,24.0,123.0,,,,,轻微污染,2010-04-17
临潼区 ,23.0,22.0,93.0,,,,,良,2010-04-16
临潼区 ,15.0,24.0,75.0,,,,,良,2010-04-15
临潼区 ,14.0,27.0,61.0,,,,,良,2010-04-14
临潼区 ,16.0,24.0,83.0,,,,,良,2010-04-14
临潼区 ,26.0,23.0,81.0,,,,,良,2010-04-12
临潼区 ,22.0,24.0,94.0,,,,,良,2010-04-11
临潼区 ,20.0,35.0,98.0,,,,,良,2010-04-10
临潼区 ,25.0,35.0,96.0,,,,,良,2010-04-09
临潼区 ,37.0,25.0,91.0,,,,,良,2010-04-08
临潼区 ,24.0,28.0,88.0,,,,,良,2010-04-07
临潼区 ,29.0,31.0,81.0,,,,,良,2010-04-06
临潼区 ,42.0,20.0,69.0,,,,,良,2010-04-05
临潼区 ,40.0,28.0,69.0,,,,,良,2010-04-04
临潼区 ,46.0,15.0,87.0,,,,,良,2010-04-03
临潼区 ,30.0,29.0,89.0,,,,,良,2010-04-02
临潼区 ,15.0,29.0,89.0,,,,,良,2010-04-01
临潼区 ,37.0,37.0,64.0,,,,,良,2010-03-31
临潼区 ,22.0,21.0,86.0,,,,,良,2010-03-30
临潼区 ,42.0,24.0,84.0,,,,,良,2010-03-29
临潼区 ,42.0,29.0,75.0,,,,,良,2010-03-28
临潼区 ,36.0,31.0,93.0,,,,,良,2010-03-27
临潼区 ,31.0,33.0,89.0,,,,,良,2010-03-26
临潼区 ,19.0,20.0,83.0,,,,,良,2010-03-25
临潼区 ,21.0,27.0,87.0,,,,,良,2010-03-24
临潼区 ,21.0,23.0,96.0,,,,,良,2010-03-23
临潼区 ,38.0,35.0,169.0,,,,,轻度污染,2010-03-22
临潼区 ,39.0,30.0,139.0,,,,,轻微污染,2010-03-21
临潼区 ,24.0,22.0,173.0,,,,,轻度污染,2010-03-20
临潼区 ,42.0,32.0,94.0,,,,,良,2010-03-19
临潼区 ,30.0,25.0,132.0,,,,,轻微污染,2010-03-18
临潼区 ,30.0,29.0,97.0,,,,,良,2010-03-17
临潼区 ,31.0,35.0,88.0,,,,,良,2010-03-16
临潼区 ,28.0,32.0,76.0,,,,,良,2010-03-15
临潼区 ,42.0,32.0,98.0,,,,,良,2010-03-14
临潼区 ,47.0,27.0,122.0,,,,,轻微污染,2010-03-13
临潼区 ,32.0,46.0,82.0,,,,,良,2010-03-12
临潼区 ,34.0,25.0,85.0,,,,,良,2010-03-11
临潼区 ,41.0,14.0,80.0,,,,,良,2010-03-10
临潼区 ,41.0,9.0,54.0,,,,,良,2010-03-09
临潼区 ,36.0,14.0,89.0,,,,,良,2010-03-08
临潼区 ,58.0,15.0,92.0,,,,,良,2010-03-07
临潼区 ,25.0,14.0,66.0,,,,,良,2010-03-06
临潼区 ,48.0,15.0,86.0,,,,,良,2010-03-05
临潼区 ,51.0,15.0,90.0,,,,,良,2010-03-04
临潼区 ,59.0,20.0,100.0,,,,,良,2010-03-03
临潼区 ,49.0,17.0,112.0,,,,,轻微污染,2010-03-02
临潼区 ,43.0,22.0,187.0,,,,,轻度污染,2010-03-01
临潼区 ,61.0,30.0,105.0,,,,,轻微污染,2010-02-28
临潼区 ,53.0,33.0,102.0,,,,,轻微污染,2010-02-27
临潼区 ,54.0,21.0,99.0,,,,,良,2010-02-26
临潼区 ,63.0,24.0,95.0,,,,,良,2010-02-25
临潼区 ,56.0,39.0,121.0,,,,,轻微污染,2010-02-24
临潼区 ,66.0,29.0,95.0,,,,,良,2010-02-23
临潼区 ,55.0,27.0,97.0,,,,,良,2010-02-22
临潼区 ,47.0,25.0,70.0,,,,,良,2010-02-21
临潼区 ,49.0,20.0,91.0,,,,,良,2010-02-20
临潼区 ,30.0,15.0,70.0,,,,,良,2010-02-19
临潼区 ,57.0,14.0,72.0,,,,,良,2010-02-18
临潼区 ,55.0,10.0,72.0,,,,,良,2010-02-17
临潼区 ,55.0,16.0,74.0,,,,,良,2010-02-16
临潼区 ,48.0,12.0,68.0,,,,,良,2010-02-15
临潼区 ,80.0,15.0,102.0,,,,,轻微污染,2010-02-14
临潼区 ,52.0,11.0,100.0,,,,,良,2010-02-13
临潼区 ,33.0,13.0,51.0,,,,,良,2010-02-12
临潼区 ,50.0,12.0,53.0,,,,,良,2010-02-11
临潼区 ,45.0,24.0,75.0,,,,,良,2010-02-10
临潼区 ,69.0,35.0,123.0,,,,,轻微污染,2010-02-09
临潼区 ,66.0,40.0,123.0,,,,,轻微污染,2010-02-08
临潼区 ,82.0,30.0,131.0,,,,,轻微污染,2010-02-07
临潼区 ,63.0,29.0,127.0,,,,,轻微污染,2010-02-06
临潼区 ,67.0,39.0,144.0,,,,,轻微污染,2010-02-05
临潼区 ,66.0,39.0,131.0,,,,,轻微污染,2010-02-04
临潼区 ,77.0,44.0,106.0,,,,,轻微污染,2010-02-03
临潼区 ,34.0,30.0,88.0,,,,,良,2010-02-02
临潼区 ,57.0,29.0,73.0,,,,,良,2010-02-01
临潼区 ,60.0,40.0,62.0,,,,,良,2010-01-31
临潼区 ,75.0,28.0,81.0,,,,,良,2010-01-30
临潼区 ,56.0,22.0,80.0,,,,,良,2010-01-29
临潼区 ,51.0,32.0,90.0,,,,,良,2010-01-28
临潼区 ,37.0,30.0,98.0,,,,,良,2010-01-27
临潼区 ,58.0,24.0,61.0,,,,,良,2010-01-26
临潼区 ,70.0,23.0,78.0,,,,,良,2010-01-25
临潼区 ,65.0,29.0,70.0,,,,,良,2010-01-24
临潼区 ,68.0,19.0,69.0,,,,,良,2010-01-23
临潼区 ,80.0,22.0,69.0,,,,,良,2010-01-22
临潼区 ,64.0,17.0,70.0,,,,,良,2010-01-21
临潼区 ,96.0,42.0,71.0,,,,,良,2010-01-20
临潼区 ,35.0,32.0,102.0,,,,,轻微污染,2010-01-19
临潼区 ,36.0,39.0,116.0,,,,,轻微污染,2010-01-18
临潼区 ,52.0,22.0,121.0,,,,,轻微污染,2010-01-17
临潼区 ,26.0,19.0,111.0,,,,,轻微污染,2010-01-16
临潼区 ,52.0,12.0,100.0,,,,,良,2010-01-15
临潼区 ,64.0,16.0,51.0,,,,,良,2010-01-14
临潼区 ,60.0,16.0,51.0,,,,,良,2010-01-13
临潼区 ,76.0,26.0,55.0,,,,,良,2010-01-12
临潼区 ,68.0,55.0,91.0,,,,,良,2010-01-11
临潼区 ,75.0,40.0,132.0,,,,,轻微污染,2010-01-10
临潼区 ,92.0,49.0,122.0,,,,,轻微污染,2010-01-09
临潼区 ,74.0,25.0,74.0,,,,,良,2010-01-08
临潼区 ,68.0,34.0,92.0,,,,,良,2010-01-07
临潼区 ,65.0,29.0,75.0,,,,,良,2010-01-06
临潼区 ,62.0,19.0,66.0,,,,,良,2010-01-05
临潼区 ,68.0,24.0,74.0,,,,,良,2010-01-04
临潼区 ,94.0,42.0,95.0,,,,,良,2010-01-03
临潼区 ,67.0,29.0,67.0,,,,,良,2010-01-02
临潼区 ,82.0,45.0,89.0,,,,,良,2010-01-01
曲江文化集团 ,25.0,114.0,133.0,35.0,,,105.0,轻度,2013-04-26
曲江文化集团 ,26.0,111.0,140.0,36.0,,,118.0,轻度,2013-04-25
曲江文化集团 ,26.0,112.0,132.0,34.0,,,124.0,轻度,2013-04-24
曲江文化集团 ,20.0,85.0,106.0,66.0,,,127.0,轻度,2013-04-23
曲江文化集团 ,26.0,101.0,121.0,99.0,,,170.0,中度,2013-04-22
曲江文化集团 ,40.0,103.0,94.0,94.0,,,138.0,轻度,2013-04-21
曲江文化集团 ,23.0,82.0,64.0,83.0,,,85.0,良,2013-04-20
曲江文化集团 ,16.0,67.0,70.0,82.0,,25.0,84.0,良,2013-04-19
曲江文化集团 ,34.0,70.0,182.0,78.0,34.0,48.0,138.0,中度,2013-04-18
曲江文化集团 ,39.0,99.0,144.0,78.0,75.0,90.0,123.0,轻度,2013-04-17
曲江文化集团 ,14.0,72.0,91.0,57.0,43.0,66.0,60.0,良,2013-04-16
曲江文化集团 ,14.0,101.0,109.0,64.0,,76.0,73.0,轻度,2013-04-15
曲江文化集团 ,12.0,93.0,96.0,63.0,,56.0,68.0,良,2013-04-14
曲江文化集团 ,13.0,97.0,91.0,66.0,38.0,50.0,60.0,良,2013-04-13
曲江文化集团 ,17.0,93.0,92.0,67.0,,,64.0,良,2013-04-12
曲江文化集团 ,23.0,99.0,98.0,68.0,,,72.0,良,2013-04-11
曲江文化集团 ,15.0,79.0,86.0,63.0,,46.0,58.0,良,2013-04-10
曲江文化集团 ,12.0,57.0,78.0,48.0,31.0,45.0,43.0,良,2013-04-09
曲江文化集团 ,11.0,80.0,125.0,35.0,,,80.0,轻度,2013-04-08
曲江文化集团 ,25.0,93.0,97.0,39.0,,,88.0,良,2013-04-07
曲江文化集团 ,17.0,79.0,81.0,30.0,34.0,43.0,63.0,良,2013-04-06
曲江文化集团 ,8.0,60.0,96.0,33.0,21.0,29.0,55.0,良,2013-04-05
曲江文化集团 ,22.0,104.0,131.0,55.0,,17.0,155.0,中度,2013-04-04
曲江文化集团 ,40.0,108.0,118.0,60.0,50.0,59.0,138.0,轻度,2013-04-03
曲江文化集团 ,54.0,112.0,117.0,48.0,8.0,9.0,109.0,轻度,2013-04-02
曲江文化集团 ,34.0,110.0,166.0,87.0,,,199.0,中度,2013-04-01
曲江文化集团 ,41.0,104.0,134.0,102.0,38.0,34.0,207.0,重度,2013-03-31
曲江文化集团 ,41.0,107.0,145.0,99.0,38.0,50.0,189.0,中度,2013-03-30
曲江文化集团 ,41.0,103.0,135.0,90.0,22.0,28.0,169.0,中度,2013-03-29
曲江文化集团 ,32.0,104.0,113.0,89.0,,,102.0,轻度,2013-03-28
曲江文化集团 ,27.0,104.0,106.0,81.0,,,93.0,轻度,2013-03-27
曲江文化集团 ,16.0,83.0,88.0,71.0,,,104.0,轻度,2013-03-26
曲江文化集团 ,57.0,103.0,106.0,70.0,8.0,,120.0,轻度,2013-03-25
曲江文化集团 ,53.0,95.0,135.0,60.0,34.0,43.0,113.0,轻度,2013-03-24
曲江文化集团 ,32.0,108.0,159.0,73.0,,,173.0,中度,2013-03-23
曲江文化集团 ,30.0,111.0,116.0,62.0,,,134.0,轻度,2013-03-22
曲江文化集团 ,44.0,102.0,127.0,51.0,17.0,20.0,148.0,轻度,2013-03-21
曲江文化集团 ,36.0,93.0,126.0,40.0,,,107.0,轻度,2013-03-20
曲江文化集团 ,43.0,84.0,120.0,102.0,39.0,49.0,128.0,轻度,2013-03-17
曲江文化集团 ,59.0,106.0,154.0,103.0,,,216.0,重度,2013-03-16
曲江文化集团 ,84.0,112.0,153.0,98.0,,,193.0,中度,2013-03-15
曲江文化集团 ,66.0,87.0,122.0,81.0,20.0,24.0,143.0,轻度,2013-03-14
曲江文化集团 ,69.0,101.0,500.0,87.0,,,324.0,严重,2013-03-13
曲江文化集团 ,57.0,89.0,500.0,66.0,,,277.0,严重,2013-03-12
曲江文化集团 ,79.0,89.0,112.0,61.0,11.0,12.0,102.0,轻度,2013-03-11
曲江文化集团 ,54.0,64.0,368.0,45.0,19.0,23.0,127.0,严重,2013-03-10
曲江文化集团 ,26.0,79.0,500.0,29.0,20.0,25.0,323.0,严重,2013-03-09
曲江文化集团 ,54.0,111.0,163.0,37.0,,,124.0,中度,2013-03-08
曲江文化集团 ,,102.0,188.0,36.0,,,145.0,中度,2013-03-07
曲江文化集团 ,,97.0,228.0,33.0,,,152.0,重度,2013-03-06
曲江文化集团 ,,104.0,172.0,22.0,,,124.0,中度,2013-03-04
曲江文化集团 ,,97.0,179.0,23.0,,,123.0,中度,2013-03-03
曲江文化集团 ,37.0,92.0,151.0,9.0,22.0,25.0,100.0,中度,2013-03-02
曲江文化集团 ,,79.0,155.0,,19.0,26.0,63.0,中度,2013-03-01
曲江文化集团 ,38.0,106.0,317.0,,22.0,23.0,222.0,严重,2013-02-28
曲江文化集团 ,78.0,120.0,322.0,75.0,44.0,37.0,294.0,严重,2013-02-27
曲江文化集团 ,75.0,114.0,273.0,103.0,22.0,21.0,290.0,重度,2013-02-26
曲江文化集团 ,81.0,108.0,225.0,92.0,5.0,6.0,298.0,重度,2013-02-25
曲江文化集团 ,71.0,109.0,225.0,92.0,33.0,37.0,277.0,重度,2013-02-24
曲江文化集团 ,60.0,104.0,146.0,82.0,30.0,34.0,203.0,重度,2013-02-23
曲江文化集团 ,53.0,95.0,95.0,69.0,34.0,36.0,103.0,轻度,2013-02-22
曲江文化集团 ,54.0,88.0,106.0,73.0,35.0,36.0,119.0,轻度,2013-02-21
曲江文化集团 ,55.0,68.0,84.0,56.0,18.0,23.0,99.0,良,2013-02-20
曲江文化集团 ,55.0,63.0,78.0,56.0,11.0,14.0,90.0,良,2013-02-19
曲江文化集团 ,53.0,70.0,89.0,60.0,22.0,26.0,88.0,良,2013-02-18
曲江文化集团 ,61.0,80.0,151.0,77.0,23.0,24.0,215.0,重度,2013-02-17
曲江文化集团 ,,93.0,167.0,102.0,20.0,25.0,258.0,重度,2013-02-16
曲江文化集团 ,,62.0,79.0,92.0,28.0,33.0,65.0,良,2013-02-15
曲江文化集团 ,,68.0,92.0,100.0,21.0,22.0,107.0,轻度,2013-02-14
曲江文化集团 ,,84.0,98.0,103.0,13.0,14.0,112.0,轻度,2013-02-13
曲江文化集团 ,,67.0,103.0,102.0,21.0,27.0,124.0,轻度,2013-02-12
曲江文化集团 ,57.0,75.0,144.0,105.0,4.0,3.0,237.0,重度,2013-02-11
曲江文化集团 ,36.0,79.0,442.0,106.0,30.0,30.0,415.0,严重,2013-02-10
曲江文化集团 ,65.0,97.0,148.0,103.0,16.0,19.0,226.0,重度,2013-02-09
曲江文化集团 ,46.0,82.0,85.0,99.0,11.0,14.0,118.0,轻度,2013-02-08
曲江文化集团 ,52.0,82.0,113.0,102.0,11.0,11.0,150.0,轻度,2013-02-07
曲江文化集团 ,83.0,102.0,166.0,105.0,8.0,8.0,234.0,重度,2013-02-06
曲江文化集团 ,50.0,85.0,104.0,102.0,24.0,25.0,110.0,轻度,2013-02-05
曲江文化集团 ,72.0,99.0,111.0,103.0,3.0,3.0,139.0,轻度,2013-02-04
曲江文化集团 ,93.0,106.0,166.0,104.0,3.0,3.0,226.0,重度,2013-02-03
曲江文化集团 ,101.0,120.0,330.0,106.0,3.0,4.0,298.0,严重,2013-02-02
曲江文化集团 ,92.0,130.0,463.0,107.0,4.0,5.0,371.0,严重,2013-02-01
曲江文化集团 ,93.0,120.0,308.0,102.0,14.0,12.0,288.0,严重,2013-01-31
曲江文化集团 ,113.0,141.0,,111.0,9.0,10.0,414.0,严重,2013-01-30
曲江文化集团 ,91.0,129.0,,116.0,,,364.0,严重,2013-01-29
曲江文化集团 ,102.0,125.0,162.0,111.0,2.0,3.0,303.0,严重,2013-01-28
曲江文化集团 ,101.0,124.0,152.0,108.0,2.0,3.0,245.0,重度,2013-01-27
曲江文化集团 ,62.0,104.0,116.0,104.0,3.0,4.0,176.0,中度,2013-01-26
曲江文化集团 ,58.0,101.0,91.0,102.0,10.0,7.0,127.0,轻度,2013-01-25
曲江文化集团 ,61.0,75.0,73.0,85.0,7.0,8.0,59.0,良,2013-01-24
曲江文化集团 ,68.0,145.0,156.0,104.0,4.0,5.0,268.0,重度,2013-01-23
曲江文化集团 ,103.0,111.0,190.0,105.0,3.0,3.0,326.0,严重,2013-01-20
曲江文化集团 ,113.0,136.0,403.0,112.0,3.0,4.0,444.0,严重,2013-01-19
曲江文化集团 ,107.0,125.0,226.0,108.0,,,331.0,严重,2013-01-18
曲江文化集团 ,,102.0,177.0,114.0,20.0,8.0,259.0,重度,2013-01-17
曲江文化集团 ,,65.0,157.0,115.0,4.0,5.0,200.0,中度,2013-01-16
曲江文化集团 ,,63.0,145.0,110.0,4.0,5.0,104.0,轻度,2013-01-15
曲江文化集团 ,20.0,101.0,447.0,122.0,4.0,6.0,445.0,严重,2013-01-14
曲江文化集团 ,21.0,85.0,408.0,118.0,4.0,6.0,410.0,严重,2013-01-13
曲江文化集团 ,22.0,72.0,240.0,108.0,4.0,6.0,284.0,重度,2013-01-12
曲江文化集团 ,13.0,133.0,215.0,109.0,4.0,6.0,279.0,重度,2013-01-11
曲江文化集团 ,34.0,165.0,379.0,112.0,5.0,7.0,392.0,严重,2013-01-10
曲江文化集团 ,19.0,83.0,432.0,109.0,4.0,6.0,438.0,严重,2013-01-08
曲江文化集团 ,21.0,157.0,398.0,109.0,4.0,6.0,409.0,严重,2013-01-07
曲江文化集团 ,23.0,144.0,285.0,103.0,5.0,7.0,363.0,严重,2013-01-06
曲江文化集团 ,57.0,127.0,189.0,95.0,27.0,12.0,286.0,重度,2013-01-05
曲江文化集团 ,49.0,102.0,128.0,65.0,6.0,3.0,170.0,中度,2013-01-04
曲江文化集团 ,9.0,52.0,64.0,33.0,6.0,3.0,49.0,良,2013-01-03
曲江文化集团 ,11.0,60.0,103.0,42.0,5.0,3.0,98.0,轻度,2013-01-02
曲江文化集团 ,8.0,121.0,166.0,56.0,6.0,3.0,149.0,中度,2013-01-01
曲江文化集团 ,39.0,75.0,98.0,,,,,良,2012-12-31
曲江文化集团 ,51.0,29.0,87.0,,,,,良,2012-12-30
曲江文化集团 ,54.0,30.0,95.0,,,,,良,2012-12-29
曲江文化集团 ,81.0,55.0,172.0,,,,,轻度污染,2012-12-28
曲江文化集团 ,75.0,40.0,95.0,,,,,良,2012-12-25
曲江文化集团 ,30.0,22.0,87.0,,,,,良,2012-12-24
曲江文化集团 ,40.0,19.0,63.0,,,,,良,2012-12-23
曲江文化集团 ,43.0,23.0,70.0,,,,,良,2012-12-22
曲江文化集团 ,50.0,26.0,76.0,,,,,良,2012-12-21
曲江文化集团 ,52.0,27.0,92.0,,,,,良,2012-12-20
曲江文化集团 ,51.0,24.0,84.0,,,,,良,2012-12-19
曲江文化集团 ,37.0,22.0,79.0,,,,,良,2012-12-18
曲江文化集团 ,48.0,23.0,138.0,,,,,轻微污染,2012-12-17
曲江文化集团 ,55.0,25.0,300.0,,,,,中度重污染,2012-12-16
曲江文化集团 ,52.0,31.0,249.0,,,,,中度污染,2012-12-15
曲江文化集团 ,54.0,29.0,268.0,,,,,中度重污染,2012-12-14
曲江文化集团 ,57.0,32.0,246.0,,,,,中度污染,2012-12-13
曲江文化集团 ,56.0,30.0,239.0,,,,,中度污染,2012-12-12
曲江文化集团 ,55.0,25.0,100.0,,,,,良,2012-12-11
曲江文化集团 ,56.0,22.0,112.0,,,,,轻微污染,2012-12-10
曲江文化集团 ,51.0,17.0,82.0,,,,,良,2012-12-09
曲江文化集团 ,50.0,24.0,85.0,,,,,良,2012-12-08
曲江文化集团 ,48.0,28.0,83.0,,,,,良,2012-12-07
曲江文化集团 ,57.0,18.0,93.0,,,,,良,2012-12-06
曲江文化集团 ,54.0,22.0,88.0,,,,,良,2012-12-05
曲江文化集团 ,56.0,25.0,118.0,,,,,轻微污染,2012-12-04
曲江文化集团 ,64.0,28.0,123.0,,,,,轻微污染,2012-12-03
曲江文化集团 ,59.0,31.0,209.0,,,,,中度污染,2012-12-02
曲江文化集团 ,77.0,22.0,203.0,,,,,中度污染,2012-12-01
曲江文化集团 ,58.0,25.0,110.0,,,,,轻微污染,2012-11-30
曲江文化集团 ,27.0,15.0,88.0,,,,,良,2012-11-29
曲江文化集团 ,25.0,25.0,83.0,,,,,良,2012-11-28
曲江文化集团 ,31.0,27.0,79.0,,,,,良,2012-11-27
曲江文化集团 ,41.0,21.0,80.0,,,,,良,2012-11-26
曲江文化集团 ,33.0,20.0,81.0,,,,,良,2012-11-25
曲江文化集团 ,34.0,17.0,69.0,,,,,良,2012-11-24
曲江文化集团 ,29.0,13.0,60.0,,,,,良,2012-11-23
曲江文化集团 ,35.0,32.0,170.0,,,,,轻度污染,2012-11-22
曲江文化集团 ,28.0,25.0,135.0,,,,,轻微污染,2012-11-21
曲江文化集团 ,44.0,25.0,115.0,,,,,轻微污染,2012-11-20
曲江文化集团 ,35.0,32.0,85.0,,,,,良,2012-11-19
曲江文化集团 ,38.0,29.0,108.0,,,,,轻微污染,2012-11-18
曲江文化集团 ,41.0,22.0,87.0,,,,,良,2012-11-17
曲江文化集团 ,38.0,19.0,71.0,,,,,良,2012-11-16
曲江文化集团 ,50.0,34.0,141.0,,,,,轻微污染,2012-11-15
曲江文化集团 ,24.0,29.0,96.0,,,,,良,2012-11-14
曲江文化集团 ,30.0,34.0,93.0,,,,,良,2012-11-13
曲江文化集团 ,21.0,25.0,66.0,,,,,良,2012-11-12
曲江文化集团 ,17.0,20.0,62.0,,,,,良,2012-11-11
曲江文化集团 ,18.0,20.0,74.0,,,,,良,2012-11-10
曲江文化集团 ,17.0,22.0,74.0,,,,,良,2012-11-09
曲江文化集团 ,16.0,17.0,64.0,,,,,良,2012-11-08
曲江文化集团 ,20.0,20.0,74.0,,,,,良,2012-11-07
曲江文化集团 ,20.0,23.0,80.0,,,,,良,2012-11-06
曲江文化集团 ,19.0,17.0,73.0,,,,,良,2012-11-05
曲江文化集团 ,25.0,20.0,69.0,,,,,良,2012-11-04
曲江文化集团 ,24.0,15.0,96.0,,,,,良,2012-11-03
曲江文化集团 ,27.0,22.0,131.0,,,,,轻微污染,2012-11-02
曲江文化集团 ,29.0,30.0,89.0,,,,,良,2012-11-01
曲江文化集团 ,26.0,17.0,95.0,,,,,良,2012-10-31
曲江文化集团 ,20.0,20.0,89.0,,,,,良,2012-10-30
曲江文化集团 ,29.0,27.0,88.0,,,,,良,2012-10-29
曲江文化集团 ,27.0,29.0,92.0,,,,,良,2012-10-28
曲江文化集团 ,25.0,27.0,94.0,,,,,良,2012-10-27
曲江文化集团 ,27.0,28.0,112.0,,,,,轻微污染,2012-10-26
曲江文化集团 ,24.0,28.0,79.0,,,,,良,2012-10-25
曲江文化集团 ,22.0,29.0,85.0,,,,,良,2012-10-24
曲江文化集团 ,28.0,22.0,82.0,,,,,良,2012-10-23
曲江文化集团 ,26.0,23.0,53.0,,,,,良,2012-10-22
曲江文化集团 ,30.0,26.0,110.0,,,,,轻微污染,2012-10-21
曲江文化集团 ,29.0,24.0,96.0,,,,,良,2012-10-20
曲江文化集团 ,31.0,22.0,98.0,,,,,良,2012-10-19
曲江文化集团 ,29.0,24.0,96.0,,,,,良,2012-10-18
曲江文化集团 ,20.0,22.0,74.0,,,,,良,2012-10-17
曲江文化集团 ,23.0,25.0,93.0,,,,,良,2012-10-16
曲江文化集团 ,28.0,27.0,142.0,,,,,轻微污染,2012-10-15
曲江文化集团 ,26.0,26.0,92.0,,,,,良,2012-10-14
曲江文化集团 ,24.0,23.0,88.0,,,,,良,2012-10-13
曲江文化集团 ,27.0,30.0,121.0,,,,,轻微污染,2012-10-12
曲江文化集团 ,24.0,25.0,120.0,,,,,轻微污染,2012-10-11
曲江文化集团 ,24.0,21.0,71.0,,,,,良,2012-10-10
曲江文化集团 ,23.0,19.0,96.0,,,,,良,2012-10-09
曲江文化集团 ,27.0,24.0,138.0,,,,,轻微污染,2012-10-08
曲江文化集团 ,25.0,24.0,110.0,,,,,轻微污染,2012-10-07
曲江文化集团 ,18.0,20.0,87.0,,,,,良,2012-10-06
曲江文化集团 ,22.0,20.0,82.0,,,,,良,2012-10-05
曲江文化集团 ,20.0,21.0,73.0,,,,,良,2012-10-04
曲江文化集团 ,21.0,21.0,90.0,,,,,良,2012-10-03
曲江文化集团 ,21.0,24.0,102.0,,,,,轻微污染,2012-10-02
曲江文化集团 ,24.0,21.0,82.0,,,,,良,2012-10-01
曲江文化集团 ,26.0,20.0,88.0,,,,,良,2012-09-30
曲江文化集团 ,18.0,16.0,64.0,,,,,良,2012-09-29
曲江文化集团 ,26.0,21.0,59.0,,,,,良,2012-09-28
曲江文化集团 ,19.0,14.0,74.0,,,,,良,2012-09-27
曲江文化集团 ,18.0,15.0,54.0,,,,,良,2012-09-26
曲江文化集团 ,21.0,16.0,81.0,,,,,良,2012-09-25
曲江文化集团 ,29.0,23.0,105.0,,,,,轻微污染,2012-09-24
曲江文化集团 ,29.0,17.0,97.0,,,,,良,2012-09-23
曲江文化集团 ,23.0,22.0,83.0,,,,,良,2012-09-22
曲江文化集团 ,20.0,17.0,82.0,,,,,良,2012-09-21
曲江文化集团 ,21.0,18.0,70.0,,,,,良,2012-09-20
曲江文化集团 ,29.0,15.0,72.0,,,,,良,2012-09-19
曲江文化集团 ,27.0,13.0,81.0,,,,,良,2012-09-18
曲江文化集团 ,20.0,17.0,77.0,,,,,良,2012-09-17
曲江文化集团 ,21.0,13.0,53.0,,,,,良,2012-09-16
曲江文化集团 ,30.0,17.0,70.0,,,,,良,2012-09-15
曲江文化集团 ,29.0,15.0,59.0,,,,,良,2012-09-14
曲江文化集团 ,24.0,17.0,51.0,,,,,良,2012-09-13
曲江文化集团 ,19.0,18.0,52.0,,,,,良,2012-09-12
曲江文化集团 ,20.0,17.0,55.0,,,,,良,2012-09-11
曲江文化集团 ,23.0,20.0,63.0,,,,,良,2012-09-10
曲江文化集团 ,21.0,21.0,58.0,,,,,良,2012-09-09
曲江文化集团 ,21.0,19.0,69.0,,,,,良,2012-09-08
曲江文化集团 ,19.0,19.0,70.0,,,,,良,2012-09-07
曲江文化集团 ,19.0,23.0,80.0,,,,,良,2012-09-06
曲江文化集团 ,20.0,24.0,65.0,,,,,良,2012-09-05
曲江文化集团 ,21.0,23.0,45.0,,,,,优,2012-09-04
曲江文化集团 ,21.0,23.0,45.0,,,,,优,2012-09-04
曲江文化集团 ,22.0,18.0,32.0,,,,,优,2012-09-03
曲江文化集团 ,22.0,17.0,30.0,,,,,优,2012-09-02
曲江文化集团 ,18.0,16.0,34.0,,,,,优,2012-09-01
曲江文化集团 ,18.0,19.0,68.0,,,,,良,2012-08-31
曲江文化集团 ,20.0,25.0,64.0,,,,,良,2012-08-30
曲江文化集团 ,18.0,26.0,58.0,,,,,良,2012-08-29
曲江文化集团 ,18.0,18.0,77.0,,,,,良,2012-08-28
曲江文化集团 ,16.0,22.0,87.0,,,,,良,2012-08-27
曲江文化集团 ,17.0,18.0,76.0,,,,,良,2012-08-26
曲江文化集团 ,17.0,16.0,61.0,,,,,良,2012-08-25
曲江文化集团 ,17.0,24.0,52.0,,,,,良,2012-08-24
曲江文化集团 ,17.0,14.0,52.0,,,,,良,2012-08-23
曲江文化集团 ,19.0,20.0,57.0,,,,,良,2012-08-22
曲江文化集团 ,20.0,17.0,43.0,,,,,优,2012-08-21
曲江文化集团 ,19.0,16.0,45.0,,,,,优,2012-08-20
曲江文化集团 ,22.0,15.0,46.0,,,,,优,2012-08-19
曲江文化集团 ,25.0,17.0,63.0,,,,,良,2012-08-18
曲江文化集团 ,23.0,16.0,68.0,,,,,良,2012-08-17
曲江文化集团 ,25.0,25.0,88.0,,,,,良,2012-08-16
曲江文化集团 ,29.0,23.0,70.0,,,,,良,2012-08-15
曲江文化集团 ,27.0,20.0,58.0,,,,,良,2012-08-14
曲江文化集团 ,28.0,22.0,79.0,,,,,良,2012-08-13
曲江文化集团 ,28.0,19.0,80.0,,,,,良,2012-08-12
曲江文化集团 ,20.0,15.0,75.0,,,,,良,2012-08-11
曲江文化集团 ,20.0,19.0,77.0,,,,,良,2012-08-10
曲江文化集团 ,26.0,15.0,73.0,,,,,良,2012-08-09
曲江文化集团 ,19.0,17.0,73.0,,,,,良,2012-08-08
曲江文化集团 ,18.0,16.0,61.0,,,,,良,2012-08-07
曲江文化集团 ,16.0,14.0,60.0,,,,,良,2012-08-06
曲江文化集团 ,13.0,13.0,67.0,,,,,良,2012-08-05
曲江文化集团 ,17.0,13.0,69.0,,,,,良,2012-08-04
曲江文化集团 ,12.0,14.0,62.0,,,,,良,2012-08-03
曲江文化集团 ,19.0,14.0,44.0,,,,,优,2012-08-02
曲江文化集团 ,16.0,13.0,40.0,,,,,优,2012-08-01
曲江文化集团 ,16.0,13.0,52.0,,,,,良,2012-07-31
曲江文化集团 ,12.0,15.0,54.0,,,,,良,2012-07-30
曲江文化集团 ,23.0,14.0,58.0,,,,,良,2012-07-29
曲江文化集团 ,26.0,15.0,42.0,,,,,优,2012-07-28
曲江文化集团 ,25.0,15.0,38.0,,,,,优,2012-07-27
曲江文化集团 ,23.0,14.0,75.0,,,,,良,2012-07-26
曲江文化集团 ,20.0,13.0,61.0,,,,,良,2012-07-25
曲江文化集团 ,18.0,15.0,53.0,,,,,良,2012-07-24
曲江文化集团 ,15.0,14.0,51.0,,,,,良,2012-07-23
曲江文化集团 ,17.0,12.0,47.0,,,,,优,2012-07-22
曲江文化集团 ,19.0,14.0,71.0,,,,,良,2012-07-21
曲江文化集团 ,16.0,12.0,81.0,,,,,良,2012-07-20
曲江文化集团 ,18.0,11.0,76.0,,,,,良,2012-07-19
曲江文化集团 ,19.0,14.0,71.0,,,,,良,2012-07-18
曲江文化集团 ,17.0,10.0,68.0,,,,,良,2012-07-17
曲江文化集团 ,23.0,16.0,66.0,,,,,良,2012-07-16
曲江文化集团 ,23.0,16.0,66.0,,,,,良,2012-07-16
曲江文化集团 ,16.0,11.0,64.0,,,,,良,2012-07-15
曲江文化集团 ,17.0,12.0,63.0,,,,,良,2012-07-14
曲江文化集团 ,23.0,20.0,63.0,,,,,良,2012-07-13
曲江文化集团 ,31.0,22.0,56.0,,,,,良,2012-07-12
曲江文化集团 ,18.0,12.0,58.0,,,,,良,2012-07-11
曲江文化集团 ,17.0,10.0,46.0,,,,,优,2012-07-10
曲江文化集团 ,19.0,10.0,44.0,,,,,优,2012-07-09
曲江文化集团 ,18.0,13.0,57.0,,,,,良,2012-07-08
曲江文化集团 ,20.0,12.0,44.0,,,,,优,2012-07-07
曲江文化集团 ,19.0,14.0,51.0,,,,,良,2012-07-06
曲江文化集团 ,18.0,14.0,43.0,,,,,优,2012-07-05
曲江文化集团 ,15.0,13.0,39.0,,,,,优,2012-07-04
曲江文化集团 ,19.0,13.0,48.0,,,,,优,2012-07-03
曲江文化集团 ,24.0,21.0,63.0,,,,,良,2012-07-02
曲江文化集团 ,20.0,14.0,46.0,,,,,优,2012-07-01
曲江文化集团 ,16.0,15.0,42.0,,,,,优,2012-06-30
曲江文化集团 ,19.0,9.0,54.0,,,,,良,2012-06-29
曲江文化集团 ,19.0,9.0,51.0,,,,,良,2012-06-28
曲江文化集团 ,21.0,8.0,57.0,,,,,良,2012-06-27
曲江文化集团 ,12.0,9.0,51.0,,,,,良,2012-06-26
曲江文化集团 ,27.0,8.0,56.0,,,,,良,2012-06-25
曲江文化集团 ,29.0,14.0,59.0,,,,,良,2012-06-24
曲江文化集团 ,27.0,15.0,55.0,,,,,良,2012-06-23
曲江文化集团 ,36.0,15.0,53.0,,,,,良,2012-06-22
曲江文化集团 ,30.0,14.0,57.0,,,,,良,2012-06-21
曲江文化集团 ,23.0,19.0,76.0,,,,,良,2012-06-20
曲江文化集团 ,35.0,21.0,69.0,,,,,良,2012-06-19
曲江文化集团 ,38.0,22.0,66.0,,,,,良,2012-06-18
曲江文化集团 ,33.0,27.0,67.0,,,,,良,2012-06-17
曲江文化集团 ,24.0,22.0,67.0,,,,,良,2012-06-16
曲江文化集团 ,28.0,22.0,66.0,,,,,良,2012-06-15
曲江文化集团 ,37.0,22.0,51.0,,,,,良,2012-06-14
曲江文化集团 ,24.0,26.0,62.0,,,,,良,2012-06-13
曲江文化集团 ,24.0,19.0,63.0,,,,,良,2012-06-12
曲江文化集团 ,28.0,24.0,72.0,,,,,良,2012-06-11
曲江文化集团 ,31.0,25.0,53.0,,,,,良,2012-06-10
曲江文化集团 ,31.0,22.0,53.0,,,,,良,2012-06-09
曲江文化集团 ,32.0,23.0,52.0,,,,,良,2012-06-08
曲江文化集团 ,31.0,22.0,58.0,,,,,良,2012-06-07
曲江文化集团 ,30.0,21.0,67.0,,,,,良,2012-06-06
曲江文化集团 ,34.0,22.0,69.0,,,,,良,2012-06-05
曲江文化集团 ,37.0,29.0,60.0,,,,,良,2012-06-04
曲江文化集团 ,32.0,20.0,58.0,,,,,良,2012-06-03
曲江文化集团 ,33.0,24.0,60.0,,,,,良,2012-06-02
曲江文化集团 ,28.0,25.0,66.0,,,,,良,2012-06-01
曲江文化集团 ,27.0,25.0,54.0,,,,,良,2012-05-31
曲江文化集团 ,23.0,20.0,46.0,,,,,优,2012-05-30
曲江文化集团 ,27.0,18.0,56.0,,,,,良,2012-05-29
曲江文化集团 ,28.0,22.0,56.0,,,,,良,2012-05-28
曲江文化集团 ,27.0,21.0,68.0,,,,,良,2012-05-27
曲江文化集团 ,17.0,22.0,64.0,,,,,良,2012-05-26
曲江文化集团 ,19.0,18.0,64.0,,,,,良,2012-05-25
曲江文化集团 ,19.0,18.0,85.0,,,,,良,2012-05-24
曲江文化集团 ,16.0,17.0,88.0,,,,,良,2012-05-23
曲江文化集团 ,16.0,11.0,56.0,,,,,良,2012-05-22
曲江文化集团 ,23.0,23.0,59.0,,,,,良,2012-05-21
曲江文化集团 ,27.0,30.0,74.0,,,,,良,2012-05-20
曲江文化集团 ,26.0,40.0,79.0,,,,,良,2012-05-19
曲江文化集团 ,26.0,49.0,80.0,,,,,良,2012-05-18
曲江文化集团 ,25.0,29.0,68.0,,,,,良,2012-05-17
曲江文化集团 ,25.0,35.0,66.0,,,,,良,2012-05-16
曲江文化集团 ,25.0,27.0,54.0,,,,,良,2012-05-15
曲江文化集团 ,25.0,29.0,67.0,,,,,良,2012-05-14
曲江文化集团 ,26.0,19.0,80.0,,,,,良,2012-05-13
曲江文化集团 ,19.0,18.0,64.0,,,,,良,2012-05-12
曲江文化集团 ,25.0,17.0,52.0,,,,,良,2012-05-11
曲江文化集团 ,26.0,27.0,77.0,,,,,良,2012-05-10
曲江文化集团 ,28.0,31.0,78.0,,,,,良,2012-05-09
曲江文化集团 ,26.0,25.0,74.0,,,,,良,2012-05-08
曲江文化集团 ,27.0,22.0,86.0,,,,,良,2012-05-07
曲江文化集团 ,26.0,41.0,80.0,,,,,良,2012-05-06
曲江文化集团 ,27.0,35.0,74.0,,,,,良,2012-05-05
曲江文化集团 ,28.0,30.0,73.0,,,,,良,2012-05-04
曲江文化集团 ,29.0,34.0,71.0,,,,,良,2012-05-03
曲江文化集团 ,27.0,27.0,60.0,,,,,良,2012-05-02
曲江文化集团 ,26.0,30.0,82.0,,,,,良,2012-05-01
曲江文化集团 ,24.0,20.0,80.0,,,,,良,2012-04-30
曲江文化集团 ,26.0,30.0,86.0,,,,,良,2012-04-29
曲江文化集团 ,26.0,37.0,87.0,,,,,良,2012-04-28
曲江文化集团 ,25.0,34.0,83.0,,,,,良,2012-04-27
曲江文化集团 ,29.0,39.0,94.0,,,,,良,2012-04-26
曲江文化集团 ,28.0,27.0,85.0,,,,,良,2012-04-25
曲江文化集团 ,24.0,24.0,74.0,,,,,良,2012-04-24
曲江文化集团 ,26.0,40.0,90.0,,,,,良,2012-04-23
曲江文化集团 ,25.0,27.0,80.0,,,,,良,2012-04-22
曲江文化集团 ,25.0,30.0,85.0,,,,,良,2012-04-21
曲江文化集团 ,25.0,29.0,78.0,,,,,良,2012-04-20
曲江文化集团 ,25.0,35.0,63.0,,,,,良,2012-04-19
曲江文化集团 ,26.0,35.0,85.0,,,,,良,2012-04-18
曲江文化集团 ,27.0,37.0,82.0,,,,,良,2012-04-17
曲江文化集团 ,21.0,29.0,65.0,,,,,良,2012-04-16
曲江文化集团 ,33.0,35.0,67.0,,,,,良,2012-04-15
曲江文化集团 ,22.0,22.0,60.0,,,,,良,2012-04-14
曲江文化集团 ,24.0,22.0,54.0,,,,,良,2012-04-13
曲江文化集团 ,24.0,20.0,59.0,,,,,良,2012-04-12
曲江文化集团 ,22.0,27.0,62.0,,,,,良,2012-04-11
曲江文化集团 ,29.0,22.0,52.0,,,,,良,2012-04-10
曲江文化集团 ,23.0,28.0,67.0,,,,,良,2012-04-09
曲江文化集团 ,21.0,20.0,82.0,,,,,良,2012-04-08
曲江文化集团 ,22.0,21.0,76.0,,,,,良,2012-04-07
曲江文化集团 ,28.0,20.0,74.0,,,,,良,2012-04-06
曲江文化集团 ,21.0,20.0,76.0,,,,,良,2012-04-05
曲江文化集团 ,26.0,24.0,78.0,,,,,良,2012-04-04
曲江文化集团 ,16.0,20.0,73.0,,,,,良,2012-04-03
曲江文化集团 ,29.0,24.0,64.0,,,,,良,2012-04-02
曲江文化集团 ,26.0,35.0,73.0,,,,,良,2012-04-01
曲江文化集团 ,17.0,26.0,61.0,,,,,良,2012-04-01
曲江文化集团 ,46.0,44.0,82.0,,,,,良,2012-03-30
曲江文化集团 ,24.0,27.0,94.0,,,,,良,2012-03-29
曲江文化集团 ,40.0,48.0,91.0,,,,,良,2012-03-28
曲江文化集团 ,38.0,46.0,107.0,,,,,轻微污染,2012-03-27
曲江文化集团 ,42.0,34.0,96.0,,,,,良,2012-03-26
曲江文化集团 ,48.0,34.0,87.0,,,,,良,2012-03-25
曲江文化集团 ,35.0,20.0,72.0,,,,,良,2012-03-24
曲江文化集团 ,31.0,19.0,63.0,,,,,良,2012-03-23
曲江文化集团 ,34.0,22.0,69.0,,,,,良,2012-03-22
曲江文化集团 ,36.0,29.0,83.0,,,,,良,2012-03-21
曲江文化集团 ,40.0,27.0,82.0,,,,,良,2012-03-20
曲江文化集团 ,46.0,20.0,120.0,,,,,轻微污染,2012-03-19
曲江文化集团 ,55.0,41.0,126.0,,,,,轻微污染,2012-03-18
曲江文化集团 ,44.0,38.0,97.0,,,,,良,2012-03-17
曲江文化集团 ,41.0,32.0,78.0,,,,,良,2012-03-16
曲江文化集团 ,40.0,39.0,98.0,,,,,良,2012-03-15
曲江文化集团 ,51.0,39.0,97.0,,,,,良,2012-03-14
曲江文化集团 ,32.0,45.0,115.0,,,,,轻微污染,2012-03-13
曲江文化集团 ,32.0,33.0,85.0,,,,,良,2012-03-12
曲江文化集团 ,32.0,39.0,81.0,,,,,良,2012-03-11
曲江文化集团 ,37.0,40.0,84.0,,,,,良,2012-03-10
曲江文化集团 ,27.0,25.0,77.0,,,,,良,2012-03-09
曲江文化集团 ,34.0,30.0,68.0,,,,,良,2012-03-08
曲江文化集团 ,35.0,33.0,67.0,,,,,良,2012-03-07
曲江文化集团 ,24.0,29.0,63.0,,,,,良,2012-03-06
曲江文化集团 ,36.0,30.0,80.0,,,,,良,2012-03-05
曲江文化集团 ,31.0,27.0,67.0,,,,,良,2012-03-04
曲江文化集团 ,32.0,28.0,73.0,,,,,良,2012-03-03
曲江文化集团 ,35.0,29.0,94.0,,,,,良,2012-03-02
曲江文化集团 ,45.0,37.0,137.0,,,,,轻微污染,2012-03-01
曲江文化集团 ,45.0,37.0,129.0,,,,,轻微污染,2012-02-29
曲江文化集团 ,51.0,38.0,110.0,,,,,轻微污染,2012-02-28
曲江文化集团 ,53.0,37.0,85.0,,,,,良,2012-02-27
曲江文化集团 ,58.0,37.0,72.0,,,,,良,2012-02-26
曲江文化集团 ,22.0,26.0,83.0,,,,,良,2012-02-25
曲江文化集团 ,63.0,55.0,100.0,,,,,良,2012-02-24
曲江文化集团 ,57.0,64.0,118.0,,,,,轻微污染,2012-02-23
曲江文化集团 ,69.0,52.0,115.0,,,,,轻微污染,2012-02-22
曲江文化集团 ,65.0,40.0,100.0,,,,,良,2012-02-21
曲江文化集团 ,53.0,34.0,89.0,,,,,良,2012-02-20
曲江文化集团 ,34.0,29.0,59.0,,,,,良,2012-02-19
曲江文化集团 ,37.0,24.0,54.0,,,,,良,2012-02-18
曲江文化集团 ,23.0,20.0,57.0,,,,,良,2012-02-17
曲江文化集团 ,42.0,29.0,97.0,,,,,良,2012-02-16
曲江文化集团 ,59.0,34.0,118.0,,,,,轻微污染,2012-02-15
曲江文化集团 ,49.0,35.0,100.0,,,,,良,2012-02-14
曲江文化集团 ,38.0,29.0,86.0,,,,,良,2012-02-13
曲江文化集团 ,32.0,28.0,87.0,,,,,良,2012-02-12
曲江文化集团 ,19.0,10.0,59.0,,,,,良,2012-02-11
曲江文化集团 ,16.0,18.0,26.0,,,,,优,2012-02-10
曲江文化集团 ,33.0,18.0,38.0,,,,,优,2012-02-09
曲江文化集团 ,20.0,19.0,44.0,,,,,优,2012-02-08
曲江文化集团 ,32.0,18.0,59.0,,,,,良,2012-02-07
曲江文化集团 ,66.0,54.0,130.0,,,,,轻微污染,2012-02-06
曲江文化集团 ,63.0,43.0,80.0,,,,,良,2012-02-05
曲江文化集团 ,52.0,42.0,70.0,,,,,良,2012-02-04
曲江文化集团 ,23.0,18.0,48.0,,,,,优,2012-02-03
曲江文化集团 ,24.0,24.0,51.0,,,,,良,2012-02-02
曲江文化集团 ,73.0,49.0,134.0,,,,,轻微污染,2012-02-01
曲江文化集团 ,73.0,49.0,129.0,,,,,轻微污染,2012-01-31
曲江文化集团 ,70.0,47.0,105.0,,,,,轻微污染,2012-01-30
曲江文化集团 ,77.0,49.0,103.0,,,,,轻微污染,2012-01-29
曲江文化集团 ,37.0,18.0,99.0,,,,,良,2012-01-28
曲江文化集团 ,61.0,21.0,83.0,,,,,良,2012-01-27
曲江文化集团 ,52.0,18.0,85.0,,,,,良,2012-01-26
曲江文化集团 ,41.0,18.0,48.0,,,,,优,2012-01-25
曲江文化集团 ,32.0,24.0,72.0,,,,,良,2012-01-24
曲江文化集团 ,58.0,24.0,72.0,,,,,良,2012-01-23
曲江文化集团 ,53.0,42.0,54.0,,,,,良,2012-01-22
曲江文化集团 ,51.0,22.0,69.0,,,,,良,2012-01-21
曲江文化集团 ,42.0,30.0,91.0,,,,,良,2012-01-20
曲江文化集团 ,74.0,62.0,123.0,,,,,轻微污染,2012-01-19
曲江文化集团 ,81.0,72.0,180.0,,,,,轻度污染,2012-01-18
曲江文化集团 ,67.0,39.0,120.0,,,,,轻微污染,2012-01-17
曲江文化集团 ,81.0,95.0,123.0,,,,,轻微污染,2012-01-16
曲江文化集团 ,71.0,70.0,108.0,,,,,轻微污染,2012-01-15
曲江文化集团 ,92.0,70.0,105.0,,,,,轻微污染,2012-01-14
曲江文化集团 ,84.0,47.0,124.0,,,,,轻微污染,2012-01-13
曲江文化集团 ,69.0,60.0,106.0,,,,,轻微污染,2012-01-12
曲江文化集团 ,104.0,74.0,168.0,,,,,轻度污染,2012-01-11
曲江文化集团 ,76.0,78.0,164.0,,,,,轻度污染,2012-01-10
曲江文化集团 ,70.0,49.0,123.0,,,,,轻微污染,2012-01-09
曲江文化集团 ,63.0,37.0,116.0,,,,,轻微污染,2012-01-08
曲江文化集团 ,63.0,37.0,84.0,,,,,良,2012-01-07
曲江文化集团 ,54.0,38.0,90.0,,,,,良,2012-01-06
曲江文化集团 ,45.0,26.0,62.0,,,,,良,2012-01-05
曲江文化集团 ,23.0,18.0,42.0,,,,,优,2012-01-04
曲江文化集团 ,16.0,15.0,60.0,,,,,良,2012-01-03
曲江文化集团 ,44.0,20.0,124.0,,,,,轻微污染,2012-01-02
曲江文化集团 ,107.0,69.0,196.0,,,,,轻度污染,2012-01-01
曲江文化集团 ,88.0,60.0,146.0,,,,,轻微污染,2011-12-31
曲江文化集团 ,89.0,55.0,181.0,,,,,轻度污染,2011-12-30
曲江文化集团 ,100.0,50.0,125.0,,,,,轻微污染,2011-12-29
曲江文化集团 ,64.0,58.0,119.0,,,,,轻微污染,2011-12-28
曲江文化集团 ,68.0,44.0,112.0,,,,,轻微污染,2011-12-27
曲江文化集团 ,43.0,20.0,107.0,,,,,轻微污染,2011-12-26
曲江文化集团 ,26.0,20.0,109.0,,,,,轻微污染,2011-12-25
曲江文化集团 ,48.0,14.0,63.0,,,,,良,2011-12-24
曲江文化集团 ,42.0,32.0,89.0,,,,,良,2011-12-23
曲江文化集团 ,58.0,14.0,78.0,,,,,良,2011-12-22
曲江文化集团 ,68.0,32.0,96.0,,,,,良,2011-12-21
曲江文化集团 ,74.0,33.0,123.0,,,,,轻微污染,2011-12-20
曲江文化集团 ,62.0,30.0,124.0,,,,,轻微污染,2011-12-19
曲江文化集团 ,46.0,14.0,103.0,,,,,轻微污染,2011-12-18
曲江文化集团 ,48.0,23.0,83.0,,,,,良,2011-12-17
曲江文化集团 ,55.0,45.0,93.0,,,,,良,2011-12-16
曲江文化集团 ,51.0,14.0,104.0,,,,,轻微污染,2011-12-15
曲江文化集团 ,54.0,14.0,105.0,,,,,轻微污染,2011-12-14
曲江文化集团 ,56.0,16.0,105.0,,,,,轻微污染,2011-12-13
曲江文化集团 ,39.0,13.0,71.0,,,,,良,2011-12-12
曲江文化集团 ,57.0,20.0,104.0,,,,,轻微污染,2011-12-11
曲江文化集团 ,60.0,14.0,75.0,,,,,良,2011-12-10
曲江文化集团 ,78.0,14.0,68.0,,,,,良,2011-12-09
曲江文化集团 ,54.0,20.0,60.0,,,,,良,2011-12-08
曲江文化集团 ,51.0,13.0,60.0,,,,,良,2011-12-07
曲江文化集团 ,28.0,14.0,70.0,,,,,良,2011-12-06
曲江文化集团 ,61.0,17.0,77.0,,,,,良,2011-12-05
曲江文化集团 ,60.0,15.0,101.0,,,,,轻微污染,2011-12-04
曲江文化集团 ,58.0,24.0,105.0,,,,,轻微污染,2011-12-03
曲江文化集团 ,46.0,24.0,73.0,,,,,良,2011-12-02
曲江文化集团 ,45.0,27.0,65.0,,,,,良,2011-12-01
曲江文化集团 ,38.0,13.0,36.0,,,,,优,2011-11-30
曲江文化集团 ,42.0,20.0,93.0,,,,,良,2011-11-29
曲江文化集团 ,38.0,14.0,117.0,,,,,轻微,2011-11-28
曲江文化集团 ,33.0,14.0,102.0,,,,,轻微污染,2011-11-27
曲江文化集团 ,25.0,13.0,103.0,,,,,轻微污染,2011-11-26
曲江文化集团 ,26.0,22.0,115.0,,,,,轻微,2011-11-25
曲江文化集团 ,40.0,19.0,73.0,,,,,良,2011-11-24
曲江文化集团 ,27.0,22.0,71.0,,,,,良,2011-11-23
曲江文化集团 ,20.0,22.0,76.0,,,,,良,2011-11-22
曲江文化集团 ,28.0,15.0,75.0,,,,,良,2011-11-21
曲江文化集团 ,28.0,20.0,54.0,,,,,良,2011-11-20
曲江文化集团 ,24.0,15.0,51.0,,,,,良,2011-11-19
曲江文化集团 ,21.0,17.0,62.0,,,,,良,2011-11-18
曲江文化集团 ,34.0,24.0,60.0,,,,,良,2011-11-17
曲江文化集团 ,23.0,14.0,83.0,,,,,良,2011-11-16
曲江文化集团 ,31.0,20.0,72.0,,,,,良,2011-11-15
曲江文化集团 ,19.0,14.0,78.0,,,,,良,2011-11-14
曲江文化集团 ,22.0,14.0,67.0,,,,,良,2011-11-13
曲江文化集团 ,30.0,14.0,77.0,,,,,良,2011-11-12
曲江文化集团 ,24.0,14.0,76.0,,,,,良,2011-11-11
广运潭 ,25.0,98.0,135.0,,54.0,85.0,127.0,轻度,2013-04-26
广运潭 ,17.0,89.0,108.0,,42.0,63.0,83.0,轻度,2013-04-25
广运潭 ,19.0,102.0,179.0,78.0,41.0,45.0,192.0,中度,2013-04-24
广运潭 ,16.0,64.0,132.0,76.0,23.0,27.0,168.0,中度,2013-04-23
广运潭 ,10.0,58.0,155.0,71.0,5.0,5.0,224.0,重度,2013-04-22
广运潭 ,15.0,,121.0,59.0,22.0,18.0,182.0,中度,2013-04-21
广运潭 ,11.0,39.0,77.0,43.0,15.0,19.0,99.0,良,2013-04-20
广运潭 ,8.0,37.0,91.0,44.0,12.0,17.0,98.0,良,2013-04-19
广运潭 ,20.0,47.0,310.0,35.0,30.0,39.0,178.0,严重,2013-04-18
广运潭 ,,,160.0,,,,150.0,中度,2013-04-17
广运潭 ,21.0,59.0,86.0,,43.0,55.0,,良,2013-04-15
广运潭 ,18.0,50.0,73.0,,31.0,39.0,,良,2013-04-14
广运潭 ,15.0,49.0,80.0,96.0,52.0,71.0,,良,2013-04-13
广运潭 ,11.0,62.0,69.0,81.0,29.0,30.0,,良,2013-04-12
广运潭 ,21.0,74.0,88.0,62.0,35.0,52.0,63.0,良,2013-04-10
广运潭 ,14.0,58.0,89.0,59.0,35.0,54.0,55.0,良,2013-04-09
广运潭 ,18.0,74.0,169.0,64.0,34.0,48.0,103.0,中度,2013-04-08
广运潭 ,49.0,100.0,130.0,67.0,37.0,48.0,112.0,轻度,2013-04-07
广运潭 ,25.0,80.0,107.0,58.0,38.0,47.0,80.0,轻度,2013-04-06
广运潭 ,33.0,57.0,123.0,53.0,26.0,36.0,67.0,轻度,2013-04-05
广运潭 ,24.0,82.0,141.0,66.0,33.0,33.0,143.0,轻度,2013-04-04
广运潭 ,57.0,105.0,160.0,71.0,75.0,81.0,166.0,中度,2013-04-03
广运潭 ,60.0,101.0,146.0,67.0,20.0,25.0,133.0,轻度,2013-04-02
广运潭 ,41.0,108.0,213.0,74.0,42.0,59.0,195.0,重度,2013-04-01
广运潭 ,37.0,88.0,175.0,74.0,52.0,48.0,228.0,重度,2013-03-31
广运潭 ,48.0,101.0,184.0,70.0,52.0,71.0,222.0,重度,2013-03-30
广运潭 ,43.0,99.0,172.0,66.0,31.0,39.0,198.0,中度,2013-03-29
广运潭 ,49.0,112.0,146.0,,41.0,46.0,117.0,轻度,2013-03-28
广运潭 ,52.0,115.0,154.0,,46.0,52.0,127.0,中度,2013-03-27
广运潭 ,26.0,98.0,116.0,70.0,41.0,48.0,129.0,轻度,2013-03-26
广运潭 ,54.0,93.0,126.0,53.0,13.0,,120.0,轻度,2013-03-25
广运潭 ,42.0,70.0,172.0,45.0,35.0,46.0,115.0,中度,2013-03-24
广运潭 ,49.0,107.0,193.0,56.0,44.0,47.0,206.0,重度,2013-03-23
广运潭 ,37.0,104.0,134.0,51.0,34.0,40.0,127.0,轻度,2013-03-22
广运潭 ,38.0,95.0,161.0,49.0,25.0,26.0,168.0,中度,2013-03-21
广运潭 ,41.0,89.0,170.0,41.0,,,113.0,中度,2013-03-20
广运潭 ,34.0,115.0,186.0,48.0,30.0,30.0,128.0,中度,2013-03-19
广运潭 ,31.0,106.0,167.0,40.0,37.0,41.0,89.0,中度,2013-03-18
广运潭 ,56.0,92.0,162.0,48.0,44.0,64.0,172.0,中度,2013-03-17
广运潭 ,57.0,104.0,186.0,51.0,15.0,17.0,269.0,重度,2013-03-16
广运潭 ,47.0,94.0,156.0,42.0,32.0,41.0,220.0,重度,2013-03-15
广运潭 ,44.0,,127.0,70.0,25.0,31.0,170.0,中度,2013-03-14
广运潭 ,59.0,89.0,500.0,93.0,15.0,17.0,333.0,严重,2013-03-13
广运潭 ,65.0,94.0,500.0,79.0,18.0,20.0,289.0,严重,2013-03-12
广运潭 ,51.0,70.0,114.0,71.0,19.0,25.0,115.0,轻度,2013-03-11
广运潭 ,34.0,55.0,500.0,57.0,20.0,27.0,133.0,严重,2013-03-10
广运潭 ,25.0,93.0,500.0,57.0,24.0,32.0,326.0,严重,2013-03-09
广运潭 ,53.0,111.0,156.0,62.0,62.0,76.0,129.0,中度,2013-03-08
广运潭 ,50.0,107.0,199.0,61.0,34.0,38.0,147.0,中度,2013-03-07
广运潭 ,64.0,97.0,242.0,57.0,34.0,47.0,163.0,重度,2013-03-06
广运潭 ,60.0,107.0,185.0,55.0,40.0,51.0,195.0,中度,2013-03-05
广运潭 ,47.0,95.0,157.0,40.0,33.0,44.0,125.0,中度,2013-03-04
广运潭 ,55.0,95.0,172.0,40.0,34.0,41.0,117.0,中度,2013-03-03
广运潭 ,90.0,105.0,171.0,40.0,20.0,23.0,120.0,中度,2013-03-02
广运潭 ,34.0,58.0,157.0,24.0,23.0,35.0,67.0,中度,2013-03-01
广运潭 ,80.0,109.0,374.0,55.0,25.0,35.0,306.0,严重,2013-02-28
广运潭 ,77.0,112.0,353.0,55.0,64.0,77.0,387.0,严重,2013-02-27
广运潭 ,101.0,129.0,295.0,108.0,37.0,27.0,362.0,严重,2013-02-26
广运潭 ,93.0,121.0,216.0,111.0,15.0,17.0,366.0,严重,2013-02-25
广运潭 ,80.0,115.0,216.0,111.0,43.0,54.0,343.0,严重,2013-02-24
广运潭 ,60.0,113.0,158.0,108.0,41.0,52.0,278.0,重度,2013-02-23
广运潭 ,57.0,108.0,110.0,105.0,44.0,53.0,169.0,中度,2013-02-22
广运潭 ,86.0,112.0,121.0,106.0,36.0,39.0,190.0,中度,2013-02-21
广运潭 ,99.0,100.0,101.0,104.0,16.0,19.0,153.0,中度,2013-02-20
广运潭 ,55.0,67.0,94.0,103.0,25.0,30.0,142.0,轻度,2013-02-19
广运潭 ,23.0,67.0,96.0,102.0,27.0,34.0,130.0,轻度,2013-02-18
广运潭 ,59.0,82.0,182.0,113.0,35.0,34.0,305.0,严重,2013-02-17
广运潭 ,65.0,73.0,188.0,118.0,37.0,39.0,342.0,严重,2013-02-16
广运潭 ,29.0,53.0,86.0,110.0,32.0,43.0,79.0,轻度,2013-02-15
广运潭 ,57.0,67.0,104.0,110.0,22.0,24.0,144.0,轻度,2013-02-14
广运潭 ,25.0,53.0,90.0,109.0,34.0,45.0,112.0,轻度,2013-02-13
广运潭 ,53.0,47.0,113.0,110.0,30.0,39.0,186.0,中度,2013-02-12
广运潭 ,41.0,53.0,,113.0,7.0,9.0,312.0,严重,2013-02-11
广运潭 ,60.0,78.0,472.0,114.0,20.0,22.0,499.0,严重,2013-02-10
广运潭 ,95.0,,182.0,112.0,25.0,28.0,336.0,严重,2013-02-09
广运潭 ,52.0,,96.0,108.0,17.0,17.0,172.0,中度,2013-02-08
广运潭 ,55.0,,126.0,111.0,13.0,15.0,216.0,重度,2013-02-07
广运潭 ,69.0,107.0,192.0,115.0,12.0,11.0,335.0,严重,2013-02-06
广运潭 ,74.0,97.0,100.0,110.0,22.0,23.0,153.0,中度,2013-02-05
广运潭 ,50.0,85.0,107.0,112.0,5.0,6.0,180.0,中度,2013-02-04
广运潭 ,42.0,101.0,119.0,111.0,3.0,4.0,213.0,重度,2013-02-03
广运潭 ,63.0,115.0,289.0,116.0,7.0,8.0,381.0,严重,2013-02-02
广运潭 ,74.0,125.0,382.0,116.0,10.0,10.0,432.0,严重,2013-02-01
广运潭 ,56.0,116.0,215.0,111.0,12.0,12.0,334.0,严重,2013-01-31
广运潭 ,84.0,132.0,405.0,111.0,14.0,15.0,422.0,严重,2013-01-30
广运潭 ,68.0,116.0,275.0,108.0,22.0,23.0,343.0,严重,2013-01-29
广运潭 ,81.0,127.0,268.0,106.0,8.0,9.0,306.0,严重,2013-01-28
广运潭 ,79.0,111.0,150.0,101.0,15.0,15.0,196.0,中度,2013-01-27
广运潭 ,89.0,116.0,144.0,101.0,12.0,13.0,173.0,中度,2013-01-26
广运潭 ,57.0,106.0,107.0,98.0,17.0,20.0,108.0,轻度,2013-01-25
广运潭 ,45.0,81.0,94.0,78.0,30.0,38.0,58.0,良,2013-01-24
广运潭 ,65.0,86.0,88.0,90.0,25.0,30.0,83.0,良,2013-01-21
广运潭 ,63.0,124.0,300.0,110.0,4.0,6.0,376.0,严重,2013-01-20
广运潭 ,91.0,138.0,437.0,114.0,5.0,7.0,426.0,严重,2013-01-19
广运潭 ,88.0,139.0,299.0,108.0,6.0,9.0,321.0,严重,2013-01-18
广运潭 ,66.0,111.0,188.0,98.0,39.0,27.0,231.0,重度,2013-01-17
广运潭 ,58.0,111.0,161.0,79.0,32.0,27.0,169.0,中度,2013-01-16
广运潭 ,,,163.0,63.0,43.0,41.0,99.0,中度,2013-01-15
广运潭 ,57.0,117.0,372.0,104.0,108.0,25.0,411.0,严重,2013-01-14
广运潭 ,70.0,119.0,220.0,96.0,12.0,11.0,316.0,严重,2013-01-13
广运潭 ,83.0,111.0,178.0,78.0,14.0,14.0,245.0,重度,2013-01-12
广运潭 ,86.0,115.0,184.0,80.0,26.0,23.0,232.0,重度,2013-01-11
广运潭 ,101.0,125.0,263.0,90.0,7.0,8.0,315.0,严重,2013-01-10
广运潭 ,62.0,103.0,167.0,74.0,10.0,12.0,219.0,重度,2013-01-09
广运潭 ,71.0,122.0,270.0,85.0,4.0,5.0,310.0,严重,2013-01-08
广运潭 ,82.0,131.0,340.0,96.0,6.0,8.0,342.0,严重,2013-01-07
广运潭 ,81.0,127.0,354.0,97.0,6.0,8.0,370.0,严重,2013-01-06
广运潭 ,103.0,113.0,186.0,67.0,8.0,9.0,239.0,重度,2013-01-05
广运潭 ,65.0,88.0,102.0,43.0,26.0,10.0,144.0,轻度,2013-01-04
广运潭 ,14.0,54.0,27.0,21.0,57.0,25.0,43.0,良,2013-01-03
广运潭 ,38.0,68.0,46.0,29.0,41.0,17.0,82.0,良,2013-01-02
广运潭 ,37.0,94.0,64.0,33.0,60.0,23.0,104.0,轻度,2013-01-01
广运潭 ,49.0,45.0,55.0,,,,,良,2012-12-31
广运潭 ,44.0,34.0,90.0,,,,,良,2012-12-30
广运潭 ,62.0,25.0,85.0,,,,,良,2012-12-29
广运潭 ,76.0,40.0,131.0,,,,,轻微污染,2012-12-28
广运潭 ,77.0,27.0,93.0,,,,,良,2012-12-25
广运潭 ,36.0,14.0,81.0,,,,,良,2012-12-24
广运潭 ,29.0,14.0,52.0,,,,,良,2012-12-23
广运潭 ,31.0,20.0,63.0,,,,,良,2012-12-22
广运潭 ,43.0,25.0,72.0,,,,,良,2012-12-21
广运潭 ,47.0,24.0,89.0,,,,,良,2012-12-20
广运潭 ,43.0,22.0,79.0,,,,,良,2012-12-19
广运潭 ,35.0,20.0,75.0,,,,,良,2012-12-18
广运潭 ,43.0,20.0,151.0,,,,,轻度污染,2012-12-17
广运潭 ,57.0,31.0,322.0,,,,,重污染,2012-12-16
广运潭 ,51.0,28.0,196.0,,,,,轻度污染,2012-12-15
广运潭 ,52.0,25.0,213.0,,,,,中度污染,2012-12-14
广运潭 ,56.0,27.0,202.0,,,,,中度污染,2012-12-13
广运潭 ,58.0,27.0,191.0,,,,,轻度污染,2012-12-12
广运潭 ,57.0,24.0,97.0,,,,,良,2012-12-11
广运潭 ,55.0,20.0,107.0,,,,,轻微污染,2012-12-10
广运潭 ,55.0,19.0,88.0,,,,,良,2012-12-09
广运潭 ,57.0,27.0,89.0,,,,,良,2012-12-08
广运潭 ,52.0,30.0,87.0,,,,,良,2012-12-07
广运潭 ,59.0,20.0,90.0,,,,,良,2012-12-06
广运潭 ,55.0,19.0,94.0,,,,,良,2012-12-05
广运潭 ,54.0,24.0,114.0,,,,,轻微污染,2012-12-04
广运潭 ,68.0,25.0,112.0,,,,,轻微污染,2012-12-03
广运潭 ,63.0,27.0,177.0,,,,,轻度污染,2012-12-02
广运潭 ,73.0,19.0,176.0,,,,,轻度污染,2012-12-01
广运潭 ,52.0,29.0,106.0,,,,,轻微污染,2012-11-30
广运潭 ,23.0,19.0,89.0,,,,,良,2012-11-29
广运潭 ,25.0,19.0,86.0,,,,,良,2012-11-28
广运潭 ,31.0,23.0,85.0,,,,,良,2012-11-27
广运潭 ,38.0,17.0,72.0,,,,,良,2012-11-26
广运潭 ,38.0,22.0,83.0,,,,,良,2012-11-25
广运潭 ,37.0,15.0,72.0,,,,,良,2012-11-24
广运潭 ,27.0,12.0,63.0,,,,,良,2012-11-23
广运潭 ,33.0,27.0,167.0,,,,,轻度污染,2012-11-22
广运潭 ,30.0,24.0,137.0,,,,,轻微污染,2012-11-21
广运潭 ,39.0,20.0,113.0,,,,,轻微污染,2012-11-20
广运潭 ,37.0,31.0,81.0,,,,,良,2012-11-19
广运潭 ,32.0,25.0,105.0,,,,,轻微污染,2012-11-18
广运潭 ,29.0,20.0,86.0,,,,,良,2012-11-17
广运潭 ,24.0,16.0,60.0,,,,,良,2012-11-16
广运潭 ,43.0,42.0,138.0,,,,,轻微污染,2012-11-15
广运潭 ,21.0,24.0,87.0,,,,,良,2012-11-14
广运潭 ,27.0,27.0,77.0,,,,,良,2012-11-13
广运潭 ,20.0,20.0,61.0,,,,,良,2012-11-12
广运潭 ,16.0,16.0,58.0,,,,,良,2012-11-11
广运潭 ,15.0,16.0,85.0,,,,,良,2012-11-10
广运潭 ,15.0,16.0,68.0,,,,,良,2012-11-09
广运潭 ,20.0,22.0,59.0,,,,,良,2012-11-08
广运潭 ,24.0,16.0,80.0,,,,,良,2012-11-07
广运潭 ,23.0,16.0,79.0,,,,,良,2012-11-06
广运潭 ,16.0,16.0,61.0,,,,,良,2012-11-05
广运潭 ,15.0,16.0,55.0,,,,,良,2012-11-04
广运潭 ,19.0,16.0,84.0,,,,,良,2012-11-03
广运潭 ,25.0,16.0,121.0,,,,,轻微污染,2012-11-02
广运潭 ,19.0,16.0,75.0,,,,,良,2012-11-01
广运潭 ,17.0,16.0,76.0,,,,,良,2012-10-31
广运潭 ,23.0,16.0,74.0,,,,,良,2012-10-30
广运潭 ,23.0,16.0,93.0,,,,,良,2012-10-29
广运潭 ,24.0,27.0,94.0,,,,,良,2012-10-28
广运潭 ,22.0,25.0,91.0,,,,,良,2012-10-27
广运潭 ,25.0,29.0,113.0,,,,,轻微污染,2012-10-26
广运潭 ,22.0,24.0,77.0,,,,,良,2012-10-25
广运潭 ,18.0,24.0,79.0,,,,,良,2012-10-24
广运潭 ,25.0,22.0,79.0,,,,,良,2012-10-23
广运潭 ,21.0,19.0,57.0,,,,,良,2012-10-22
广运潭 ,27.0,19.0,111.0,,,,,轻微污染,2012-10-21
广运潭 ,25.0,16.0,92.0,,,,,良,2012-10-20
广运潭 ,27.0,17.0,89.0,,,,,良,2012-10-19
广运潭 ,24.0,20.0,82.0,,,,,良,2012-10-18
广运潭 ,17.0,16.0,73.0,,,,,良,2012-10-17
广运潭 ,20.0,17.0,94.0,,,,,良,2012-10-16
广运潭 ,19.0,19.0,140.0,,,,,轻微污染,2012-10-15
广运潭 ,19.0,16.0,84.0,,,,,良,2012-10-14
广运潭 ,25.0,20.0,91.0,,,,,良,2012-10-13
广运潭 ,25.0,25.0,123.0,,,,,轻微污染,2012-10-12
广运潭 ,22.0,24.0,119.0,,,,,轻微污染,2012-10-11
广运潭 ,16.0,16.0,64.0,,,,,良,2012-10-10
广运潭 ,22.0,15.0,97.0,,,,,良,2012-10-09
广运潭 ,23.0,15.0,116.0,,,,,轻微污染,2012-10-08
广运潭 ,23.0,15.0,104.0,,,,,轻微污染,2012-10-07
广运潭 ,23.0,22.0,83.0,,,,,良,2012-10-06
广运潭 ,23.0,15.0,79.0,,,,,良,2012-10-05
广运潭 ,23.0,15.0,72.0,,,,,良,2012-10-04
广运潭 ,23.0,15.0,92.0,,,,,良,2012-10-03
广运潭 ,23.0,23.0,107.0,,,,,轻微污染,2012-10-02
广运潭 ,23.0,22.0,83.0,,,,,良,2012-10-01
广运潭 ,23.0,15.0,79.0,,,,,良,2012-09-30
广运潭 ,23.0,15.0,65.0,,,,,良,2012-09-29
广运潭 ,23.0,15.0,54.0,,,,,良,2012-09-28
广运潭 ,20.0,15.0,57.0,,,,,良,2012-09-27
广运潭 ,20.0,15.0,57.0,,,,,良,2012-09-26
广运潭 ,22.0,15.0,86.0,,,,,良,2012-09-25
广运潭 ,22.0,18.0,108.0,,,,,轻微污染,2012-09-24
广运潭 ,22.0,15.0,83.0,,,,,良,2012-09-23
广运潭 ,21.0,15.0,79.0,,,,,良,2012-09-22
广运潭 ,22.0,15.0,75.0,,,,,良,2012-09-21
广运潭 ,21.0,15.0,60.0,,,,,良,2012-09-20
广运潭 ,21.0,15.0,70.0,,,,,良,2012-09-19
广运潭 ,22.0,15.0,73.0,,,,,良,2012-09-18
广运潭 ,22.0,15.0,76.0,,,,,良,2012-09-17
广运潭 ,20.0,15.0,54.0,,,,,良,2012-09-16
广运潭 ,24.0,16.0,63.0,,,,,良,2012-09-15
广运潭 ,22.0,15.0,52.0,,,,,良,2012-09-14
广运潭 ,19.0,12.0,48.0,,,,,优,2012-09-13
广运潭 ,17.0,14.0,44.0,,,,,优,2012-09-12
广运潭 ,15.0,12.0,57.0,,,,,良,2012-09-11
广运潭 ,19.0,12.0,60.0,,,,,良,2012-09-10
广运潭 ,17.0,12.0,55.0,,,,,良,2012-09-09
广运潭 ,17.0,12.0,61.0,,,,,良,2012-09-08
广运潭 ,17.0,12.0,67.0,,,,,良,2012-09-07
广运潭 ,17.0,12.0,76.0,,,,,良,2012-09-06
广运潭 ,16.0,12.0,62.0,,,,,良,2012-09-05
广运潭 ,15.0,12.0,42.0,,,,,优,2012-09-04
广运潭 ,15.0,12.0,42.0,,,,,优,2012-09-04
广运潭 ,28.0,19.0,38.0,,,,,优,2012-09-03
广运潭 ,19.0,12.0,35.0,,,,,优,2012-09-02
广运潭 ,19.0,12.0,32.0,,,,,优,2012-09-01
广运潭 ,21.0,15.0,66.0,,,,,良,2012-08-31
广运潭 ,18.0,18.0,62.0,,,,,良,2012-08-30
广运潭 ,26.0,22.0,59.0,,,,,良,2012-08-29
广运潭 ,19.0,15.0,73.0,,,,,良,2012-08-28
广运潭 ,17.0,19.0,83.0,,,,,良,2012-08-27
广运潭 ,18.0,15.0,82.0,,,,,良,2012-08-26
广运潭 ,18.0,12.0,63.0,,,,,良,2012-08-25
广运潭 ,18.0,14.0,54.0,,,,,良,2012-08-24
广运潭 ,18.0,14.0,54.0,,,,,良,2012-08-23
广运潭 ,18.0,19.0,56.0,,,,,良,2012-08-22
广运潭 ,19.0,14.0,47.0,,,,,优,2012-08-21
广运潭 ,17.0,14.0,39.0,,,,,优,2012-08-20
广运潭 ,27.0,14.0,42.0,,,,,优,2012-08-19
广运潭 ,30.0,13.0,61.0,,,,,良,2012-08-18
广运潭 ,26.0,14.0,66.0,,,,,良,2012-08-17
广运潭 ,30.0,27.0,83.0,,,,,良,2012-08-16
广运潭 ,34.0,25.0,65.0,,,,,良,2012-08-15
广运潭 ,31.0,22.0,54.0,,,,,良,2012-08-14
广运潭 ,22.0,19.0,72.0,,,,,良,2012-08-13
广运潭 ,19.0,17.0,78.0,,,,,良,2012-08-12
广运潭 ,18.0,14.0,74.0,,,,,良,2012-08-11
广运潭 ,19.0,17.0,74.0,,,,,良,2012-08-10
广运潭 ,17.0,18.0,70.0,,,,,良,2012-08-09
广运潭 ,16.0,17.0,68.0,,,,,良,2012-08-08
广运潭 ,19.0,20.0,60.0,,,,,良,2012-08-07
广运潭 ,13.0,15.0,58.0,,,,,良,2012-08-06
广运潭 ,13.0,14.0,65.0,,,,,良,2012-08-05
广运潭 ,12.0,12.0,76.0,,,,,良,2012-08-04
广运潭 ,13.0,15.0,63.0,,,,,良,2012-08-03
广运潭 ,17.0,24.0,47.0,,,,,优,2012-08-02
广运潭 ,18.0,18.0,53.0,,,,,良,2012-08-01
广运潭 ,15.0,10.0,46.0,,,,,优,2012-07-31
广运潭 ,11.0,14.0,54.0,,,,,良,2012-07-30
广运潭 ,20.0,17.0,60.0,,,,,良,2012-07-29
广运潭 ,24.0,18.0,41.0,,,,,优,2012-07-28
广运潭 ,28.0,17.0,37.0,,,,,优,2012-07-27
广运潭 ,25.0,15.0,81.0,,,,,良,2012-07-26
广运潭 ,23.0,14.0,73.0,,,,,良,2012-07-25
广运潭 ,20.0,19.0,54.0,,,,,良,2012-07-24
广运潭 ,17.0,18.0,56.0,,,,,良,2012-07-23
广运潭 ,15.0,14.0,57.0,,,,,良,2012-07-22
广运潭 ,17.0,12.0,68.0,,,,,良,2012-07-21
广运潭 ,18.0,14.0,90.0,,,,,良,2012-07-20
广运潭 ,19.0,15.0,88.0,,,,,良,2012-07-19
广运潭 ,23.0,17.0,74.0,,,,,良,2012-07-18
广运潭 ,16.0,14.0,74.0,,,,,良,2012-07-17
广运潭 ,27.0,10.0,65.0,,,,,良,2012-07-16
广运潭 ,27.0,10.0,65.0,,,,,良,2012-07-16
广运潭 ,13.0,14.0,62.0,,,,,良,2012-07-15
广运潭 ,12.0,10.0,56.0,,,,,良,2012-07-14
广运潭 ,23.0,20.0,59.0,,,,,良,2012-07-13
广运潭 ,34.0,15.0,56.0,,,,,良,2012-07-12
广运潭 ,21.0,19.0,59.0,,,,,良,2012-07-11
广运潭 ,26.0,17.0,42.0,,,,,优,2012-07-10
广运潭 ,23.0,13.0,54.0,,,,,良,2012-07-09
广运潭 ,23.0,12.0,56.0,,,,,良,2012-07-08
广运潭 ,26.0,12.0,46.0,,,,,优,2012-07-07
广运潭 ,24.0,12.0,52.0,,,,,良,2012-07-06
广运潭 ,16.0,22.0,47.0,,,,,优,2012-07-05
广运潭 ,21.0,17.0,34.0,,,,,优,2012-07-04
广运潭 ,16.0,16.0,42.0,,,,,优,2012-07-03
广运潭 ,21.0,17.0,61.0,,,,,良,2012-07-02
广运潭 ,30.0,20.0,37.0,,,,,优,2012-07-01
广运潭 ,17.0,18.0,47.0,,,,,优,2012-06-30
广运潭 ,16.0,14.0,59.0,,,,,良,2012-06-29
广运潭 ,15.0,11.0,57.0,,,,,良,2012-06-28
广运潭 ,31.0,17.0,59.0,,,,,良,2012-06-27
广运潭 ,16.0,12.0,51.0,,,,,良,2012-06-26
广运潭 ,29.0,10.0,59.0,,,,,良,2012-06-25
广运潭 ,31.0,15.0,62.0,,,,,良,2012-06-24
广运潭 ,38.0,14.0,57.0,,,,,良,2012-06-23
广运潭 ,33.0,13.0,56.0,,,,,良,2012-06-22
广运潭 ,33.0,22.0,58.0,,,,,良,2012-06-21
广运潭 ,31.0,21.0,65.0,,,,,良,2012-06-20
广运潭 ,32.0,18.0,67.0,,,,,良,2012-06-19
广运潭 ,34.0,19.0,66.0,,,,,良,2012-06-18
广运潭 ,27.0,28.0,70.0,,,,,良,2012-06-17
广运潭 ,26.0,20.0,70.0,,,,,良,2012-06-16
广运潭 ,22.0,19.0,65.0,,,,,良,2012-06-15
广运潭 ,28.0,18.0,51.0,,,,,良,2012-06-14
广运潭 ,22.0,28.0,66.0,,,,,良,2012-06-13
广运潭 ,29.0,17.0,68.0,,,,,良,2012-06-12
广运潭 ,29.0,22.0,71.0,,,,,良,2012-06-11
广运潭 ,30.0,25.0,52.0,,,,,良,2012-06-10
广运潭 ,36.0,22.0,54.0,,,,,良,2012-06-09
广运潭 ,29.0,24.0,53.0,,,,,良,2012-06-08
广运潭 ,23.0,24.0,64.0,,,,,良,2012-06-07
广运潭 ,34.0,19.0,70.0,,,,,良,2012-06-06
广运潭 ,26.0,18.0,78.0,,,,,良,2012-06-05
广运潭 ,30.0,22.0,73.0,,,,,良,2012-06-04
广运潭 ,34.0,22.0,56.0,,,,,良,2012-06-03
广运潭 ,36.0,22.0,61.0,,,,,良,2012-06-02
广运潭 ,33.0,22.0,65.0,,,,,良,2012-06-01
广运潭 ,33.0,15.0,55.0,,,,,良,2012-05-31
广运潭 ,21.0,18.0,41.0,,,,,优,2012-05-30
广运潭 ,20.0,16.0,59.0,,,,,良,2012-05-29
广运潭 ,30.0,22.0,58.0,,,,,良,2012-05-28
广运潭 ,31.0,24.0,62.0,,,,,良,2012-05-27
广运潭 ,23.0,20.0,63.0,,,,,良,2012-05-26
广运潭 ,13.0,19.0,68.0,,,,,良,2012-05-25
广运潭 ,15.0,20.0,82.0,,,,,良,2012-05-24
广运潭 ,13.0,22.0,79.0,,,,,良,2012-05-23
广运潭 ,18.0,17.0,54.0,,,,,良,2012-05-22
广运潭 ,13.0,11.0,58.0,,,,,良,2012-05-21
广运潭 ,22.0,26.0,73.0,,,,,良,2012-05-20
广运潭 ,28.0,34.0,80.0,,,,,良,2012-05-19
广运潭 ,28.0,35.0,72.0,,,,,良,2012-05-18
广运潭 ,19.0,31.0,66.0,,,,,良,2012-05-17
广运潭 ,19.0,39.0,68.0,,,,,良,2012-05-16
广运潭 ,19.0,34.0,56.0,,,,,良,2012-05-15
广运潭 ,28.0,27.0,63.0,,,,,良,2012-05-14
广运潭 ,19.0,18.0,71.0,,,,,良,2012-05-13
广运潭 ,17.0,15.0,66.0,,,,,良,2012-05-12
广运潭 ,17.0,16.0,54.0,,,,,良,2012-05-11
广运潭 ,21.0,24.0,76.0,,,,,良,2012-05-10
广运潭 ,26.0,29.0,76.0,,,,,良,2012-05-09
广运潭 ,29.0,22.0,76.0,,,,,良,2012-05-08
广运潭 ,26.0,20.0,75.0,,,,,良,2012-05-07
广运潭 ,28.0,35.0,76.0,,,,,良,2012-05-06
广运潭 ,21.0,36.0,71.0,,,,,良,2012-05-05
广运潭 ,22.0,26.0,72.0,,,,,良,2012-05-04
广运潭 ,22.0,30.0,67.0,,,,,良,2012-05-03
广运潭 ,22.0,30.0,56.0,,,,,良,2012-05-02
广运潭 ,23.0,24.0,81.0,,,,,良,2012-05-01
广运潭 ,23.0,17.0,76.0,,,,,良,2012-04-30
广运潭 ,22.0,29.0,89.0,,,,,良,2012-04-29
广运潭 ,24.0,39.0,90.0,,,,,良,2012-04-28
广运潭 ,23.0,30.0,82.0,,,,,良,2012-04-27
广运潭 ,27.0,32.0,93.0,,,,,良,2012-04-26
广运潭 ,25.0,24.0,82.0,,,,,良,2012-04-25
广运潭 ,22.0,22.0,70.0,,,,,良,2012-04-24
广运潭 ,22.0,30.0,93.0,,,,,良,2012-04-23
广运潭 ,22.0,26.0,77.0,,,,,良,2012-04-22
广运潭 ,23.0,29.0,79.0,,,,,良,2012-04-21
广运潭 ,24.0,29.0,67.0,,,,,良,2012-04-20
广运潭 ,23.0,30.0,59.0,,,,,良,2012-04-19
广运潭 ,25.0,35.0,71.0,,,,,良,2012-04-18
广运潭 ,27.0,27.0,67.0,,,,,良,2012-04-17
广运潭 ,25.0,30.0,59.0,,,,,良,2012-04-16
广运潭 ,26.0,28.0,67.0,,,,,良,2012-04-15
广运潭 ,25.0,34.0,56.0,,,,,良,2012-04-14
广运潭 ,29.0,24.0,47.0,,,,,优,2012-04-13
广运潭 ,39.0,23.0,54.0,,,,,良,2012-04-12
广运潭 ,24.0,24.0,66.0,,,,,良,2012-04-11
广运潭 ,30.0,30.0,56.0,,,,,良,2012-04-10
广运潭 ,30.0,27.0,61.0,,,,,良,2012-04-09
广运潭 ,28.0,22.0,77.0,,,,,良,2012-04-08
广运潭 ,21.0,20.0,74.0,,,,,良,2012-04-07
广运潭 ,22.0,24.0,77.0,,,,,良,2012-04-06
广运潭 ,22.0,22.0,67.0,,,,,良,2012-04-05
广运潭 ,22.0,22.0,67.0,,,,,良,2012-04-04
广运潭 ,20.0,23.0,82.0,,,,,良,2012-04-03
广运潭 ,23.0,25.0,61.0,,,,,良,2012-04-02
广运潭 ,29.0,25.0,66.0,,,,,良,2012-04-01
广运潭 ,21.0,24.0,47.0,,,,,优,2012-03-31
广运潭 ,45.0,39.0,72.0,,,,,良,2012-03-30
广运潭 ,24.0,32.0,85.0,,,,,良,2012-03-29
广运潭 ,39.0,40.0,78.0,,,,,良,2012-03-28
广运潭 ,32.0,39.0,98.0,,,,,良,2012-03-27
广运潭 ,48.0,31.0,87.0,,,,,良,2012-03-26
广运潭 ,52.0,39.0,77.0,,,,,良,2012-03-25
广运潭 ,49.0,29.0,74.0,,,,,良,2012-03-24
广运潭 ,33.0,24.0,66.0,,,,,良,2012-03-23
广运潭 ,32.0,31.0,59.0,,,,,良,2012-03-22
广运潭 ,39.0,24.0,72.0,,,,,良,2012-03-21
广运潭 ,,,,,,,,---,2012-03-20
广运潭 ,45.0,27.0,88.0,,,,,良,2012-03-19
广运潭 ,58.0,43.0,120.0,,,,,轻微污染,2012-03-18
广运潭 ,43.0,37.0,98.0,,,,,良,2012-03-17
广运潭 ,49.0,35.0,66.0,,,,,良,2012-03-16
广运潭 ,43.0,42.0,78.0,,,,,良,2012-03-15
广运潭 ,54.0,42.0,92.0,,,,,良,2012-03-14
广运潭 ,60.0,49.0,116.0,,,,,轻微污染,2012-03-13
广运潭 ,50.0,44.0,78.0,,,,,良,2012-03-12
广运潭 ,43.0,43.0,74.0,,,,,良,2012-03-11
广运潭 ,40.0,45.0,77.0,,,,,良,2012-03-10
广运潭 ,36.0,40.0,79.0,,,,,良,2012-03-09
广运潭 ,40.0,40.0,68.0,,,,,良,2012-03-08
广运潭 ,48.0,36.0,74.0,,,,,良,2012-03-07
广运潭 ,34.0,26.0,59.0,,,,,良,2012-03-06
广运潭 ,41.0,30.0,79.0,,,,,良,2012-03-05
广运潭 ,29.0,34.0,68.0,,,,,良,2012-03-04
广运潭 ,25.0,37.0,68.0,,,,,良,2012-03-03
广运潭 ,38.0,33.0,93.0,,,,,良,2012-03-02
广运潭 ,49.0,34.0,114.0,,,,,轻微污染,2012-03-01
广运潭 ,55.0,32.0,131.0,,,,,轻微污染,2012-02-29
广运潭 ,42.0,37.0,111.0,,,,,轻微污染,2012-02-28
广运潭 ,45.0,35.0,89.0,,,,,良,2012-02-27
广运潭 ,51.0,42.0,62.0,,,,,良,2012-02-26
广运潭 ,57.0,41.0,85.0,,,,,良,2012-02-25
广运潭 ,49.0,42.0,106.0,,,,,轻微污染,2012-02-24
广运潭 ,74.0,68.0,128.0,,,,,轻微污染,2012-02-23
广运潭 ,61.0,77.0,111.0,,,,,轻微污染,2012-02-22
广运潭 ,63.0,41.0,102.0,,,,,轻微污染,2012-02-21
广运潭 ,49.0,32.0,77.0,,,,,良,2012-02-20
广运潭 ,41.0,40.0,60.0,,,,,良,2012-02-19
广运潭 ,34.0,23.0,54.0,,,,,良,2012-02-18
广运潭 ,40.0,28.0,56.0,,,,,良,2012-02-17
广运潭 ,52.0,28.0,96.0,,,,,良,2012-02-16
广运潭 ,56.0,40.0,111.0,,,,,轻微污染,2012-02-15
广运潭 ,56.0,38.0,105.0,,,,,轻微污染,2012-02-14
广运潭 ,43.0,36.0,83.0,,,,,良,2012-02-13
广运潭 ,54.0,32.0,83.0,,,,,良,2012-02-12
广运潭 ,44.0,39.0,66.0,,,,,良,2012-02-11
广运潭 ,40.0,35.0,50.0,,,,,优,2012-02-10
广运潭 ,26.0,22.0,40.0,,,,,优,2012-02-09
广运潭 ,43.0,34.0,57.0,,,,,良,2012-02-08
广运潭 ,28.0,17.0,64.0,,,,,良,2012-02-07
广运潭 ,64.0,50.0,123.0,,,,,轻微污染,2012-02-06
广运潭 ,56.0,44.0,82.0,,,,,良,2012-02-05
广运潭 ,49.0,43.0,67.0,,,,,良,2012-02-04
广运潭 ,32.0,26.0,54.0,,,,,良,2012-02-03
广运潭 ,29.0,28.0,53.0,,,,,良,2012-02-02
广运潭 ,67.0,64.0,141.0,,,,,轻微污染,2012-02-01
广运潭 ,66.0,64.0,122.0,,,,,轻微污染,2012-01-31
广运潭 ,68.0,62.0,115.0,,,,,轻微污染,2012-01-30
广运潭 ,67.0,39.0,111.0,,,,,轻微污染,2012-01-29
广运潭 ,77.0,70.0,98.0,,,,,良,2012-01-28
广运潭 ,63.0,19.0,80.0,,,,,良,2012-01-27
广运潭 ,51.0,27.0,74.0,,,,,良,2012-01-26
广运潭 ,35.0,19.0,44.0,,,,,优,2012-01-25
广运潭 ,30.0,16.0,69.0,,,,,良,2012-01-24
广运潭 ,36.0,18.0,71.0,,,,,良,2012-01-23
广运潭 ,40.0,27.0,52.0,,,,,良,2012-01-22
广运潭 ,40.0,17.0,63.0,,,,,良,2012-01-21
广运潭 ,55.0,35.0,87.0,,,,,良,2012-01-20
广运潭 ,68.0,75.0,117.0,,,,,轻微污染,2012-01-19
广运潭 ,59.0,92.0,173.0,,,,,轻度污染,2012-01-18
广运潭 ,69.0,45.0,125.0,,,,,轻微污染,2012-01-17
广运潭 ,95.0,99.0,127.0,,,,,轻微污染,2012-01-16
广运潭 ,64.0,100.0,104.0,,,,,轻微污染,2012-01-15
广运潭 ,83.0,93.0,115.0,,,,,轻微污染,2012-01-14
广运潭 ,80.0,40.0,128.0,,,,,轻微污染,2012-01-13
广运潭 ,66.0,65.0,108.0,,,,,轻微污染,2012-01-12
广运潭 ,92.0,59.0,169.0,,,,,轻度污染,2012-01-11
广运潭 ,78.0,74.0,152.0,,,,,轻度污染,2012-01-10
广运潭 ,72.0,60.0,132.0,,,,,轻微污染,2012-01-09
广运潭 ,63.0,58.0,128.0,,,,,轻微污染,2012-01-08
广运潭 ,67.0,59.0,98.0,,,,,良,2012-01-07
广运潭 ,52.0,40.0,92.0,,,,,良,2012-01-06
广运潭 ,42.0,29.0,51.0,,,,,良,2012-01-05
广运潭 ,37.0,32.0,52.0,,,,,良,2012-01-04
广运潭 ,44.0,30.0,52.0,,,,,良,2012-01-03
广运潭 ,70.0,69.0,103.0,,,,,轻微污染,2012-01-02
广运潭 ,104.0,77.0,185.0,,,,,轻度污染,2012-01-01
广运潭 ,73.0,62.0,143.0,,,,,轻微污染,2011-12-31
广运潭 ,89.0,79.0,162.0,,,,,轻度污染,2011-12-30
广运潭 ,94.0,53.0,130.0,,,,,轻微污染,2011-12-29
广运潭 ,62.0,48.0,122.0,,,,,轻微污染,2011-12-28
广运潭 ,61.0,47.0,118.0,,,,,轻微污染,2011-12-27
广运潭 ,52.0,35.0,110.0,,,,,轻微污染,2011-12-26
广运潭 ,49.0,30.0,103.0,,,,,轻微污染,2011-12-25
广运潭 ,42.0,37.0,59.0,,,,,良,2011-12-24
广运潭 ,49.0,39.0,75.0,,,,,良,2011-12-23
广运潭 ,50.0,33.0,83.0,,,,,良,2011-12-22
广运潭 ,57.0,26.0,93.0,,,,,良,2011-12-21
广运潭 ,78.0,32.0,118.0,,,,,轻微污染,2011-12-20
广运潭 ,60.0,24.0,120.0,,,,,轻微污染,2011-12-19
广运潭 ,52.0,22.0,106.0,,,,,轻微污染,2011-12-18
广运潭 ,52.0,22.0,75.0,,,,,良,2011-12-17
广运潭 ,53.0,50.0,94.0,,,,,良,2011-12-16
广运潭 ,42.0,33.0,107.0,,,,,轻微污染,2011-12-15
广运潭 ,51.0,22.0,108.0,,,,,轻微污染,2011-12-14
广运潭 ,46.0,31.0,104.0,,,,,轻微污染,2011-12-13
广运潭 ,49.0,37.0,67.0,,,,,良,2011-12-12
广运潭 ,54.0,33.0,101.0,,,,,轻微污染,2011-12-11
广运潭 ,53.0,32.0,69.0,,,,,良,2011-12-10
广运潭 ,60.0,23.0,74.0,,,,,良,2011-12-09
广运潭 ,55.0,27.0,57.0,,,,,良,2011-12-08
广运潭 ,59.0,14.0,65.0,,,,,良,2011-12-07
广运潭 ,22.0,42.0,67.0,,,,,良,2011-12-06
广运潭 ,48.0,27.0,80.0,,,,,良,2011-12-05
广运潭 ,37.0,40.0,88.0,,,,,良,2011-12-04
广运潭 ,53.0,24.0,104.0,,,,,轻微污染,2011-12-03
广运潭 ,41.0,23.0,70.0,,,,,良,2011-12-02
广运潭 ,48.0,28.0,54.0,,,,,良,2011-12-01
广运潭 ,13.0,15.0,34.0,,,,,优,2011-11-30
广运潭 ,37.0,22.0,99.0,,,,,良,2011-11-29
广运潭 ,20.0,18.0,129.0,,,,,轻微,2011-11-28
广运潭 ,26.0,14.0,104.0,,,,,轻微污染,2011-11-27
广运潭 ,24.0,16.0,104.0,,,,,轻微污染,2011-11-26
广运潭 ,20.0,20.0,96.0,,,,,良,2011-11-25
广运潭 ,23.0,16.0,69.0,,,,,良,2011-11-24
广运潭 ,24.0,25.0,70.0,,,,,良,2011-11-23
广运潭 ,25.0,17.0,66.0,,,,,良,2011-11-22
广运潭 ,25.0,19.0,74.0,,,,,良,2011-11-21
广运潭 ,24.0,26.0,57.0,,,,,良,2011-11-20
广运潭 ,21.0,20.0,59.0,,,,,良,2011-11-19
广运潭 ,19.0,18.0,65.0,,,,,良,2011-11-18
广运潭 ,21.0,19.0,60.0,,,,,良,2011-11-17
广运潭 ,26.0,18.0,71.0,,,,,良,2011-11-16
广运潭 ,27.0,25.0,85.0,,,,,良,2011-11-15
广运潭 ,20.0,17.0,67.0,,,,,良,2011-11-14
广运潭 ,19.0,24.0,71.0,,,,,良,2011-11-13
广运潭 ,21.0,15.0,74.0,,,,,良,2011-11-12
广运潭 ,26.0,15.0,68.0,,,,,良,2011-11-11
世园会广运潭 ,17.0,16.0,71.0,,,,,良,2011-11-10
世园会广运潭 ,14.0,22.0,57.0,,,,,良,2011-11-09
世园会广运潭 ,13.0,23.0,33.0,,,,,优,2011-11-08
世园会广运潭 ,20.0,17.0,37.0,,,,,优,2011-11-07
世园会广运潭 ,31.0,14.0,58.0,,,,,良,2011-11-05
世园会广运潭 ,13.0,34.0,56.0,,,,,良,2011-11-05
世园会广运潭 ,14.0,12.0,70.0,,,,,良,2011-11-04
世园会广运潭 ,14.0,23.0,83.0,,,,,良,2011-11-03
世园会广运潭 ,13.0,20.0,75.0,,,,,良,2011-11-02
世园会广运潭 ,31.0,19.0,108.0,,,,,轻微,2011-11-01
广运潭 ,21.0,20.0,105.0,,,,,轻微,2011-10-31
世园会广运潭 ,13.0,20.0,112.0,,,,,轻微,2011-10-30
广运潭 ,14.0,29.0,73.0,,,,,良,2011-10-29
广运潭 ,26.0,22.0,86.0,,,,,良,2011-10-28
广运潭 ,14.0,19.0,77.0,,,,,良,2011-10-27
世园会广运潭 ,14.0,12.0,51.0,,,,,良,2011-10-26
世园会广运潭 ,13.0,11.0,40.0,,,,,优,2011-10-25
世园会广运潭 ,12.0,20.0,59.0,,,,,良,2011-10-24
世园会广运潭 ,12.0,14.0,89.0,,,,,良,2011-10-23
世园会广运潭 ,13.0,23.0,89.0,,,,,良,2011-10-22
世园会广运潭 ,12.0,23.0,96.0,,,,,良,2011-10-21
世园会广运潭 ,12.0,23.0,92.0,,,,,良,2011-10-20
世园会广运潭 ,12.0,18.0,82.0,,,,,良,2011-10-19
世园会广运潭 ,11.0,21.0,80.0,,,,,良,2011-10-18
世园会广运潭 ,12.0,22.0,55.0,,,,,良,2011-10-17
世园会广运潭 ,12.0,15.0,49.0,,,,,优,2011-10-16
世园会广运潭 ,14.0,15.0,57.0,,,,,良,2011-10-15
世园会广运潭 ,11.0,15.0,41.0,,,,,优,2011-10-14
世园会广运潭 ,10.0,12.0,36.0,,,,,优,2011-10-13
世园会广运潭 ,11.0,13.0,55.0,,,,,良,2011-10-12
世园会广运潭 ,10.0,15.0,73.0,,,,,良,2011-10-11
世园会广运潭 ,10.0,14.0,72.0,,,,,良,2011-10-10
世园会广运潭 ,12.0,22.0,80.0,,,,,良,2011-10-09
世园会广运潭 ,15.0,23.0,90.0,,,,,良,2011-10-08
世园会广运潭 ,11.0,21.0,75.0,,,,,良,2011-10-07
世园会广运潭 ,13.0,20.0,54.0,,,,,良,2011-10-06
世园会广运潭 ,9.0,19.0,62.0,,,,,良,2011-10-05
世园会广运潭 ,9.0,19.0,62.0,,,,,良,2011-10-05
世园会广运潭 ,10.0,19.0,66.0,,,,,良,2011-10-04
世园会广运潭 ,14.0,15.0,65.0,,,,,良,2011-10-03
世园会广运潭 ,9.0,19.0,74.0,,,,,良,2011-10-02
世园会广运潭 ,14.0,10.0,69.0,,,,,良,2011-10-01
世园会广运潭 ,17.0,17.0,60.0,,,,,良,2011-09-30
世园会广运潭 ,8.0,14.0,30.0,,,,,优,2011-09-29
世园会广运潭 ,10.0,14.0,60.0,,,,,良,2011-09-28
世园会广运潭 ,9.0,22.0,70.0,,,,,良,2011-09-27
世园会广运潭 ,16.0,17.0,89.0,,,,,良,2011-09-26
世园会广运潭 ,18.0,17.0,88.0,,,,,良,2011-09-25
世园会广运潭 ,23.0,19.0,77.0,,,,,良,2011-09-24
世园会广运潭 ,17.0,15.0,66.0,,,,,良,2011-09-23
世园会广运潭 ,14.0,17.0,53.0,,,,,良,2011-09-22
世园会广运潭 ,13.0,12.0,52.0,,,,,良,2011-09-21
世园会广运潭 ,9.0,10.0,37.0,,,,,优,2011-09-20
世园会广运潭 ,6.0,9.0,29.0,,,,,优,2011-09-19
世园会广运潭 ,4.0,10.0,28.0,,,,,优,2011-09-18
世园会广运潭 ,9.0,11.0,39.0,,,,,优,2011-09-17
世园会广运潭 ,9.0,12.0,64.0,,,,,良,2011-09-16
世园会广运潭 ,10.0,15.0,53.0,,,,,良,2011-09-15
世园会广运潭 ,7.0,13.0,42.0,,,,,优,2011-09-14
世园会广运潭 ,11.0,15.0,35.0,,,,,优,2011-09-13
世园会广运潭 ,11.0,13.0,30.0,,,,,优,2011-09-12
世园会广运潭 ,10.0,14.0,46.0,,,,,优,2011-09-11
世园会广运潭 ,10.0,13.0,60.0,,,,,良,2011-09-10
世园会广运潭 ,14.0,15.0,60.0,,,,,良,2011-09-09
世园会广运潭 ,11.0,19.0,44.0,,,,,优,2011-09-08
世园会广运潭 ,10.0,13.0,34.0,,,,,优,2011-09-07
世园会广运潭 ,5.0,10.0,29.0,,,,,优,2011-09-06
世园会广运潭 ,8.0,14.0,36.0,,,,,优,2011-09-05
世园会广运潭 ,17.0,17.0,61.0,,,,,良,2011-09-04
世园会广运潭 ,10.0,17.0,70.0,,,,,良,2011-09-03
世园会广运潭 ,16.0,22.0,88.0,,,,,良,2011-09-02
世园会广运潭 ,18.0,21.0,86.0,,,,,良,2011-09-01
世园会广运潭 ,17.0,24.0,85.0,,,,,良,2011-08-31
世园会广运潭 ,15.0,20.0,79.0,,,,,良,2011-08-30
世园会广运潭 ,13.0,19.0,73.0,,,,,良,2011-08-29
世园会广运潭 ,11.0,19.0,69.0,,,,,良,2011-08-28
世园会广运潭 ,9.0,15.0,60.0,,,,,良,2011-08-27
世园会广运潭 ,16.0,14.0,53.0,,,,,良,2011-08-26
世园会广运潭 ,12.0,18.0,79.0,,,,,良,2011-08-25
世园会广运潭 ,14.0,15.0,66.0,,,,,良,2011-08-24
世园会广运潭 ,13.0,14.0,64.0,,,,,良,2011-08-23
世园会广运潭 ,9.0,12.0,44.0,,,,,优,2011-08-22
世园会广运潭 ,9.0,10.0,43.0,,,,,优,2011-08-21
世园会广运潭 ,8.0,10.0,37.0,,,,,优,2011-08-20
世园会广运潭 ,11.0,8.0,37.0,,,,,优,2011-08-19
世园会广运潭 ,8.0,11.0,52.0,,,,,良,2011-08-18
世园会广运潭 ,14.0,15.0,51.0,,,,,良,2011-08-17
世园会广运潭 ,13.0,13.0,59.0,,,,,良,2011-08-16
世园会广运潭 ,13.0,15.0,84.0,,,,,良,2011-08-15
世园会广运潭 ,13.0,22.0,88.0,,,,,良,2011-08-14
世园会广运潭 ,13.0,14.0,72.0,,,,,良,2011-08-13
世园会广运潭 ,15.0,17.0,72.0,,,,,良,2011-08-12
世园会广运潭 ,15.0,17.0,71.0,,,,,良,2011-08-11
世园会广运潭 ,17.0,19.0,81.0,,,,,良,2011-08-10
世园会广运潭 ,13.0,19.0,85.0,,,,,良,2011-08-09
世园会广运潭 ,17.0,18.0,89.0,,,,,良,2011-08-08
世园会广运潭 ,17.0,14.0,75.0,,,,,良,2011-08-07
世园会广运潭 ,10.0,10.0,50.0,,,,,优,2011-08-06
世园会广运潭 ,7.0,10.0,62.0,,,,,良,2011-08-05
世园会广运潭 ,10.0,13.0,81.0,,,,,良,2011-08-04
世园会广运潭 ,9.0,10.0,60.0,,,,,良,2011-08-03
世园会广运潭 ,8.0,10.0,41.0,,,,,优,2011-08-02
世园会广运潭 ,9.0,8.0,39.0,,,,,优,2011-08-01
世园会广运潭 ,8.0,14.0,36.0,,,,,优,2011-07-31
世园会广运潭 ,9.0,9.0,34.0,,,,,优,2011-07-30
世园会广运潭 ,11.0,9.0,51.0,,,,,良,2011-07-29
世园会广运潭 ,12.0,14.0,62.0,,,,,良,2011-07-28
世园会广运潭 ,16.0,15.0,66.0,,,,,良,2011-07-27
世园会广运潭 ,19.0,13.0,63.0,,,,,良,2011-07-26
世园会广运潭 ,14.0,18.0,55.0,,,,,良,2011-07-25
世园会广运潭 ,12.0,13.0,63.0,,,,,良,2011-07-24
世园会广运潭 ,8.0,16.0,71.0,,,,,良,2011-07-23
世园会广运潭 ,7.0,14.0,55.0,,,,,良,2011-07-22
世园会广运潭 ,13.0,14.0,62.0,,,,,良,2011-07-21
世园会广运潭 ,15.0,17.0,76.0,,,,,良,2011-07-20
世园会广运潭 ,14.0,12.0,69.0,,,,,良,2011-07-19
世园会广运潭 ,17.0,15.0,59.0,,,,,良,2011-07-18
世园会广运潭 ,13.0,15.0,61.0,,,,,良,2011-07-17
世园会广运潭 ,15.0,15.0,73.0,,,,,良,2011-07-16
世园会广运潭 ,21.0,17.0,67.0,,,,,良,2011-07-15
世园会广运潭 ,20.0,19.0,58.0,,,,,良,2011-07-14
世园会广运潭 ,17.0,24.0,67.0,,,,,良,2011-07-13
世园会广运潭 ,21.0,21.0,84.0,,,,,良,2011-07-12
世园会广运潭 ,19.0,21.0,83.0,,,,,良,2011-07-11
世园会广运潭 ,27.0,26.0,87.0,,,,,良,2011-07-10
世园会广运潭 ,18.0,19.0,66.0,,,,,良,2011-07-09
世园会广运潭 ,16.0,14.0,71.0,,,,,良,2011-07-08
世园会广运潭 ,9.0,19.0,35.0,,,,,优,2011-07-07
世园会广运潭 ,10.0,12.0,30.0,,,,,优,2011-07-07
世园会广运潭 ,11.0,12.0,67.0,,,,,良,2011-07-05
世园会广运潭 ,9.0,9.0,36.0,,,,,优,2011-07-04
世园会广运潭 ,10.0,8.0,42.0,,,,,优,2011-07-03
世园会广运潭 ,10.0,7.0,34.0,,,,,优,2011-07-02
世园会广运潭 ,15.0,12.0,51.0,,,,,良,2011-07-01
世园会广运潭 ,16.0,14.0,50.0,,,,,优,2011-06-30
世园会广运潭 ,12.0,12.0,45.0,,,,,优,2011-06-29
世园会广运潭 ,16.0,13.0,51.0,,,,,良,2011-06-28
世园会广运潭 ,12.0,10.0,54.0,,,,,良,2011-06-27
世园会广运潭 ,24.0,14.0,58.0,,,,,良,2011-06-26
世园会广运潭 ,17.0,18.0,56.0,,,,,良,2011-06-25
世园会广运潭 ,10.0,13.0,44.0,,,,,优,2011-06-24
世园会广运潭 ,10.0,13.0,39.0,,,,,优,2011-06-23
世园会广运潭 ,8.0,17.0,55.0,,,,,良,2011-06-22
世园会广运潭 ,8.0,11.0,49.0,,,,,优,2011-06-21
世园会广运潭 ,10.0,11.0,67.0,,,,,良,2011-06-20
世园会广运潭 ,14.0,17.0,65.0,,,,,良,2011-06-19
世园会广运潭 ,7.0,19.0,41.0,,,,,优,2011-06-18
世园会广运潭 ,11.0,19.0,65.0,,,,,良,2011-06-17
世园会广运潭 ,12.0,20.0,67.0,,,,,良,2011-06-16
世园会广运潭 ,19.0,18.0,56.0,,,,,良,2011-06-15
世园会广运潭 ,9.0,12.0,54.0,,,,,良,2011-06-14
世园会广运潭 ,36.0,14.0,73.0,,,,,良,2011-06-13
世园会广运潭 ,26.0,20.0,67.0,,,,,良,2011-06-12
世园会广运潭 ,17.0,17.0,49.0,,,,,优,2011-06-11
世园会广运潭 ,11.0,9.0,37.0,,,,,优,2011-06-10
世园会广运潭 ,21.0,19.0,76.0,,,,,良,2011-06-09
世园会广运潭 ,21.0,17.0,62.0,,,,,良,2011-06-08
世园会广运潭 ,28.0,26.0,72.0,,,,,良,2011-06-07
世园会广运潭 ,34.0,27.0,71.0,,,,,良,2011-06-07
世园会广运潭 ,25.0,29.0,87.0,,,,,良,2011-06-06
世园会广运潭 ,12.0,19.0,69.0,,,,,良,2011-06-05
世园会广运潭 ,13.0,19.0,73.0,,,,,良,2011-06-04
世园会广运潭 ,21.0,27.0,66.0,,,,,良,2011-06-03
世园会广运潭 ,15.0,12.0,72.0,,,,,良,2011-06-02
世园会广运潭 ,13.0,11.0,59.0,,,,,良,2011-06-01
世园会广运潭 ,10.0,12.0,51.0,,,,,良,2011-05-31
世园会广运潭 ,6.0,22.0,66.0,,,,,良,2011-05-30
世园会广运潭 ,9.0,15.0,63.0,,,,,良,2011-05-29
世园会广运潭 ,13.0,14.0,63.0,,,,,良,2011-05-28
世园会广运潭 ,11.0,17.0,70.0,,,,,良,2011-05-27
世园会广运潭 ,14.0,17.0,55.0,,,,,良,2011-05-26
世园会广运潭 ,14.0,14.0,61.0,,,,,良,2011-05-25
世园会广运潭 ,12.0,11.0,49.0,,,,,优,2011-05-24
世园会广运潭 ,11.0,9.0,27.0,,,,,优,2011-05-23
世园会广运潭 ,7.0,13.0,28.0,,,,,优,2011-05-22
世园会广运潭 ,4.0,9.0,27.0,,,,,优,2011-05-21
世园会广运潭 ,32.0,19.0,85.0,,,,,良,2011-05-20
世园会广运潭 ,29.0,27.0,96.0,,,,,良,2011-05-19
世园会广运潭 ,25.0,25.0,89.0,,,,,良,2011-05-18
世园会广运潭 ,24.0,31.0,66.0,,,,,良,2011-05-17
世园会广运潭 ,28.0,24.0,57.0,,,,,良,2011-05-16
世园会广运潭 ,17.0,22.0,56.0,,,,,良,2011-05-15
世园会广运潭 ,20.0,18.0,41.0,,,,,优,2011-05-14
世园会广运潭 ,17.0,19.0,53.0,,,,,良,2011-05-13
世园会广运潭 ,18.0,19.0,63.0,,,,,良,2011-05-12
世园会广运潭 ,8.0,21.0,44.0,,,,,优,2011-05-11
世园会广运潭 ,10.0,14.0,58.0,,,,,良,2011-05-10
世园会广运潭 ,20.0,17.0,82.0,,,,,良,2011-05-09
世园会广运潭 ,16.0,15.0,86.0,,,,,良,2011-05-08
世园会广运潭 ,25.0,17.0,84.0,,,,,良,2011-05-07
世园会广运潭 ,21.0,17.0,89.0,,,,,良,2011-05-06
世园会广运潭 ,12.0,17.0,72.0,,,,,良,2011-05-05
世园会广运潭 ,18.0,19.0,74.0,,,,,良,2011-05-04
世园会广运潭 ,17.0,18.0,47.0,,,,,优,2011-05-03
世园会广运潭 ,9.0,15.0,42.0,,,,,优,2011-05-02
世园会广运潭 ,22.0,26.0,82.0,,,,,良,2011-05-01
世园会广运潭 ,55.0,29.0,164.0,,,,,轻度污染,2011-04-30
世园会广运潭 ,44.0,44.0,93.0,,,,,良,2011-04-29
世园会广运潭 ,28.0,39.0,69.0,,,,,良,2011-04-28
世园会广运潭 ,37.0,12.0,91.0,,,,,良,2011-04-27
世园会广运潭 ,36.0,39.0,98.0,,,,,良,2011-04-26
草滩 ,44.0,44.0,82.0,,64.0,78.0,80.0,良,2013-04-26
草滩 ,38.0,44.0,85.0,,42.0,60.0,90.0,良,2013-04-25
草滩 ,43.0,49.0,105.0,,37.0,48.0,182.0,中度,2013-04-24
草滩 ,42.0,49.0,,,28.0,35.0,232.0,重度,2013-04-23
草滩 ,25.0,35.0,,52.0,12.0,15.0,236.0,重度,2013-04-22
草滩 ,23.0,28.0,82.0,45.0,15.0,19.0,134.0,轻度,2013-04-21
草滩 ,16.0,24.0,59.0,36.0,8.0,10.0,87.0,良,2013-04-20
草滩 ,18.0,25.0,78.0,32.0,11.0,14.0,83.0,良,2013-04-19
草滩 ,26.0,28.0,160.0,15.0,18.0,23.0,143.0,中度,2013-04-18
草滩 ,55.0,38.0,129.0,22.0,59.0,90.0,118.0,轻度,2013-04-17
草滩 ,44.0,57.0,122.0,18.0,40.0,58.0,80.0,轻度,2013-04-16
草滩 ,54.0,60.0,143.0,39.0,38.0,59.0,103.0,轻度,2013-04-15
草滩 ,51.0,,,49.0,36.0,49.0,110.0,轻度,2013-04-14
草滩 ,63.0,58.0,,69.0,35.0,46.0,108.0,轻度,2013-04-13
草滩 ,48.0,58.0,147.0,50.0,34.0,45.0,103.0,轻度,2013-04-12
草滩 ,44.0,47.0,128.0,56.0,35.0,46.0,103.0,轻度,2013-04-11
草滩 ,24.0,38.0,,70.0,32.0,44.0,67.0,良,2013-04-10
草滩 ,26.0,28.0,,80.0,30.0,44.0,43.0,良,2013-04-09
草滩 ,26.0,32.0,119.0,75.0,28.0,35.0,94.0,轻度,2013-04-08
草滩 ,59.0,47.0,122.0,79.0,34.0,39.0,102.0,轻度,2013-04-07
草滩 ,18.0,25.0,93.0,88.0,26.0,26.0,87.0,良,2013-04-06
草滩 ,21.0,24.0,95.0,79.0,18.0,20.0,57.0,良,2013-04-05
草滩 ,23.0,25.0,100.0,76.0,23.0,23.0,133.0,轻度,2013-04-04
草滩 ,56.0,44.0,139.0,105.0,42.0,61.0,173.0,中度,2013-04-03
草滩 ,47.0,42.0,115.0,117.0,23.0,30.0,105.0,轻度,2013-04-02
草滩 ,50.0,58.0,178.0,120.0,37.0,51.0,253.0,重度,2013-04-01
草滩 ,40.0,40.0,125.0,114.0,35.0,43.0,203.0,重度,2013-03-31
草滩 ,45.0,45.0,124.0,113.0,35.0,46.0,198.0,中度,2013-03-30
草滩 ,46.0,38.0,136.0,111.0,27.0,39.0,183.0,中度,2013-03-29
草滩 ,53.0,59.0,169.0,108.0,41.0,43.0,180.0,中度,2013-03-28
草滩 ,51.0,59.0,131.0,103.0,33.0,39.0,127.0,轻度,2013-03-27
草滩 ,31.0,43.0,108.0,101.0,31.0,40.0,153.0,中度,2013-03-26
草滩 ,38.0,33.0,93.0,99.0,15.0,,115.0,轻度,2013-03-25
草滩 ,33.0,25.0,120.0,89.0,31.0,43.0,113.0,轻度,2013-03-24
草滩 ,60.0,54.0,137.0,101.0,33.0,39.0,183.0,中度,2013-03-23
草滩 ,52.0,57.0,153.0,101.0,30.0,35.0,216.0,重度,2013-03-22
草滩 ,41.0,48.0,131.0,94.0,21.0,30.0,162.0,中度,2013-03-21
草滩 ,50.0,43.0,168.0,80.0,29.0,40.0,140.0,中度,2013-03-20
草滩 ,67.0,75.0,272.0,94.0,23.0,24.0,212.0,重度,2013-03-19
草滩 ,61.0,59.0,263.0,70.0,26.0,32.0,150.0,重度,2013-03-18
草滩 ,53.0,47.0,148.0,55.0,32.0,43.0,192.0,中度,2013-03-17
草滩 ,53.0,49.0,157.0,62.0,18.0,26.0,247.0,重度,2013-03-16
草滩 ,49.0,40.0,109.0,62.0,31.0,42.0,180.0,中度,2013-03-15
草滩 ,37.0,30.0,102.0,48.0,24.0,33.0,147.0,轻度,2013-03-14
草滩 ,52.0,43.0,405.0,57.0,18.0,23.0,260.0,严重,2013-03-13
草滩 ,52.0,50.0,500.0,105.0,14.0,16.0,246.0,严重,2013-03-12
草滩 ,31.0,33.0,80.0,116.0,16.0,21.0,89.0,轻度,2013-03-11
草滩 ,26.0,25.0,164.0,113.0,15.0,21.0,102.0,中度,2013-03-10
草滩 ,47.0,44.0,500.0,109.0,16.0,22.0,256.0,严重,2013-03-09
草滩 ,59.0,69.0,189.0,107.0,35.0,34.0,200.0,中度,2013-03-08
草滩 ,56.0,72.0,272.0,104.0,21.0,25.0,203.0,重度,2013-03-07
草滩 ,51.0,54.0,183.0,85.0,20.0,29.0,183.0,中度,2013-03-06
草滩 ,55.0,60.0,177.0,76.0,26.0,30.0,218.0,重度,2013-03-05
草滩 ,51.0,53.0,155.0,61.0,22.0,28.0,173.0,中度,2013-03-04
草滩 ,50.0,57.0,175.0,49.0,21.0,25.0,192.0,中度,2013-03-03
草滩 ,48.0,52.0,131.0,29.0,15.0,20.0,117.0,轻度,2013-03-02
草滩 ,35.0,29.0,82.0,9.0,14.0,20.0,58.0,良,2013-03-01
草滩 ,56.0,59.0,179.0,,15.0,36.0,271.0,重度,2013-02-28
草滩 ,57.0,63.0,210.0,73.0,39.0,41.0,380.0,严重,2013-02-27
草滩 ,64.0,74.0,278.0,105.0,23.0,18.0,426.0,严重,2013-02-26
草滩 ,52.0,52.0,173.0,101.0,19.0,17.0,309.0,严重,2013-02-25
草滩 ,59.0,54.0,173.0,101.0,32.0,38.0,333.0,严重,2013-02-24
草滩 ,45.0,48.0,123.0,96.0,32.0,38.0,235.0,重度,2013-02-23
草滩 ,37.0,44.0,106.0,89.0,29.0,34.0,205.0,重度,2013-02-22
草滩 ,31.0,48.0,110.0,87.0,24.0,30.0,212.0,重度,2013-02-21
草滩 ,37.0,35.0,,85.0,17.0,21.0,162.0,中度,2013-02-20
草滩 ,32.0,33.0,,83.0,11.0,10.0,144.0,轻度,2013-02-19
草滩 ,24.0,30.0,,84.0,11.0,14.0,130.0,轻度,2013-02-18
草滩 ,91.0,40.0,169.0,121.0,34.0,38.0,327.0,严重,2013-02-17
草滩 ,79.0,32.0,,129.0,33.0,48.0,311.0,严重,2013-02-16
草滩 ,50.0,20.0,68.0,121.0,34.0,50.0,103.0,轻度,2013-02-15
草滩 ,81.0,34.0,97.0,121.0,29.0,39.0,188.0,中度,2013-02-14
草滩 ,76.0,24.0,,119.0,34.0,45.0,103.0,轻度,2013-02-13
草滩 ,77.0,22.0,,119.0,32.0,45.0,221.0,重度,2013-02-12
草滩 ,74.0,27.0,,117.0,21.0,31.0,299.0,重度,2013-02-11
草滩 ,98.0,34.0,,114.0,32.0,42.0,464.0,严重,2013-02-10
草滩 ,82.0,32.0,,108.0,34.0,45.0,320.0,严重,2013-02-09
草滩 ,69.0,35.0,,105.0,17.0,25.0,170.0,中度,2013-02-08
草滩 ,85.0,40.0,,105.0,17.0,26.0,223.0,重度,2013-02-07
草滩 ,103.0,59.0,162.0,107.0,18.0,20.0,324.0,严重,2013-02-06
草滩 ,89.0,54.0,93.0,104.0,25.0,30.0,180.0,中度,2013-02-05
草滩 ,89.0,48.0,,106.0,9.0,13.0,201.0,重度,2013-02-04
草滩 ,102.0,57.0,,106.0,9.0,13.0,219.0,重度,2013-02-03
草滩 ,109.0,77.0,,108.0,14.0,18.0,396.0,严重,2013-02-02
草滩 ,100.0,97.0,,106.0,14.0,17.0,430.0,严重,2013-02-01
草滩 ,107.0,93.0,159.0,103.0,11.0,15.0,315.0,严重,2013-01-31
草滩 ,108.0,105.0,368.0,114.0,14.0,18.0,460.0,严重,2013-01-30
草滩 ,104.0,83.0,170.0,114.0,24.0,26.0,327.0,严重,2013-01-29
草滩 ,83.0,99.0,222.0,113.0,11.0,15.0,349.0,严重,2013-01-28
草滩 ,35.0,73.0,107.0,108.0,2.0,3.0,192.0,中度,2013-01-27
草滩 ,30.0,83.0,156.0,109.0,10.0,14.0,272.0,重度,2013-01-26
草滩 ,30.0,67.0,122.0,105.0,16.0,20.0,185.0,中度,2013-01-25
草滩 ,38.0,40.0,58.0,100.0,17.0,23.0,67.0,良,2013-01-24
草滩 ,59.0,85.0,161.0,109.0,12.0,16.0,286.0,重度,2013-01-23
草滩 ,57.0,61.0,98.0,106.0,13.0,17.0,123.0,轻度,2013-01-22
草滩 ,52.0,47.0,63.0,114.0,14.0,17.0,75.0,轻度,2013-01-21
草滩 ,71.0,89.0,205.0,135.0,6.0,6.0,398.0,严重,2013-01-20
草滩 ,84.0,102.0,279.0,135.0,5.0,6.0,410.0,严重,2013-01-19
草滩 ,88.0,102.0,172.0,123.0,5.0,7.0,300.0,重度,2013-01-18
草滩 ,66.0,69.0,119.0,112.0,9.0,12.0,196.0,中度,2013-01-17
草滩 ,65.0,78.0,158.0,106.0,12.0,10.0,222.0,重度,2013-01-16
草滩 ,51.0,49.0,127.0,101.0,10.0,10.0,200.0,中度,2013-01-15
草滩 ,57.0,60.0,248.0,111.0,6.0,8.0,404.0,严重,2013-01-14
草滩 ,38.0,40.0,199.0,110.0,5.0,7.0,390.0,严重,2013-01-13
草滩 ,41.0,38.0,115.0,102.0,6.0,7.0,217.0,重度,2013-01-12
草滩 ,52.0,45.0,145.0,102.0,11.0,11.0,272.0,重度,2013-01-11
草滩 ,38.0,40.0,159.0,105.0,5.0,8.0,317.0,严重,2013-01-10
草滩 ,33.0,30.0,113.0,93.0,5.0,6.0,216.0,重度,2013-01-09
草滩 ,57.0,70.0,299.0,107.0,8.0,11.0,446.0,严重,2013-01-08
草滩 ,68.0,84.0,307.0,104.0,7.0,10.0,373.0,严重,2013-01-07
草滩 ,71.0,73.0,240.0,99.0,6.0,8.0,419.0,严重,2013-01-06
草滩 ,68.0,59.0,167.0,76.0,9.0,11.0,303.0,严重,2013-01-05
草滩 ,64.0,37.0,82.0,,,,,良,2012-12-31
草滩 ,50.0,24.0,71.0,,,,,良,2012-12-30
草滩 ,53.0,31.0,86.0,,,,,良,2012-12-29
草滩 ,69.0,42.0,170.0,,,,,轻度污染,2012-12-28
草滩 ,0.0,0.0,0.0,,,,,---,2012-12-25
草滩 ,0.0,0.0,0.0,,,,,---,2012-12-24
草滩 ,0.0,0.0,0.0,,,,,---,2012-12-23
草滩 ,0.0,0.0,0.0,,,,,---,2012-12-22
草滩 ,0.0,0.0,0.0,,,,,---,2012-12-21
草滩 ,0.0,0.0,0.0,,,,,---,2012-12-20
草滩 ,0.0,0.0,0.0,,,,,---,2012-12-19
草滩 ,0.0,0.0,0.0,,,,,,2012-12-18
草滩 ,0.0,0.0,0.0,,,,,---,2012-12-17
草滩 ,0.0,0.0,0.0,,,,,---,2012-12-16
草滩 ,0.0,0.0,0.0,,,,,,2012-12-15
草滩 ,0.0,0.0,0.0,,,,,---,2012-12-14
草滩 ,0.0,0.0,0.0,,,,,,2012-12-13
草滩 ,0.0,0.0,0.0,,,,,,2012-12-12
草滩 ,,,,,,,,---,2012-12-11
草滩 ,,,,,,,,---,2012-12-10
草滩 ,,,,,,,,---,2012-12-09
草滩 ,,,,,,,,---,2012-12-08
草滩 ,,,,,,,,---,2012-12-07
草滩 ,,,,,,,,---,2012-12-06
草滩 ,,,,,,,,---,2012-12-05
草滩 ,,,,,,,,---,2012-12-04
草滩 ,,,,,,,,---,2012-12-03
草滩 ,73.0,25.0,178.0,,,,,轻度污染,2012-12-02
草滩 ,82.0,29.0,185.0,,,,,轻度污染,2012-12-01
草滩 ,59.0,21.0,90.0,,,,,良,2012-11-30
草滩 ,36.0,11.0,89.0,,,,,良,2012-11-29
草滩 ,22.0,27.0,79.0,,,,,良,2012-11-28
草滩 ,34.0,22.0,80.0,,,,,良,2012-11-27
草滩 ,32.0,12.0,80.0,,,,,良,2012-11-26
草滩 ,28.0,18.0,79.0,,,,,良,2012-11-25
草滩 ,32.0,18.0,73.0,,,,,良,2012-11-25
草滩 ,34.0,14.0,67.0,,,,,良,2012-11-23
草滩 ,32.0,25.0,164.0,,,,,轻度污染,2012-11-22
草滩 ,27.0,23.0,139.0,,,,,轻微污染,2012-11-21
草滩 ,54.0,30.0,118.0,,,,,轻微污染,2012-11-20
草滩 ,36.0,26.0,92.0,,,,,良,2012-11-19
草滩 ,37.0,30.0,96.0,,,,,良,2012-11-18
草滩 ,32.0,24.0,90.0,,,,,良,2012-11-17
草滩 ,31.0,17.0,61.0,,,,,良,2012-11-16
草滩 ,47.0,29.0,124.0,,,,,轻微污染,2012-11-15
草滩 ,23.0,25.0,90.0,,,,,良,2012-11-14
草滩 ,34.0,30.0,82.0,,,,,良,2012-11-13
草滩 ,21.0,22.0,73.0,,,,,良,2012-11-12
草滩 ,19.0,18.0,83.0,,,,,良,2012-11-11
草滩 ,21.0,17.0,89.0,,,,,良,2012-11-10
草滩 ,20.0,25.0,83.0,,,,,良,2012-11-09
草滩 ,19.0,14.0,80.0,,,,,良,2012-11-08
草滩 ,27.0,25.0,94.0,,,,,良,2012-11-07
草滩 ,21.0,20.0,96.0,,,,,良,2012-11-06
草滩 ,20.0,22.0,84.0,,,,,良,2012-11-05
草滩 ,25.0,13.0,63.0,,,,,良,2012-11-04
草滩 ,20.0,18.0,94.0,,,,,良,2012-11-03
草滩 ,36.0,24.0,193.0,,,,,轻度污染,2012-11-02
草滩 ,22.0,25.0,86.0,,,,,良,2012-11-01
草滩 ,24.0,25.0,85.0,,,,,良,2012-10-31
草滩 ,26.0,15.0,99.0,,,,,良,2012-10-30
草滩 ,27.0,30.0,90.0,,,,,良,2012-10-29
草滩 ,23.0,30.0,99.0,,,,,良,2012-10-28
草滩 ,26.0,25.0,96.0,,,,,良,2012-10-27
草滩 ,29.0,27.0,113.0,,,,,轻微污染,2012-10-26
草滩 ,18.0,24.0,87.0,,,,,良,2012-10-25
草滩 ,21.0,23.0,86.0,,,,,良,2012-10-24
草滩 ,20.0,24.0,87.0,,,,,良,2012-10-23
草滩 ,17.0,22.0,53.0,,,,,良,2012-10-22
草滩 ,27.0,27.0,112.0,,,,,轻微污染,2012-10-21
草滩 ,26.0,25.0,106.0,,,,,轻微污染,2012-10-20
草滩 ,28.0,20.0,104.0,,,,,轻微污染,2012-10-19
草滩 ,25.0,22.0,92.0,,,,,良,2012-10-18
草滩 ,22.0,19.0,70.0,,,,,良,2012-10-17
草滩 ,21.0,20.0,90.0,,,,,良,2012-10-16
草滩 ,20.0,29.0,141.0,,,,,轻微污染,2012-10-15
草滩 ,19.0,30.0,95.0,,,,,良,2012-10-14
草滩 ,17.0,30.0,93.0,,,,,良,2012-10-13
草滩 ,16.0,35.0,129.0,,,,,轻微污染,2012-10-12
草滩 ,19.0,27.0,152.0,,,,,轻度污染,2012-10-11
草滩 ,15.0,28.0,89.0,,,,,良,2012-10-10
草滩 ,17.0,24.0,99.0,,,,,良,2012-10-09
草滩 ,18.0,30.0,143.0,,,,,轻微污染,2012-10-08
草滩 ,21.0,32.0,131.0,,,,,轻微污染,2012-10-07
草滩 ,16.0,22.0,87.0,,,,,良,2012-10-06
草滩 ,20.0,20.0,80.0,,,,,良,2012-10-05
草滩 ,18.0,22.0,79.0,,,,,良,2012-10-04
草滩 ,17.0,14.0,107.0,,,,,轻微污染,2012-10-03
草滩 ,22.0,26.0,108.0,,,,,轻微污染,2012-10-02
草滩 ,23.0,25.0,84.0,,,,,良,2012-10-01
草滩 ,16.0,18.0,76.0,,,,,良,2012-09-30
草滩 ,14.0,21.0,78.0,,,,,良,2012-09-29
草滩 ,15.0,25.0,68.0,,,,,良,2012-09-28
草滩 ,17.0,23.0,71.0,,,,,良,2012-09-27
草滩 ,16.0,19.0,34.0,,,,,优,2012-09-26
草滩 ,18.0,18.0,84.0,,,,,良,2012-09-25
草滩 ,20.0,25.0,104.0,,,,,轻微污染,2012-09-24
草滩 ,21.0,16.0,88.0,,,,,良,2012-09-23
草滩 ,17.0,21.0,83.0,,,,,良,2012-09-22
草滩 ,17.0,24.0,84.0,,,,,良,2012-09-21
草滩 ,21.0,20.0,66.0,,,,,良,2012-09-20
草滩 ,21.0,16.0,71.0,,,,,良,2012-09-19
草滩 ,22.0,13.0,82.0,,,,,良,2012-09-18
草滩 ,16.0,13.0,73.0,,,,,良,2012-09-17
草滩 ,18.0,13.0,53.0,,,,,良,2012-09-16
草滩 ,21.0,17.0,66.0,,,,,良,2012-09-15
草滩 ,18.0,15.0,59.0,,,,,良,2012-09-14
草滩 ,20.0,14.0,52.0,,,,,良,2012-09-13
草滩 ,19.0,14.0,52.0,,,,,良,2012-09-12
草滩 ,17.0,13.0,61.0,,,,,良,2012-09-11
草滩 ,23.0,15.0,65.0,,,,,良,2012-09-10
草滩 ,21.0,16.0,60.0,,,,,良,2012-09-09
草滩 ,21.0,17.0,71.0,,,,,良,2012-09-08
草滩 ,24.0,17.0,67.0,,,,,良,2012-09-07
草滩 ,21.0,22.0,81.0,,,,,良,2012-09-06
草滩 ,21.0,13.0,67.0,,,,,良,2012-09-05
草滩 ,16.0,17.0,53.0,,,,,良,2012-09-04
草滩 ,16.0,17.0,53.0,,,,,良,2012-09-04
草滩 ,16.0,21.0,53.0,,,,,良,2012-09-03
草滩 ,17.0,14.0,35.0,,,,,优,2012-09-02
草滩 ,20.0,11.0,36.0,,,,,优,2012-09-01
草滩 ,20.0,21.0,76.0,,,,,良,2012-08-31
草滩 ,17.0,19.0,72.0,,,,,良,2012-08-30
草滩 ,20.0,24.0,65.0,,,,,良,2012-08-29
草滩 ,18.0,16.0,76.0,,,,,良,2012-08-28
草滩 ,19.0,17.0,84.0,,,,,良,2012-08-28
草滩 ,19.0,12.0,70.0,,,,,良,2012-08-26
草滩 ,19.0,13.0,73.0,,,,,良,2012-08-25
草滩 ,19.0,13.0,61.0,,,,,良,2012-08-24
草滩 ,12.0,13.0,62.0,,,,,良,2012-08-23
草滩 ,16.0,18.0,54.0,,,,,良,2012-08-22
草滩 ,20.0,18.0,49.0,,,,,优,2012-08-21
草滩 ,18.0,17.0,42.0,,,,,优,2012-08-20
草滩 ,21.0,15.0,49.0,,,,,优,2012-08-19
草滩 ,26.0,17.0,58.0,,,,,良,2012-08-18
草滩 ,21.0,15.0,65.0,,,,,良,2012-08-17
草滩 ,28.0,22.0,82.0,,,,,良,2012-08-16
草滩 ,30.0,17.0,61.0,,,,,良,2012-08-15
草滩 ,28.0,15.0,54.0,,,,,良,2012-08-14
草滩 ,24.0,15.0,66.0,,,,,良,2012-08-13
草滩 ,20.0,16.0,79.0,,,,,良,2012-08-12
草滩 ,18.0,13.0,73.0,,,,,良,2012-08-11
草滩 ,14.0,15.0,71.0,,,,,良,2012-08-10
草滩 ,13.0,14.0,65.0,,,,,良,2012-08-09
草滩 ,15.0,14.0,67.0,,,,,良,2012-08-08
草滩 ,19.0,18.0,57.0,,,,,良,2012-08-07
草滩 ,17.0,17.0,64.0,,,,,良,2012-08-06
草滩 ,16.0,10.0,65.0,,,,,良,2012-08-05
草滩 ,17.0,11.0,70.0,,,,,良,2012-08-04
草滩 ,12.0,14.0,70.0,,,,,良,2012-08-03
草滩 ,21.0,29.0,59.0,,,,,良,2012-08-02
草滩 ,19.0,21.0,50.0,,,,,优,2012-08-01
草滩 ,15.0,17.0,42.0,,,,,优,2012-07-31
草滩 ,22.0,14.0,55.0,,,,,良,2012-07-30
草滩 ,21.0,18.0,64.0,,,,,良,2012-07-29
草滩 ,26.0,15.0,52.0,,,,,良,2012-07-28
草滩 ,24.0,18.0,41.0,,,,,优,2012-07-27
草滩 ,25.0,19.0,74.0,,,,,良,2012-07-26
草滩 ,24.0,15.0,66.0,,,,,良,2012-07-25
草滩 ,21.0,19.0,61.0,,,,,良,2012-07-24
草滩 ,17.0,17.0,51.0,,,,,良,2012-07-23
草滩 ,16.0,14.0,50.0,,,,,优,2012-07-22
草滩 ,17.0,13.0,65.0,,,,,良,2012-07-21
草滩 ,20.0,11.0,81.0,,,,,良,2012-07-20
草滩 ,20.0,12.0,78.0,,,,,良,2012-07-19
草滩 ,19.0,13.0,73.0,,,,,良,2012-07-18
草滩 ,17.0,12.0,73.0,,,,,良,2012-07-17
草滩 ,21.0,13.0,72.0,,,,,良,2012-07-16
草滩 ,21.0,13.0,72.0,,,,,良,2012-07-16
草滩 ,11.0,12.0,63.0,,,,,良,2012-07-15
草滩 ,11.0,12.0,60.0,,,,,良,2012-07-14
草滩 ,26.0,35.0,61.0,,,,,良,2012-07-13
草滩 ,22.0,14.0,63.0,,,,,良,2012-07-12
草滩 ,22.0,14.0,66.0,,,,,良,2012-07-11
草滩 ,14.0,25.0,56.0,,,,,良,2012-07-10
草滩 ,13.0,12.0,47.0,,,,,优,2012-07-09
草滩 ,19.0,15.0,63.0,,,,,良,2012-07-08
草滩 ,20.0,14.0,55.0,,,,,良,2012-07-07
草滩 ,27.0,16.0,60.0,,,,,良,2012-07-06
草滩 ,16.0,19.0,54.0,,,,,良,2012-07-05
草滩 ,21.0,13.0,54.0,,,,,良,2012-07-04
草滩 ,18.0,19.0,49.0,,,,,优,2012-07-03
草滩 ,17.0,24.0,69.0,,,,,良,2012-07-02
草滩 ,27.0,21.0,52.0,,,,,良,2012-07-01
草滩 ,11.0,19.0,52.0,,,,,良,2012-06-30
草滩 ,9.0,11.0,53.0,,,,,良,2012-06-29
草滩 ,12.0,10.0,59.0,,,,,良,2012-06-28
草滩 ,18.0,8.0,77.0,,,,,良,2012-06-27
草滩 ,12.0,14.0,53.0,,,,,良,2012-06-26
草滩 ,18.0,11.0,71.0,,,,,良,2012-06-25
草滩 ,26.0,14.0,63.0,,,,,良,2012-06-24
草滩 ,25.0,12.0,60.0,,,,,良,2012-06-23
草滩 ,25.0,13.0,68.0,,,,,良,2012-06-22
草滩 ,25.0,24.0,76.0,,,,,良,2012-06-21
草滩 ,25.0,19.0,68.0,,,,,良,2012-06-20
草滩 ,23.0,18.0,69.0,,,,,良,2012-06-19
草滩 ,30.0,17.0,66.0,,,,,良,2012-06-18
草滩 ,24.0,22.0,78.0,,,,,良,2012-06-17
草滩 ,21.0,22.0,79.0,,,,,良,2012-06-16
草滩 ,30.0,22.0,74.0,,,,,良,2012-06-15
草滩 ,30.0,15.0,69.0,,,,,良,2012-06-14
草滩 ,21.0,24.0,78.0,,,,,良,2012-06-13
草滩 ,21.0,20.0,94.0,,,,,良,2012-06-12
草滩 ,21.0,22.0,90.0,,,,,良,2012-06-11
草滩 ,39.0,32.0,65.0,,,,,良,2012-06-10
草滩 ,39.0,19.0,72.0,,,,,良,2012-06-09
草滩 ,34.0,20.0,67.0,,,,,良,2012-06-08
草滩 ,29.0,17.0,77.0,,,,,良,2012-06-07
草滩 ,29.0,22.0,88.0,,,,,良,2012-06-06
草滩 ,24.0,20.0,90.0,,,,,良,2012-06-05
草滩 ,29.0,21.0,79.0,,,,,良,2012-06-04
草滩 ,27.0,12.0,65.0,,,,,良,2012-06-03
草滩 ,24.0,15.0,69.0,,,,,良,2012-06-02
草滩 ,27.0,17.0,84.0,,,,,良,2012-06-01
草滩 ,24.0,15.0,53.0,,,,,良,2012-05-31
草滩 ,20.0,17.0,42.0,,,,,优,2012-05-30
草滩 ,22.0,13.0,51.0,,,,,良,2012-05-29
草滩 ,23.0,13.0,59.0,,,,,良,2012-05-28
草滩 ,21.0,11.0,73.0,,,,,良,2012-05-27
草滩 ,16.0,19.0,86.0,,,,,良,2012-05-26
草滩 ,14.0,16.0,88.0,,,,,良,2012-05-25
草滩 ,23.0,14.0,95.0,,,,,良,2012-05-24
草滩 ,10.0,20.0,93.0,,,,,良,2012-05-23
草滩 ,15.0,13.0,53.0,,,,,良,2012-05-22
草滩 ,14.0,11.0,80.0,,,,,良,2012-05-21
草滩 ,24.0,22.0,73.0,,,,,良,2012-05-20
草滩 ,21.0,31.0,87.0,,,,,良,2012-05-19
草滩 ,25.0,32.0,76.0,,,,,良,2012-05-18
草滩 ,21.0,27.0,67.0,,,,,良,2012-05-17
草滩 ,23.0,22.0,61.0,,,,,良,2012-05-16
草滩 ,20.0,22.0,62.0,,,,,良,2012-05-15
草滩 ,15.0,21.0,62.0,,,,,良,2012-05-14
草滩 ,15.0,17.0,86.0,,,,,良,2012-05-13
草滩 ,12.0,15.0,66.0,,,,,良,2012-05-12
草滩 ,21.0,12.0,57.0,,,,,良,2012-05-11
草滩 ,22.0,11.0,75.0,,,,,良,2012-05-10
草滩 ,24.0,14.0,85.0,,,,,良,2012-05-09
草滩 ,27.0,24.0,94.0,,,,,良,2012-05-08
草滩 ,25.0,24.0,112.0,,,,,轻微污染,2012-05-07
草滩 ,35.0,24.0,80.0,,,,,良,2012-05-06
草滩 ,40.0,30.0,80.0,,,,,良,2012-05-05
草滩 ,38.0,29.0,72.0,,,,,良,2012-05-04
草滩 ,22.0,30.0,76.0,,,,,良,2012-05-03
草滩 ,10.0,20.0,67.0,,,,,良,2012-05-02
草滩 ,16.0,17.0,91.0,,,,,良,2012-05-01
草滩 ,29.0,16.0,90.0,,,,,良,2012-04-30
草滩 ,27.0,22.0,79.0,,,,,良,2012-04-29
草滩 ,37.0,34.0,102.0,,,,,轻微污染,2012-04-28
草滩 ,30.0,27.0,107.0,,,,,轻微污染,2012-04-27
草滩 ,28.0,30.0,90.0,,,,,良,2012-04-26
草滩 ,23.0,26.0,84.0,,,,,良,2012-04-25
草滩 ,29.0,19.0,76.0,,,,,良,2012-04-24
草滩 ,38.0,22.0,94.0,,,,,良,2012-04-23
草滩 ,35.0,30.0,92.0,,,,,良,2012-04-22
草滩 ,35.0,32.0,93.0,,,,,良,2012-04-21
草滩 ,35.0,30.0,92.0,,,,,良,2012-04-20
草滩 ,40.0,35.0,70.0,,,,,良,2012-04-19
草滩 ,48.0,35.0,92.0,,,,,良,2012-04-18
草滩 ,49.0,25.0,96.0,,,,,良,2012-04-17
草滩 ,46.0,30.0,73.0,,,,,良,2012-04-16
草滩 ,31.0,29.0,68.0,,,,,良,2012-04-15
草滩 ,21.0,25.0,65.0,,,,,良,2012-04-14
草滩 ,22.0,19.0,41.0,,,,,优,2012-04-13
草滩 ,30.0,17.0,49.0,,,,,优,2012-04-12
草滩 ,27.0,21.0,67.0,,,,,良,2012-04-11
草滩 ,25.0,22.0,52.0,,,,,良,2012-04-10
草滩 ,27.0,17.0,60.0,,,,,良,2012-04-09
草滩 ,27.0,24.0,76.0,,,,,良,2012-04-08
草滩 ,25.0,20.0,83.0,,,,,良,2012-04-07
草滩 ,25.0,20.0,76.0,,,,,良,2012-04-06
草滩 ,20.0,22.0,83.0,,,,,良,2012-04-05
草滩 ,21.0,19.0,81.0,,,,,良,2012-04-04
草滩 ,18.0,20.0,74.0,,,,,良,2012-04-03
草滩 ,24.0,26.0,70.0,,,,,良,2012-04-02
草滩 ,30.0,27.0,80.0,,,,,良,2012-04-01
草滩 ,30.0,20.0,63.0,,,,,良,2012-03-31
草滩 ,47.0,27.0,70.0,,,,,良,2012-03-30
草滩 ,17.0,31.0,95.0,,,,,良,2012-03-29
草滩 ,46.0,37.0,94.0,,,,,良,2012-03-28
草滩 ,52.0,32.0,113.0,,,,,轻微污染,2012-03-27
草滩 ,53.0,35.0,88.0,,,,,良,2012-03-26
草滩 ,52.0,33.0,77.0,,,,,良,2012-03-25
草滩 ,34.0,23.0,74.0,,,,,良,2012-03-24
草滩 ,31.0,20.0,72.0,,,,,良,2012-03-23
草滩 ,36.0,29.0,66.0,,,,,良,2012-03-22
草滩 ,40.0,29.0,74.0,,,,,良,2012-03-21
草滩 ,37.0,25.0,71.0,,,,,良,2012-03-20
草滩 ,51.0,24.0,124.0,,,,,轻微污染,2012-03-19
草滩 ,64.0,40.0,126.0,,,,,轻微污染,2012-03-18
草滩 ,41.0,37.0,106.0,,,,,轻微污染,2012-03-17
草滩 ,36.0,30.0,82.0,,,,,良,2012-03-16
草滩 ,37.0,30.0,97.0,,,,,良,2012-03-15
草滩 ,43.0,37.0,99.0,,,,,良,2012-03-14
草滩 ,62.0,52.0,119.0,,,,,轻微污染,2012-03-13
草滩 ,50.0,28.0,97.0,,,,,良,2012-03-12
草滩 ,38.0,34.0,69.0,,,,,良,2012-03-11
草滩 ,33.0,45.0,74.0,,,,,良,2012-03-10
草滩 ,43.0,29.0,73.0,,,,,良,2012-03-09
草滩 ,34.0,32.0,65.0,,,,,良,2012-03-08
草滩 ,32.0,27.0,68.0,,,,,良,2012-03-07
草滩 ,37.0,24.0,60.0,,,,,良,2012-03-06
草滩 ,34.0,33.0,77.0,,,,,良,2012-03-05
草滩 ,28.0,24.0,51.0,,,,,良,2012-03-04
草滩 ,24.0,20.0,55.0,,,,,良,2012-03-03
草滩 ,24.0,39.0,85.0,,,,,良,2012-03-02
草滩 ,51.0,44.0,114.0,,,,,轻微污染,2012-03-01
草滩 ,53.0,50.0,123.0,,,,,轻微污染,2012-02-29
草滩 ,31.0,36.0,108.0,,,,,轻微污染,2012-02-28
草滩 ,36.0,27.0,77.0,,,,,良,2012-02-27
草滩 ,47.0,29.0,74.0,,,,,良,2012-02-26
草滩 ,61.0,25.0,93.0,,,,,良,2012-02-25
草滩 ,59.0,28.0,103.0,,,,,轻微污染,2012-02-24
草滩 ,75.0,60.0,118.0,,,,,轻微污染,2012-02-23
草滩 ,64.0,42.0,108.0,,,,,轻微污染,2012-02-22
草滩 ,75.0,34.0,115.0,,,,,轻微污染,2012-02-21
草滩 ,56.0,33.0,85.0,,,,,良,2012-02-20
草滩 ,42.0,25.0,53.0,,,,,良,2012-02-19
草滩 ,32.0,22.0,51.0,,,,,良,2012-02-18
草滩 ,40.0,24.0,58.0,,,,,良,2012-02-17
草滩 ,47.0,26.0,104.0,,,,,轻微污染,2012-02-16
草滩 ,55.0,40.0,112.0,,,,,轻微污染,2012-02-15
草滩 ,56.0,38.0,124.0,,,,,轻微污染,2012-02-14
草滩 ,49.0,25.0,87.0,,,,,良,2012-02-13
草滩 ,61.0,30.0,97.0,,,,,良,2012-02-12
草滩 ,61.0,29.0,77.0,,,,,良,2012-02-11
草滩 ,42.0,22.0,72.0,,,,,良,2012-02-10
草滩 ,29.0,16.0,53.0,,,,,良,2012-02-09
草滩 ,47.0,17.0,55.0,,,,,良,2012-02-08
草滩 ,46.0,7.0,64.0,,,,,良,2012-02-07
草滩 ,68.0,47.0,143.0,,,,,轻微污染,2012-02-06
草滩 ,60.0,44.0,78.0,,,,,良,2012-02-05
草滩 ,47.0,42.0,65.0,,,,,良,2012-02-04
草滩 ,28.0,27.0,51.0,,,,,良,2012-02-03
草滩 ,27.0,20.0,34.0,,,,,优,2012-02-02
草滩 ,67.0,48.0,118.0,,,,,轻微污染,2012-02-01
草滩 ,76.0,49.0,115.0,,,,,轻微污染,2012-01-31
草滩 ,74.0,52.0,107.0,,,,,轻微污染,2012-01-30
草滩 ,73.0,54.0,106.0,,,,,轻微污染,2012-01-29
草滩 ,59.0,41.0,86.0,,,,,良,2012-01-28
草滩 ,52.0,16.0,94.0,,,,,良,2012-01-27
草滩 ,50.0,28.0,78.0,,,,,良,2012-01-26
草滩 ,39.0,14.0,53.0,,,,,良,2012-01-25
草滩 ,39.0,19.0,84.0,,,,,良,2012-01-24
草滩 ,32.0,20.0,80.0,,,,,良,2012-01-23
草滩 ,34.0,27.0,51.0,,,,,良,2012-01-22
草滩 ,44.0,24.0,63.0,,,,,良,2012-01-21
草滩 ,56.0,32.0,86.0,,,,,良,2012-01-20
草滩 ,69.0,42.0,121.0,,,,,轻微污染,2012-01-19
草滩 ,64.0,58.0,143.0,,,,,轻微污染,2012-01-18
草滩 ,65.0,55.0,122.0,,,,,轻微污染,2012-01-17
草滩 ,86.0,59.0,113.0,,,,,轻微污染,2012-01-16
草滩 ,73.0,73.0,93.0,,,,,良,2012-01-15
草滩 ,73.0,94.0,104.0,,,,,轻微污染,2012-01-14
草滩 ,99.0,65.0,106.0,,,,,轻微污染,2012-01-13
草滩 ,66.0,58.0,98.0,,,,,良,2012-01-12
草滩 ,75.0,54.0,122.0,,,,,轻微污染,2012-01-11
草滩 ,76.0,62.0,110.0,,,,,轻微污染,2012-01-10
草滩 ,64.0,42.0,127.0,,,,,轻微污染,2012-01-09
草滩 ,58.0,39.0,122.0,,,,,轻微污染,2012-01-08
草滩 ,53.0,22.0,78.0,,,,,良,2012-01-07
草滩 ,51.0,23.0,94.0,,,,,良,2012-01-06
草滩 ,29.0,17.0,57.0,,,,,良,2012-01-05
草滩 ,33.0,21.0,62.0,,,,,良,2012-01-04
草滩 ,41.0,17.0,61.0,,,,,良,2012-01-03
草滩 ,61.0,37.0,146.0,,,,,轻微污染,2012-01-02
草滩 ,102.0,70.0,196.0,,,,,轻度污染,2012-01-01
草滩 ,63.0,75.0,142.0,,,,,轻微污染,2011-12-31
草滩 ,89.0,73.0,184.0,,,,,轻度污染,2011-12-30
草滩 ,101.0,54.0,132.0,,,,,轻微污染,2011-12-29
草滩 ,56.0,43.0,113.0,,,,,轻微污染,2011-12-28
草滩 ,56.0,40.0,103.0,,,,,轻微污染,2011-12-27
草滩 ,35.0,33.0,111.0,,,,,轻微污染,2011-12-26
草滩 ,64.0,40.0,109.0,,,,,轻微污染,2011-12-25
草滩 ,51.0,20.0,64.0,,,,,良,2011-12-24
草滩 ,54.0,32.0,75.0,,,,,良,2011-12-23
草滩 ,52.0,29.0,83.0,,,,,良,2011-12-22
草滩 ,64.0,35.0,91.0,,,,,良,2011-12-21
草滩 ,77.0,45.0,125.0,,,,,轻微污染,2011-12-20
草滩 ,52.0,50.0,123.0,,,,,轻微污染,2011-12-19
草滩 ,55.0,29.0,101.0,,,,,轻微污染,2011-12-18
草滩 ,41.0,28.0,86.0,,,,,良,2011-12-17
草滩 ,51.0,25.0,93.0,,,,,良,2011-12-16
草滩 ,54.0,49.0,107.0,,,,,轻微污染,2011-12-15
草滩 ,69.0,25.0,117.0,,,,,轻微污染,2011-12-14
草滩 ,53.0,19.0,116.0,,,,,轻微污染,2011-12-13
草滩 ,54.0,15.0,96.0,,,,,良,2011-12-12
草滩 ,53.0,29.0,100.0,,,,,良,2011-12-11
草滩 ,72.0,25.0,60.0,,,,,良,2011-12-10
草滩 ,58.0,19.0,82.0,,,,,良,2011-12-09
草滩 ,55.0,19.0,61.0,,,,,良,2011-12-08
草滩 ,61.0,14.0,66.0,,,,,良,2011-12-07
草滩 ,55.0,19.0,58.0,,,,,良,2011-12-06
草滩 ,64.0,22.0,72.0,,,,,良,2011-12-05
草滩 ,60.0,15.0,95.0,,,,,良,2011-12-04
草滩 ,52.0,25.0,97.0,,,,,良,2011-12-03
草滩 ,51.0,16.0,73.0,,,,,良,2011-12-02
草滩 ,41.0,19.0,55.0,,,,,良,2011-12-01
草滩 ,26.0,19.0,23.0,,,,,优,2011-11-30
草滩 ,45.0,30.0,82.0,,,,,良,2011-11-29
草滩 ,27.0,31.0,111.0,,,,,轻微,2011-11-28
草滩 ,21.0,22.0,118.0,,,,,轻微污染,2011-11-27
草滩 ,27.0,24.0,92.0,,,,,良,2011-11-26
草滩 ,24.0,24.0,108.0,,,,,轻微,2011-11-25
草滩 ,27.0,30.0,81.0,,,,,良,2011-11-24
草滩 ,32.0,30.0,64.0,,,,,良,2011-11-23
草滩 ,17.0,20.0,65.0,,,,,良,2011-11-22
草滩 ,35.0,29.0,81.0,,,,,良,2011-11-21
草滩 ,31.0,22.0,52.0,,,,,良,2011-11-20
草滩 ,14.0,23.0,49.0,,,,,良,2011-11-19
草滩 ,23.0,20.0,58.0,,,,,良,2011-11-18
草滩 ,32.0,19.0,63.0,,,,,良,2011-11-17
草滩 ,21.0,20.0,71.0,,,,,良,2011-11-16
草滩 ,27.0,24.0,78.0,,,,,良,2011-11-15
草滩 ,22.0,20.0,74.0,,,,,良,2011-11-14
草滩 ,17.0,19.0,82.0,,,,,良,2011-11-13
草滩 ,24.0,14.0,89.0,,,,,良,2011-11-12
草滩 ,21.0,19.0,73.0,,,,,良,2011-11-11
草滩 ,15.0,19.0,56.0,,,,,良,2011-11-10
草滩 ,17.0,17.0,56.0,,,,,良,2011-11-09
草滩 ,13.0,15.0,36.0,,,,,优,2011-11-08
草滩 ,15.0,15.0,45.0,,,,,优,2011-11-07
草滩 ,12.0,10.0,68.0,,,,,良,2011-11-05
草滩 ,10.0,12.0,55.0,,,,,良,2011-11-05
草滩 ,16.0,17.0,65.0,,,,,良,2011-11-04
草滩 ,19.0,14.0,85.0,,,,,良,2011-11-03
草滩 ,17.0,22.0,95.0,,,,,良,2011-11-02
草滩 ,18.0,23.0,95.0,,,,,良,2011-11-01
草滩 ,20.0,25.0,93.0,,,,,良,2011-10-31
草滩 ,25.0,24.0,91.0,,,,,良,2011-10-30
草滩 ,22.0,21.0,77.0,,,,,良,2011-10-29
草滩 ,28.0,26.0,101.0,,,,,轻微污染,2011-10-28
草滩 ,20.0,23.0,74.0,,,,,良,2011-10-27
草滩 ,16.0,23.0,57.0,,,,,良,2011-10-26
草滩 ,14.0,13.0,43.0,,,,,优,2011-10-25
草滩 ,13.0,24.0,56.0,,,,,良,2011-10-24
草滩 ,11.0,22.0,67.0,,,,,良,2011-10-23
草滩 ,16.0,17.0,96.0,,,,,良,2011-10-22
草滩 ,18.0,36.0,95.0,,,,,良,2011-10-21
草滩 ,13.0,28.0,91.0,,,,,良,2011-10-20
草滩 ,18.0,22.0,86.0,,,,,良,2011-10-19
草滩 ,22.0,27.0,90.0,,,,,良,2011-10-18
草滩 ,18.0,19.0,71.0,,,,,良,2011-10-17
草滩 ,18.0,14.0,64.0,,,,,良,2011-10-16
草滩 ,19.0,17.0,67.0,,,,,良,2011-10-15
草滩 ,14.0,15.0,62.0,,,,,良,2011-10-14
草滩 ,13.0,20.0,43.0,,,,,优,2011-10-13
草滩 ,10.0,17.0,63.0,,,,,良,2011-10-12
草滩 ,13.0,20.0,84.0,,,,,良,2011-10-11
草滩 ,14.0,20.0,87.0,,,,,良,2011-10-10
草滩 ,13.0,26.0,91.0,,,,,良,2011-10-09
草滩 ,11.0,32.0,95.0,,,,,良,2011-10-08
草滩 ,17.0,34.0,85.0,,,,,良,2011-10-07
草滩 ,17.0,32.0,79.0,,,,,良,2011-10-06
草滩 ,11.0,20.0,84.0,,,,,良,2011-10-05
草滩 ,11.0,20.0,84.0,,,,,良,2011-10-05
草滩 ,13.0,28.0,81.0,,,,,良,2011-10-04
草滩 ,12.0,24.0,76.0,,,,,良,2011-10-03
草滩 ,11.0,27.0,93.0,,,,,良,2011-10-02
草滩 ,13.0,22.0,90.0,,,,,良,2011-10-01
草滩 ,15.0,27.0,65.0,,,,,良,2011-09-30
草滩 ,13.0,30.0,56.0,,,,,良,2011-09-29
草滩 ,17.0,24.0,67.0,,,,,良,2011-09-28
草滩 ,10.0,23.0,97.0,,,,,良,2011-09-27
草滩 ,18.0,20.0,99.0,,,,,良,2011-09-26
草滩 ,11.0,14.0,94.0,,,,,良,2011-09-25
草滩 ,14.0,19.0,95.0,,,,,良,2011-09-24
草滩 ,15.0,13.0,81.0,,,,,良,2011-09-23
草滩 ,17.0,17.0,73.0,,,,,良,2011-09-22
草滩 ,14.0,20.0,62.0,,,,,良,2011-09-21
草滩 ,12.0,15.0,49.0,,,,,优,2011-09-20
草滩 ,8.0,13.0,33.0,,,,,优,2011-09-19
草滩 ,8.0,13.0,29.0,,,,,优,2011-09-18
草滩 ,11.0,18.0,52.0,,,,,良,2011-09-17
草滩 ,14.0,21.0,73.0,,,,,良,2011-09-16
草滩 ,13.0,14.0,60.0,,,,,良,2011-09-15
草滩 ,15.0,15.0,47.0,,,,,优,2011-09-14
草滩 ,10.0,14.0,46.0,,,,,优,2011-09-13
草滩 ,6.0,8.0,47.0,,,,,优,2011-09-12
草滩 ,11.0,13.0,54.0,,,,,良,2011-09-11
草滩 ,7.0,7.0,57.0,,,,,良,2011-09-10
草滩 ,14.0,19.0,69.0,,,,,良,2011-09-09
草滩 ,13.0,17.0,56.0,,,,,良,2011-09-08
草滩 ,11.0,11.0,39.0,,,,,优,2011-09-07
草滩 ,7.0,8.0,24.0,,,,,优,2011-09-06
草滩 ,12.0,15.0,47.0,,,,,优,2011-09-05
草滩 ,15.0,14.0,76.0,,,,,良,2011-09-04
草滩 ,14.0,14.0,81.0,,,,,良,2011-09-03
草滩 ,10.0,15.0,97.0,,,,,良,2011-09-02
草滩 ,20.0,17.0,103.0,,,,,轻微污染,2011-09-01
草滩 ,26.0,19.0,112.0,,,,,轻微污染,2011-08-31
草滩 ,20.0,19.0,98.0,,,,,良,2011-08-30
草滩 ,13.0,19.0,100.0,,,,,良,2011-08-29
草滩 ,12.0,19.0,97.0,,,,,良,2011-08-28
草滩 ,10.0,13.0,70.0,,,,,良,2011-08-27
草滩 ,24.0,23.0,55.0,,,,,良,2011-08-26
草滩 ,25.0,21.0,86.0,,,,,良,2011-08-25
草滩 ,23.0,13.0,77.0,,,,,良,2011-08-24
草滩 ,19.0,15.0,68.0,,,,,良,2011-08-23
草滩 ,19.0,14.0,47.0,,,,,优,2011-08-22
草滩 ,11.0,14.0,32.0,,,,,优,2011-08-21
草滩 ,18.0,14.0,26.0,,,,,优,2011-08-20
草滩 ,10.0,14.0,42.0,,,,,优,2011-08-19
草滩 ,20.0,15.0,58.0,,,,,良,2011-08-18
草滩 ,21.0,22.0,65.0,,,,,良,2011-08-17
草滩 ,21.0,14.0,69.0,,,,,良,2011-08-16
草滩 ,24.0,24.0,93.0,,,,,良,2011-08-15
草滩 ,21.0,20.0,117.0,,,,,轻微污染,2011-08-14
草滩 ,21.0,19.0,96.0,,,,,良,2011-08-13
草滩 ,20.0,19.0,95.0,,,,,良,2011-08-12
草滩 ,22.0,18.0,95.0,,,,,良,2011-08-11
草滩 ,25.0,25.0,96.0,,,,,良,2011-08-10
草滩 ,14.0,30.0,109.0,,,,,轻微污染,2011-08-09
草滩 ,18.0,27.0,98.0,,,,,良,2011-08-08
草滩 ,20.0,22.0,91.0,,,,,良,2011-08-07
草滩 ,18.0,22.0,67.0,,,,,良,2011-08-06
草滩 ,16.0,23.0,63.0,,,,,良,2011-08-05
草滩 ,15.0,24.0,90.0,,,,,良,2011-08-04
草滩 ,13.0,10.0,65.0,,,,,良,2011-08-03
草滩 ,13.0,9.0,61.0,,,,,良,2011-08-02
草滩 ,10.0,9.0,36.0,,,,,优,2011-08-01
草滩 ,11.0,19.0,71.0,,,,,良,2011-07-31
草滩 ,12.0,11.0,42.0,,,,,优,2011-07-30
草滩 ,13.0,15.0,60.0,,,,,良,2011-07-29
草滩 ,12.0,16.0,89.0,,,,,良,2011-07-28
草滩 ,19.0,14.0,81.0,,,,,良,2011-07-27
草滩 ,22.0,10.0,93.0,,,,,良,2011-07-26
草滩 ,10.0,11.0,57.0,,,,,良,2011-07-25
草滩 ,9.0,11.0,92.0,,,,,良,2011-07-24
草滩 ,6.0,17.0,93.0,,,,,良,2011-07-23
草滩 ,5.0,20.0,67.0,,,,,良,2011-07-22
草滩 ,28.0,14.0,87.0,,,,,良,2011-07-21
草滩 ,18.0,13.0,93.0,,,,,良,2011-07-20
草滩 ,10.0,7.0,95.0,,,,,良,2011-07-19
草滩 ,12.0,18.0,81.0,,,,,良,2011-07-18
草滩 ,11.0,12.0,88.0,,,,,良,2011-07-17
草滩 ,15.0,15.0,93.0,,,,,良,2011-07-16
草滩 ,21.0,22.0,89.0,,,,,良,2011-07-15
草滩 ,12.0,22.0,92.0,,,,,良,2011-07-14
草滩 ,10.0,28.0,97.0,,,,,良,2011-07-13
草滩 ,19.0,30.0,93.0,,,,,良,2011-07-12
草滩 ,16.0,32.0,95.0,,,,,良,2011-07-11
草滩 ,21.0,34.0,111.0,,,,,轻微污染,2011-07-10
草滩 ,13.0,29.0,78.0,,,,,良,2011-07-09
草滩 ,16.0,25.0,85.0,,,,,良,2011-07-08
草滩 ,13.0,22.0,50.0,,,,,优,2011-07-07
草滩 ,13.0,17.0,34.0,,,,,优,2011-07-06
草滩 ,4.0,11.0,73.0,,,,,良,2011-07-05
草滩 ,11.0,13.0,30.0,,,,,优,2011-07-04
草滩 ,9.0,17.0,69.0,,,,,良,2011-07-03
草滩 ,14.0,21.0,57.0,,,,,良,2011-07-02
草滩 ,17.0,15.0,75.0,,,,,良,2011-07-01
草滩 ,24.0,19.0,67.0,,,,,良,2011-06-30
草滩 ,11.0,15.0,77.0,,,,,良,2011-06-29
草滩 ,19.0,14.0,58.0,,,,,良,2011-06-28
草滩 ,10.0,19.0,63.0,,,,,良,2011-06-27
草滩 ,18.0,12.0,65.0,,,,,良,2011-06-26
草滩 ,24.0,22.0,91.0,,,,,良,2011-06-25
草滩 ,11.0,32.0,43.0,,,,,优,2011-06-24
草滩 ,14.0,20.0,45.0,,,,,优,2011-06-23
草滩 ,14.0,13.0,59.0,,,,,良,2011-06-22
草滩 ,13.0,7.0,69.0,,,,,良,2011-06-21
草滩 ,10.0,7.0,85.0,,,,,良,2011-06-20
草滩 ,15.0,13.0,77.0,,,,,良,2011-06-19
草滩 ,5.0,7.0,66.0,,,,,良,2011-06-18
草滩 ,15.0,7.0,78.0,,,,,良,2011-06-17
草滩 ,13.0,13.0,97.0,,,,,良,2011-06-16
草滩 ,12.0,11.0,91.0,,,,,良,2011-06-15
草滩 ,9.0,11.0,68.0,,,,,良,2011-06-14
草滩 ,18.0,15.0,93.0,,,,,良,2011-06-13
草滩 ,18.0,13.0,91.0,,,,,良,2011-06-12
草滩 ,12.0,7.0,60.0,,,,,良,2011-06-11
草滩 ,17.0,9.0,55.0,,,,,良,2011-06-10
草滩 ,18.0,13.0,92.0,,,,,良,2011-06-09
草滩 ,25.0,20.0,71.0,,,,,良,2011-06-08
草滩 ,22.0,25.0,80.0,,,,,良,2011-06-07
草滩 ,19.0,5.0,76.0,,,,,良,2011-06-07
草滩 ,17.0,18.0,98.0,,,,,良,2011-06-06
草滩 ,16.0,17.0,80.0,,,,,良,2011-06-05
草滩 ,10.0,11.0,79.0,,,,,良,2011-06-04
草滩 ,10.0,17.0,82.0,,,,,良,2011-06-03
草滩 ,10.0,5.0,88.0,,,,,良,2011-06-02
草滩 ,14.0,11.0,62.0,,,,,良,2011-06-01
草滩 ,9.0,19.0,67.0,,,,,良,2011-05-31
草滩 ,6.0,18.0,83.0,,,,,良,2011-05-30
草滩 ,7.0,11.0,78.0,,,,,良,2011-05-29
草滩 ,12.0,24.0,85.0,,,,,良,2011-05-28
草滩 ,12.0,9.0,77.0,,,,,良,2011-05-27
草滩 ,17.0,12.0,94.0,,,,,良,2011-05-26
草滩 ,13.0,12.0,80.0,,,,,良,2011-05-25
草滩 ,10.0,18.0,79.0,,,,,良,2011-05-24
草滩 ,10.0,9.0,61.0,,,,,良,2011-05-23
草滩 ,2.0,7.0,32.0,,,,,优,2011-05-22
草滩 ,5.0,8.0,32.0,,,,,优,2011-05-21
草滩 ,26.0,11.0,96.0,,,,,良,2011-05-20
草滩 ,32.0,10.0,121.0,,,,,轻微污染,2011-05-19
草滩 ,39.0,14.0,99.0,,,,,良,2011-05-18
草滩 ,32.0,13.0,88.0,,,,,良,2011-05-17
草滩 ,31.0,25.0,64.0,,,,,良,2011-05-16
草滩 ,17.0,15.0,71.0,,,,,良,2011-05-15
草滩 ,10.0,12.0,55.0,,,,,良,2011-05-14
草滩 ,13.0,13.0,72.0,,,,,良,2011-05-13
草滩 ,10.0,12.0,72.0,,,,,良,2011-05-12
草滩 ,7.0,10.0,62.0,,,,,良,2011-05-11
草滩 ,9.0,7.0,52.0,,,,,良,2011-05-10
草滩 ,23.0,10.0,96.0,,,,,良,2011-05-09
草滩 ,13.0,15.0,99.0,,,,,良,2011-05-08
草滩 ,21.0,25.0,95.0,,,,,良,2011-05-07
草滩 ,24.0,24.0,95.0,,,,,良,2011-05-06
草滩 ,20.0,19.0,83.0,,,,,良,2011-05-05
草滩 ,21.0,14.0,90.0,,,,,良,2011-05-04
草滩 ,13.0,19.0,75.0,,,,,良,2011-05-03
草滩 ,16.0,13.0,57.0,,,,,良,2011-05-02
草滩 ,24.0,22.0,96.0,,,,,良,2011-05-01
草滩 ,54.0,26.0,179.0,,,,,轻度污染,2011-04-30
草滩 ,40.0,28.0,116.0,,,,,轻微污染,2011-04-29
草滩 ,22.0,20.0,87.0,,,,,良,2011-04-28
草滩 ,28.0,11.0,110.0,,,,,轻微污染,2011-04-27
草滩 ,42.0,25.0,122.0,,,,,轻微污染,2011-04-26
草滩 ,54.0,29.0,128.0,,,,,轻微污染,2011-04-25
草滩 ,33.0,22.0,92.0,,,,,良,2011-04-24
草滩 ,30.0,24.0,87.0,,,,,良,2011-04-23
草滩 ,36.0,27.0,95.0,,,,,良,2011-04-22
草滩 ,18.0,24.0,96.0,,,,,良,2011-04-21
草滩 ,30.0,20.0,99.0,,,,,良,2011-04-20
草滩 ,13.0,19.0,85.0,,,,,良,2011-04-19
草滩 ,19.0,22.0,72.0,,,,,良,2011-04-18
草滩 ,21.0,12.0,97.0,,,,,良,2011-04-17
草滩 ,36.0,12.0,90.0,,,,,良,2011-04-16
草滩 ,39.0,19.0,76.0,,,,,良,2011-04-15
草滩 ,45.0,35.0,115.0,,,,,轻微污染,2011-04-14
草滩 ,30.0,20.0,133.0,,,,,轻微污染,2011-04-13
草滩 ,35.0,20.0,116.0,,,,,轻微污染,2011-04-12
草滩 ,21.0,21.0,92.0,,,,,良,2011-04-11
草滩 ,43.0,32.0,124.0,,,,,轻微污染,2011-04-10
草滩 ,52.0,27.0,100.0,,,,,良,2011-04-09
草滩 ,26.0,21.0,90.0,,,,,良,2011-04-08
草滩 ,15.0,20.0,97.0,,,,,良,2011-04-07
草滩 ,10.0,19.0,86.0,,,,,良,2011-04-06
草滩 ,19.0,21.0,90.0,,,,,良,2011-04-05
草滩 ,12.0,29.0,87.0,,,,,良,2011-04-04
草滩 ,21.0,20.0,78.0,,,,,良,2011-04-03
草滩 ,22.0,22.0,78.0,,,,,良,2011-04-02
草滩 ,72.0,44.0,98.0,,,,,良,2011-04-01
草滩 ,61.0,30.0,98.0,,,,,良,2011-03-31
草滩 ,60.0,34.0,110.0,,,,,轻微污染,2011-03-30
草滩 ,50.0,30.0,99.0,,,,,良,2011-03-29
草滩 ,51.0,29.0,99.0,,,,,良,2011-03-28
草滩 ,50.0,30.0,88.0,,,,,良,2011-03-27
草滩 ,33.0,26.0,88.0,,,,,良,2011-03-26
草滩 ,33.0,26.0,93.0,,,,,良,2011-03-25
草滩 ,21.0,24.0,97.0,,,,,良,2011-03-24
草滩 ,16.0,23.0,93.0,,,,,良,2011-03-23
草滩 ,13.0,17.0,74.0,,,,,良,2011-03-22
草滩 ,4.0,14.0,51.0,,,,,良,2011-03-21
草滩 ,9.0,17.0,89.0,,,,,良,2011-03-20
草滩 ,38.0,17.0,157.0,,,,,轻度污染,2011-03-19
草滩 ,63.0,34.0,140.0,,,,,轻微污染,2011-03-18
草滩 ,43.0,14.0,96.0,,,,,良,2011-03-17
草滩 ,28.0,13.0,96.0,,,,,良,2011-03-16
草滩 ,21.0,19.0,87.0,,,,,良,2011-03-15
草滩 ,45.0,24.0,183.0,,,,,轻度污染,2011-03-14
草滩 ,51.0,25.0,103.0,,,,,轻微污染,2011-03-13
草滩 ,42.0,30.0,96.0,,,,,良,2011-03-12
草滩 ,45.0,28.0,95.0,,,,,良,2011-03-11
草滩 ,32.0,27.0,94.0,,,,,良,2011-03-10
草滩 ,49.0,21.0,94.0,,,,,良,2011-03-09
草滩 ,55.0,25.0,98.0,,,,,良,2011-03-08
草滩 ,41.0,20.0,106.0,,,,,轻微污染,2011-03-07
草滩 ,57.0,26.0,118.0,,,,,轻微污染,2011-03-06
草滩 ,62.0,23.0,108.0,,,,,轻微污染,2011-03-05
草滩 ,35.0,14.0,62.0,,,,,良,2011-03-04
草滩 ,58.0,29.0,94.0,,,,,良,2011-03-03
草滩 ,18.0,12.0,89.0,,,,,良,2011-03-02
草滩 ,25.0,10.0,32.0,,,,,优,2011-03-01
草滩 ,31.0,18.0,69.0,,,,,良,2011-02-28
草滩 ,20.0,14.0,66.0,,,,,良,2011-02-27
草滩 ,21.0,14.0,128.0,,,,,轻微污染,2011-02-26
草滩 ,79.0,50.0,154.0,,,,,轻度污染,2011-02-25
草滩 ,70.0,36.0,185.0,,,,,轻度污染,2011-02-24
草滩 ,72.0,49.0,171.0,,,,,轻度污染,2011-02-23
草滩 ,61.0,29.0,121.0,,,,,轻微污染,2011-02-22
草滩 ,69.0,33.0,193.0,,,,,轻度污染,2011-02-21
草滩 ,56.0,42.0,186.0,,,,,轻度污染,2011-02-20
草滩 ,60.0,36.0,147.0,,,,,轻微污染,2011-02-19
草滩 ,62.0,26.0,129.0,,,,,轻微污染,2011-02-18
草滩 ,56.0,33.0,167.0,,,,,轻度污染,2011-02-17
草滩 ,46.0,21.0,88.0,,,,,良,2011-02-16
草滩 ,32.0,18.0,84.0,,,,,良,2011-02-15
草滩 ,24.0,14.0,46.0,,,,,优,2011-02-14
草滩 ,10.0,24.0,94.0,,,,,良,2011-02-13
草滩 ,41.0,23.0,74.0,,,,,良,2011-02-12
草滩 ,36.0,24.0,93.0,,,,,良,2011-02-11
草滩 ,46.0,20.0,73.0,,,,,良,2011-02-10
草滩 ,80.0,35.0,134.0,,,,,轻微污染,2011-02-09
草滩 ,56.0,37.0,95.0,,,,,良,2011-02-08
草滩 ,57.0,30.0,99.0,,,,,良,2011-02-07
草滩 ,49.0,31.0,124.0,,,,,轻微污染,2011-02-06
草滩 ,57.0,25.0,90.0,,,,,良,2011-02-05
草滩 ,61.0,32.0,173.0,,,,,轻度污染,2011-02-04
草滩 ,101.0,58.0,226.0,,,,,中度污染,2011-02-03
草滩 ,48.0,34.0,118.0,,,,,轻微污染,2011-02-02
草滩 ,62.0,47.0,126.0,,,,,轻微污染,2011-02-01
草滩 ,26.0,14.0,68.0,,,,,良,2011-01-31
草滩 ,28.0,19.0,74.0,,,,,良,2011-01-30
草滩 ,23.0,17.0,61.0,,,,,良,2011-01-29
草滩 ,59.0,34.0,82.0,,,,,良,2011-01-28
草滩 ,76.0,42.0,142.0,,,,,轻微污染,2011-01-27
草滩 ,73.0,32.0,113.0,,,,,轻微污染,2011-01-26
草滩 ,72.0,44.0,146.0,,,,,轻微污染,2011-01-25
草滩 ,50.0,33.0,99.0,,,,,良,2011-01-24
草滩 ,39.0,47.0,105.0,,,,,轻微污染,2011-01-23
草滩 ,53.0,58.0,148.0,,,,,轻微污染,2011-01-22
草滩 ,57.0,49.0,171.0,,,,,轻度污染,2011-01-21
草滩 ,63.0,49.0,155.0,,,,,轻度污染,2011-01-20
草滩 ,65.0,38.0,116.0,,,,,轻微污染,2011-01-19
草滩 ,30.0,36.0,96.0,,,,,良,2011-01-18
草滩 ,69.0,30.0,97.0,,,,,良,2011-01-17
草滩 ,69.0,29.0,98.0,,,,,良,2011-01-16
草滩 ,79.0,42.0,115.0,,,,,轻微污染,2011-01-15
草滩 ,86.0,83.0,171.0,,,,,轻度污染,2011-01-14
草滩 ,81.0,50.0,133.0,,,,,轻微污染,2011-01-13
草滩 ,39.0,39.0,96.0,,,,,良,2011-01-12
草滩 ,39.0,36.0,97.0,,,,,良,2011-01-11
草滩 ,25.0,27.0,74.0,,,,,良,2011-01-10
草滩 ,42.0,32.0,144.0,,,,,轻微污染,2011-01-09
草滩 ,57.0,38.0,123.0,,,,,轻微污染,2011-01-08
草滩 ,44.0,24.0,122.0,,,,,轻微污染,2011-01-07
草滩 ,42.0,25.0,77.0,,,,,良,2011-01-06
草滩 ,34.0,32.0,112.0,,,,,轻微污染,2011-01-05
草滩 ,50.0,25.0,85.0,,,,,良,2011-01-04
草滩 ,30.0,22.0,66.0,,,,,良,2011-01-03
草滩 ,62.0,22.0,91.0,,,,,良,2011-01-02
草滩 ,40.0,19.0,73.0,,,,,良,2011-01-01
草滩 ,62.0,22.0,78.0,,,,,良,2010-12-31
草滩 ,14.0,10.0,59.0,,,,,良,2010-12-30
草滩 ,34.0,18.0,141.0,,,,,轻微污染,2010-12-29
草滩 ,32.0,19.0,85.0,,,,,良,2010-12-28
草滩 ,45.0,24.0,131.0,,,,,轻微污染,2010-12-27
草滩 ,28.0,19.0,88.0,,,,,良,2010-12-26
草滩 ,22.0,23.0,79.0,,,,,良,2010-12-25
草滩 ,43.0,27.0,98.0,,,,,良,2010-12-24
草滩 ,64.0,22.0,126.0,,,,,轻微污染,2010-12-23
草滩 ,53.0,21.0,119.0,,,,,轻微污染,2010-12-22
草滩 ,68.0,25.0,121.0,,,,,轻微污染,2010-12-21
草滩 ,44.0,19.0,109.0,,,,,轻微污染,2010-12-20
草滩 ,60.0,23.0,98.0,,,,,良,2010-12-19
草滩 ,66.0,40.0,132.0,,,,,轻微污染,2010-12-18
草滩 ,63.0,19.0,124.0,,,,,轻微污染,2010-12-17
草滩 ,26.0,4.0,58.0,,,,,良,2010-12-16
草滩 ,49.0,9.0,53.0,,,,,良,2010-12-15
草滩 ,46.0,10.0,99.0,,,,,良,2010-12-14
草滩 ,81.0,34.0,163.0,,,,,轻度污染,2010-12-13
草滩 ,60.0,15.0,137.0,,,,,轻微污染,2010-12-12
草滩 ,32.0,16.0,93.0,,,,,良,2010-12-11
草滩 ,65.0,35.0,126.0,,,,,轻微污染,2010-12-10
草滩 ,44.0,10.0,125.0,,,,,轻微污染,2010-12-09
草滩 ,71.0,9.0,95.0,,,,,良,2010-12-08
草滩 ,48.0,19.0,106.0,,,,,轻微污染,2010-12-07
草滩 ,45.0,16.0,122.0,,,,,轻微污染,2010-12-06
草滩 ,70.0,27.0,132.0,,,,,轻微污染,2010-12-05
草滩 ,55.0,25.0,137.0,,,,,轻微污染,2010-12-04
草滩 ,37.0,14.0,100.0,,,,,良,2010-12-03
草滩 ,31.0,12.0,95.0,,,,,良,2010-12-02
草滩 ,67.0,39.0,104.0,,,,,轻微污染,2010-12-01
草滩 ,21.0,10.0,90.0,,,,,良,2010-11-30
草滩 ,35.0,21.0,97.0,,,,,良,2010-11-29
草滩 ,57.0,29.0,95.0,,,,,良,2010-11-28
草滩 ,51.0,27.0,107.0,,,,,轻微污染,2010-11-27
草滩 ,43.0,22.0,191.0,,,,,轻度污染,2010-11-26
草滩 ,40.0,26.0,178.0,,,,,轻度污染,2010-11-25
草滩 ,56.0,22.0,164.0,,,,,轻度污染,2010-11-24
草滩 ,71.0,14.0,80.0,,,,,良,2010-11-23
草滩 ,69.0,24.0,83.0,,,,,良,2010-11-22
草滩 ,77.0,12.0,98.0,,,,,良,2010-11-21
草滩 ,62.0,18.0,117.0,,,,,轻微污染,2010-11-20
草滩 ,56.0,15.0,94.0,,,,,良,2010-11-19
草滩 ,70.0,44.0,159.0,,,,,轻度污染,2010-11-18
草滩 ,64.0,23.0,128.0,,,,,轻微污染,2010-11-17
草滩 ,45.0,19.0,121.0,,,,,轻微污染,2010-11-16
草滩 ,36.0,14.0,87.0,,,,,良,2010-11-15
草滩 ,33.0,19.0,83.0,,,,,良,2010-11-14
草滩 ,71.0,20.0,108.0,,,,,轻微污染,2010-11-13
草滩 ,52.0,18.0,123.0,,,,,轻微污染,2010-11-12
草滩 ,63.0,17.0,96.0,,,,,良,2010-11-11
草滩 ,51.0,22.0,93.0,,,,,良,2010-11-10
草滩 ,56.0,33.0,96.0,,,,,良,2010-11-09
草滩 ,50.0,17.0,96.0,,,,,良,2010-11-08
草滩 ,46.0,23.0,99.0,,,,,良,2010-11-07
草滩 ,47.0,32.0,120.0,,,,,轻微污染,2010-11-06
草滩 ,46.0,27.0,92.0,,,,,良,2010-11-05
草滩 ,46.0,26.0,92.0,,,,,良,2010-11-04
草滩 ,38.0,20.0,119.0,,,,,轻微污染,2010-11-03
草滩 ,26.0,21.0,80.0,,,,,良,2010-11-02
草滩 ,37.0,35.0,129.0,,,,,轻微污染,2010-11-01
草滩 ,39.0,32.0,144.0,,,,,轻微污染,2010-10-31
草滩 ,37.0,17.0,126.0,,,,,轻微污染,2010-10-30
草滩 ,38.0,25.0,98.0,,,,,良,2010-10-29
草滩 ,26.0,18.0,91.0,,,,,良,2010-10-28
草滩 ,21.0,17.0,85.0,,,,,良,2010-10-27
草滩 ,6.0,19.0,58.0,,,,,良,2010-10-26
草滩 ,15.0,15.0,57.0,,,,,良,2010-10-25
草滩 ,33.0,33.0,123.0,,,,,轻微污染,2010-10-24
草滩 ,32.0,21.0,115.0,,,,,轻微污染,2010-10-23
草滩 ,29.0,28.0,102.0,,,,,轻微污染,2010-10-22
草滩 ,37.0,22.0,112.0,,,,,轻微污染,2010-10-21
草滩 ,22.0,27.0,119.0,,,,,轻微污染,2010-10-20
草滩 ,31.0,70.0,159.0,,,,,轻度污染,2010-10-19
草滩 ,26.0,24.0,108.0,,,,,轻微污染,2010-10-18
草滩 ,34.0,39.0,130.0,,,,,轻微污染,2010-10-17
草滩 ,29.0,34.0,97.0,,,,,良,2010-10-16
草滩 ,24.0,23.0,67.0,,,,,良,2010-10-15
草滩 ,30.0,24.0,66.0,,,,,良,2010-10-14
草滩 ,32.0,17.0,73.0,,,,,良,2010-10-13
草滩 ,30.0,26.0,89.0,,,,,良,2010-10-12
草滩 ,23.0,10.0,62.0,,,,,良,2010-10-11
草滩 ,21.0,13.0,81.0,,,,,良,2010-10-10
草滩 ,30.0,30.0,145.0,,,,,轻微污染,2010-10-09
草滩 ,41.0,21.0,89.0,,,,,良,2010-10-08
草滩 ,32.0,32.0,77.0,,,,,良,2010-10-07
草滩 ,20.0,27.0,93.0,,,,,良,2010-10-06
草滩 ,24.0,24.0,100.0,,,,,良,2010-10-05
草滩 ,22.0,14.0,85.0,,,,,良,2010-10-04
草滩 ,19.0,9.0,90.0,,,,,良,2010-10-03
草滩 ,14.0,9.0,81.0,,,,,良,2010-10-02
草滩 ,22.0,14.0,94.0,,,,,良,2010-10-01
草滩 ,30.0,12.0,100.0,,,,,良,2010-09-30
草滩 ,17.0,11.0,80.0,,,,,良,2010-09-29
草滩 ,26.0,30.0,119.0,,,,,轻微污染,2010-09-28
草滩 ,23.0,9.0,91.0,,,,,良,2010-09-27
草滩 ,20.0,17.0,85.0,,,,,良,2010-09-26
草滩 ,15.0,12.0,52.0,,,,,良,2010-09-25
草滩 ,27.0,20.0,96.0,,,,,良,2010-09-24
草滩 ,26.0,12.0,71.0,,,,,良,2010-09-23
草滩 ,20.0,12.0,60.0,,,,,良,2010-09-22
草滩 ,25.0,33.0,97.0,,,,,良,2010-09-21
草滩 ,26.0,37.0,68.0,,,,,良,2010-09-20
草滩 ,13.0,22.0,89.0,,,,,良,2010-09-19
草滩 ,11.0,25.0,85.0,,,,,良,2010-09-18
草滩 ,11.0,20.0,93.0,,,,,良,2010-09-17
草滩 ,21.0,29.0,96.0,,,,,良,2010-09-16
草滩 ,21.0,24.0,90.0,,,,,良,2010-09-15
草滩 ,21.0,32.0,80.0,,,,,良,2010-09-14
草滩 ,15.0,21.0,93.0,,,,,良,2010-09-13
草滩 ,6.0,18.0,88.0,,,,,良,2010-09-12
草滩 ,7.0,19.0,71.0,,,,,良,2010-09-11
草滩 ,16.0,28.0,69.0,,,,,良,2010-09-10
草滩 ,6.0,17.0,74.0,,,,,良,2010-09-09
草滩 ,8.0,22.0,72.0,,,,,良,2010-09-08
草滩 ,8.0,19.0,51.0,,,,,良,2010-09-07
草滩 ,7.0,21.0,98.0,,,,,良,2010-09-06
草滩 ,16.0,30.0,89.0,,,,,良,2010-09-05
草滩 ,9.0,21.0,77.0,,,,,良,2010-09-04
草滩 ,17.0,30.0,74.0,,,,,良,2010-09-03
草滩 ,16.0,25.0,92.0,,,,,良,2010-09-02
草滩 ,15.0,20.0,97.0,,,,,良,2010-09-01
草滩 ,12.0,20.0,98.0,,,,,良,2010-08-31
草滩 ,13.0,27.0,97.0,,,,,良,2010-08-30
草滩 ,10.0,23.0,97.0,,,,,良,2010-08-29
草滩 ,10.0,22.0,95.0,,,,,良,2010-08-28
草滩 ,18.0,26.0,73.0,,,,,良,2010-08-27
草滩 ,16.0,25.0,55.0,,,,,良,2010-08-26
草滩 ,8.0,30.0,49.0,,,,,优,2010-08-25
草滩 ,5.0,24.0,37.0,,,,,优,2010-08-24
草滩 ,10.0,19.0,61.0,,,,,良,2010-08-23
草滩 ,8.0,20.0,67.0,,,,,良,2010-08-22
草滩 ,7.0,19.0,88.0,,,,,良,2010-08-21
草滩 ,5.0,19.0,64.0,,,,,良,2010-08-20
草滩 ,15.0,21.0,100.0,,,,,良,2010-08-19
草滩 ,8.0,26.0,98.0,,,,,良,2010-08-18
草滩 ,17.0,24.0,95.0,,,,,良,2010-08-17
草滩 ,8.0,14.0,90.0,,,,,良,2010-08-16
草滩 ,7.0,9.0,90.0,,,,,良,2010-08-15
草滩 ,5.0,9.0,52.0,,,,,良,2010-08-14
草滩 ,4.0,13.0,51.0,,,,,良,2010-08-13
草滩 ,6.0,19.0,94.0,,,,,良,2010-08-12
草滩 ,9.0,17.0,94.0,,,,,良,2010-08-11
草滩 ,8.0,10.0,89.0,,,,,良,2010-08-10
草滩 ,9.0,13.0,94.0,,,,,良,2010-08-09
草滩 ,7.0,17.0,89.0,,,,,良,2010-08-08
草滩 ,8.0,20.0,97.0,,,,,良,2010-08-07
草滩 ,6.0,37.0,78.0,,,,,良,2010-08-06
草滩 ,5.0,30.0,69.0,,,,,良,2010-08-05
草滩 ,10.0,17.0,83.0,,,,,良,2010-08-04
草滩 ,13.0,22.0,89.0,,,,,良,2010-08-03
草滩 ,9.0,24.0,76.0,,,,,良,2010-08-02
草滩 ,14.0,17.0,88.0,,,,,良,2010-08-01
草滩 ,9.0,13.0,91.0,,,,,良,2010-07-31
草滩 ,7.0,10.0,85.0,,,,,良,2010-07-30
草滩 ,9.0,18.0,91.0,,,,,良,2010-07-29
草滩 ,6.0,15.0,79.0,,,,,良,2010-07-28
草滩 ,8.0,9.0,79.0,,,,,良,2010-07-27
草滩 ,4.0,14.0,63.0,,,,,良,2010-07-26
草滩 ,5.0,9.0,48.0,,,,,优,2010-07-25
草滩 ,4.0,19.0,52.0,,,,,良,2010-07-24
草滩 ,15.0,26.0,95.0,,,,,良,2010-07-23
草滩 ,7.0,17.0,79.0,,,,,良,2010-07-22
草滩 ,7.0,22.0,89.0,,,,,良,2010-07-21
草滩 ,7.0,22.0,85.0,,,,,良,2010-07-20
草滩 ,8.0,24.0,80.0,,,,,良,2010-07-19
草滩 ,6.0,30.0,69.0,,,,,良,2010-07-18
草滩 ,5.0,26.0,79.0,,,,,良,2010-07-17
草滩 ,4.0,22.0,56.0,,,,,良,2010-07-16
草滩 ,4.0,20.0,72.0,,,,,良,2010-07-15
草滩 ,5.0,22.0,95.0,,,,,良,2010-07-14
草滩 ,7.0,24.0,90.0,,,,,良,2010-07-13
草滩 ,17.0,28.0,87.0,,,,,良,2010-07-12
草滩 ,10.0,15.0,70.0,,,,,良,2010-07-11
草滩 ,6.0,11.0,47.0,,,,,优,2010-07-10
草滩 ,15.0,19.0,74.0,,,,,良,2010-07-09
草滩 ,11.0,19.0,91.0,,,,,良,2010-07-08
草滩 ,24.0,22.0,91.0,,,,,良,2010-07-07
草滩 ,19.0,24.0,95.0,,,,,良,2010-07-06
草滩 ,21.0,24.0,82.0,,,,,良,2010-07-05
草滩 ,14.0,22.0,70.0,,,,,良,2010-07-04
草滩 ,7.0,22.0,63.0,,,,,良,2010-07-03
草滩 ,15.0,16.0,73.0,,,,,良,2010-07-02
草滩 ,11.0,9.0,57.0,,,,,良,2010-07-01
草滩 ,19.0,9.0,73.0,,,,,良,2010-06-30
草滩 ,12.0,17.0,96.0,,,,,良,2010-06-29
草滩 ,19.0,9.0,95.0,,,,,良,2010-06-28
草滩 ,9.0,8.0,74.0,,,,,良,2010-06-27
草滩 ,12.0,17.0,95.0,,,,,良,2010-06-26
草滩 ,14.0,10.0,90.0,,,,,良,2010-06-25
草滩 ,12.0,10.0,98.0,,,,,良,2010-06-24
草滩 ,17.0,15.0,86.0,,,,,良,2010-06-23
草滩 ,16.0,25.0,99.0,,,,,良,2010-06-22
草滩 ,26.0,24.0,95.0,,,,,良,2010-06-21
草滩 ,22.0,24.0,95.0,,,,,良,2010-06-20
草滩 ,18.0,25.0,108.0,,,,,轻微污染,2010-06-19
草滩 ,21.0,19.0,103.0,,,,,轻微污染,2010-06-18
草滩 ,21.0,21.0,97.0,,,,,良,2010-06-17
草滩 ,21.0,21.0,91.0,,,,,良,2010-06-16
草滩 ,14.0,20.0,100.0,,,,,良,2010-06-15
草滩 ,11.0,20.0,99.0,,,,,良,2010-06-14
草滩 ,14.0,13.0,97.0,,,,,良,2010-06-13
草滩 ,11.0,23.0,93.0,,,,,良,2010-06-12
草滩 ,21.0,20.0,89.0,,,,,良,2010-06-11
草滩 ,22.0,17.0,72.0,,,,,良,2010-06-10
草滩 ,12.0,10.0,57.0,,,,,良,2010-06-09
草滩 ,22.0,17.0,90.0,,,,,良,2010-06-08
草滩 ,22.0,17.0,90.0,,,,,良,2010-06-07
草滩 ,22.0,26.0,88.0,,,,,良,2010-06-06
草滩 ,22.0,20.0,78.0,,,,,良,2010-06-05
草滩 ,22.0,19.0,73.0,,,,,良,2010-06-04
草滩 ,20.0,27.0,86.0,,,,,良,2010-06-03
草滩 ,22.0,29.0,77.0,,,,,良,2010-06-02
草滩 ,22.0,22.0,70.0,,,,,良,2010-06-01
草滩 ,22.0,19.0,99.0,,,,,良,2010-05-31
草滩 ,22.0,25.0,98.0,,,,,良,2010-05-30
草滩 ,22.0,20.0,99.0,,,,,良,2010-05-29
草滩 ,22.0,17.0,57.0,,,,,良,2010-05-28
草滩 ,22.0,16.0,58.0,,,,,良,2010-05-27
草滩 ,22.0,19.0,91.0,,,,,良,2010-05-26
草滩 ,22.0,22.0,90.0,,,,,良,2010-05-25
草滩 ,22.0,20.0,96.0,,,,,良,2010-05-24
草滩 ,22.0,20.0,84.0,,,,,良,2010-05-23
草滩 ,18.0,22.0,67.0,,,,,良,2010-05-22
草滩 ,20.0,19.0,98.0,,,,,良,2010-05-21
草滩 ,20.0,15.0,100.0,,,,,良,2010-05-20
草滩 ,22.0,29.0,91.0,,,,,良,2010-05-19
草滩 ,22.0,24.0,58.0,,,,,良,2010-05-18
草滩 ,22.0,27.0,96.0,,,,,良,2010-05-17
草滩 ,22.0,21.0,92.0,,,,,良,2010-05-16
草滩 ,22.0,16.0,89.0,,,,,良,2010-05-15
草滩 ,22.0,17.0,66.0,,,,,良,2010-05-14
草滩 ,12.0,17.0,66.0,,,,,良,2010-05-13
草滩 ,12.0,11.0,92.0,,,,,良,2010-05-12
草滩 ,20.0,23.0,99.0,,,,,良,2010-05-11
草滩 ,20.0,19.0,139.0,,,,,轻微污染,2010-05-10
草滩 ,22.0,21.0,93.0,,,,,良,2010-05-09
草滩 ,22.0,20.0,87.0,,,,,良,2010-05-08
草滩 ,25.0,19.0,91.0,,,,,良,2010-05-07
草滩 ,9.0,12.0,77.0,,,,,良,2010-05-06
草滩 ,16.0,20.0,91.0,,,,,良,2010-05-05
草滩 ,10.0,17.0,89.0,,,,,良,2010-05-04
草滩 ,19.0,28.0,98.0,,,,,良,2010-05-03
草滩 ,19.0,14.0,98.0,,,,,良,2010-05-02
草滩 ,16.0,22.0,121.0,,,,,轻微污染,2010-05-01
草滩 ,16.0,22.0,174.0,,,,,轻度污染,2010-04-30
草滩 ,14.0,25.0,174.0,,,,,轻度污染,2010-04-29
草滩 ,11.0,22.0,206.0,,,,,中度污染,2010-04-28
草滩 ,15.0,17.0,202.0,,,,,中度污染,2010-04-27
草滩 ,17.0,14.0,500.0,,,,,重度污染,2010-04-26
草滩 ,13.0,18.0,138.0,,,,,轻微污染,2010-04-25
草滩 ,17.0,25.0,94.0,,,,,良,2010-04-24
草滩 ,23.0,24.0,93.0,,,,,良,2010-04-23
草滩 ,17.0,18.0,56.0,,,,,良,2010-04-22
草滩 ,14.0,20.0,52.0,,,,,良,2010-04-21
草滩 ,36.0,40.0,76.0,,,,,良,2010-04-20
草滩 ,42.0,41.0,108.0,,,,,轻微污染,2010-04-19
草滩 ,27.0,42.0,87.0,,,,,良,2010-04-18
草滩 ,47.0,15.0,141.0,,,,,轻微污染,2010-04-17
草滩 ,21.0,19.0,83.0,,,,,良,2010-04-16
草滩 ,21.0,20.0,71.0,,,,,良,2010-04-15
草滩 ,10.0,21.0,53.0,,,,,良,2010-04-14
草滩 ,15.0,30.0,63.0,,,,,良,2010-04-13
草滩 ,18.0,20.0,61.0,,,,,良,2010-04-12
草滩 ,27.0,20.0,95.0,,,,,良,2010-04-11
草滩 ,31.0,38.0,89.0,,,,,良,2010-04-10
草滩 ,27.0,31.0,97.0,,,,,良,2010-04-09
草滩 ,28.0,20.0,93.0,,,,,良,2010-04-08
草滩 ,28.0,20.0,90.0,,,,,良,2010-04-07
草滩 ,20.0,21.0,95.0,,,,,良,2010-04-06
草滩 ,40.0,22.0,97.0,,,,,良,2010-04-05
草滩 ,37.0,19.0,91.0,,,,,良,2010-04-04
草滩 ,18.0,32.0,90.0,,,,,良,2010-04-03
草滩 ,22.0,31.0,94.0,,,,,良,2010-04-02
草滩 ,6.0,20.0,91.0,,,,,良,2010-04-01
草滩 ,14.0,34.0,109.0,,,,,轻微污染,2010-03-31
草滩 ,14.0,29.0,76.0,,,,,良,2010-03-30
草滩 ,37.0,27.0,97.0,,,,,良,2010-03-29
草滩 ,37.0,24.0,100.0,,,,,良,2010-03-28
草滩 ,35.0,27.0,113.0,,,,,轻微污染,2010-03-27
草滩 ,26.0,32.0,167.0,,,,,轻度污染,2010-03-26
草滩 ,16.0,20.0,115.0,,,,,轻微污染,2010-03-25
草滩 ,23.0,25.0,95.0,,,,,良,2010-03-24
草滩 ,25.0,27.0,91.0,,,,,良,2010-03-23
草滩 ,35.0,38.0,148.0,,,,,轻微污染,2010-03-22
草滩 ,22.0,17.0,123.0,,,,,轻微污染,2010-03-21
草滩 ,12.0,16.0,167.0,,,,,轻度污染,2010-03-20
草滩 ,44.0,29.0,98.0,,,,,良,2010-03-19
草滩 ,49.0,22.0,116.0,,,,,轻微污染,2010-03-18
草滩 ,40.0,24.0,103.0,,,,,轻微污染,2010-03-17
草滩 ,43.0,29.0,86.0,,,,,良,2010-03-16
草滩 ,29.0,25.0,54.0,,,,,良,2010-03-15
草滩 ,32.0,34.0,82.0,,,,,良,2010-03-14
草滩 ,39.0,28.0,87.0,,,,,良,2010-03-13
草滩 ,34.0,43.0,95.0,,,,,良,2010-03-12
草滩 ,45.0,33.0,98.0,,,,,良,2010-03-11
草滩 ,36.0,29.0,61.0,,,,,良,2010-03-10
草滩 ,22.0,8.0,37.0,,,,,优,2010-03-09
草滩 ,33.0,22.0,58.0,,,,,良,2010-03-08
草滩 ,22.0,20.0,59.0,,,,,良,2010-03-07
草滩 ,20.0,23.0,51.0,,,,,良,2010-03-06
草滩 ,42.0,32.0,61.0,,,,,良,2010-03-05
草滩 ,60.0,22.0,74.0,,,,,良,2010-03-04
草滩 ,54.0,26.0,70.0,,,,,良,2010-03-03
草滩 ,51.0,22.0,73.0,,,,,良,2010-03-02
草滩 ,36.0,20.0,97.0,,,,,良,2010-03-01
草滩 ,58.0,20.0,70.0,,,,,良,2010-02-28
草滩 ,48.0,31.0,93.0,,,,,良,2010-02-27
草滩 ,59.0,18.0,94.0,,,,,良,2010-02-26
草滩 ,57.0,27.0,56.0,,,,,良,2010-02-25
草滩 ,59.0,32.0,90.0,,,,,良,2010-02-24
草滩 ,45.0,35.0,68.0,,,,,良,2010-02-23
草滩 ,34.0,26.0,59.0,,,,,良,2010-02-22
草滩 ,46.0,27.0,60.0,,,,,良,2010-02-21
草滩 ,36.0,20.0,56.0,,,,,良,2010-02-20
草滩 ,21.0,9.0,58.0,,,,,良,2010-02-19
草滩 ,12.0,12.0,42.0,,,,,优,2010-02-18
草滩 ,16.0,5.0,45.0,,,,,优,2010-02-17
草滩 ,11.0,10.0,41.0,,,,,优,2010-02-16
草滩 ,15.0,15.0,39.0,,,,,优,2010-02-15
草滩 ,30.0,5.0,57.0,,,,,良,2010-02-14
草滩 ,56.0,10.0,56.0,,,,,良,2010-02-13
草滩 ,24.0,5.0,38.0,,,,,优,2010-02-12
草滩 ,22.0,5.0,27.0,,,,,优,2010-02-11
草滩 ,32.0,17.0,58.0,,,,,良,2010-02-10
草滩 ,62.0,25.0,121.0,,,,,轻微污染,2010-02-09
草滩 ,48.0,16.0,123.0,,,,,轻微污染,2010-02-08
草滩 ,58.0,24.0,126.0,,,,,轻微污染,2010-02-07
草滩 ,59.0,32.0,142.0,,,,,轻微污染,2010-02-06
草滩 ,58.0,30.0,130.0,,,,,轻微污染,2010-02-05
草滩 ,55.0,26.0,128.0,,,,,轻微污染,2010-02-04
草滩 ,56.0,26.0,98.0,,,,,良,2010-02-03
草滩 ,48.0,24.0,100.0,,,,,良,2010-02-02
草滩 ,35.0,24.0,91.0,,,,,良,2010-02-01
草滩 ,62.0,37.0,66.0,,,,,良,2010-01-31
草滩 ,29.0,22.0,83.0,,,,,良,2010-01-30
草滩 ,35.0,25.0,88.0,,,,,良,2010-01-29
草滩 ,51.0,29.0,87.0,,,,,良,2010-01-28
草滩 ,54.0,28.0,92.0,,,,,良,2010-01-27
草滩 ,19.0,17.0,67.0,,,,,良,2010-01-26
草滩 ,29.0,28.0,88.0,,,,,良,2010-01-25
草滩 ,21.0,21.0,104.0,,,,,轻微污染,2010-01-24
草滩 ,18.0,19.0,64.0,,,,,良,2010-01-23
草滩 ,13.0,14.0,65.0,,,,,良,2010-01-22
草滩 ,10.0,15.0,81.0,,,,,良,2010-01-21
草滩 ,61.0,36.0,129.0,,,,,轻微污染,2010-01-20
草滩 ,91.0,49.0,170.0,,,,,轻度污染,2010-01-19
草滩 ,62.0,50.0,121.0,,,,,轻微污染,2010-01-18
草滩 ,51.0,37.0,119.0,,,,,轻微污染,2010-01-17
草滩 ,40.0,32.0,93.0,,,,,良,2010-01-16
草滩 ,64.0,45.0,116.0,,,,,轻微污染,2010-01-15
草滩 ,20.0,17.0,62.0,,,,,良,2010-01-14
草滩 ,40.0,17.0,62.0,,,,,良,2010-01-13
草滩 ,32.0,27.0,77.0,,,,,良,2010-01-12
草滩 ,61.0,45.0,116.0,,,,,轻微污染,2010-01-11
草滩 ,88.0,21.0,177.0,,,,,轻度污染,2010-01-10
草滩 ,78.0,17.0,171.0,,,,,轻度污染,2010-01-09
草滩 ,103.0,16.0,123.0,,,,,轻微污染,2010-01-08
草滩 ,80.0,16.0,117.0,,,,,轻微污染,2010-01-07
草滩 ,65.0,14.0,93.0,,,,,良,2010-01-06
草滩 ,45.0,11.0,65.0,,,,,良,2010-01-05
草滩 ,61.0,21.0,70.0,,,,,良,2010-01-04
草滩 ,56.0,20.0,80.0,,,,,良,2010-01-03
草滩 ,43.0,16.0,62.0,,,,,良,2010-01-02
草滩 ,87.0,23.0,111.0,,,,,轻微污染,2010-01-01
