点位名称,SO2,NO2,PM10,CO,O31小时,O38小时,PM2.5,首要污染物,时间
高压开关厂 ,80,65,94,,,,,1,2012/12/31
高压开关厂 ,74,50,82,,,,,1,2012/12/30
高压开关厂 ,73,32,97,,,,,1,2012/12/29
高压开关厂 ,100,97,230,,,,,4,2012/12/28
高压开关厂 ,66,60,123,,,,,2,2012/12/25
高压开关厂 ,42,22,95,,,,,1,2012/12/24
高压开关厂 ,49,27,74,,,,,1,2012/12/23
高压开关厂 ,52,31,87,,,,,1,2012/12/22
高压开关厂 ,54,41,97,,,,,1,2012/12/21
高压开关厂 ,60,39,95,,,,,1,2012/12/20
高压开关厂 ,56,30,94,,,,,1,2012/12/19
高压开关厂 ,41,27,83,,,,,1,2012/12/18
高压开关厂 ,56,22,209,,,,,4,2012/12/17
高压开关厂 ,62,28,362,,,,,7,2012/12/16
高压开关厂 ,65,31,304,,,,,7,2012/12/15
高压开关厂 ,61,29,295,,,,,5,2012/12/14
高压开关厂 ,67,34,269,,,,,5,2012/12/13
高压开关厂 ,60,34,293,,,,,5,2012/12/12
高压开关厂 ,61,36,131,,,,,2,2012/12/11
高压开关厂 ,59,27,132,,,,,2,2012/12/10
高压开关厂 ,61,15,92,,,,,1,2012/12/9
高压开关厂 ,64,27,95,,,,,1,2012/12/8
高压开关厂 ,61,28,95,,,,,1,2012/12/7
高压开关厂 ,65,17,95,,,,,1,2012/12/6
高压开关厂 ,71,17,98,,,,,1,2012/12/5
高压开关厂 ,82,34,100,,,,,1,2012/12/4
高压开关厂 ,86,21,130,,,,,2,2012/12/3
高压开关厂 ,85,30,268,,,,,5,2012/12/2
高压开关厂 ,92,35,226,,,,,4,2012/12/1
高压开关厂 ,62,27,97,,,,,1,2012/11/30
高压开关厂 ,44,19,98,,,,,1,2012/11/29
高压开关厂 ,46,27,95,,,,,1,2012/11/28
高压开关厂 ,40,22,90,,,,,1,2012/11/27
高压开关厂 ,46,17,82,,,,,1,2012/11/26
高压开关厂 ,43,15,88,,,,,1,2012/11/25
高压开关厂 ,32,17,87,,,,,1,2012/11/24
高压开关厂 ,35,10,84,,,,,1,2012/11/23
高压开关厂 ,36,32,167,,,,,3,2012/11/22
高压开关厂 ,35,29,144,,,,,2,2012/11/21
高压开关厂 ,53,27,130,,,,,2,2012/11/20
高压开关厂 ,39,27,90,,,,,1,2012/11/19
高压开关厂 ,38,43,96,,,,,1,2012/11/18
高压开关厂 ,34,30,82,,,,,1,2012/11/17
高压开关厂 ,40,18,66,,,,,1,2012/11/16
高压开关厂 ,60,38,129,,,,,2,2012/11/15
高压开关厂 ,35,29,96,,,,,1,2012/11/14
高压开关厂 ,41,32,95,,,,,1,2012/11/13
高压开关厂 ,35,25,84,,,,,1,2012/11/12
高压开关厂 ,27,19,75,,,,,1,2012/11/11
高压开关厂 ,29,21,94,,,,,1,2012/11/10
高压开关厂 ,34,23,89,,,,,1,2012/11/9
高压开关厂 ,29,14,57,,,,,1,2012/11/8
高压开关厂 ,29,30,96,,,,,1,2012/11/7
高压开关厂 ,29,29,91,,,,,1,2012/11/6
高压开关厂 ,28,29,92,,,,,1,2012/11/5
高压开关厂 ,23,21,76,,,,,1,2012/11/4
高压开关厂 ,33,19,99,,,,,1,2012/11/3
高压开关厂 ,40,28,222,,,,,4,2012/11/2
高压开关厂 ,33,33,98,,,,,1,2012/11/1
高压开关厂 ,30,26,95,,,,,1,2012/10/31
高压开关厂 ,30,27,91,,,,,1,2012/10/30
高压开关厂 ,30,33,98,,,,,1,2012/10/29
高压开关厂 ,26,32,97,,,,,1,2012/10/28
高压开关厂 ,29,32,98,,,,,1,2012/10/27
高压开关厂 ,31,35,119,,,,,2,2012/10/26
高压开关厂 ,26,34,93,,,,,1,2012/10/25
高压开关厂 ,25,27,93,,,,,1,2012/10/24
高压开关厂 ,30,33,94,,,,,1,2012/10/23
高压开关厂 ,28,22,58,,,,,1,2012/10/22
高压开关厂 ,36,32,99,,,,,1,2012/10/21
高压开关厂 ,32,30,108,,,,,2,2012/10/20
高压开关厂 ,34,27,96,,,,,1,2012/10/19
高压开关厂 ,32,30,104,,,,,2,2012/10/18
高压开关厂 ,26,27,76,,,,,1,2012/10/17
高压开关厂 ,32,30,98,,,,,1,2012/10/16
高压开关厂 ,31,30,144,,,,,2,2012/10/15
高压开关厂 ,35,28,95,,,,,1,2012/10/14
高压开关厂 ,30,25,93,,,,,1,2012/10/13
高压开关厂 ,33,35,133,,,,,2,2012/10/12
高压开关厂 ,30,29,129,,,,,2,2012/10/11
高压开关厂 ,31,23,83,,,,,1,2012/10/10
高压开关厂 ,31,24,96,,,,,1,2012/10/9
高压开关厂 ,33,29,149,,,,,2,2012/10/8
高压开关厂 ,25,27,114,,,,,2,2012/10/7
高压开关厂 ,22,25,106,,,,,2,2012/10/6
高压开关厂 ,24,22,89,,,,,1,2012/10/5
高压开关厂 ,25,24,81,,,,,1,2012/10/4
高压开关厂 ,21,22,92,,,,,1,2012/10/3
高压开关厂 ,25,29,114,,,,,2,2012/10/2
高压开关厂 ,20,27,87,,,,,1,2012/10/1
高压开关厂 ,27,23,98,,,,,1,2012/9/30
高压开关厂 ,21,26,89,,,,,1,2012/9/29
高压开关厂 ,26,20,78,,,,,1,2012/9/28
高压开关厂 ,21,25,89,,,,,1,2012/9/27
高压开关厂 ,18,19,54,,,,,1,2012/9/26
高压开关厂 ,24,22,110,,,,,2,2012/9/25
高压开关厂 ,32,26,125,,,,,2,2012/9/24
高压开关厂 ,36,21,121,,,,,2,2012/9/23
高压开关厂 ,27,22,98,,,,,1,2012/9/22
高压开关厂 ,26,21,95,,,,,1,2012/9/21
高压开关厂 ,30,25,95,,,,,1,2012/9/20
高压开关厂 ,31,22,88,,,,,1,2012/9/19
高压开关厂 ,30,19,94,,,,,1,2012/9/18
高压开关厂 ,24,15,90,,,,,1,2012/9/17
高压开关厂 ,19,17,62,,,,,1,2012/9/16
高压开关厂 ,28,21,74,,,,,1,2012/9/15
高压开关厂 ,26,20,67,,,,,1,2012/9/14
高压开关厂 ,25,19,56,,,,,1,2012/9/13
高压开关厂 ,23,20,58,,,,,1,2012/9/12
高压开关厂 ,20,19,64,,,,,1,2012/9/11
高压开关厂 ,27,20,72,,,,,1,2012/9/10
高压开关厂 ,26,19,68,,,,,1,2012/9/9
高压开关厂 ,29,20,81,,,,,1,2012/9/8
高压开关厂 ,28,18,78,,,,,1,2012/9/7
高压开关厂 ,29,25,88,,,,,1,2012/9/6
高压开关厂 ,35,24,81,,,,,1,2012/9/5
高压开关厂 ,35,24,54,,,,,1,2012/9/4
高压开关厂 ,35,24,54,,,,,0,2012/9/4
高压开关厂 ,35,23,37,,,,,0,2012/9/3
高压开关厂 ,26,14,37,,,,,0,2012/9/2
高压开关厂 ,26,15,42,,,,,0,2012/9/1
高压开关厂 ,27,19,73,,,,,1,2012/8/31
高压开关厂 ,27,27,66,,,,,1,2012/8/30
高压开关厂 ,28,27,62,,,,,1,2012/8/29
高压开关厂 ,28,20,79,,,,,1,2012/8/28
高压开关厂 ,23,24,96,,,,,1,2012/8/27
高压开关厂 ,22,17,82,,,,,1,2012/8/26
高压开关厂 ,23,19,77,,,,,1,2012/8/25
高压开关厂 ,23,14,59,,,,,1,2012/8/24
高压开关厂 ,20,16,57,,,,,1,2012/8/23
高压开关厂 ,28,27,62,,,,,1,2012/8/22
高压开关厂 ,19,24,43,,,,,0,2012/8/21
高压开关厂 ,19,15,37,,,,,0,2012/8/20
高压开关厂 ,27,16,43,,,,,0,2012/8/19
高压开关厂 ,32,14,59,,,,,1,2012/8/18
高压开关厂 ,30,15,63,,,,,1,2012/8/17
高压开关厂 ,31,27,87,,,,,1,2012/8/16
高压开关厂 ,32,23,65,,,,,1,2012/8/15
高压开关厂 ,31,19,55,,,,,1,2012/8/14
高压开关厂 ,30,22,73,,,,,1,2012/8/13
高压开关厂 ,29,19,89,,,,,1,2012/8/12
高压开关厂 ,28,20,85,,,,,1,2012/8/11
高压开关厂 ,27,22,80,,,,,1,2012/8/10
高压开关厂 ,24,20,79,,,,,1,2012/8/9
高压开关厂 ,25,19,75,,,,,1,2012/8/8
高压开关厂 ,26,22,57,,,,,1,2012/8/7
高压开关厂 ,21,17,58,,,,,1,2012/8/6
高压开关厂 ,19,15,75,,,,,1,2012/8/5
高压开关厂 ,18,13,80,,,,,1,2012/8/4
高压开关厂 ,24,22,63,,,,,1,2012/8/3
高压开关厂 ,31,21,51,,,,,1,2012/8/2
高压开关厂 ,30,20,44,,,,,0,2012/8/1
高压开关厂 ,28,17,59,,,,,1,2012/7/31
高压开关厂 ,34,22,64,,,,,1,2012/7/30
高压开关厂 ,27,23,66,,,,,1,2012/7/29
高压开关厂 ,39,25,46,,,,,0,2012/7/28
高压开关厂 ,36,27,48,,,,,0,2012/7/27
高压开关厂 ,34,25,76,,,,,1,2012/7/26
高压开关厂 ,30,24,61,,,,,1,2012/7/25
高压开关厂 ,27,22,57,,,,,1,2012/7/24
高压开关厂 ,25,20,55,,,,,1,2012/7/23
高压开关厂 ,24,16,57,,,,,1,2012/7/22
高压开关厂 ,25,15,78,,,,,1,2012/7/21
高压开关厂 ,23,18,85,,,,,1,2012/7/20
高压开关厂 ,24,17,87,,,,,1,2012/7/19
高压开关厂 ,29,18,78,,,,,1,2012/7/18
高压开关厂 ,22,17,72,,,,,1,2012/7/17
高压开关厂 ,25,15,71,,,,,1,2012/7/16
高压开关厂 ,25,15,71,,,,,1,2012/7/16
高压开关厂 ,23,19,70,,,,,1,2012/7/15
高压开关厂 ,25,20,63,,,,,1,2012/7/14
高压开关厂 ,32,25,60,,,,,1,2012/7/13
高压开关厂 ,30,24,66,,,,,1,2012/7/12
高压开关厂 ,21,15,64,,,,,1,2012/7/11
高压开关厂 ,23,21,54,,,,,1,2012/7/10
高压开关厂 ,15,16,45,,,,,0,2012/7/9
高压开关厂 ,26,15,57,,,,,1,2012/7/8
高压开关厂 ,28,18,50,,,,,0,2012/7/7
高压开关厂 ,27,24,59,,,,,1,2012/7/6
高压开关厂 ,19,23,40,,,,,0,2012/7/5
高压开关厂 ,20,14,41,,,,,0,2012/7/4
高压开关厂 ,23,20,46,,,,,0,2012/7/3
高压开关厂 ,26,25,64,,,,,1,2012/7/2
高压开关厂 ,24,20,36,,,,,0,2012/7/1
高压开关厂 ,18,20,40,,,,,0,2012/6/30
高压开关厂 ,26,17,58,,,,,1,2012/6/29
高压开关厂 ,28,16,52,,,,,1,2012/6/28
高压开关厂 ,24,21,68,,,,,1,2012/6/27
高压开关厂 ,26,21,57,,,,,1,2012/6/26
高压开关厂 ,37,22,74,,,,,1,2012/6/25
高压开关厂 ,37,25,69,,,,,1,2012/6/24
高压开关厂 ,40,24,63,,,,,1,2012/6/23
高压开关厂 ,40,25,65,,,,,1,2012/6/22
高压开关厂 ,35,30,68,,,,,1,2012/6/21
高压开关厂 ,32,26,69,,,,,1,2012/6/20
高压开关厂 ,36,24,71,,,,,1,2012/6/19
高压开关厂 ,41,23,66,,,,,1,2012/6/18
高压开关厂 ,33,31,63,,,,,1,2012/6/17
高压开关厂 ,31,29,65,,,,,1,2012/6/16
高压开关厂 ,34,25,64,,,,,1,2012/6/15
高压开关厂 ,32,20,62,,,,,1,2012/6/14
高压开关厂 ,28,26,56,,,,,1,2012/6/13
高压开关厂 ,34,23,65,,,,,1,2012/6/12
高压开关厂 ,34,28,61,,,,,1,2012/6/11
高压开关厂 ,40,30,57,,,,,1,2012/6/10
高压开关厂 ,40,24,58,,,,,1,2012/6/9
高压开关厂 ,23,25,54,,,,,1,2012/6/8
高压开关厂 ,34,25,74,,,,,1,2012/6/7
高压开关厂 ,34,19,68,,,,,1,2012/6/6
高压开关厂 ,36,19,78,,,,,1,2012/6/5
高压开关厂 ,43,23,70,,,,,1,2012/6/4
高压开关厂 ,38,16,52,,,,,1,2012/6/3
高压开关厂 ,40,20,58,,,,,1,2012/6/2
高压开关厂 ,41,23,67,,,,,1,2012/6/1
高压开关厂 ,36,22,53,,,,,1,2012/5/31
高压开关厂 ,32,23,49,,,,,0,2012/5/30
高压开关厂 ,35,19,53,,,,,1,2012/5/29
高压开关厂 ,36,21,54,,,,,1,2012/5/28
高压开关厂 ,35,20,67,,,,,1,2012/5/27
高压开关厂 ,30,24,72,,,,,1,2012/5/26
高压开关厂 ,22,24,81,,,,,1,2012/5/25
高压开关厂 ,23,24,88,,,,,1,2012/5/24
高压开关厂 ,16,22,90,,,,,1,2012/5/23
高压开关厂 ,16,17,60,,,,,1,2012/5/22
高压开关厂 ,13,10,69,,,,,1,2012/5/21
高压开关厂 ,30,27,78,,,,,1,2012/5/20
高压开关厂 ,37,39,94,,,,,1,2012/5/19
高压开关厂 ,38,42,87,,,,,1,2012/5/18
高压开关厂 ,29,38,68,,,,,1,2012/5/17
高压开关厂 ,34,40,71,,,,,1,2012/5/16
高压开关厂 ,30,31,59,,,,,1,2012/5/15
高压开关厂 ,30,24,69,,,,,1,2012/5/14
高压开关厂 ,22,24,94,,,,,1,2012/5/13
高压开关厂 ,22,20,66,,,,,1,2012/5/12
高压开关厂 ,25,17,60,,,,,1,2012/5/11
高压开关厂 ,35,27,81,,,,,1,2012/5/10
高压开关厂 ,35,31,81,,,,,1,2012/5/9
高压开关厂 ,36,28,92,,,,,1,2012/5/8
高压开关厂 ,35,30,92,,,,,1,2012/5/7
高压开关厂 ,49,34,90,,,,,1,2012/5/6
高压开关厂 ,49,36,79,,,,,1,2012/5/5
高压开关厂 ,44,36,91,,,,,1,2012/5/4
高压开关厂 ,29,37,77,,,,,1,2012/5/3
高压开关厂 ,15,22,74,,,,,1,2012/5/2
高压开关厂 ,18,22,96,,,,,1,2012/5/1
高压开关厂 ,25,18,80,,,,,1,2012/4/30
高压开关厂 ,32,28,96,,,,,1,2012/4/29
高压开关厂 ,36,34,106,,,,,2,2012/4/28
高压开关厂 ,42,34,84,,,,,1,2012/4/27
高压开关厂 ,44,40,98,,,,,1,2012/4/26
高压开关厂 ,38,34,93,,,,,1,2012/4/25
高压开关厂 ,32,29,77,,,,,1,2012/4/24
高压开关厂 ,41,36,97,,,,,1,2012/4/23
高压开关厂 ,32,29,83,,,,,1,2012/4/22
高压开关厂 ,34,28,92,,,,,1,2012/4/21
高压开关厂 ,37,27,83,,,,,1,2012/4/20
高压开关厂 ,36,32,67,,,,,1,2012/4/19
高压开关厂 ,42,31,91,,,,,1,2012/4/18
高压开关厂 ,53,37,92,,,,,1,2012/4/17
高压开关厂 ,38,34,69,,,,,1,2012/4/16
高压开关厂 ,36,36,73,,,,,1,2012/4/15
高压开关厂 ,33,32,68,,,,,1,2012/4/14
高压开关厂 ,29,20,51,,,,,1,2012/4/13
高压开关厂 ,38,28,54,,,,,1,2012/4/12
高压开关厂 ,30,37,71,,,,,1,2012/4/11
高压开关厂 ,31,27,58,,,,,1,2012/4/10
高压开关厂 ,33,27,71,,,,,1,2012/4/9
高压开关厂 ,41,33,91,,,,,1,2012/4/8
高压开关厂 ,39,30,93,,,,,1,2012/4/7
高压开关厂 ,33,27,91,,,,,1,2012/4/6
高压开关厂 ,27,30,85,,,,,1,2012/4/5
高压开关厂 ,35,27,94,,,,,1,2012/4/4
高压开关厂 ,32,29,88,,,,,1,2012/4/3
高压开关厂 ,41,32,84,,,,,1,2012/4/2
高压开关厂 ,35,32,87,,,,,1,2012/4/1
高压开关厂 ,32,28,67,,,,,1,2012/3/31
高压开关厂 ,52,35,80,,,,,1,2012/3/30
高压开关厂 ,53,34,99,,,,,1,2012/3/29
高压开关厂 ,59,37,93,,,,,1,2012/3/28
高压开关厂 ,59,40,106,,,,,2,2012/3/27
高压开关厂 ,59,46,96,,,,,1,2012/3/26
高压开关厂 ,58,42,88,,,,,1,2012/3/25
高压开关厂 ,49,37,80,,,,,1,2012/3/24
高压开关厂 ,48,31,61,,,,,1,2012/3/23
高压开关厂 ,47,37,74,,,,,1,2012/3/22
高压开关厂 ,52,41,82,,,,,1,2012/3/21
高压开关厂 ,51,40,76,,,,,1,2012/3/20
高压开关厂 ,52,39,119,,,,,2,2012/3/19
高压开关厂 ,65,46,112,,,,,2,2012/3/18
高压开关厂 ,47,42,83,,,,,1,2012/3/17
高压开关厂 ,44,40,78,,,,,1,2012/3/16
高压开关厂 ,49,46,90,,,,,1,2012/3/15
高压开关厂 ,51,50,99,,,,,1,2012/3/14
高压开关厂 ,60,62,119,,,,,2,2012/3/13
高压开关厂 ,49,45,98,,,,,1,2012/3/12
高压开关厂 ,36,50,80,,,,,1,2012/3/11
高压开关厂 ,48,54,90,,,,,1,2012/3/10
高压开关厂 ,45,39,81,,,,,1,2012/3/9
高压开关厂 ,47,43,71,,,,,1,2012/3/8
高压开关厂 ,49,41,79,,,,,1,2012/3/7
高压开关厂 ,39,45,68,,,,,1,2012/3/6
高压开关厂 ,40,39,90,,,,,1,2012/3/5
高压开关厂 ,34,42,75,,,,,1,2012/3/4
高压开关厂 ,43,37,74,,,,,1,2012/3/3
高压开关厂 ,42,50,119,,,,,2,2012/3/2
高压开关厂 ,52,85,130,,,,,2,2012/3/1
高压开关厂 ,47,54,117,,,,,2,2012/2/29
高压开关厂 ,58,47,116,,,,,2,2012/2/28
高压开关厂 ,54,45,90,,,,,1,2012/2/27
高压开关厂 ,66,45,74,,,,,1,2012/2/26
高压开关厂 ,64,39,93,,,,,1,2012/2/25
高压开关厂 ,76,82,108,,,,,2,2012/2/24
高压开关厂 ,77,83,136,,,,,2,2012/2/23
高压开关厂 ,79,55,117,,,,,2,2012/2/22
高压开关厂 ,87,63,112,,,,,2,2012/2/21
高压开关厂 ,74,74,95,,,,,1,2012/2/20
高压开关厂 ,52,44,61,,,,,1,2012/2/19
高压开关厂 ,52,34,59,,,,,1,2012/2/18
高压开关厂 ,48,35,59,,,,,1,2012/2/17
高压开关厂 ,56,44,119,,,,,2,2012/2/16
高压开关厂 ,67,54,129,,,,,2,2012/2/15
高压开关厂 ,65,47,123,,,,,2,2012/2/14
高压开关厂 ,59,38,97,,,,,1,2012/2/13
高压开关厂 ,53,35,93,,,,,1,2012/2/12
高压开关厂 ,52,31,77,,,,,1,2012/2/11
高压开关厂 ,34,26,62,,,,,1,2012/2/10
高压开关厂 ,51,30,58,,,,,1,2012/2/9
高压开关厂 ,45,29,61,,,,,1,2012/2/8
高压开关厂 ,32,26,61,,,,,1,2012/2/7
高压开关厂 ,76,78,149,,,,,2,2012/2/6
高压开关厂 ,70,52,88,,,,,1,2012/2/5
高压开关厂 ,59,50,83,,,,,1,2012/2/4
高压开关厂 ,30,38,60,,,,,1,2012/2/3
高压开关厂 ,39,29,64,,,,,1,2012/2/2
高压开关厂 ,86,68,127,,,,,2,2012/2/1
高压开关厂 ,93,84,121,,,,,2,2012/1/31
高压开关厂 ,94,80,130,,,,,2,2012/1/30
高压开关厂 ,89,85,108,,,,,2,2012/1/29
高压开关厂 ,85,79,96,,,,,1,2012/1/28
高压开关厂 ,61,29,92,,,,,1,2012/1/27
高压开关厂 ,65,50,93,,,,,1,2012/1/26
高压开关厂 ,39,34,59,,,,,1,2012/1/25
高压开关厂 ,50,33,78,,,,,1,2012/1/24
高压开关厂 ,59,35,77,,,,,1,2012/1/23
高压开关厂 ,59,47,68,,,,,1,2012/1/22
高压开关厂 ,63,39,66,,,,,1,2012/1/21
高压开关厂 ,78,79,98,,,,,1,2012/1/20
高压开关厂 ,99,88,128,,,,,2,2012/1/19
高压开关厂 ,76,82,177,,,,,3,2012/1/18
高压开关厂 ,96,77,113,,,,,2,2012/1/17
高压开关厂 ,102,99,113,,,,,2,2012/1/16
高压开关厂 ,81,78,91,,,,,1,2012/1/15
高压开关厂 ,99,70,104,,,,,2,2012/1/14
高压开关厂 ,98,98,110,,,,,2,2012/1/13
高压开关厂 ,88,93,103,,,,,2,2012/1/12
高压开关厂 ,111,98,153,,,,,3,2012/1/11
高压开关厂 ,108,109,171,,,,,3,2012/1/10
高压开关厂 ,111,89,134,,,,,2,2012/1/9
高压开关厂 ,87,99,113,,,,,2,2012/1/8
高压开关厂 ,79,72,83,,,,,1,2012/1/7
高压开关厂 ,77,52,96,,,,,1,2012/1/6
高压开关厂 ,55,43,58,,,,,1,2012/1/5
高压开关厂 ,50,39,34,,,,,0,2012/1/4
高压开关厂 ,57,49,62,,,,,1,2012/1/3
高压开关厂 ,104,118,145,,,,,2,2012/1/2
高压开关厂 ,110,99,256,,,,,5,2012/1/1
高压开关厂 ,96,79,185,,,,,3,2011/12/31
高压开关厂 ,100,83,216,,,,,4,2011/12/30
高压开关厂 ,103,49,140,,,,,2,2011/12/29
高压开关厂 ,76,73,126,,,,,2,2011/12/28
高压开关厂 ,71,45,124,,,,,2,2011/12/27
高压开关厂 ,61,50,118,,,,,2,2011/12/26
高压开关厂 ,64,40,101,,,,,2,2011/12/25
高压开关厂 ,67,41,77,,,,,1,2011/12/24
高压开关厂 ,66,37,85,,,,,1,2011/12/23
高压开关厂 ,60,36,76,,,,,1,2011/12/22
高压开关厂 ,76,48,96,,,,,1,2011/12/21
高压开关厂 ,85,47,125,,,,,2,2011/12/20
高压开关厂 ,82,57,108,,,,,2,2011/12/19
高压开关厂 ,66,31,109,,,,,2,2011/12/18
高压开关厂 ,62,33,75,,,,,1,2011/12/17
高压开关厂 ,70,40,94,,,,,1,2011/12/16
高压开关厂 ,57,41,104,,,,,2,2011/12/15
高压开关厂 ,68,49,113,,,,,2,2011/12/14
高压开关厂 ,61,30,104,,,,,2,2011/12/13
高压开关厂 ,55,26,63,,,,,1,2011/12/12
高压开关厂 ,63,34,103,,,,,2,2011/12/11
高压开关厂 ,90,34,57,,,,,1,2011/12/10
高压开关厂 ,73,27,71,,,,,1,2011/12/9
高压开关厂 ,57,32,60,,,,,1,2011/12/8
高压开关厂 ,56,27,72,,,,,1,2011/12/7
高压开关厂 ,66,32,74,,,,,1,2011/12/6
高压开关厂 ,69,27,77,,,,,1,2011/12/5
高压开关厂 ,70,25,112,,,,,2,2011/12/4
高压开关厂 ,67,37,108,,,,,2,2011/12/3
高压开关厂 ,57,32,77,,,,,1,2011/12/2
高压开关厂 ,47,22,53,,,,,1,2011/12/1
高压开关厂 ,46,29,35,,,,,0,2011/11/30
高压开关厂 ,44,21,77,,,,,1,2011/11/29
高压开关厂 ,43,24,119,,,,,2,2011/11/28
高压开关厂 ,40,32,104,,,,,2,2011/11/27
高压开关厂 ,31,26,105,,,,,2,2011/11/26
高压开关厂 ,36,27,111,,,,,2,2011/11/25
高压开关厂 ,27,29,64,,,,,1,2011/11/24
高压开关厂 ,26,26,67,,,,,1,2011/11/23
高压开关厂 ,29,15,72,,,,,1,2011/11/22
高压开关厂 ,38,23,83,,,,,1,2011/11/21
高压开关厂 ,28,25,56,,,,,1,2011/11/20
高压开关厂 ,29,25,58,,,,,1,2011/11/19
高压开关厂 ,28,12,67,,,,,1,2011/11/18
高压开关厂 ,28,20,63,,,,,1,2011/11/17
高压开关厂 ,29,22,98,,,,,1,2011/11/16
高压开关厂 ,37,27,87,,,,,1,2011/11/15
高压开关厂 ,25,27,95,,,,,1,2011/11/14
高压开关厂 ,22,17,81,,,,,1,2011/11/13
高压开关厂 ,31,17,87,,,,,1,2011/11/12
高压开关厂 ,33,21,95,,,,,1,2011/11/11
高压开关厂 ,25,22,75,,,,,1,2011/11/10
高压开关厂 ,26,19,57,,,,,1,2011/11/9
高压开关厂 ,21,15,43,,,,,0,2011/11/8
高压开关厂 ,24,14,56,,,,,1,2011/11/7
高压开关厂 ,40,16,72,,,,,1,2011/11/5
高压开关厂 ,35,8,68,,,,,1,2011/11/5
高压开关厂 ,21,23,89,,,,,1,2011/11/4
高压开关厂 ,19,22,93,,,,,1,2011/11/3
高压开关厂 ,23,15,99,,,,,1,2011/11/2
高压开关厂 ,21,19,106,,,,,2,2011/11/1
高压开关厂 ,26,29,110,,,,,2,2011/10/31
高压开关厂 ,21,15,93,,,,,1,2011/10/30
高压开关厂 ,20,23,94,,,,,1,2011/10/29
高压开关厂 ,25,30,112,,,,,2,2011/10/28
高压开关厂 ,21,21,89,,,,,1,2011/10/27
高压开关厂 ,20,23,53,,,,,1,2011/10/26
高压开关厂 ,19,14,58,,,,,1,2011/10/25
高压开关厂 ,21,16,55,,,,,1,2011/10/24
高压开关厂 ,19,20,77,,,,,1,2011/10/23
高压开关厂 ,18,22,93,,,,,1,2011/10/22
高压开关厂 ,27,23,99,,,,,1,2011/10/21
高压开关厂 ,23,29,94,,,,,1,2011/10/20
高压开关厂 ,21,22,86,,,,,1,2011/10/19
高压开关厂 ,12,20,74,,,,,1,2011/10/18
高压开关厂 ,19,25,52,,,,,1,2011/10/17
高压开关厂 ,21,24,41,,,,,0,2011/10/16
高压开关厂 ,28,24,64,,,,,1,2011/10/15
高压开关厂 ,24,23,47,,,,,0,2011/10/14
高压开关厂 ,18,19,55,,,,,1,2011/10/13
高压开关厂 ,19,19,63,,,,,1,2011/10/12
高压开关厂 ,19,29,79,,,,,1,2011/10/11
高压开关厂 ,18,21,76,,,,,1,2011/10/10
高压开关厂 ,22,31,91,,,,,1,2011/10/9
高压开关厂 ,25,24,96,,,,,1,2011/10/8
高压开关厂 ,19,29,90,,,,,1,2011/10/7
高压开关厂 ,16,24,67,,,,,1,2011/10/6
高压开关厂 ,23,19,69,,,,,1,2011/10/5
高压开关厂 ,23,19,69,,,,,1,2011/10/5
高压开关厂 ,22,22,73,,,,,1,2011/10/4
高压开关厂 ,22,19,67,,,,,1,2011/10/3
高压开关厂 ,17,14,77,,,,,1,2011/10/2
高压开关厂 ,20,24,80,,,,,1,2011/10/1
高压开关厂 ,28,23,67,,,,,1,2011/9/30
高压开关厂 ,20,17,44,,,,,0,2011/9/29
高压开关厂 ,13,24,72,,,,,1,2011/9/28
高压开关厂 ,23,27,70,,,,,1,2011/9/27
高压开关厂 ,24,27,78,,,,,1,2011/9/26
高压开关厂 ,45,27,92,,,,,1,2011/9/25
高压开关厂 ,45,25,76,,,,,1,2011/9/24
高压开关厂 ,35,23,63,,,,,1,2011/9/23
高压开关厂 ,23,25,60,,,,,1,2011/9/22
高压开关厂 ,14,15,60,,,,,1,2011/9/21
高压开关厂 ,13,12,44,,,,,0,2011/9/20
高压开关厂 ,7,8,35,,,,,0,2011/9/19
高压开关厂 ,6,9,29,,,,,0,2011/9/18
高压开关厂 ,16,9,47,,,,,0,2011/9/17
高压开关厂 ,11,15,73,,,,,1,2011/9/16
高压开关厂 ,18,18,64,,,,,1,2011/9/15
高压开关厂 ,11,13,45,,,,,0,2011/9/14
高压开关厂 ,23,19,47,,,,,0,2011/9/13
高压开关厂 ,11,14,24,,,,,0,2011/9/12
高压开关厂 ,16,14,53,,,,,1,2011/9/11
高压开关厂 ,28,24,66,,,,,1,2011/9/10
高压开关厂 ,22,29,74,,,,,1,2011/9/9
高压开关厂 ,16,19,57,,,,,1,2011/9/8
高压开关厂 ,12,19,42,,,,,0,2011/9/7
高压开关厂 ,8,19,33,,,,,0,2011/9/6
高压开关厂 ,13,20,38,,,,,0,2011/9/5
高压开关厂 ,31,30,61,,,,,1,2011/9/4
高压开关厂 ,25,18,76,,,,,1,2011/9/3
高压开关厂 ,35,37,100,,,,,1,2011/9/2
高压开关厂 ,28,34,92,,,,,1,2011/9/1
高压开关厂 ,35,33,95,,,,,1,2011/8/31
高压开关厂 ,39,27,85,,,,,1,2011/8/30
高压开关厂 ,37,29,68,,,,,1,2011/8/29
高压开关厂 ,16,20,79,,,,,1,2011/8/28
高压开关厂 ,15,20,72,,,,,1,2011/8/27
高压开关厂 ,17,16,54,,,,,1,2011/8/26
高压开关厂 ,18,13,90,,,,,1,2011/8/25
高压开关厂 ,23,25,75,,,,,1,2011/8/24
高压开关厂 ,18,20,67,,,,,1,2011/8/23
高压开关厂 ,13,20,58,,,,,1,2011/8/22
高压开关厂 ,13,14,54,,,,,1,2011/8/21
高压开关厂 ,18,12,51,,,,,1,2011/8/20
高压开关厂 ,12,9,41,,,,,0,2011/8/19
高压开关厂 ,28,12,64,,,,,1,2011/8/18
高压开关厂 ,25,21,55,,,,,1,2011/8/17
高压开关厂 ,15,12,79,,,,,1,2011/8/16
高压开关厂 ,14,24,87,,,,,1,2011/8/15
高压开关厂 ,15,29,108,,,,,2,2011/8/14
高压开关厂 ,10,24,87,,,,,1,2011/8/13
高压开关厂 ,17,24,88,,,,,1,2011/8/12
高压开关厂 ,25,21,84,,,,,1,2011/8/11
高压开关厂 ,35,19,86,,,,,1,2011/8/10
高压开关厂 ,19,24,109,,,,,2,2011/8/9
高压开关厂 ,23,21,90,,,,,1,2011/8/8
高压开关厂 ,32,14,84,,,,,1,2011/8/7
高压开关厂 ,11,15,59,,,,,1,2011/8/6
高压开关厂 ,16,15,84,,,,,1,2011/8/5
高压开关厂 ,14,15,99,,,,,1,2011/8/4
高压开关厂 ,16,14,69,,,,,1,2011/8/3
高压开关厂 ,13,15,55,,,,,1,2011/8/2
高压开关厂 ,10,12,48,,,,,0,2011/8/1
高压开关厂 ,17,16,49,,,,,0,2011/7/31
高压开关厂 ,13,9,36,,,,,0,2011/7/30
高压开关厂 ,26,10,52,,,,,1,2011/7/29
高压开关厂 ,32,22,60,,,,,1,2011/7/28
高压开关厂 ,21,21,71,,,,,1,2011/7/27
高压开关厂 ,26,19,65,,,,,1,2011/7/26
高压开关厂 ,16,20,66,,,,,1,2011/7/25
高压开关厂 ,42,29,97,,,,,1,2011/7/24
高压开关厂 ,17,27,73,,,,,1,2011/7/23
高压开关厂 ,17,20,68,,,,,1,2011/7/22
高压开关厂 ,15,15,63,,,,,1,2011/7/21
高压开关厂 ,28,22,85,,,,,1,2011/7/20
高压开关厂 ,25,15,80,,,,,1,2011/7/19
高压开关厂 ,22,15,66,,,,,1,2011/7/18
高压开关厂 ,17,22,76,,,,,1,2011/7/17
高压开关厂 ,15,22,83,,,,,1,2011/7/16
高压开关厂 ,35,30,87,,,,,1,2011/7/15
高压开关厂 ,29,24,62,,,,,1,2011/7/14
高压开关厂 ,36,24,79,,,,,1,2011/7/13
高压开关厂 ,40,22,75,,,,,1,2011/7/12
高压开关厂 ,26,19,90,,,,,1,2011/7/11
高压开关厂 ,29,32,87,,,,,1,2011/7/10
高压开关厂 ,15,17,71,,,,,1,2011/7/9
高压开关厂 ,20,15,77,,,,,1,2011/7/8
高压开关厂 ,12,18,49,,,,,0,2011/7/7
高压开关厂 ,12,14,31,,,,,0,2011/7/6
高压开关厂 ,27,21,79,,,,,1,2011/7/5
高压开关厂 ,9,17,57,,,,,1,2011/7/4
高压开关厂 ,12,27,58,,,,,1,2011/7/3
高压开关厂 ,14,20,52,,,,,1,2011/7/2
高压开关厂 ,25,31,58,,,,,1,2011/7/1
高压开关厂 ,17,27,58,,,,,1,2011/6/30
高压开关厂 ,17,25,47,,,,,0,2011/6/29
高压开关厂 ,21,17,55,,,,,1,2011/6/28
高压开关厂 ,21,14,56,,,,,1,2011/6/27
高压开关厂 ,34,23,61,,,,,1,2011/6/26
高压开关厂 ,31,20,61,,,,,1,2011/6/25
高压开关厂 ,14,17,51,,,,,1,2011/6/24
高压开关厂 ,16,15,38,,,,,0,2011/6/23
高压开关厂 ,16,22,64,,,,,1,2011/6/22
高压开关厂 ,11,11,67,,,,,1,2011/6/21
高压开关厂 ,18,19,71,,,,,1,2011/6/20
高压开关厂 ,18,22,76,,,,,1,2011/6/19
高压开关厂 ,13,14,50,,,,,0,2011/6/18
高压开关厂 ,13,17,71,,,,,1,2011/6/17
高压开关厂 ,16,25,69,,,,,1,2011/6/16
高压开关厂 ,40,32,62,,,,,1,2011/6/15
高压开关厂 ,12,18,61,,,,,1,2011/6/14
高压开关厂 ,22,18,71,,,,,1,2011/6/13
高压开关厂 ,32,28,76,,,,,1,2011/6/12
高压开关厂 ,18,29,61,,,,,1,2011/6/11
高压开关厂 ,29,20,46,,,,,0,2011/6/10
高压开关厂 ,24,17,76,,,,,1,2011/6/9
高压开关厂 ,29,28,67,,,,,1,2011/6/8
高压开关厂 ,47,48,75,,,,,1,2011/6/7
高压开关厂 ,45,67,72,,,,,1,2011/6/7
高压开关厂 ,52,47,94,,,,,1,2011/6/6
高压开关厂 ,16,20,92,,,,,1,2011/6/5
高压开关厂 ,11,23,84,,,,,1,2011/6/4
高压开关厂 ,21,43,77,,,,,1,2011/6/3
高压开关厂 ,20,22,71,,,,,1,2011/6/2
高压开关厂 ,18,13,73,,,,,1,2011/6/1
高压开关厂 ,10,19,59,,,,,1,2011/5/31
高压开关厂 ,5,25,80,,,,,1,2011/5/30
高压开关厂 ,7,22,73,,,,,1,2011/5/29
高压开关厂 ,15,15,90,,,,,1,2011/5/28
高压开关厂 ,20,24,75,,,,,1,2011/5/27
高压开关厂 ,16,19,78,,,,,1,2011/5/26
高压开关厂 ,14,23,70,,,,,1,2011/5/25
高压开关厂 ,21,30,55,,,,,1,2011/5/24
高压开关厂 ,19,15,37,,,,,0,2011/5/23
高压开关厂 ,17,20,39,,,,,0,2011/5/22
高压开关厂 ,13,21,39,,,,,0,2011/5/21
高压开关厂 ,44,26,91,,,,,1,2011/5/20
高压开关厂 ,38,43,112,,,,,2,2011/5/19
高压开关厂 ,22,47,98,,,,,1,2011/5/18
高压开关厂 ,21,40,72,,,,,1,2011/5/17
高压开关厂 ,34,30,67,,,,,1,2011/5/16
高压开关厂 ,30,39,69,,,,,1,2011/5/15
高压开关厂 ,29,25,52,,,,,1,2011/5/14
高压开关厂 ,29,23,63,,,,,1,2011/5/13
高压开关厂 ,12,22,71,,,,,1,2011/5/12
高压开关厂 ,13,28,63,,,,,1,2011/5/11
高压开关厂 ,15,10,67,,,,,1,2011/5/10
高压开关厂 ,19,18,89,,,,,1,2011/5/9
高压开关厂 ,13,20,95,,,,,1,2011/5/8
高压开关厂 ,13,20,94,,,,,1,2011/5/7
高压开关厂 ,12,23,87,,,,,1,2011/5/6
高压开关厂 ,9,19,78,,,,,1,2011/5/5
高压开关厂 ,9,24,84,,,,,1,2011/5/4
高压开关厂 ,8,34,79,,,,,1,2011/5/3
高压开关厂 ,10,20,52,,,,,1,2011/5/2
高压开关厂 ,27,28,82,,,,,1,2011/5/1
高压开关厂 ,36,33,164,,,,,3,2011/4/30
高压开关厂 ,36,42,95,,,,,1,2011/4/29
高压开关厂 ,20,35,80,,,,,1,2011/4/28
高压开关厂 ,20,20,87,,,,,1,2011/4/27
高压开关厂 ,36,35,104,,,,,2,2011/4/26
高压开关厂 ,40,45,107,,,,,2,2011/4/25
高压开关厂 ,32,30,80,,,,,1,2011/4/24
高压开关厂 ,25,25,90,,,,,1,2011/4/23
高压开关厂 ,28,33,98,,,,,1,2011/4/22
高压开关厂 ,19,25,91,,,,,1,2011/4/21
高压开关厂 ,30,26,97,,,,,1,2011/4/20
高压开关厂 ,31,21,85,,,,,1,2011/4/19
高压开关厂 ,39,16,92,,,,,1,2011/4/18
高压开关厂 ,10,30,73,,,,,1,2011/4/17
高压开关厂 ,28,22,90,,,,,1,2011/4/16
高压开关厂 ,14,15,94,,,,,1,2011/4/15
高压开关厂 ,12,54,118,,,,,2,2011/4/14
高压开关厂 ,36,58,124,,,,,2,2011/4/13
高压开关厂 ,32,36,106,,,,,2,2011/4/12
高压开关厂 ,30,30,85,,,,,1,2011/4/11
高压开关厂 ,47,55,128,,,,,2,2011/4/10
高压开关厂 ,52,39,93,,,,,1,2011/4/9
高压开关厂 ,29,37,96,,,,,1,2011/4/8
高压开关厂 ,28,35,95,,,,,1,2011/4/7
高压开关厂 ,29,35,82,,,,,1,2011/4/6
高压开关厂 ,44,37,91,,,,,1,2011/4/5
高压开关厂 ,35,38,91,,,,,1,2011/4/4
高压开关厂 ,33,22,59,,,,,1,2011/4/3
高压开关厂 ,19,27,73,,,,,1,2011/4/2
高压开关厂 ,49,44,90,,,,,1,2011/4/1
高压开关厂 ,48,50,99,,,,,1,2011/3/31
高压开关厂 ,62,54,115,,,,,2,2011/3/30
高压开关厂 ,51,40,95,,,,,1,2011/3/29
高压开关厂 ,59,41,97,,,,,1,2011/3/28
高压开关厂 ,47,26,95,,,,,1,2011/3/27
高压开关厂 ,43,24,95,,,,,1,2011/3/26
高压开关厂 ,40,37,99,,,,,1,2011/3/25
高压开关厂 ,33,35,94,,,,,1,2011/3/24
高压开关厂 ,28,35,98,,,,,1,2011/3/23
高压开关厂 ,12,22,60,,,,,1,2011/3/22
高压开关厂 ,27,29,57,,,,,1,2011/3/21
高压开关厂 ,34,27,96,,,,,1,2011/3/20
高压开关厂 ,33,31,134,,,,,2,2011/3/19
高压开关厂 ,65,47,157,,,,,3,2011/3/18
高压开关厂 ,35,44,82,,,,,1,2011/3/17
高压开关厂 ,46,35,89,,,,,1,2011/3/16
高压开关厂 ,32,24,74,,,,,1,2011/3/15
高压开关厂 ,41,24,163,,,,,3,2011/3/14
高压开关厂 ,56,44,95,,,,,1,2011/3/13
高压开关厂 ,69,45,95,,,,,1,2011/3/12
高压开关厂 ,51,40,96,,,,,1,2011/3/11
高压开关厂 ,52,37,77,,,,,1,2011/3/10
高压开关厂 ,63,37,83,,,,,1,2011/3/9
高压开关厂 ,63,35,87,,,,,1,2011/3/8
高压开关厂 ,62,35,93,,,,,1,2011/3/7
高压开关厂 ,80,40,116,,,,,2,2011/3/6
高压开关厂 ,66,38,89,,,,,1,2011/3/5
高压开关厂 ,61,25,56,,,,,1,2011/3/4
高压开关厂 ,61,34,81,,,,,1,2011/3/3
高压开关厂 ,47,34,68,,,,,1,2011/3/2
高压开关厂 ,45,24,51,,,,,1,2011/3/1
高压开关厂 ,66,36,77,,,,,1,2011/2/28
高压开关厂 ,57,34,92,,,,,1,2011/2/27
高压开关厂 ,62,39,113,,,,,2,2011/2/26
高压开关厂 ,102,90,175,,,,,3,2011/2/25
高压开关厂 ,78,72,154,,,,,3,2011/2/24
高压开关厂 ,86,73,125,,,,,2,2011/2/23
高压开关厂 ,80,47,104,,,,,2,2011/2/22
高压开关厂 ,97,70,150,,,,,2,2011/2/21
高压开关厂 ,94,45,152,,,,,3,2011/2/20
高压开关厂 ,61,40,122,,,,,2,2011/2/19
高压开关厂 ,71,40,108,,,,,2,2011/2/18
高压开关厂 ,80,43,125,,,,,2,2011/2/17
高压开关厂 ,72,37,84,,,,,1,2011/2/16
高压开关厂 ,64,31,75,,,,,1,2011/2/15
高压开关厂 ,52,24,35,,,,,1,2011/2/14
高压开关厂 ,81,36,82,,,,,1,2011/2/13
高压开关厂 ,72,39,73,,,,,1,2011/2/12
高压开关厂 ,66,38,94,,,,,1,2011/2/11
高压开关厂 ,69,33,69,,,,,1,2011/2/10
高压开关厂 ,88,47,118,,,,,2,2011/2/9
高压开关厂 ,65,52,94,,,,,1,2011/2/8
高压开关厂 ,74,45,95,,,,,1,2011/2/7
高压开关厂 ,101,68,105,,,,,2,2011/2/6
高压开关厂 ,75,46,88,,,,,1,2011/2/5
高压开关厂 ,79,49,137,,,,,2,2011/2/4
高压开关厂 ,105,69,205,,,,,4,2011/2/3
高压开关厂 ,92,63,117,,,,,2,2011/2/2
高压开关厂 ,95,55,108,,,,,2,2011/2/1
高压开关厂 ,73,44,84,,,,,1,2011/1/31
高压开关厂 ,62,35,71,,,,,1,2011/1/30
高压开关厂 ,63,24,59,,,,,1,2011/1/29
高压开关厂 ,86,36,96,,,,,1,2011/1/28
高压开关厂 ,106,44,117,,,,,2,2011/1/27
高压开关厂 ,95,39,108,,,,,2,2011/1/26
高压开关厂 ,101,47,102,,,,,2,2011/1/25
高压开关厂 ,63,32,83,,,,,1,2011/1/24
高压开关厂 ,86,62,118,,,,,2,2011/1/23
高压开关厂 ,103,94,171,,,,,3,2011/1/22
高压开关厂 ,73,70,144,,,,,2,2011/1/21
高压开关厂 ,90,14,140,,,,,2,2011/1/20
高压开关厂 ,77,28,93,,,,,1,2011/1/19
高压开关厂 ,68,27,93,,,,,1,2011/1/18
高压开关厂 ,69,35,70,,,,,1,2011/1/17
高压开关厂 ,74,35,96,,,,,1,2011/1/16
高压开关厂 ,84,42,116,,,,,2,2011/1/15
高压开关厂 ,99,44,161,,,,,3,2011/1/14
高压开关厂 ,104,47,118,,,,,2,2011/1/13
高压开关厂 ,85,27,80,,,,,1,2011/1/12
高压开关厂 ,74,37,80,,,,,1,2011/1/11
高压开关厂 ,60,23,81,,,,,1,2011/1/10
高压开关厂 ,74,25,100,,,,,1,2011/1/9
高压开关厂 ,76,21,84,,,,,1,2011/1/9
高压开关厂 ,72,19,78,,,,,1,2011/1/7
高压开关厂 ,63,24,65,,,,,1,2011/1/6
高压开关厂 ,63,27,119,,,,,2,2011/1/5
高压开关厂 ,76,19,86,,,,,1,2011/1/4
高压开关厂 ,47,16,62,,,,,1,2011/1/3
高压开关厂 ,35,15,79,,,,,1,2011/1/2
高压开关厂 ,64,10,66,,,,,1,2011/1/1
高压开关厂 ,62,17,65,,,,,1,2010/12/31
高压开关厂 ,60,21,69,,,,,1,2010/12/30
高压开关厂 ,73,40,97,,,,,1,2010/12/29
高压开关厂 ,67,39,81,,,,,1,2010/12/28
高压开关厂 ,72,43,112,,,,,2,2010/12/27
高压开关厂 ,62,29,97,,,,,1,2010/12/26
高压开关厂 ,75,31,70,,,,,1,2010/12/25
高压开关厂 ,73,40,86,,,,,1,2010/12/24
高压开关厂 ,91,79,146,,,,,2,2010/12/23
高压开关厂 ,76,74,110,,,,,2,2010/12/22
高压开关厂 ,83,52,96,,,,,1,2010/12/21
高压开关厂 ,89,68,115,,,,,2,2010/12/20
高压开关厂 ,76,55,96,,,,,1,2010/12/19
高压开关厂 ,94,46,120,,,,,2,2010/12/18
高压开关厂 ,78,32,94,,,,,1,2010/12/17
高压开关厂 ,55,14,62,,,,,1,2010/12/16
高压开关厂 ,59,22,59,,,,,1,2010/12/15
高压开关厂 ,69,32,88,,,,,1,2010/12/14
高压开关厂 ,101,54,153,,,,,3,2010/12/13
高压开关厂 ,59,21,97,,,,,1,2010/12/12
高压开关厂 ,65,42,92,,,,,1,2010/12/11
高压开关厂 ,88,57,127,,,,,2,2010/12/10
高压开关厂 ,91,38,113,,,,,2,2010/12/9
高压开关厂 ,65,42,74,,,,,1,2010/12/8
高压开关厂 ,81,32,92,,,,,1,2010/12/7
高压开关厂 ,64,27,100,,,,,1,2010/12/6
高压开关厂 ,102,74,137,,,,,2,2010/12/5
高压开关厂 ,107,70,136,,,,,2,2010/12/4
高压开关厂 ,73,42,97,,,,,1,2010/12/3
高压开关厂 ,95,50,98,,,,,1,2010/12/2
高压开关厂 ,89,44,93,,,,,1,2010/12/1
高压开关厂 ,73,30,77,,,,,1,2010/11/30
高压开关厂 ,81,38,92,,,,,1,2010/11/29
高压开关厂 ,82,43,97,,,,,1,2010/11/28
高压开关厂 ,95,52,97,,,,,1,2010/11/27
高压开关厂 ,105,74,132,,,,,2,2010/11/26
高压开关厂 ,103,87,112,,,,,2,2010/11/25
高压开关厂 ,106,104,122,,,,,2,2010/11/24
高压开关厂 ,94,33,97,,,,,1,2010/11/23
高压开关厂 ,80,44,74,,,,,1,2010/11/22
高压开关厂 ,95,34,98,,,,,1,2010/11/21
高压开关厂 ,96,27,137,,,,,2,2010/11/20
高压开关厂 ,74,20,85,,,,,1,2010/11/19
高压开关厂 ,98,99,140,,,,,2,2010/11/18
高压开关厂 ,91,34,118,,,,,2,2010/11/17
高压开关厂 ,59,25,85,,,,,1,2010/11/16
高压开关厂 ,65,14,64,,,,,1,2010/11/15
高压开关厂 ,55,19,66,,,,,1,2010/11/14
高压开关厂 ,69,27,90,,,,,1,2010/11/13
高压开关厂 ,57,38,126,,,,,2,2010/11/12
高压开关厂 ,60,22,93,,,,,1,2010/11/11
高压开关厂 ,67,27,99,,,,,1,2010/11/10
高压开关厂 ,51,27,94,,,,,1,2010/11/10
高压开关厂 ,60,20,100,,,,,1,2010/11/8
高压开关厂 ,71,29,88,,,,,1,2010/11/7
高压开关厂 ,51,38,126,,,,,2,2010/11/6
高压开关厂 ,59,53,94,,,,,1,2010/11/5
高压开关厂 ,52,30,86,,,,,1,2010/11/4
高压开关厂 ,53,28,67,,,,,1,2010/11/3
高压开关厂 ,42,31,78,,,,,1,2010/11/2
高压开关厂 ,58,62,125,,,,,2,2010/11/1
高压开关厂 ,41,89,140,,,,,2,2010/10/31
高压开关厂 ,42,78,114,,,,,2,2010/10/30
高压开关厂 ,49,40,96,,,,,1,2010/10/29
高压开关厂 ,46,15,98,,,,,1,2010/10/28
高压开关厂 ,31,18,79,,,,,1,2010/10/27
高压开关厂 ,26,7,53,,,,,1,2010/10/26
高压开关厂 ,32,21,56,,,,,1,2010/10/25
高压开关厂 ,50,57,145,,,,,2,2010/10/24
高压开关厂 ,34,41,110,,,,,2,2010/10/23
高压开关厂 ,51,50,107,,,,,2,2010/10/22
高压开关厂 ,48,63,130,,,,,2,2010/10/21
高压开关厂 ,39,58,140,,,,,2,2010/10/20
高压开关厂 ,21,65,177,,,,,3,2010/10/19
高压开关厂 ,53,93,123,,,,,2,2010/10/18
高压开关厂 ,57,73,142,,,,,2,2010/10/17
高压开关厂 ,48,82,124,,,,,2,2010/10/16
高压开关厂 ,48,44,100,,,,,1,2010/10/15
高压开关厂 ,60,39,97,,,,,1,2010/10/14
高压开关厂 ,40,33,97,,,,,1,2010/10/13
高压开关厂 ,29,40,88,,,,,1,2010/10/12
高压开关厂 ,36,30,54,,,,,1,2010/10/11
高压开关厂 ,35,48,98,,,,,1,2010/10/10
高压开关厂 ,43,47,148,,,,,2,2010/10/9
高压开关厂 ,47,39,94,,,,,1,2010/10/8
高压开关厂 ,38,50,88,,,,,1,2010/10/7
高压开关厂 ,38,27,86,,,,,1,2010/10/6
高压开关厂 ,44,26,93,,,,,1,2010/10/5
高压开关厂 ,35,44,88,,,,,1,2010/10/4
高压开关厂 ,37,31,98,,,,,1,2010/10/3
高压开关厂 ,31,25,96,,,,,1,2010/10/2
高压开关厂 ,38,30,100,,,,,1,2010/10/1
高压开关厂 ,42,32,97,,,,,1,2010/9/30
高压开关厂 ,36,27,117,,,,,2,2010/9/29
高压开关厂 ,49,48,118,,,,,2,2010/9/28
高压开关厂 ,45,26,94,,,,,1,2010/9/27
高压开关厂 ,40,33,88,,,,,1,2010/9/26
高压开关厂 ,12,15,75,,,,,1,2010/9/25
高压开关厂 ,44,39,83,,,,,1,2010/9/24
高压开关厂 ,27,29,54,,,,,1,2010/9/23
高压开关厂 ,16,20,51,,,,,1,2010/9/22
高压开关厂 ,45,32,100,,,,,1,2010/9/21
高压开关厂 ,32,29,93,,,,,1,2010/9/20
高压开关厂 ,27,32,95,,,,,1,2010/9/19
高压开关厂 ,23,28,92,,,,,1,2010/9/18
高压开关厂 ,14,27,88,,,,,1,2010/9/17
高压开关厂 ,25,29,99,,,,,1,2010/9/16
高压开关厂 ,13,26,94,,,,,1,2010/9/15
高压开关厂 ,16,25,85,,,,,1,2010/9/14
高压开关厂 ,15,39,94,,,,,1,2010/9/13
高压开关厂 ,32,32,96,,,,,1,2010/9/12
高压开关厂 ,40,27,92,,,,,1,2010/9/11
高压开关厂 ,22,27,64,,,,,1,2010/9/10
高压开关厂 ,35,24,98,,,,,1,2010/9/9
高压开关厂 ,32,26,92,,,,,1,2010/9/8
高压开关厂 ,14,20,84,,,,,1,2010/9/7
高压开关厂 ,21,24,100,,,,,1,2010/9/6
高压开关厂 ,30,28,97,,,,,1,2010/9/5
高压开关厂 ,24,22,87,,,,,1,2010/9/4
高压开关厂 ,30,30,96,,,,,1,2010/9/3
高压开关厂 ,33,32,96,,,,,1,2010/9/2
高压开关厂 ,40,30,78,,,,,1,2010/9/1
高压开关厂 ,35,24,83,,,,,1,2010/8/31
高压开关厂 ,30,31,98,,,,,1,2010/8/30
高压开关厂 ,29,22,94,,,,,1,2010/8/29
高压开关厂 ,35,23,93,,,,,1,2010/8/28
高压开关厂 ,25,27,94,,,,,1,2010/8/27
高压开关厂 ,34,25,88,,,,,1,2010/8/26
高压开关厂 ,23,31,84,,,,,1,2010/8/25
高压开关厂 ,5,15,39,,,,,0,2010/8/24
高压开关厂 ,24,22,69,,,,,1,2010/8/23
高压开关厂 ,16,22,49,,,,,0,2010/8/22
高压开关厂 ,17,19,67,,,,,1,2010/8/21
高压开关厂 ,9,17,43,,,,,0,2010/8/20
高压开关厂 ,32,22,96,,,,,1,2010/8/19
高压开关厂 ,25,30,99,,,,,1,2010/8/18
高压开关厂 ,26,24,99,,,,,1,2010/8/17
高压开关厂 ,34,22,92,,,,,1,2010/8/16
高压开关厂 ,21,20,76,,,,,1,2010/8/15
高压开关厂 ,12,14,52,,,,,1,2010/8/14
高压开关厂 ,7,17,68,,,,,1,2010/8/13
高压开关厂 ,6,12,92,,,,,1,2010/8/12
高压开关厂 ,12,15,98,,,,,1,2010/8/11
高压开关厂 ,19,25,74,,,,,1,2010/8/10
高压开关厂 ,22,19,96,,,,,1,2010/8/9
高压开关厂 ,19,22,82,,,,,1,2010/8/8
高压开关厂 ,17,21,99,,,,,1,2010/8/7
高压开关厂 ,15,27,83,,,,,1,2010/8/6
高压开关厂 ,16,23,68,,,,,1,2010/8/5
高压开关厂 ,17,29,76,,,,,1,2010/8/4
高压开关厂 ,10,23,96,,,,,1,2010/8/3
高压开关厂 ,12,16,57,,,,,1,2010/8/2
高压开关厂 ,23,22,99,,,,,1,2010/8/1
高压开关厂 ,22,24,98,,,,,1,2010/7/31
高压开关厂 ,21,30,96,,,,,1,2010/7/30
高压开关厂 ,23,29,97,,,,,1,2010/7/29
高压开关厂 ,15,20,93,,,,,1,2010/7/28
高压开关厂 ,14,26,89,,,,,1,2010/7/27
高压开关厂 ,13,15,75,,,,,1,2010/7/26
高压开关厂 ,7,10,61,,,,,1,2010/7/25
高压开关厂 ,11,14,78,,,,,1,2010/7/24
高压开关厂 ,16,27,94,,,,,1,2010/7/23
高压开关厂 ,14,17,68,,,,,1,2010/7/22
高压开关厂 ,24,31,88,,,,,1,2010/7/21
高压开关厂 ,17,37,88,,,,,1,2010/7/20
高压开关厂 ,9,21,73,,,,,1,2010/7/19
高压开关厂 ,11,19,63,,,,,1,2010/7/18
高压开关厂 ,13,23,71,,,,,1,2010/7/17
高压开关厂 ,5,22,95,,,,,1,2010/7/16
高压开关厂 ,6,9,90,,,,,1,2010/7/15
高压开关厂 ,17,15,88,,,,,1,2010/7/14
高压开关厂 ,19,9,93,,,,,1,2010/7/13
高压开关厂 ,22,24,96,,,,,1,2010/7/13
高压开关厂 ,39,32,78,,,,,1,2010/7/11
高压开关厂 ,15,14,43,,,,,0,2010/7/10
高压开关厂 ,14,15,94,,,,,1,2010/7/9
高压开关厂 ,32,21,100,,,,,1,2010/7/8
高压开关厂 ,29,19,87,,,,,1,2010/7/7
高压开关厂 ,44,32,99,,,,,1,2010/7/6
高压开关厂 ,28,27,76,,,,,1,2010/7/5
高压开关厂 ,39,29,71,,,,,1,2010/7/4
高压开关厂 ,15,20,73,,,,,1,2010/7/3
高压开关厂 ,39,29,74,,,,,1,2010/7/2
高压开关厂 ,25,25,55,,,,,1,2010/7/1
高压开关厂 ,25,25,64,,,,,1,2010/6/30
高压开关厂 ,32,22,81,,,,,1,2010/6/29
高压开关厂 ,45,25,94,,,,,1,2010/6/28
高压开关厂 ,26,24,79,,,,,1,2010/6/27
高压开关厂 ,27,24,98,,,,,1,2010/6/26
高压开关厂 ,22,21,96,,,,,1,2010/6/25
高压开关厂 ,22,15,94,,,,,1,2010/6/24
高压开关厂 ,34,24,94,,,,,1,2010/6/23
高压开关厂 ,40,14,80,,,,,1,2010/6/22
高压开关厂 ,27,26,65,,,,,1,2010/6/21
高压开关厂 ,43,34,69,,,,,1,2010/6/20
高压开关厂 ,44,34,108,,,,,2,2010/6/19
高压开关厂 ,49,32,98,,,,,1,2010/6/18
高压开关厂 ,47,36,99,,,,,1,2010/6/17
高压开关厂 ,24,36,66,,,,,1,2010/6/16
高压开关厂 ,38,34,89,,,,,1,2010/6/15
高压开关厂 ,37,31,83,,,,,1,2010/6/14
高压开关厂 ,39,25,89,,,,,1,2010/6/13
高压开关厂 ,34,21,84,,,,,1,2010/6/12
高压开关厂 ,22,33,97,,,,,1,2010/6/11
高压开关厂 ,21,26,86,,,,,1,2010/6/10
高压开关厂 ,9,15,69,,,,,1,2010/6/9
高压开关厂 ,15,20,93,,,,,1,2010/6/8
高压开关厂 ,16,20,77,,,,,1,2010/6/7
高压开关厂 ,14,22,80,,,,,1,2010/6/6
高压开关厂 ,22,37,76,,,,,1,2010/6/5
高压开关厂 ,21,32,67,,,,,1,2010/6/4
高压开关厂 ,39,31,82,,,,,1,2010/6/3
高压开关厂 ,21,22,66,,,,,1,2010/6/2
高压开关厂 ,27,20,71,,,,,1,2010/6/1
高压开关厂 ,35,27,95,,,,,1,2010/5/31
高压开关厂 ,36,36,96,,,,,1,2010/5/30
高压开关厂 ,39,32,99,,,,,1,2010/5/29
高压开关厂 ,25,22,69,,,,,1,2010/5/28
高压开关厂 ,21,21,56,,,,,1,2010/5/27
高压开关厂 ,13,24,64,,,,,1,2010/5/26
高压开关厂 ,33,29,94,,,,,1,2010/5/25
高压开关厂 ,36,34,103,,,,,2,2010/5/24
高压开关厂 ,37,29,72,,,,,1,2010/5/23
高压开关厂 ,24,34,51,,,,,1,2010/5/22
高压开关厂 ,30,28,94,,,,,1,2010/5/21
高压开关厂 ,31,29,95,,,,,1,2010/5/20
高压开关厂 ,44,25,80,,,,,1,2010/5/19
高压开关厂 ,25,27,51,,,,,1,2010/5/18
高压开关厂 ,37,37,96,,,,,1,2010/5/17
高压开关厂 ,36,30,97,,,,,1,2010/5/16
高压开关厂 ,23,30,103,,,,,2,2010/5/15
高压开关厂 ,20,29,70,,,,,1,2010/5/14
高压开关厂 ,24,20,70,,,,,1,2010/5/13
高压开关厂 ,28,22,96,,,,,1,2010/5/12
高压开关厂 ,27,41,104,,,,,2,2010/5/11
高压开关厂 ,35,34,119,,,,,2,2010/5/10
高压开关厂 ,35,30,93,,,,,1,2010/5/9
高压开关厂 ,36,31,86,,,,,1,2010/5/8
高压开关厂 ,37,35,67,,,,,1,2010/5/7
高压开关厂 ,30,25,59,,,,,1,2010/5/6
高压开关厂 ,38,29,103,,,,,2,2010/5/5
高压开关厂 ,40,27,105,,,,,2,2010/5/4
高压开关厂 ,55,40,106,,,,,2,2010/5/3
高压开关厂 ,44,31,97,,,,,1,2010/5/2
高压开关厂 ,31,22,98,,,,,1,2010/5/1
高压开关厂 ,31,27,124,,,,,2,2010/4/30
高压开关厂 ,26,26,113,,,,,2,2010/4/29
高压开关厂 ,33,27,128,,,,,2,2010/4/28
高压开关厂 ,28,27,163,,,,,3,2010/4/27
高压开关厂 ,23,30,403,,,,,6,2010/4/26
高压开关厂 ,34,53,116,,,,,2,2010/4/25
高压开关厂 ,41,29,77,,,,,1,2010/4/24
高压开关厂 ,42,30,82,,,,,1,2010/4/23
高压开关厂 ,37,25,48,,,,,0,2010/4/22
高压开关厂 ,36,26,64,,,,,1,2010/4/21
高压开关厂 ,45,30,67,,,,,1,2010/4/20
高压开关厂 ,41,20,88,,,,,1,2010/4/19
高压开关厂 ,46,29,72,,,,,1,2010/4/18
高压开关厂 ,39,37,67,,,,,1,2010/4/17
高压开关厂 ,39,31,57,,,,,1,2010/4/16
高压开关厂 ,25,26,57,,,,,1,2010/4/15
高压开关厂 ,35,49,57,,,,,1,2010/4/14
高压开关厂 ,26,29,57,,,,,1,2010/4/13
高压开关厂 ,39,29,77,,,,,1,2010/4/12
高压开关厂 ,28,36,96,,,,,1,2010/4/11
高压开关厂 ,46,32,90,,,,,1,2010/4/10
高压开关厂 ,30,34,91,,,,,1,2010/4/9
高压开关厂 ,33,32,87,,,,,1,2010/4/8
高压开关厂 ,31,38,75,,,,,1,2010/4/7
高压开关厂 ,33,34,78,,,,,1,2010/4/6
高压开关厂 ,41,32,72,,,,,1,2010/4/5
高压开关厂 ,49,44,68,,,,,1,2010/4/4
高压开关厂 ,46,28,82,,,,,1,2010/4/3
高压开关厂 ,43,37,65,,,,,1,2010/4/2
高压开关厂 ,46,39,81,,,,,1,2010/4/1
高压开关厂 ,47,31,62,,,,,1,2010/3/31
高压开关厂 ,34,29,77,,,,,1,2010/3/30
高压开关厂 ,43,35,99,,,,,1,2010/3/29
高压开关厂 ,59,44,71,,,,,1,2010/3/28
高压开关厂 ,53,44,106,,,,,2,2010/3/27
高压开关厂 ,49,40,82,,,,,1,2010/3/26
高压开关厂 ,51,40,90,,,,,1,2010/3/25
高压开关厂 ,32,34,91,,,,,1,2010/3/24
高压开关厂 ,19,30,90,,,,,1,2010/3/23
高压开关厂 ,52,62,167,,,,,3,2010/3/22
高压开关厂 ,47,44,118,,,,,2,2010/3/21
高压开关厂 ,43,32,152,,,,,3,2010/3/20
高压开关厂 ,44,31,92,,,,,1,2010/3/19
高压开关厂 ,41,41,169,,,,,3,2010/3/18
高压开关厂 ,45,31,94,,,,,1,2010/3/17
高压开关厂 ,48,34,77,,,,,1,2010/3/16
高压开关厂 ,45,35,71,,,,,1,2010/3/15
高压开关厂 ,37,29,87,,,,,1,2010/3/14
高压开关厂 ,50,38,112,,,,,2,2010/3/13
高压开关厂 ,52,39,77,,,,,1,2010/3/12
高压开关厂 ,42,33,61,,,,,1,2010/3/11
高压开关厂 ,50,35,86,,,,,1,2010/3/10
高压开关厂 ,30,18,50,,,,,0,2010/3/9
高压开关厂 ,34,30,68,,,,,1,2010/3/8
高压开关厂 ,66,32,67,,,,,1,2010/3/7
高压开关厂 ,45,27,74,,,,,1,2010/3/6
高压开关厂 ,59,33,88,,,,,1,2010/3/5
高压开关厂 ,70,34,82,,,,,1,2010/3/4
高压开关厂 ,64,53,77,,,,,1,2010/3/3
高压开关厂 ,64,38,115,,,,,2,2010/3/2
高压开关厂 ,77,32,154,,,,,3,2010/3/1
高压开关厂 ,62,42,66,,,,,1,2010/2/28
高压开关厂 ,60,39,98,,,,,1,2010/2/27
高压开关厂 ,63,37,66,,,,,1,2010/2/26
高压开关厂 ,62,36,100,,,,,1,2010/2/25
高压开关厂 ,61,49,109,,,,,2,2010/2/24
高压开关厂 ,58,47,83,,,,,1,2010/2/23
高压开关厂 ,53,42,66,,,,,1,2010/2/22
高压开关厂 ,55,45,62,,,,,1,2010/2/21
高压开关厂 ,47,28,60,,,,,1,2010/2/20
高压开关厂 ,41,36,27,,,,,0,2010/2/19
高压开关厂 ,48,23,64,,,,,1,2010/2/18
高压开关厂 ,45,16,72,,,,,1,2010/2/17
高压开关厂 ,37,25,65,,,,,1,2010/2/16
高压开关厂 ,40,16,65,,,,,1,2010/2/15
高压开关厂 ,86,27,113,,,,,2,2010/2/14
高压开关厂 ,66,30,58,,,,,1,2010/2/13
高压开关厂 ,51,23,56,,,,,1,2010/2/12
高压开关厂 ,46,22,47,,,,,0,2010/2/11
高压开关厂 ,58,39,64,,,,,1,2010/2/10
高压开关厂 ,71,53,126,,,,,2,2010/2/9
高压开关厂 ,76,53,120,,,,,2,2010/2/8
高压开关厂 ,75,49,138,,,,,2,2010/2/7
高压开关厂 ,74,59,114,,,,,2,2010/2/6
高压开关厂 ,70,49,107,,,,,2,2010/2/5
高压开关厂 ,63,36,115,,,,,2,2010/2/4
高压开关厂 ,56,30,99,,,,,1,2010/2/3
高压开关厂 ,71,25,94,,,,,1,2010/2/2
高压开关厂 ,56,34,90,,,,,1,2010/2/1
高压开关厂 ,65,40,88,,,,,1,2010/1/31
高压开关厂 ,78,49,97,,,,,1,2010/1/30
高压开关厂 ,52,57,79,,,,,1,2010/1/29
高压开关厂 ,72,64,100,,,,,1,2010/1/28
高压开关厂 ,63,48,100,,,,,1,2010/1/27
高压开关厂 ,62,42,90,,,,,1,2010/1/26
高压开关厂 ,52,50,99,,,,,1,2010/1/25
高压开关厂 ,70,48,111,,,,,2,2010/1/24
高压开关厂 ,76,37,99,,,,,1,2010/1/23
高压开关厂 ,69,39,118,,,,,2,2010/1/22
高压开关厂 ,54,33,114,,,,,2,2010/1/21
高压开关厂 ,99,60,122,,,,,2,2010/1/20
高压开关厂 ,78,74,118,,,,,2,2010/1/19
高压开关厂 ,86,60,121,,,,,2,2010/1/18
高压开关厂 ,88,63,135,,,,,2,2010/1/17
高压开关厂 ,97,39,106,,,,,2,2010/1/16
高压开关厂 ,101,45,114,,,,,2,2010/1/15
高压开关厂 ,82,36,97,,,,,1,2010/1/14
高压开关厂 ,72,26,65,,,,,1,2010/1/13
高压开关厂 ,73,49,79,,,,,1,2010/1/12
高压开关厂 ,69,37,126,,,,,2,2010/1/11
高压开关厂 ,46,31,177,,,,,3,2010/1/10
高压开关厂 ,67,32,168,,,,,3,2010/1/9
高压开关厂 ,110,45,110,,,,,2,2010/1/8
高压开关厂 ,93,84,109,,,,,2,2010/1/7
高压开关厂 ,68,64,83,,,,,1,2010/1/6
高压开关厂 ,68,58,64,,,,,1,2010/1/5
高压开关厂 ,61,19,98,,,,,1,2010/1/4
高压开关厂 ,89,54,115,,,,,2,2010/1/3
高压开关厂 ,85,50,88,,,,,1,2010/1/2
高压开关厂 ,80,53,96,,,,,1,2010/1/1
兴庆小区 ,74,47,117,,,,,2,2012/12/31
兴庆小区 ,78,20,87,,,,,1,2012/12/30
兴庆小区 ,66,24,94,,,,,1,2012/12/29
兴庆小区 ,97,44,246,,,,,4,2012/12/28
兴庆小区 ,70,29,95,,,,,1,2012/12/25
兴庆小区 ,29,19,91,,,,,1,2012/12/24
兴庆小区 ,40,18,71,,,,,1,2012/12/23
兴庆小区 ,48,22,81,,,,,1,2012/12/22
兴庆小区 ,55,25,94,,,,,1,2012/12/21
兴庆小区 ,57,27,96,,,,,1,2012/12/20
兴庆小区 ,52,25,87,,,,,1,2012/12/19
兴庆小区 ,39,21,77,,,,,1,2012/12/18
兴庆小区 ,49,32,213,,,,,4,2012/12/17
兴庆小区 ,51,30,353,,,,,7,2012/12/16
兴庆小区 ,58,34,266,,,,,5,2012/12/15
兴庆小区 ,53,34,260,,,,,5,2012/12/14
兴庆小区 ,56,37,260,,,,,5,2012/12/13
兴庆小区 ,63,35,314,,,,,7,2012/12/12
兴庆小区 ,59,38,99,,,,,1,2012/12/11
兴庆小区 ,61,30,126,,,,,2,2012/12/10
兴庆小区 ,57,20,95,,,,,1,2012/12/9
兴庆小区 ,55,25,92,,,,,1,2012/12/8
兴庆小区 ,61,31,98,,,,,1,2012/12/7
兴庆小区 ,59,22,96,,,,,1,2012/12/6
兴庆小区 ,65,17,94,,,,,1,2012/12/5
兴庆小区 ,69,26,126,,,,,2,2012/12/4
兴庆小区 ,77,25,128,,,,,2,2012/12/3
兴庆小区 ,83,29,255,,,,,5,2012/12/2
兴庆小区 ,86,32,196,,,,,3,2012/12/1
兴庆小区 ,50,25,93,,,,,1,2012/11/30
兴庆小区 ,38,22,99,,,,,1,2012/11/29
兴庆小区 ,33,35,92,,,,,1,2012/11/28
兴庆小区 ,31,19,82,,,,,1,2012/11/27
兴庆小区 ,41,12,72,,,,,1,2012/11/26
兴庆小区 ,37,20,86,,,,,1,2012/11/25
兴庆小区 ,35,21,84,,,,,1,2012/11/24
兴庆小区 ,28,15,65,,,,,1,2012/11/23
兴庆小区 ,34,31,159,,,,,3,2012/11/22
兴庆小区 ,27,30,137,,,,,2,2012/11/21
兴庆小区 ,48,30,119,,,,,2,2012/11/20
兴庆小区 ,34,29,85,,,,,1,2012/11/19
兴庆小区 ,43,41,91,,,,,1,2012/11/18
兴庆小区 ,39,26,88,,,,,1,2012/11/17
兴庆小区 ,45,22,62,,,,,1,2012/11/16
兴庆小区 ,56,35,122,,,,,2,2012/11/15
兴庆小区 ,29,26,95,,,,,1,2012/11/14
兴庆小区 ,34,31,88,,,,,1,2012/11/13
兴庆小区 ,28,23,81,,,,,1,2012/11/12
兴庆小区 ,24,19,73,,,,,1,2012/11/11
兴庆小区 ,22,15,93,,,,,1,2012/11/10
兴庆小区 ,32,24,91,,,,,1,2012/11/9
兴庆小区 ,22,22,54,,,,,1,2012/11/8
兴庆小区 ,24,32,94,,,,,1,2012/11/7
兴庆小区 ,25,27,81,,,,,1,2012/11/6
兴庆小区 ,23,27,88,,,,,1,2012/11/5
兴庆小区 ,21,14,71,,,,,1,2012/11/4
兴庆小区 ,25,23,96,,,,,1,2012/11/3
兴庆小区 ,35,26,119,,,,,2,2012/11/2
兴庆小区 ,26,17,92,,,,,1,2012/11/1
兴庆小区 ,22,19,90,,,,,1,2012/10/31
兴庆小区 ,25,20,83,,,,,1,2012/10/30
兴庆小区 ,20,31,95,,,,,1,2012/10/29
兴庆小区 ,23,30,91,,,,,1,2012/10/28
兴庆小区 ,28,29,95,,,,,1,2012/10/27
兴庆小区 ,27,30,120,,,,,2,2012/10/26
兴庆小区 ,19,24,78,,,,,1,2012/10/25
兴庆小区 ,20,22,82,,,,,1,2012/10/24
兴庆小区 ,20,27,83,,,,,1,2012/10/23
兴庆小区 ,24,20,54,,,,,1,2012/10/22
兴庆小区 ,25,30,97,,,,,1,2012/10/21
兴庆小区 ,22,29,95,,,,,1,2012/10/20
兴庆小区 ,23,28,94,,,,,1,2012/10/19
兴庆小区 ,21,27,101,,,,,2,2012/10/18
兴庆小区 ,17,26,75,,,,,1,2012/10/17
兴庆小区 ,20,29,92,,,,,1,2012/10/16
兴庆小区 ,23,27,131,,,,,2,2012/10/15
兴庆小区 ,28,27,92,,,,,1,2012/10/14
兴庆小区 ,22,25,82,,,,,1,2012/10/13
兴庆小区 ,25,37,119,,,,,2,2012/10/12
兴庆小区 ,19,26,118,,,,,2,2012/10/11
兴庆小区 ,20,20,70,,,,,1,2012/10/10
兴庆小区 ,19,15,87,,,,,1,2012/10/9
兴庆小区 ,19,22,146,,,,,2,2012/10/8
兴庆小区 ,21,23,117,,,,,2,2012/10/7
兴庆小区 ,17,22,97,,,,,1,2012/10/6
兴庆小区 ,18,16,82,,,,,1,2012/10/5
兴庆小区 ,18,19,77,,,,,1,2012/10/4
兴庆小区 ,16,19,88,,,,,1,2012/10/3
兴庆小区 ,23,25,107,,,,,2,2012/10/2
兴庆小区 ,19,20,92,,,,,1,2012/10/1
兴庆小区 ,20,20,83,,,,,1,2012/9/30
兴庆小区 ,16,15,69,,,,,1,2012/9/29
兴庆小区 ,20,17,63,,,,,1,2012/9/28
兴庆小区 ,14,15,75,,,,,1,2012/9/27
兴庆小区 ,14,17,47,,,,,0,2012/9/26
兴庆小区 ,18,14,85,,,,,1,2012/9/25
兴庆小区 ,27,20,124,,,,,2,2012/9/24
兴庆小区 ,22,13,109,,,,,2,2012/9/23
兴庆小区 ,15,10,96,,,,,1,2012/9/22
兴庆小区 ,17,10,85,,,,,1,2012/9/21
兴庆小区 ,25,14,84,,,,,1,2012/9/20
兴庆小区 ,24,12,74,,,,,1,2012/9/19
兴庆小区 ,21,17,86,,,,,1,2012/9/18
兴庆小区 ,16,17,80,,,,,1,2012/9/17
兴庆小区 ,16,12,56,,,,,1,2012/9/16
兴庆小区 ,19,14,69,,,,,1,2012/9/15
兴庆小区 ,18,13,56,,,,,1,2012/9/14
兴庆小区 ,19,11,55,,,,,1,2012/9/13
兴庆小区 ,17,13,56,,,,,1,2012/9/12
兴庆小区 ,16,12,59,,,,,1,2012/9/11
兴庆小区 ,20,14,67,,,,,1,2012/9/10
兴庆小区 ,18,15,59,,,,,1,2012/9/9
兴庆小区 ,15,14,66,,,,,1,2012/9/8
兴庆小区 ,15,14,79,,,,,1,2012/9/7
兴庆小区 ,16,18,81,,,,,1,2012/9/6
兴庆小区 ,21,17,82,,,,,1,2012/9/5
兴庆小区 ,23,19,55,,,,,1,2012/9/4
兴庆小区 ,23,19,55,,,,,1,2012/9/4
兴庆小区 ,23,15,39,,,,,0,2012/9/3
兴庆小区 ,22,12,39,,,,,0,2012/9/2
兴庆小区 ,20,11,34,,,,,0,2012/9/1
兴庆小区 ,21,14,75,,,,,1,2012/8/31
兴庆小区 ,18,18,76,,,,,1,2012/8/30
兴庆小区 ,26,22,65,,,,,1,2012/8/29
兴庆小区 ,20,18,80,,,,,1,2012/8/28
兴庆小区 ,16,20,95,,,,,1,2012/8/27
兴庆小区 ,20,15,88,,,,,1,2012/8/26
兴庆小区 ,21,21,77,,,,,1,2012/8/25
兴庆小区 ,19,12,59,,,,,1,2012/8/24
兴庆小区 ,17,14,56,,,,,1,2012/8/23
兴庆小区 ,21,22,64,,,,,1,2012/8/22
兴庆小区 ,17,20,37,,,,,0,2012/8/21
兴庆小区 ,18,14,35,,,,,0,2012/8/20
兴庆小区 ,21,14,39,,,,,0,2012/8/19
兴庆小区 ,21,15,60,,,,,1,2012/8/18
兴庆小区 ,23,18,65,,,,,1,2012/8/17
兴庆小区 ,27,23,88,,,,,1,2012/8/16
兴庆小区 ,28,24,62,,,,,1,2012/8/15
兴庆小区 ,26,15,56,,,,,1,2012/8/14
兴庆小区 ,25,15,70,,,,,1,2012/8/13
兴庆小区 ,24,18,85,,,,,1,2012/8/12
兴庆小区 ,23,13,80,,,,,1,2012/8/11
兴庆小区 ,21,16,75,,,,,1,2012/8/10
兴庆小区 ,16,15,73,,,,,1,2012/8/9
兴庆小区 ,20,17,63,,,,,1,2012/8/8
兴庆小区 ,21,20,62,,,,,1,2012/8/7
兴庆小区 ,15,19,63,,,,,1,2012/8/6
兴庆小区 ,16,12,72,,,,,1,2012/8/5
兴庆小区 ,16,11,70,,,,,1,2012/8/4
兴庆小区 ,13,16,60,,,,,1,2012/8/3
兴庆小区 ,19,19,46,,,,,0,2012/8/2
兴庆小区 ,19,15,40,,,,,0,2012/8/1
兴庆小区 ,22,12,43,,,,,0,2012/7/31
兴庆小区 ,23,17,62,,,,,1,2012/7/30
兴庆小区 ,20,17,65,,,,,1,2012/7/29
兴庆小区 ,28,19,47,,,,,0,2012/7/28
兴庆小区 ,27,19,36,,,,,0,2012/7/27
兴庆小区 ,23,19,71,,,,,1,2012/7/26
兴庆小区 ,21,16,64,,,,,1,2012/7/25
兴庆小区 ,20,17,54,,,,,1,2012/7/24
兴庆小区 ,15,15,51,,,,,1,2012/7/23
兴庆小区 ,19,12,49,,,,,0,2012/7/22
兴庆小区 ,19,15,69,,,,,1,2012/7/21
兴庆小区 ,18,12,79,,,,,1,2012/7/20
兴庆小区 ,22,14,78,,,,,1,2012/7/19
兴庆小区 ,20,13,70,,,,,1,2012/7/18
兴庆小区 ,19,14,69,,,,,1,2012/7/17
兴庆小区 ,18,12,67,,,,,1,2012/7/16
兴庆小区 ,18,12,67,,,,,1,2012/7/16
兴庆小区 ,12,15,63,,,,,1,2012/7/15
兴庆小区 ,16,12,65,,,,,1,2012/7/14
兴庆小区 ,27,20,58,,,,,1,2012/7/13
兴庆小区 ,19,19,59,,,,,1,2012/7/12
兴庆小区 ,17,15,61,,,,,1,2012/7/11
兴庆小区 ,19,15,43,,,,,0,2012/7/10
兴庆小区 ,13,13,42,,,,,0,2012/7/9
兴庆小区 ,22,12,54,,,,,1,2012/7/8
兴庆小区 ,23,10,45,,,,,0,2012/7/7
兴庆小区 ,21,17,54,,,,,1,2012/7/6
兴庆小区 ,21,15,51,,,,,1,2012/7/5
兴庆小区 ,21,17,43,,,,,0,2012/7/4
兴庆小区 ,21,17,48,,,,,0,2012/7/3
兴庆小区 ,22,19,61,,,,,1,2012/7/2
兴庆小区 ,16,14,34,,,,,0,2012/7/1
兴庆小区 ,12,16,38,,,,,0,2012/6/30
兴庆小区 ,17,11,53,,,,,1,2012/6/29
兴庆小区 ,18,9,52,,,,,1,2012/6/28
兴庆小区 ,17,14,69,,,,,1,2012/6/27
兴庆小区 ,12,15,55,,,,,1,2012/6/26
兴庆小区 ,22,13,64,,,,,1,2012/6/25
兴庆小区 ,23,15,60,,,,,1,2012/6/24
兴庆小区 ,24,18,57,,,,,1,2012/6/23
兴庆小区 ,28,14,58,,,,,1,2012/6/22
兴庆小区 ,25,22,68,,,,,1,2012/6/21
兴庆小区 ,23,20,68,,,,,1,2012/6/20
兴庆小区 ,34,22,67,,,,,1,2012/6/19
兴庆小区 ,28,17,59,,,,,1,2012/6/18
兴庆小区 ,32,22,62,,,,,1,2012/6/17
兴庆小区 ,28,25,61,,,,,1,2012/6/16
兴庆小区 ,35,18,63,,,,,1,2012/6/15
兴庆小区 ,31,17,61,,,,,1,2012/6/14
兴庆小区 ,26,22,59,,,,,1,2012/6/13
兴庆小区 ,31,20,62,,,,,1,2012/6/12
兴庆小区 ,31,20,65,,,,,1,2012/6/11
兴庆小区 ,35,24,57,,,,,1,2012/6/10
兴庆小区 ,42,19,61,,,,,1,2012/6/9
兴庆小区 ,35,20,52,,,,,1,2012/6/8
兴庆小区 ,35,21,74,,,,,1,2012/6/7
兴庆小区 ,30,19,62,,,,,1,2012/6/6
兴庆小区 ,34,16,82,,,,,1,2012/6/5
兴庆小区 ,36,17,76,,,,,1,2012/6/4
兴庆小区 ,31,12,58,,,,,1,2012/6/3
兴庆小区 ,34,14,61,,,,,1,2012/6/2
兴庆小区 ,32,14,67,,,,,1,2012/6/1
兴庆小区 ,31,18,54,,,,,1,2012/5/31
兴庆小区 ,29,15,46,,,,,0,2012/5/30
兴庆小区 ,28,17,54,,,,,1,2012/5/29
兴庆小区 ,31,15,53,,,,,1,2012/5/28
兴庆小区 ,30,17,68,,,,,1,2012/5/27
兴庆小区 ,23,16,68,,,,,1,2012/5/26
兴庆小区 ,19,17,77,,,,,1,2012/5/25
兴庆小区 ,29,19,99,,,,,1,2012/5/24
兴庆小区 ,12,16,98,,,,,1,2012/5/23
兴庆小区 ,22,13,54,,,,,1,2012/5/22
兴庆小区 ,18,14,70,,,,,1,2012/5/21
兴庆小区 ,21,21,74,,,,,1,2012/5/20
兴庆小区 ,24,30,92,,,,,1,2012/5/19
兴庆小区 ,19,34,83,,,,,1,2012/5/18
兴庆小区 ,17,35,76,,,,,1,2012/5/17
兴庆小区 ,17,30,74,,,,,1,2012/5/16
兴庆小区 ,17,21,54,,,,,1,2012/5/15
兴庆小区 ,18,22,75,,,,,1,2012/5/14
兴庆小区 ,21,21,95,,,,,1,2012/5/13
兴庆小区 ,16,15,61,,,,,1,2012/5/12
兴庆小区 ,23,12,61,,,,,1,2012/5/11
兴庆小区 ,27,25,79,,,,,1,2012/5/10
兴庆小区 ,33,30,80,,,,,1,2012/5/9
兴庆小区 ,34,23,91,,,,,1,2012/5/8
兴庆小区 ,29,26,104,,,,,2,2012/5/7
兴庆小区 ,27,32,88,,,,,1,2012/5/6
兴庆小区 ,36,27,87,,,,,1,2012/5/5
兴庆小区 ,21,25,90,,,,,1,2012/5/4
兴庆小区 ,15,24,74,,,,,1,2012/5/3
兴庆小区 ,13,20,67,,,,,1,2012/5/2
兴庆小区 ,15,17,94,,,,,1,2012/5/1
兴庆小区 ,22,12,93,,,,,1,2012/4/30
兴庆小区 ,28,22,92,,,,,1,2012/4/29
兴庆小区 ,28,30,90,,,,,1,2012/4/28
兴庆小区 ,30,25,103,,,,,2,2012/4/27
兴庆小区 ,34,27,99,,,,,1,2012/4/26
兴庆小区 ,27,27,97,,,,,1,2012/4/25
兴庆小区 ,26,18,78,,,,,1,2012/4/24
兴庆小区 ,24,29,91,,,,,1,2012/4/23
兴庆小区 ,23,28,82,,,,,1,2012/4/22
兴庆小区 ,27,26,80,,,,,1,2012/4/21
兴庆小区 ,31,27,78,,,,,1,2012/4/20
兴庆小区 ,27,26,61,,,,,1,2012/4/19
兴庆小区 ,36,30,80,,,,,1,2012/4/18
兴庆小区 ,47,34,77,,,,,1,2012/4/17
兴庆小区 ,24,32,61,,,,,1,2012/4/16
兴庆小区 ,34,27,65,,,,,1,2012/4/15
兴庆小区 ,23,31,63,,,,,1,2012/4/14
兴庆小区 ,15,22,39,,,,,0,2012/4/13
兴庆小区 ,26,17,37,,,,,0,2012/4/12
兴庆小区 ,27,29,62,,,,,1,2012/4/11
兴庆小区 ,28,20,55,,,,,1,2012/4/10
兴庆小区 ,22,22,57,,,,,1,2012/4/9
兴庆小区 ,36,29,79,,,,,1,2012/4/8
兴庆小区 ,35,27,86,,,,,1,2012/4/7
兴庆小区 ,26,24,81,,,,,1,2012/4/6
兴庆小区 ,28,27,73,,,,,1,2012/4/5
兴庆小区 ,34,22,76,,,,,1,2012/4/4
兴庆小区 ,29,24,83,,,,,1,2012/4/3
兴庆小区 ,39,30,81,,,,,1,2012/4/2
兴庆小区 ,28,27,79,,,,,1,2012/4/1
兴庆小区 ,18,23,52,,,,,1,2012/3/31
兴庆小区 ,32,25,72,,,,,1,2012/3/30
兴庆小区 ,47,27,91,,,,,1,2012/3/29
兴庆小区 ,39,45,89,,,,,1,2012/3/28
兴庆小区 ,42,33,90,,,,,1,2012/3/27
兴庆小区 ,41,45,81,,,,,1,2012/3/26
兴庆小区 ,48,39,84,,,,,1,2012/3/25
兴庆小区 ,34,27,72,,,,,1,2012/3/24
兴庆小区 ,34,23,57,,,,,1,2012/3/23
兴庆小区 ,36,30,60,,,,,1,2012/3/22
兴庆小区 ,43,29,70,,,,,1,2012/3/21
兴庆小区 ,39,28,61,,,,,1,2012/3/20
兴庆小区 ,39,27,104,,,,,2,2012/3/19
兴庆小区 ,60,37,124,,,,,2,2012/3/18
兴庆小区 ,33,35,97,,,,,1,2012/3/17
兴庆小区 ,33,37,80,,,,,1,2012/3/16
兴庆小区 ,38,35,92,,,,,1,2012/3/15
兴庆小区 ,47,39,108,,,,,2,2012/3/14
兴庆小区 ,58,57,105,,,,,2,2012/3/13
兴庆小区 ,45,40,83,,,,,1,2012/3/12
兴庆小区 ,35,41,71,,,,,1,2012/3/11
兴庆小区 ,41,50,83,,,,,1,2012/3/10
兴庆小区 ,36,40,76,,,,,1,2012/3/9
兴庆小区 ,38,39,67,,,,,1,2012/3/8
兴庆小区 ,36,37,76,,,,,1,2012/3/7
兴庆小区 ,34,41,66,,,,,1,2012/3/6
兴庆小区 ,36,35,83,,,,,1,2012/3/5
兴庆小区 ,31,34,71,,,,,1,2012/3/4
兴庆小区 ,38,35,68,,,,,1,2012/3/3
兴庆小区 ,41,48,118,,,,,2,2012/3/2
兴庆小区 ,51,65,126,,,,,2,2012/3/1
兴庆小区 ,52,60,124,,,,,2,2012/2/29
兴庆小区 ,42,45,99,,,,,1,2012/2/28
兴庆小区 ,36,39,80,,,,,1,2012/2/27
兴庆小区 ,54,42,68,,,,,1,2012/2/26
兴庆小区 ,42,35,82,,,,,1,2012/2/25
兴庆小区 ,54,47,90,,,,,1,2012/2/24
兴庆小区 ,72,69,124,,,,,2,2012/2/23
兴庆小区 ,82,41,112,,,,,2,2012/2/22
兴庆小区 ,70,41,91,,,,,1,2012/2/21
兴庆小区 ,59,37,86,,,,,1,2012/2/20
兴庆小区 ,37,39,51,,,,,1,2012/2/19
兴庆小区 ,50,30,46,,,,,0,2012/2/18
兴庆小区 ,36,27,52,,,,,1,2012/2/17
兴庆小区 ,57,35,102,,,,,2,2012/2/16
兴庆小区 ,61,49,113,,,,,2,2012/2/15
兴庆小区 ,57,36,109,,,,,2,2012/2/14
兴庆小区 ,41,34,87,,,,,1,2012/2/13
兴庆小区 ,52,32,76,,,,,1,2012/2/12
兴庆小区 ,41,25,63,,,,,1,2012/2/11
兴庆小区 ,40,25,46,,,,,0,2012/2/10
兴庆小区 ,46,19,48,,,,,0,2012/2/9
兴庆小区 ,35,25,53,,,,,1,2012/2/8
兴庆小区 ,25,14,48,,,,,0,2012/2/7
兴庆小区 ,72,73,121,,,,,2,2012/2/6
兴庆小区 ,68,49,86,,,,,1,2012/2/5
兴庆小区 ,58,49,78,,,,,1,2012/2/4
兴庆小区 ,32,33,59,,,,,1,2012/2/3
兴庆小区 ,32,26,51,,,,,1,2012/2/2
兴庆小区 ,88,82,124,,,,,2,2012/2/1
兴庆小区 ,87,68,117,,,,,2,2012/1/31
兴庆小区 ,92,54,122,,,,,2,2012/1/30
兴庆小区 ,83,62,106,,,,,2,2012/1/29
兴庆小区 ,77,90,91,,,,,1,2012/1/28
兴庆小区 ,67,19,80,,,,,1,2012/1/27
兴庆小区 ,40,29,66,,,,,1,2012/1/26
兴庆小区 ,36,24,39,,,,,0,2012/1/25
兴庆小区 ,57,27,80,,,,,1,2012/1/24
兴庆小区 ,48,30,66,,,,,1,2012/1/23
兴庆小区 ,32,38,57,,,,,1,2012/1/22
兴庆小区 ,52,40,60,,,,,1,2012/1/21
兴庆小区 ,67,58,95,,,,,1,2012/1/20
兴庆小区 ,90,64,117,,,,,2,2012/1/19
兴庆小区 ,79,99,159,,,,,3,2012/1/18
兴庆小区 ,80,68,118,,,,,2,2012/1/17
兴庆小区 ,102,78,109,,,,,2,2012/1/16
兴庆小区 ,79,82,93,,,,,1,2012/1/15
兴庆小区 ,100,99,109,,,,,2,2012/1/14
兴庆小区 ,97,87,103,,,,,2,2012/1/13
兴庆小区 ,95,90,97,,,,,1,2012/1/12
兴庆小区 ,113,89,139,,,,,2,2012/1/11
兴庆小区 ,109,113,146,,,,,2,2012/1/10
兴庆小区 ,104,64,122,,,,,2,2012/1/9
兴庆小区 ,65,73,113,,,,,2,2012/1/8
兴庆小区 ,69,50,83,,,,,1,2012/1/7
兴庆小区 ,62,47,77,,,,,1,2012/1/6
兴庆小区 ,46,30,56,,,,,1,2012/1/5
兴庆小区 ,49,47,51,,,,,1,2012/1/4
兴庆小区 ,59,37,60,,,,,1,2012/1/3
兴庆小区 ,103,89,136,,,,,2,2012/1/2
兴庆小区 ,106,82,197,,,,,3,2012/1/1
兴庆小区 ,89,70,149,,,,,2,2011/12/31
兴庆小区 ,96,60,173,,,,,3,2011/12/30
兴庆小区 ,104,41,124,,,,,2,2011/12/29
兴庆小区 ,80,44,119,,,,,2,2011/12/28
兴庆小区 ,65,37,118,,,,,2,2011/12/27
兴庆小区 ,65,46,102,,,,,2,2011/12/26
兴庆小区 ,65,37,116,,,,,2,2011/12/25
兴庆小区 ,63,39,78,,,,,1,2011/12/24
兴庆小区 ,63,29,80,,,,,1,2011/12/23
兴庆小区 ,65,27,77,,,,,1,2011/12/22
兴庆小区 ,76,44,99,,,,,1,2011/12/21
兴庆小区 ,78,40,123,,,,,2,2011/12/20
兴庆小区 ,59,36,118,,,,,2,2011/12/19
兴庆小区 ,72,30,107,,,,,2,2011/12/18
兴庆小区 ,63,36,94,,,,,1,2011/12/17
兴庆小区 ,61,36,97,,,,,1,2011/12/16
兴庆小区 ,53,36,116,,,,,2,2011/12/15
兴庆小区 ,59,30,99,,,,,1,2011/12/14
兴庆小区 ,53,30,106,,,,,2,2011/12/13
兴庆小区 ,57,29,91,,,,,1,2011/12/12
兴庆小区 ,57,20,104,,,,,2,2011/12/11
兴庆小区 ,58,21,78,,,,,1,2011/12/10
兴庆小区 ,67,23,74,,,,,1,2011/12/9
兴庆小区 ,52,17,67,,,,,1,2011/12/8
兴庆小区 ,57,23,70,,,,,1,2011/12/7
兴庆小区 ,60,25,79,,,,,1,2011/12/6
兴庆小区 ,67,15,92,,,,,1,2011/12/5
兴庆小区 ,64,15,113,,,,,2,2011/12/4
兴庆小区 ,66,27,99,,,,,1,2011/12/3
兴庆小区 ,62,26,77,,,,,1,2011/12/2
兴庆小区 ,51,18,63,,,,,1,2011/12/1
兴庆小区 ,40,18,44,,,,,0,2011/11/30
兴庆小区 ,46,14,85,,,,,1,2011/11/29
兴庆小区 ,25,22,122,,,,,2,2011/11/28
兴庆小区 ,28,14,105,,,,,2,2011/11/27
兴庆小区 ,24,15,108,,,,,2,2011/11/26
兴庆小区 ,28,20,119,,,,,2,2011/11/25
兴庆小区 ,20,12,79,,,,,1,2011/11/24
兴庆小区 ,20,20,82,,,,,1,2011/11/23
兴庆小区 ,18,12,78,,,,,1,2011/11/22
兴庆小区 ,23,14,100,,,,,1,2011/11/21
兴庆小区 ,21,17,60,,,,,1,2011/11/20
兴庆小区 ,20,16,55,,,,,1,2011/11/19
兴庆小区 ,17,13,68,,,,,1,2011/11/18
兴庆小区 ,13,18,84,,,,,1,2011/11/17
兴庆小区 ,19,14,89,,,,,1,2011/11/16
兴庆小区 ,17,21,96,,,,,1,2011/11/15
兴庆小区 ,21,17,91,,,,,1,2011/11/14
兴庆小区 ,19,18,63,,,,,1,2011/11/13
兴庆小区 ,18,14,88,,,,,1,2011/11/12
兴庆小区 ,15,14,97,,,,,1,2011/11/11
兴庆小区 ,21,19,84,,,,,1,2011/11/10
兴庆小区 ,19,10,48,,,,,0,2011/11/9
兴庆小区 ,12,11,40,,,,,0,2011/11/8
兴庆小区 ,20,12,50,,,,,0,2011/11/7
兴庆小区 ,11,9,70,,,,,1,2011/11/5
兴庆小区 ,11,10,58,,,,,1,2011/11/5
兴庆小区 ,10,16,79,,,,,1,2011/11/4
兴庆小区 ,11,15,86,,,,,1,2011/11/3
兴庆小区 ,13,13,98,,,,,1,2011/11/2
兴庆小区 ,15,18,99,,,,,1,2011/11/1
兴庆小区 ,12,25,112,,,,,2,2011/10/31
兴庆小区 ,15,14,106,,,,,2,2011/10/30
兴庆小区 ,14,12,96,,,,,1,2011/10/29
兴庆小区 ,14,14,93,,,,,1,2011/10/28
兴庆小区 ,12,13,80,,,,,1,2011/10/27
兴庆小区 ,11,15,52,,,,,1,2011/10/26
兴庆小区 ,11,12,49,,,,,0,2011/10/25
兴庆小区 ,11,10,59,,,,,1,2011/10/24
兴庆小区 ,10,9,87,,,,,1,2011/10/23
兴庆小区 ,15,11,95,,,,,1,2011/10/22
兴庆小区 ,21,18,111,,,,,2,2011/10/21
兴庆小区 ,13,19,88,,,,,1,2011/10/20
兴庆小区 ,17,14,89,,,,,1,2011/10/19
兴庆小区 ,19,16,89,,,,,1,2011/10/18
兴庆小区 ,15,17,45,,,,,0,2011/10/17
兴庆小区 ,16,10,53,,,,,1,2011/10/16
兴庆小区 ,20,10,65,,,,,1,2011/10/15
兴庆小区 ,12,11,55,,,,,1,2011/10/14
兴庆小区 ,9,15,48,,,,,0,2011/10/13
兴庆小区 ,17,10,75,,,,,1,2011/10/12
兴庆小区 ,15,14,68,,,,,1,2011/10/11
兴庆小区 ,16,15,79,,,,,1,2011/10/10
兴庆小区 ,13,15,81,,,,,1,2011/10/9
兴庆小区 ,17,22,81,,,,,1,2011/10/8
兴庆小区 ,15,17,66,,,,,1,2011/10/7
兴庆小区 ,12,15,61,,,,,1,2011/10/6
兴庆小区 ,18,12,61,,,,,1,2011/10/5
兴庆小区 ,18,12,61,,,,,1,2011/10/5
兴庆小区 ,17,16,61,,,,,1,2011/10/4
兴庆小区 ,19,12,61,,,,,1,2011/10/3
兴庆小区 ,19,9,61,,,,,1,2011/10/2
兴庆小区 ,15,11,62,,,,,1,2011/10/1
兴庆小区 ,25,16,55,,,,,1,2011/9/30
兴庆小区 ,17,15,52,,,,,1,2011/9/29
兴庆小区 ,15,12,61,,,,,1,2011/9/28
兴庆小区 ,28,15,79,,,,,1,2011/9/27
兴庆小区 ,21,10,90,,,,,1,2011/9/26
兴庆小区 ,27,11,93,,,,,1,2011/9/25
兴庆小区 ,29,10,74,,,,,1,2011/9/24
兴庆小区 ,24,10,65,,,,,1,2011/9/23
兴庆小区 ,20,16,53,,,,,1,2011/9/22
兴庆小区 ,13,10,48,,,,,0,2011/9/21
兴庆小区 ,11,9,49,,,,,0,2011/9/20
兴庆小区 ,9,7,25,,,,,0,2011/9/19
兴庆小区 ,8,6,37,,,,,0,2011/9/18
兴庆小区 ,14,7,48,,,,,0,2011/9/17
兴庆小区 ,13,10,70,,,,,1,2011/9/16
兴庆小区 ,12,12,48,,,,,0,2011/9/15
兴庆小区 ,16,12,37,,,,,0,2011/9/14
兴庆小区 ,20,12,30,,,,,0,2011/9/13
兴庆小区 ,9,9,29,,,,,0,2011/9/12
兴庆小区 ,12,9,41,,,,,0,2011/9/11
兴庆小区 ,21,12,60,,,,,1,2011/9/10
兴庆小区 ,19,14,62,,,,,1,2011/9/9
兴庆小区 ,10,13,48,,,,,0,2011/9/8
兴庆小区 ,9,14,35,,,,,0,2011/9/7
兴庆小区 ,10,13,40,,,,,0,2011/9/6
兴庆小区 ,9,7,35,,,,,0,2011/9/5
兴庆小区 ,20,9,61,,,,,1,2011/9/4
兴庆小区 ,12,14,72,,,,,1,2011/9/3
兴庆小区 ,15,10,89,,,,,1,2011/9/2
兴庆小区 ,18,22,81,,,,,1,2011/9/1
兴庆小区 ,21,20,83,,,,,1,2011/8/31
兴庆小区 ,12,13,87,,,,,1,2011/8/30
兴庆小区 ,11,9,90,,,,,1,2011/8/29
兴庆小区 ,11,14,72,,,,,1,2011/8/28
兴庆小区 ,12,15,53,,,,,1,2011/8/27
兴庆小区 ,11,8,74,,,,,1,2011/8/26
兴庆小区 ,11,9,90,,,,,1,2011/8/25
兴庆小区 ,10,12,80,,,,,1,2011/8/24
兴庆小区 ,13,17,56,,,,,1,2011/8/23
兴庆小区 ,11,15,44,,,,,0,2011/8/22
兴庆小区 ,8,10,58,,,,,1,2011/8/21
兴庆小区 ,13,7,55,,,,,1,2011/8/20
兴庆小区 ,13,10,42,,,,,0,2011/8/19
兴庆小区 ,13,10,63,,,,,1,2011/8/18
兴庆小区 ,13,14,51,,,,,1,2011/8/17
兴庆小区 ,13,15,61,,,,,1,2011/8/16
兴庆小区 ,13,19,89,,,,,1,2011/8/15
兴庆小区 ,13,23,96,,,,,1,2011/8/14
兴庆小区 ,13,17,79,,,,,1,2011/8/13
兴庆小区 ,15,17,93,,,,,1,2011/8/12
兴庆小区 ,16,19,83,,,,,1,2011/8/11
兴庆小区 ,15,20,87,,,,,1,2011/8/10
兴庆小区 ,13,21,97,,,,,1,2011/8/9
兴庆小区 ,29,23,93,,,,,1,2011/8/8
兴庆小区 ,22,10,63,,,,,1,2011/8/7
兴庆小区 ,13,16,55,,,,,1,2011/8/6
兴庆小区 ,18,10,85,,,,,1,2011/8/5
兴庆小区 ,10,17,89,,,,,1,2011/8/4
兴庆小区 ,9,9,82,,,,,1,2011/8/3
兴庆小区 ,9,9,54,,,,,1,2011/8/2
兴庆小区 ,9,9,43,,,,,0,2011/8/1
兴庆小区 ,9,11,47,,,,,0,2011/7/31
兴庆小区 ,9,7,41,,,,,0,2011/7/30
兴庆小区 ,13,8,66,,,,,1,2011/7/29
兴庆小区 ,13,9,63,,,,,1,2011/7/28
兴庆小区 ,26,17,82,,,,,1,2011/7/27
兴庆小区 ,24,10,68,,,,,1,2011/7/26
兴庆小区 ,15,15,68,,,,,1,2011/7/25
兴庆小区 ,25,9,87,,,,,1,2011/7/24
兴庆小区 ,25,9,71,,,,,1,2011/7/23
兴庆小区 ,24,9,56,,,,,1,2011/7/22
兴庆小区 ,25,9,68,,,,,1,2011/7/21
兴庆小区 ,25,9,83,,,,,1,2011/7/20
兴庆小区 ,37,10,84,,,,,1,2011/7/19
兴庆小区 ,25,14,66,,,,,1,2011/7/18
兴庆小区 ,10,18,70,,,,,1,2011/7/17
兴庆小区 ,10,14,80,,,,,1,2011/7/16
兴庆小区 ,30,17,74,,,,,1,2011/7/15
兴庆小区 ,24,15,64,,,,,1,2011/7/14
兴庆小区 ,25,19,81,,,,,1,2011/7/13
兴庆小区 ,34,16,92,,,,,1,2011/7/12
兴庆小区 ,22,22,92,,,,,1,2011/7/11
兴庆小区 ,31,22,93,,,,,1,2011/7/10
兴庆小区 ,18,16,64,,,,,1,2011/7/9
兴庆小区 ,17,14,77,,,,,1,2011/7/8
兴庆小区 ,10,10,39,,,,,0,2011/7/7
兴庆小区 ,17,10,36,,,,,0,2011/7/6
兴庆小区 ,17,10,77,,,,,1,2011/7/5
兴庆小区 ,17,10,51,,,,,1,2011/7/4
兴庆小区 ,17,10,56,,,,,1,2011/7/3
兴庆小区 ,16,10,46,,,,,0,2011/7/2
兴庆小区 ,14,14,66,,,,,1,2011/7/1
兴庆小区 ,10,17,57,,,,,1,2011/6/30
兴庆小区 ,8,9,53,,,,,1,2011/6/29
兴庆小区 ,17,11,56,,,,,1,2011/6/28
兴庆小区 ,12,9,57,,,,,1,2011/6/27
兴庆小区 ,20,9,65,,,,,1,2011/6/26
兴庆小区 ,20,17,60,,,,,1,2011/6/25
兴庆小区 ,7,10,46,,,,,0,2011/6/24
兴庆小区 ,15,7,44,,,,,0,2011/6/23
兴庆小区 ,10,16,55,,,,,1,2011/6/22
兴庆小区 ,9,9,56,,,,,1,2011/6/21
兴庆小区 ,12,10,77,,,,,1,2011/6/20
兴庆小区 ,16,14,67,,,,,1,2011/6/19
兴庆小区 ,5,9,48,,,,,0,2011/6/18
兴庆小区 ,11,19,71,,,,,1,2011/6/17
兴庆小区 ,9,19,70,,,,,1,2011/6/16
兴庆小区 ,23,10,58,,,,,1,2011/6/15
兴庆小区 ,7,15,61,,,,,1,2011/6/14
兴庆小区 ,13,10,79,,,,,1,2011/6/13
兴庆小区 ,19,15,65,,,,,1,2011/6/12
兴庆小区 ,11,12,48,,,,,0,2011/6/11
兴庆小区 ,18,13,39,,,,,0,2011/6/10
兴庆小区 ,21,15,79,,,,,1,2011/6/9
兴庆小区 ,18,17,65,,,,,1,2011/6/8
兴庆小区 ,39,23,73,,,,,1,2011/6/7
兴庆小区 ,2,14,50,,,,,0,2011/6/7
兴庆小区 ,28,18,88,,,,,1,2011/6/6
兴庆小区 ,7,14,94,,,,,1,2011/6/5
兴庆小区 ,13,18,64,,,,,1,2011/6/4
兴庆小区 ,15,27,69,,,,,1,2011/6/3
兴庆小区 ,13,17,64,,,,,1,2011/6/2
兴庆小区 ,10,11,44,,,,,0,2011/6/1
兴庆小区 ,13,17,54,,,,,1,2011/5/31
兴庆小区 ,7,15,60,,,,,1,2011/5/30
兴庆小区 ,8,9,85,,,,,1,2011/5/29
兴庆小区 ,10,9,72,,,,,1,2011/5/28
兴庆小区 ,11,9,58,,,,,1,2011/5/27
兴庆小区 ,10,8,73,,,,,1,2011/5/26
兴庆小区 ,17,13,60,,,,,1,2011/5/25
兴庆小区 ,17,19,34,,,,,0,2011/5/24
兴庆小区 ,12,10,21,,,,,0,2011/5/23
兴庆小区 ,10,11,26,,,,,0,2011/5/22
兴庆小区 ,12,12,27,,,,,0,2011/5/21
兴庆小区 ,27,18,84,,,,,1,2011/5/20
兴庆小区 ,28,24,91,,,,,1,2011/5/19
兴庆小区 ,20,21,86,,,,,1,2011/5/18
兴庆小区 ,19,23,60,,,,,1,2011/5/17
兴庆小区 ,28,17,43,,,,,0,2011/5/16
兴庆小区 ,19,22,50,,,,,0,2011/5/15
兴庆小区 ,21,14,46,,,,,0,2011/5/14
兴庆小区 ,18,14,53,,,,,1,2011/5/13
兴庆小区 ,20,14,68,,,,,1,2011/5/12
兴庆小区 ,7,12,56,,,,,1,2011/5/11
兴庆小区 ,12,14,63,,,,,1,2011/5/10
兴庆小区 ,18,19,83,,,,,1,2011/5/9
兴庆小区 ,10,19,98,,,,,1,2011/5/8
兴庆小区 ,10,22,75,,,,,1,2011/5/7
兴庆小区 ,10,20,88,,,,,1,2011/5/6
兴庆小区 ,8,17,57,,,,,1,2011/5/5
兴庆小区 ,7,17,52,,,,,1,2011/5/4
兴庆小区 ,10,18,70,,,,,1,2011/5/3
兴庆小区 ,11,10,48,,,,,0,2011/5/2
兴庆小区 ,14,19,87,,,,,1,2011/5/1
兴庆小区 ,29,17,173,,,,,3,2011/4/30
兴庆小区 ,30,20,93,,,,,1,2011/4/29
兴庆小区 ,17,29,82,,,,,1,2011/4/28
兴庆小区 ,11,18,80,,,,,1,2011/4/27
兴庆小区 ,29,25,106,,,,,2,2011/4/26
兴庆小区 ,29,24,92,,,,,1,2011/4/25
兴庆小区 ,22,22,66,,,,,1,2011/4/24
兴庆小区 ,26,23,69,,,,,1,2011/4/23
兴庆小区 ,24,30,91,,,,,1,2011/4/22
兴庆小区 ,18,21,94,,,,,1,2011/4/21
兴庆小区 ,32,25,99,,,,,1,2011/4/20
兴庆小区 ,13,19,93,,,,,1,2011/4/19
兴庆小区 ,13,19,90,,,,,1,2011/4/18
兴庆小区 ,21,21,87,,,,,1,2011/4/17
兴庆小区 ,19,23,92,,,,,1,2011/4/16
兴庆小区 ,31,20,96,,,,,1,2011/4/15
兴庆小区 ,22,22,135,,,,,2,2011/4/14
兴庆小区 ,23,25,144,,,,,2,2011/4/13
兴庆小区 ,30,29,110,,,,,2,2011/4/12
兴庆小区 ,18,14,98,,,,,1,2011/4/11
兴庆小区 ,34,31,132,,,,,2,2011/4/10
兴庆小区 ,36,26,96,,,,,1,2011/4/9
兴庆小区 ,17,15,98,,,,,1,2011/4/8
兴庆小区 ,18,22,100,,,,,1,2011/4/7
兴庆小区 ,23,14,98,,,,,1,2011/4/6
兴庆小区 ,24,17,100,,,,,1,2011/4/5
兴庆小区 ,25,16,91,,,,,1,2011/4/4
兴庆小区 ,23,21,73,,,,,1,2011/4/3
兴庆小区 ,16,20,97,,,,,1,2011/4/2
兴庆小区 ,36,32,93,,,,,1,2011/4/1
兴庆小区 ,42,35,98,,,,,1,2011/3/31
兴庆小区 ,48,39,109,,,,,2,2011/3/30
兴庆小区 ,45,31,92,,,,,1,2011/3/29
兴庆小区 ,48,33,99,,,,,1,2011/3/28
兴庆小区 ,21,19,95,,,,,1,2011/3/27
兴庆小区 ,31,25,93,,,,,1,2011/3/26
兴庆小区 ,31,24,93,,,,,1,2011/3/25
兴庆小区 ,17,12,93,,,,,1,2011/3/24
兴庆小区 ,20,17,71,,,,,1,2011/3/23
兴庆小区 ,14,7,63,,,,,1,2011/3/22
兴庆小区 ,14,7,62,,,,,1,2011/3/21
兴庆小区 ,15,19,98,,,,,1,2011/3/20
兴庆小区 ,23,15,166,,,,,3,2011/3/19
兴庆小区 ,43,26,147,,,,,2,2011/3/18
兴庆小区 ,32,24,98,,,,,1,2011/3/17
兴庆小区 ,21,28,89,,,,,1,2011/3/16
兴庆小区 ,25,19,74,,,,,1,2011/3/15
兴庆小区 ,40,22,187,,,,,3,2011/3/14
兴庆小区 ,52,34,98,,,,,1,2011/3/13
兴庆小区 ,52,35,93,,,,,1,2011/3/12
兴庆小区 ,48,30,98,,,,,1,2011/3/11
兴庆小区 ,40,22,95,,,,,1,2011/3/10
兴庆小区 ,56,24,87,,,,,1,2011/3/9
兴庆小区 ,49,30,94,,,,,1,2011/3/8
兴庆小区 ,42,22,96,,,,,1,2011/3/7
兴庆小区 ,56,31,134,,,,,2,2011/3/6
兴庆小区 ,60,29,98,,,,,1,2011/3/5
兴庆小区 ,59,25,70,,,,,1,2011/3/4
兴庆小区 ,56,27,96,,,,,1,2011/3/3
兴庆小区 ,27,13,80,,,,,1,2011/3/2
兴庆小区 ,44,20,40,,,,,0,2011/3/1
兴庆小区 ,62,20,68,,,,,1,2011/2/28
兴庆小区 ,30,20,96,,,,,1,2011/2/27
兴庆小区 ,46,20,130,,,,,2,2011/2/26
兴庆小区 ,69,40,182,,,,,3,2011/2/25
兴庆小区 ,74,40,185,,,,,3,2011/2/24
兴庆小区 ,62,35,167,,,,,3,2011/2/23
兴庆小区 ,69,29,166,,,,,3,2011/2/22
兴庆小区 ,71,43,196,,,,,3,2011/2/21
兴庆小区 ,67,39,186,,,,,3,2011/2/20
兴庆小区 ,57,35,126,,,,,2,2011/2/19
兴庆小区 ,65,27,133,,,,,2,2011/2/18
兴庆小区 ,61,35,147,,,,,2,2011/2/17
兴庆小区 ,78,27,97,,,,,1,2011/2/16
兴庆小区 ,76,22,97,,,,,1,2011/2/15
兴庆小区 ,58,20,69,,,,,1,2011/2/14
兴庆小区 ,62,24,78,,,,,1,2011/2/13
兴庆小区 ,80,29,89,,,,,1,2011/2/12
兴庆小区 ,63,17,90,,,,,1,2011/2/11
兴庆小区 ,61,15,76,,,,,1,2011/2/10
兴庆小区 ,106,32,121,,,,,2,2011/2/9
兴庆小区 ,63,14,88,,,,,1,2011/2/8
兴庆小区 ,64,13,93,,,,,1,2011/2/7
兴庆小区 ,74,33,108,,,,,2,2011/2/6
兴庆小区 ,66,29,98,,,,,1,2011/2/5
兴庆小区 ,102,38,145,,,,,2,2011/2/4
兴庆小区 ,116,54,200,,,,,3,2011/2/3
兴庆小区 ,99,13,113,,,,,2,2011/2/2
兴庆小区 ,98,27,116,,,,,2,2011/2/1
兴庆小区 ,75,24,78,,,,,1,2011/1/31
兴庆小区 ,71,10,76,,,,,1,2011/1/30
兴庆小区 ,81,22,64,,,,,1,2011/1/29
兴庆小区 ,99,32,99,,,,,1,2011/1/28
兴庆小区 ,117,31,144,,,,,2,2011/1/27
兴庆小区 ,103,32,110,,,,,2,2011/1/26
兴庆小区 ,107,42,119,,,,,2,2011/1/25
兴庆小区 ,54,29,88,,,,,1,2011/1/24
兴庆小区 ,33,15,124,,,,,2,2011/1/23
兴庆小区 ,77,52,159,,,,,3,2011/1/22
兴庆小区 ,62,25,157,,,,,3,2011/1/21
兴庆小区 ,64,14,133,,,,,2,2011/1/20
兴庆小区 ,63,19,119,,,,,2,2011/1/19
兴庆小区 ,73,40,95,,,,,1,2011/1/18
兴庆小区 ,60,22,86,,,,,1,2011/1/17
兴庆小区 ,38,20,96,,,,,1,2011/1/16
兴庆小区 ,54,20,112,,,,,2,2011/1/15
兴庆小区 ,69,38,166,,,,,3,2011/1/14
兴庆小区 ,58,24,115,,,,,2,2011/1/13
兴庆小区 ,61,11,72,,,,,1,2011/1/12
兴庆小区 ,22,15,80,,,,,1,2011/1/11
兴庆小区 ,52,9,90,,,,,1,2011/1/10
兴庆小区 ,47,15,92,,,,,1,2011/1/9
兴庆小区 ,55,18,98,,,,,1,2011/1/8
兴庆小区 ,50,17,83,,,,,1,2011/1/7
兴庆小区 ,53,22,83,,,,,1,2011/1/6
兴庆小区 ,54,23,106,,,,,2,2011/1/5
兴庆小区 ,48,15,90,,,,,1,2011/1/4
兴庆小区 ,31,14,71,,,,,1,2011/1/3
兴庆小区 ,36,22,90,,,,,1,2011/1/2
兴庆小区 ,21,28,95,,,,,1,2011/1/1
兴庆小区 ,32,11,85,,,,,1,2010/12/31
兴庆小区 ,22,17,68,,,,,1,2010/12/30
兴庆小区 ,15,11,88,,,,,1,2010/12/29
兴庆小区 ,44,12,63,,,,,1,2010/12/28
兴庆小区 ,23,16,124,,,,,2,2010/12/27
兴庆小区 ,21,19,84,,,,,1,2010/12/26
兴庆小区 ,33,23,74,,,,,1,2010/12/25
兴庆小区 ,39,23,75,,,,,1,2010/12/24
兴庆小区 ,59,37,116,,,,,2,2010/12/23
兴庆小区 ,45,28,100,,,,,1,2010/12/22
兴庆小区 ,71,25,97,,,,,1,2010/12/21
兴庆小区 ,80,33,89,,,,,1,2010/12/20
兴庆小区 ,90,42,98,,,,,1,2010/12/19
兴庆小区 ,106,42,113,,,,,2,2010/12/18
兴庆小区 ,59,31,93,,,,,1,2010/12/17
兴庆小区 ,32,15,55,,,,,1,2010/12/16
兴庆小区 ,47,14,58,,,,,1,2010/12/15
兴庆小区 ,50,21,86,,,,,1,2010/12/14
兴庆小区 ,78,38,169,,,,,3,2010/12/13
兴庆小区 ,55,26,98,,,,,1,2010/12/12
兴庆小区 ,57,10,86,,,,,1,2010/12/11
兴庆小区 ,56,47,130,,,,,2,2010/12/10
兴庆小区 ,26,27,101,,,,,2,2010/12/9
兴庆小区 ,32,30,84,,,,,1,2010/12/8
兴庆小区 ,49,22,95,,,,,1,2010/12/7
兴庆小区 ,45,25,96,,,,,1,2010/12/6
兴庆小区 ,59,48,123,,,,,2,2010/12/5
兴庆小区 ,69,35,108,,,,,2,2010/12/4
兴庆小区 ,41,22,100,,,,,1,2010/12/3
兴庆小区 ,35,22,88,,,,,1,2010/12/2
兴庆小区 ,34,29,88,,,,,1,2010/12/1
兴庆小区 ,49,21,86,,,,,1,2010/11/30
兴庆小区 ,39,25,95,,,,,1,2010/11/29
兴庆小区 ,65,34,93,,,,,1,2010/11/28
兴庆小区 ,64,25,95,,,,,1,2010/11/27
兴庆小区 ,70,40,132,,,,,2,2010/11/26
兴庆小区 ,92,73,107,,,,,2,2010/11/25
兴庆小区 ,101,70,114,,,,,2,2010/11/24
兴庆小区 ,90,70,97,,,,,1,2010/11/23
兴庆小区 ,67,42,78,,,,,1,2010/11/22
兴庆小区 ,74,35,93,,,,,1,2010/11/21
兴庆小区 ,61,98,118,,,,,2,2010/11/20
兴庆小区 ,55,65,83,,,,,1,2010/11/19
兴庆小区 ,100,83,134,,,,,2,2010/11/18
兴庆小区 ,55,62,113,,,,,2,2010/11/17
兴庆小区 ,64,27,93,,,,,1,2010/11/16
兴庆小区 ,58,32,77,,,,,1,2010/11/15
兴庆小区 ,22,14,67,,,,,1,2010/11/14
兴庆小区 ,31,22,88,,,,,1,2010/11/13
兴庆小区 ,28,26,96,,,,,1,2010/11/12
兴庆小区 ,32,17,86,,,,,1,2010/11/11
兴庆小区 ,31,17,86,,,,,1,2010/11/10
兴庆小区 ,42,20,90,,,,,1,2010/11/9
兴庆小区 ,34,20,95,,,,,1,2010/11/8
兴庆小区 ,30,28,91,,,,,1,2010/11/7
兴庆小区 ,42,29,98,,,,,1,2010/11/6
兴庆小区 ,39,28,96,,,,,1,2010/11/5
兴庆小区 ,38,27,85,,,,,1,2010/11/4
兴庆小区 ,33,19,62,,,,,1,2010/11/3
兴庆小区 ,21,29,68,,,,,1,2010/11/2
兴庆小区 ,43,105,130,,,,,2,2010/11/1
兴庆小区 ,32,117,118,,,,,2,2010/10/31
兴庆小区 ,45,42,94,,,,,1,2010/10/30
兴庆小区 ,36,27,93,,,,,1,2010/10/29
兴庆小区 ,30,20,72,,,,,1,2010/10/28
兴庆小区 ,33,24,81,,,,,1,2010/10/27
兴庆小区 ,5,19,51,,,,,1,2010/10/26
兴庆小区 ,17,26,53,,,,,1,2010/10/25
兴庆小区 ,51,50,129,,,,,2,2010/10/24
兴庆小区 ,25,40,99,,,,,1,2010/10/23
兴庆小区 ,34,49,111,,,,,2,2010/10/22
兴庆小区 ,33,27,106,,,,,2,2010/10/21
兴庆小区 ,22,47,148,,,,,2,2010/10/20
兴庆小区 ,35,70,175,,,,,3,2010/10/19
兴庆小区 ,26,59,115,,,,,2,2010/10/18
兴庆小区 ,43,58,97,,,,,1,2010/10/17
兴庆小区 ,29,75,75,,,,,1,2010/10/16
兴庆小区 ,20,27,75,,,,,1,2010/10/15
兴庆小区 ,31,21,70,,,,,1,2010/10/14
兴庆小区 ,20,22,63,,,,,1,2010/10/13
兴庆小区 ,13,34,69,,,,,1,2010/10/12
兴庆小区 ,16,21,28,,,,,0,2010/10/11
兴庆小区 ,29,34,93,,,,,1,2010/10/10
兴庆小区 ,46,40,138,,,,,2,2010/10/9
兴庆小区 ,37,27,87,,,,,1,2010/10/8
兴庆小区 ,44,21,82,,,,,1,2010/10/7
兴庆小区 ,30,21,97,,,,,1,2010/10/6
兴庆小区 ,24,21,69,,,,,1,2010/10/5
兴庆小区 ,27,27,51,,,,,1,2010/10/4
兴庆小区 ,25,21,62,,,,,1,2010/10/3
兴庆小区 ,29,21,80,,,,,1,2010/10/2
兴庆小区 ,36,21,97,,,,,1,2010/10/1
兴庆小区 ,40,21,98,,,,,1,2010/9/30
兴庆小区 ,30,21,109,,,,,2,2010/9/29
兴庆小区 ,33,29,128,,,,,2,2010/9/28
兴庆小区 ,32,21,98,,,,,1,2010/9/27
兴庆小区 ,31,21,81,,,,,1,2010/9/26
兴庆小区 ,18,18,68,,,,,1,2010/9/25
兴庆小区 ,46,25,85,,,,,1,2010/9/24
兴庆小区 ,28,20,63,,,,,1,2010/9/23
兴庆小区 ,28,21,57,,,,,1,2010/9/22
兴庆小区 ,49,21,91,,,,,1,2010/9/21
兴庆小区 ,49,21,81,,,,,1,2010/9/20
兴庆小区 ,31,21,78,,,,,1,2010/9/19
兴庆小区 ,21,21,65,,,,,1,2010/9/18
兴庆小区 ,30,21,78,,,,,1,2010/9/17
兴庆小区 ,35,21,84,,,,,1,2010/9/16
兴庆小区 ,20,21,71,,,,,1,2010/9/15
兴庆小区 ,21,21,68,,,,,1,2010/9/14
兴庆小区 ,23,21,73,,,,,1,2010/9/13
兴庆小区 ,30,21,86,,,,,1,2010/9/12
兴庆小区 ,27,21,82,,,,,1,2010/9/11
兴庆小区 ,19,15,71,,,,,1,2010/9/10
兴庆小区 ,31,21,89,,,,,1,2010/9/9
兴庆小区 ,27,21,63,,,,,1,2010/9/8
兴庆小区 ,7,19,61,,,,,1,2010/9/7
兴庆小区 ,15,21,72,,,,,1,2010/9/6
兴庆小区 ,28,21,78,,,,,1,2010/9/5
兴庆小区 ,21,19,71,,,,,1,2010/9/4
兴庆小区 ,27,21,74,,,,,1,2010/9/3
兴庆小区 ,22,21,77,,,,,1,2010/9/2
兴庆小区 ,20,21,60,,,,,1,2010/9/1
兴庆小区 ,17,15,79,,,,,1,2010/8/31
兴庆小区 ,28,21,95,,,,,1,2010/8/30
兴庆小区 ,33,21,89,,,,,1,2010/8/29
兴庆小区 ,36,21,95,,,,,1,2010/8/28
兴庆小区 ,22,21,87,,,,,1,2010/8/27
兴庆小区 ,28,21,85,,,,,1,2010/8/26
兴庆小区 ,22,21,64,,,,,1,2010/8/25
兴庆小区 ,20,21,29,,,,,0,2010/8/24
兴庆小区 ,14,15,66,,,,,1,2010/8/23
兴庆小区 ,13,15,44,,,,,0,2010/8/22
兴庆小区 ,14,15,72,,,,,1,2010/8/21
兴庆小区 ,9,18,55,,,,,1,2010/8/20
兴庆小区 ,12,18,89,,,,,1,2010/8/19
兴庆小区 ,19,21,97,,,,,1,2010/8/18
兴庆小区 ,17,21,94,,,,,1,2010/8/17
兴庆小区 ,19,24,83,,,,,1,2010/8/16
兴庆小区 ,12,15,54,,,,,1,2010/8/15
兴庆小区 ,9,14,47,,,,,0,2010/8/14
兴庆小区 ,9,14,56,,,,,1,2010/8/13
兴庆小区 ,16,7,94,,,,,1,2010/8/12
兴庆小区 ,32,10,84,,,,,1,2010/8/11
兴庆小区 ,33,10,79,,,,,1,2010/8/10
兴庆小区 ,25,19,97,,,,,1,2010/8/9
兴庆小区 ,15,17,97,,,,,1,2010/8/8
兴庆小区 ,11,18,87,,,,,1,2010/8/7
兴庆小区 ,10,20,72,,,,,1,2010/8/6
兴庆小区 ,12,24,65,,,,,1,2010/8/5
兴庆小区 ,15,24,94,,,,,1,2010/8/4
兴庆小区 ,18,22,98,,,,,1,2010/8/3
兴庆小区 ,9,8,72,,,,,1,2010/8/2
兴庆小区 ,19,13,80,,,,,1,2010/8/1
兴庆小区 ,19,14,82,,,,,1,2010/7/31
兴庆小区 ,13,10,98,,,,,1,2010/7/30
兴庆小区 ,12,15,92,,,,,1,2010/7/29
兴庆小区 ,27,10,87,,,,,1,2010/7/28
兴庆小区 ,36,12,89,,,,,1,2010/7/27
兴庆小区 ,18,9,70,,,,,1,2010/7/26
兴庆小区 ,15,7,62,,,,,1,2010/7/25
兴庆小区 ,18,10,73,,,,,1,2010/7/24
兴庆小区 ,12,26,92,,,,,1,2010/7/23
兴庆小区 ,12,20,67,,,,,1,2010/7/22
兴庆小区 ,21,24,80,,,,,1,2010/7/21
兴庆小区 ,19,28,89,,,,,1,2010/7/20
兴庆小区 ,15,29,95,,,,,1,2010/7/19
兴庆小区 ,13,27,60,,,,,1,2010/7/18
兴庆小区 ,16,27,91,,,,,1,2010/7/17
兴庆小区 ,12,19,78,,,,,1,2010/7/16
兴庆小区 ,15,13,72,,,,,1,2010/7/15
兴庆小区 ,34,20,87,,,,,1,2010/7/14
兴庆小区 ,37,20,68,,,,,1,2010/7/13
兴庆小区 ,36,20,73,,,,,1,2010/7/12
兴庆小区 ,28,24,66,,,,,1,2010/7/11
兴庆小区 ,19,16,35,,,,,0,2010/7/10
兴庆小区 ,24,13,88,,,,,1,2010/7/9
兴庆小区 ,30,26,75,,,,,1,2010/7/8
兴庆小区 ,25,15,78,,,,,1,2010/7/7
兴庆小区 ,38,28,78,,,,,1,2010/7/6
兴庆小区 ,30,27,63,,,,,1,2010/7/5
兴庆小区 ,33,29,62,,,,,1,2010/7/4
兴庆小区 ,21,15,54,,,,,1,2010/7/3
兴庆小区 ,35,20,57,,,,,1,2010/7/2
兴庆小区 ,21,16,52,,,,,1,2010/7/1
兴庆小区 ,22,16,63,,,,,1,2010/6/30
兴庆小区 ,27,17,79,,,,,1,2010/6/29
兴庆小区 ,27,10,85,,,,,1,2010/6/28
兴庆小区 ,19,9,65,,,,,1,2010/6/27
兴庆小区 ,21,12,88,,,,,1,2010/6/26
兴庆小区 ,31,11,81,,,,,1,2010/6/25
兴庆小区 ,24,20,80,,,,,1,2010/6/24
兴庆小区 ,31,19,68,,,,,1,2010/6/23
兴庆小区 ,32,22,78,,,,,1,2010/6/22
兴庆小区 ,26,28,86,,,,,1,2010/6/21
兴庆小区 ,38,40,87,,,,,1,2010/6/20
兴庆小区 ,34,37,96,,,,,1,2010/6/19
兴庆小区 ,29,38,95,,,,,1,2010/6/18
兴庆小区 ,37,27,91,,,,,1,2010/6/17
兴庆小区 ,26,31,75,,,,,1,2010/6/16
兴庆小区 ,31,39,90,,,,,1,2010/6/15
兴庆小区 ,29,23,79,,,,,1,2010/6/14
兴庆小区 ,26,33,87,,,,,1,2010/6/13
兴庆小区 ,30,12,83,,,,,1,2010/6/12
兴庆小区 ,19,21,80,,,,,1,2010/6/11
兴庆小区 ,14,17,73,,,,,1,2010/6/10
兴庆小区 ,11,12,71,,,,,1,2010/6/9
兴庆小区 ,20,9,87,,,,,1,2010/6/8
兴庆小区 ,13,25,72,,,,,1,2010/6/7
兴庆小区 ,16,18,77,,,,,1,2010/6/6
兴庆小区 ,10,40,71,,,,,1,2010/6/5
兴庆小区 ,16,30,65,,,,,1,2010/6/4
兴庆小区 ,19,20,71,,,,,1,2010/6/3
兴庆小区 ,13,25,61,,,,,1,2010/6/2
兴庆小区 ,13,20,57,,,,,1,2010/6/1
兴庆小区 ,26,30,97,,,,,1,2010/5/31
兴庆小区 ,22,31,97,,,,,1,2010/5/30
兴庆小区 ,13,27,99,,,,,1,2010/5/29
兴庆小区 ,13,23,66,,,,,1,2010/5/28
兴庆小区 ,10,18,51,,,,,1,2010/5/27
兴庆小区 ,14,22,91,,,,,1,2010/5/26
兴庆小区 ,14,24,92,,,,,1,2010/5/25
兴庆小区 ,19,43,86,,,,,1,2010/5/24
兴庆小区 ,21,34,67,,,,,1,2010/5/23
兴庆小区 ,19,39,59,,,,,1,2010/5/22
兴庆小区 ,17,34,92,,,,,1,2010/5/21
兴庆小区 ,26,24,88,,,,,1,2010/5/20
兴庆小区 ,21,24,82,,,,,1,2010/5/19
兴庆小区 ,25,25,65,,,,,1,2010/5/18
兴庆小区 ,12,24,81,,,,,1,2010/5/17
兴庆小区 ,21,24,96,,,,,1,2010/5/16
兴庆小区 ,20,22,89,,,,,1,2010/5/15
兴庆小区 ,10,21,68,,,,,1,2010/5/14
兴庆小区 ,13,14,71,,,,,1,2010/5/13
兴庆小区 ,27,17,95,,,,,1,2010/5/12
兴庆小区 ,23,38,89,,,,,1,2010/5/11
兴庆小区 ,27,29,123,,,,,2,2010/5/10
兴庆小区 ,16,20,69,,,,,1,2010/5/9
兴庆小区 ,29,20,73,,,,,1,2010/5/8
兴庆小区 ,18,27,63,,,,,1,2010/5/7
兴庆小区 ,21,18,73,,,,,1,2010/5/6
兴庆小区 ,29,22,97,,,,,1,2010/5/5
兴庆小区 ,21,24,87,,,,,1,2010/5/4
兴庆小区 ,42,32,94,,,,,1,2010/5/3
兴庆小区 ,37,20,86,,,,,1,2010/5/2
兴庆小区 ,37,22,100,,,,,1,2010/5/1
兴庆小区 ,22,21,137,,,,,2,2010/4/30
兴庆小区 ,20,19,124,,,,,2,2010/4/29
兴庆小区 ,20,19,132,,,,,2,2010/4/28
兴庆小区 ,20,22,155,,,,,3,2010/4/27
兴庆小区 ,28,23,491,,,,,6,2010/4/26
兴庆小区 ,30,25,109,,,,,2,2010/4/25
兴庆小区 ,38,31,95,,,,,1,2010/4/24
兴庆小区 ,38,34,85,,,,,1,2010/4/23
兴庆小区 ,22,32,53,,,,,1,2010/4/22
兴庆小区 ,17,15,61,,,,,1,2010/4/21
兴庆小区 ,31,13,66,,,,,1,2010/4/20
兴庆小区 ,30,22,86,,,,,1,2010/4/19
兴庆小区 ,45,20,66,,,,,1,2010/4/18
兴庆小区 ,29,29,66,,,,,1,2010/4/17
兴庆小区 ,24,14,66,,,,,1,2010/4/16
兴庆小区 ,17,15,66,,,,,1,2010/4/15
兴庆小区 ,27,9,66,,,,,1,2010/4/14
兴庆小区 ,24,29,60,,,,,1,2010/4/13
兴庆小区 ,15,24,79,,,,,1,2010/4/12
兴庆小区 ,27,35,99,,,,,1,2010/4/11
兴庆小区 ,33,29,90,,,,,1,2010/4/10
兴庆小区 ,25,29,97,,,,,1,2010/4/9
兴庆小区 ,29,30,110,,,,,2,2010/4/8
兴庆小区 ,22,33,87,,,,,1,2010/4/7
兴庆小区 ,27,32,98,,,,,1,2010/4/6
兴庆小区 ,29,30,99,,,,,1,2010/4/5
兴庆小区 ,28,35,71,,,,,1,2010/4/4
兴庆小区 ,34,25,93,,,,,1,2010/4/3
兴庆小区 ,26,36,100,,,,,1,2010/4/2
兴庆小区 ,11,38,100,,,,,1,2010/4/1
兴庆小区 ,32,24,114,,,,,2,2010/3/31
兴庆小区 ,24,20,87,,,,,1,2010/3/30
兴庆小区 ,39,22,94,,,,,1,2010/3/29
兴庆小区 ,28,25,69,,,,,1,2010/3/28
兴庆小区 ,22,29,88,,,,,1,2010/3/27
兴庆小区 ,26,29,111,,,,,2,2010/3/26
兴庆小区 ,14,34,101,,,,,2,2010/3/25
兴庆小区 ,28,23,88,,,,,1,2010/3/24
兴庆小区 ,12,23,100,,,,,1,2010/3/23
兴庆小区 ,35,45,198,,,,,3,2010/3/22
兴庆小区 ,21,38,159,,,,,3,2010/3/21
兴庆小区 ,19,39,186,,,,,3,2010/3/20
兴庆小区 ,37,34,106,,,,,2,2010/3/19
兴庆小区 ,36,37,167,,,,,3,2010/3/18
兴庆小区 ,42,35,98,,,,,1,2010/3/17
兴庆小区 ,30,25,92,,,,,1,2010/3/16
兴庆小区 ,29,26,67,,,,,1,2010/3/15
兴庆小区 ,38,25,67,,,,,1,2010/3/14
兴庆小区 ,42,26,92,,,,,1,2010/3/13
兴庆小区 ,49,47,70,,,,,1,2010/3/12
兴庆小区 ,53,29,67,,,,,1,2010/3/11
兴庆小区 ,46,29,73,,,,,1,2010/3/10
兴庆小区 ,38,22,49,,,,,0,2010/3/9
兴庆小区 ,45,35,70,,,,,1,2010/3/8
兴庆小区 ,67,28,70,,,,,1,2010/3/7
兴庆小区 ,58,26,93,,,,,1,2010/3/6
兴庆小区 ,64,29,92,,,,,1,2010/3/5
兴庆小区 ,64,37,80,,,,,1,2010/3/4
兴庆小区 ,54,45,100,,,,,1,2010/3/3
兴庆小区 ,55,44,113,,,,,2,2010/3/2
兴庆小区 ,65,49,130,,,,,2,2010/3/1
兴庆小区 ,31,50,104,,,,,2,2010/2/28
兴庆小区 ,44,50,101,,,,,2,2010/2/27
兴庆小区 ,39,46,100,,,,,1,2010/2/26
兴庆小区 ,58,27,92,,,,,1,2010/2/25
兴庆小区 ,56,45,112,,,,,2,2010/2/24
兴庆小区 ,51,32,79,,,,,1,2010/2/23
兴庆小区 ,51,29,68,,,,,1,2010/2/22
兴庆小区 ,43,39,70,,,,,1,2010/2/21
兴庆小区 ,32,27,63,,,,,1,2010/2/20
兴庆小区 ,35,29,53,,,,,1,2010/2/19
兴庆小区 ,46,24,51,,,,,1,2010/2/18
兴庆小区 ,35,23,53,,,,,1,2010/2/17
兴庆小区 ,15,27,56,,,,,1,2010/2/16
兴庆小区 ,21,23,42,,,,,0,2010/2/15
兴庆小区 ,49,34,97,,,,,1,2010/2/14
兴庆小区 ,58,27,63,,,,,1,2010/2/13
兴庆小区 ,37,34,40,,,,,0,2010/2/12
兴庆小区 ,22,20,30,,,,,0,2010/2/11
兴庆小区 ,17,32,62,,,,,1,2010/2/10
兴庆小区 ,51,49,118,,,,,2,2010/2/9
兴庆小区 ,41,49,113,,,,,2,2010/2/8
兴庆小区 ,68,45,132,,,,,2,2010/2/7
兴庆小区 ,54,48,135,,,,,2,2010/2/6
兴庆小区 ,53,38,122,,,,,2,2010/2/5
兴庆小区 ,60,79,112,,,,,2,2010/2/4
兴庆小区 ,64,40,93,,,,,1,2010/2/3
兴庆小区 ,68,93,96,,,,,1,2010/2/2
兴庆小区 ,53,73,98,,,,,1,2010/2/1
兴庆小区 ,61,58,90,,,,,1,2010/1/31
兴庆小区 ,76,45,91,,,,,1,2010/1/30
兴庆小区 ,63,58,68,,,,,1,2010/1/29
兴庆小区 ,46,68,94,,,,,1,2010/1/28
兴庆小区 ,57,67,95,,,,,1,2010/1/27
兴庆小区 ,60,42,98,,,,,1,2010/1/26
兴庆小区 ,36,54,76,,,,,1,2010/1/25
兴庆小区 ,20,57,76,,,,,1,2010/1/24
兴庆小区 ,39,35,76,,,,,1,2010/1/23
兴庆小区 ,39,36,76,,,,,1,2010/1/22
兴庆小区 ,60,35,76,,,,,1,2010/1/21
兴庆小区 ,87,87,113,,,,,2,2010/1/20
兴庆小区 ,75,82,109,,,,,2,2010/1/19
兴庆小区 ,92,52,113,,,,,2,2010/1/18
兴庆小区 ,83,57,122,,,,,2,2010/1/17
兴庆小区 ,97,53,101,,,,,2,2010/1/16
兴庆小区 ,84,87,104,,,,,2,2010/1/15
兴庆小区 ,68,45,87,,,,,1,2010/1/14
兴庆小区 ,57,25,66,,,,,1,2010/1/13
兴庆小区 ,69,45,78,,,,,1,2010/1/12
兴庆小区 ,57,43,102,,,,,2,2010/1/11
兴庆小区 ,55,37,130,,,,,2,2010/1/10
兴庆小区 ,67,39,127,,,,,2,2010/1/9
兴庆小区 ,74,63,102,,,,,2,2010/1/8
兴庆小区 ,67,39,106,,,,,2,2010/1/7
兴庆小区 ,56,35,78,,,,,1,2010/1/6
兴庆小区 ,64,24,69,,,,,1,2010/1/5
兴庆小区 ,54,22,77,,,,,1,2010/1/4
兴庆小区 ,57,27,93,,,,,1,2010/1/3
兴庆小区 ,61,36,89,,,,,1,2010/1/2
兴庆小区 ,65,36,94,,,,,1,2010/1/1
纺织城 ,68,44,85,,,,,1,2012/12/31
纺织城 ,63,25,73,,,,,1,2012/12/30
纺织城 ,68,27,91,,,,,1,2012/12/29
纺织城 ,85,50,195,,,,,3,2012/12/28
纺织城 ,77,37,98,,,,,1,2012/12/25
纺织城 ,37,17,77,,,,,1,2012/12/24
纺织城 ,45,22,66,,,,,1,2012/12/23
纺织城 ,52,19,83,,,,,1,2012/12/22
纺织城 ,47,23,90,,,,,1,2012/12/21
纺织城 ,58,26,92,,,,,1,2012/12/20
纺织城 ,47,23,90,,,,,1,2012/12/19
纺织城 ,40,25,89,,,,,1,2012/12/18
纺织城 ,52,40,126,,,,,2,2012/12/17
纺织城 ,55,34,323,,,,,7,2012/12/16
纺织城 ,57,37,280,,,,,5,2012/12/15
纺织城 ,62,38,298,,,,,5,2012/12/14
纺织城 ,60,41,280,,,,,5,2012/12/13
纺织城 ,51,40,262,,,,,5,2012/12/12
纺织城 ,54,40,121,,,,,2,2012/12/11
纺织城 ,56,34,112,,,,,2,2012/12/10
纺织城 ,57,27,85,,,,,1,2012/12/9
纺织城 ,56,33,88,,,,,1,2012/12/8
纺织城 ,55,32,90,,,,,1,2012/12/7
纺织城 ,58,27,98,,,,,1,2012/12/6
纺织城 ,59,25,99,,,,,1,2012/12/5
纺织城 ,66,27,124,,,,,2,2012/12/4
纺织城 ,76,31,129,,,,,2,2012/12/3
纺织城 ,89,37,320,,,,,6,2012/12/2
纺织城 ,94,44,195,,,,,3,2012/12/1
纺织城 ,54,23,97,,,,,1,2012/11/30
纺织城 ,31,21,94,,,,,1,2012/11/29
纺织城 ,26,32,83,,,,,1,2012/11/28
纺织城 ,30,25,85,,,,,1,2012/11/27
纺织城 ,36,17,77,,,,,1,2012/11/26
纺织城 ,38,19,90,,,,,1,2012/11/25
纺织城 ,28,29,63,,,,,1,2012/11/24
纺织城 ,29,20,72,,,,,1,2012/11/23
纺织城 ,33,30,156,,,,,3,2012/11/22
纺织城 ,32,31,133,,,,,2,2012/11/21
纺织城 ,41,32,117,,,,,2,2012/11/20
纺织城 ,32,32,94,,,,,1,2012/11/19
纺织城 ,51,50,108,,,,,2,2012/11/18
纺织城 ,43,34,83,,,,,1,2012/11/17
纺织城 ,24,30,60,,,,,1,2012/11/16
纺织城 ,51,44,119,,,,,2,2012/11/15
纺织城 ,21,33,84,,,,,1,2012/11/14
纺织城 ,26,35,82,,,,,1,2012/11/13
纺织城 ,23,30,72,,,,,1,2012/11/12
纺织城 ,19,26,69,,,,,1,2012/11/11
纺织城 ,21,23,96,,,,,1,2012/11/10
纺织城 ,18,29,93,,,,,1,2012/11/9
纺织城 ,21,28,54,,,,,1,2012/11/8
纺织城 ,27,29,92,,,,,1,2012/11/7
纺织城 ,23,29,93,,,,,1,2012/11/6
纺织城 ,24,30,81,,,,,1,2012/11/5
纺织城 ,26,25,69,,,,,1,2012/11/4
纺织城 ,23,24,92,,,,,1,2012/11/3
纺织城 ,29,25,108,,,,,2,2012/11/2
纺织城 ,31,29,83,,,,,1,2012/11/1
纺织城 ,16,29,78,,,,,1,2012/10/31
纺织城 ,19,23,90,,,,,1,2012/10/30
纺织城 ,21,32,91,,,,,1,2012/10/29
纺织城 ,24,35,94,,,,,1,2012/10/28
纺织城 ,21,32,92,,,,,1,2012/10/27
纺织城 ,24,34,117,,,,,2,2012/10/26
纺织城 ,17,33,84,,,,,1,2012/10/25
纺织城 ,19,29,79,,,,,1,2012/10/24
纺织城 ,21,36,81,,,,,1,2012/10/23
纺织城 ,19,27,49,,,,,0,2012/10/22
纺织城 ,21,34,115,,,,,2,2012/10/21
纺织城 ,19,33,91,,,,,1,2012/10/20
纺织城 ,20,30,87,,,,,1,2012/10/19
纺织城 ,19,30,89,,,,,1,2012/10/18
纺织城 ,20,29,68,,,,,1,2012/10/17
纺织城 ,21,31,90,,,,,1,2012/10/16
纺织城 ,20,29,130,,,,,2,2012/10/15
纺织城 ,21,34,87,,,,,1,2012/10/14
纺织城 ,18,21,81,,,,,1,2012/10/13
纺织城 ,20,42,120,,,,,2,2012/10/12
纺织城 ,26,27,121,,,,,2,2012/10/11
纺织城 ,18,24,75,,,,,1,2012/10/10
纺织城 ,17,23,90,,,,,1,2012/10/9
纺织城 ,18,28,130,,,,,2,2012/10/8
纺织城 ,20,35,114,,,,,2,2012/10/7
纺织城 ,16,21,89,,,,,1,2012/10/6
纺织城 ,20,19,79,,,,,1,2012/10/5
纺织城 ,19,25,73,,,,,1,2012/10/4
纺织城 ,14,24,85,,,,,1,2012/10/3
纺织城 ,19,30,109,,,,,2,2012/10/2
纺织城 ,16,31,86,,,,,1,2012/10/1
纺织城 ,20,29,81,,,,,1,2012/9/30
纺织城 ,19,24,64,,,,,1,2012/9/29
纺织城 ,16,21,55,,,,,1,2012/9/28
纺织城 ,17,21,68,,,,,1,2012/9/27
纺织城 ,18,15,42,,,,,0,2012/9/26
纺织城 ,16,14,89,,,,,1,2012/9/25
纺织城 ,24,29,116,,,,,2,2012/9/24
纺织城 ,20,22,98,,,,,1,2012/9/23
纺织城 ,17,20,80,,,,,1,2012/9/22
纺织城 ,11,23,78,,,,,1,2012/9/21
纺织城 ,14,27,76,,,,,1,2012/9/20
纺织城 ,16,21,71,,,,,1,2012/9/19
纺织城 ,20,24,76,,,,,1,2012/9/18
纺织城 ,15,21,71,,,,,1,2012/9/17
纺织城 ,18,15,52,,,,,1,2012/9/16
纺织城 ,23,19,65,,,,,1,2012/9/15
纺织城 ,20,20,54,,,,,1,2012/9/14
纺织城 ,17,18,47,,,,,0,2012/9/13
纺织城 ,16,14,49,,,,,0,2012/9/12
纺织城 ,14,12,59,,,,,1,2012/9/11
纺织城 ,17,13,63,,,,,1,2012/9/10
纺织城 ,14,19,55,,,,,1,2012/9/9
纺织城 ,20,19,65,,,,,1,2012/9/8
纺织城 ,19,15,71,,,,,1,2012/9/7
纺织城 ,17,22,79,,,,,1,2012/9/6
纺织城 ,22,23,74,,,,,1,2012/9/5
纺织城 ,26,21,55,,,,,1,2012/9/4
纺织城 ,26,21,55,,,,,1,2012/9/4
纺织城 ,21,17,36,,,,,0,2012/9/3
纺织城 ,19,13,32,,,,,0,2012/9/2
纺织城 ,21,14,33,,,,,0,2012/9/1
纺织城 ,19,17,66,,,,,1,2012/8/31
纺织城 ,21,20,64,,,,,1,2012/8/30
纺织城 ,22,25,60,,,,,1,2012/8/29
纺织城 ,19,22,76,,,,,1,2012/8/28
纺织城 ,19,19,89,,,,,1,2012/8/27
纺织城 ,18,14,80,,,,,1,2012/8/26
纺织城 ,20,25,74,,,,,1,2012/8/25
纺织城 ,21,17,54,,,,,1,2012/8/24
纺织城 ,15,15,54,,,,,1,2012/8/23
纺织城 ,16,22,57,,,,,1,2012/8/22
纺织城 ,20,21,39,,,,,0,2012/8/21
纺织城 ,22,22,36,,,,,0,2012/8/20
纺织城 ,32,17,45,,,,,0,2012/8/19
纺织城 ,34,17,57,,,,,1,2012/8/18
纺织城 ,35,16,65,,,,,1,2012/8/17
纺织城 ,39,28,79,,,,,1,2012/8/16
纺织城 ,37,24,63,,,,,1,2012/8/15
纺织城 ,35,22,56,,,,,1,2012/8/14
纺织城 ,26,19,71,,,,,1,2012/8/13
纺织城 ,25,17,87,,,,,1,2012/8/12
纺织城 ,18,19,74,,,,,1,2012/8/11
纺织城 ,19,17,76,,,,,1,2012/8/10
纺织城 ,15,19,75,,,,,1,2012/8/9
纺织城 ,17,17,70,,,,,1,2012/8/8
纺织城 ,22,25,56,,,,,1,2012/8/7
纺织城 ,16,19,58,,,,,1,2012/8/6
纺织城 ,13,14,76,,,,,1,2012/8/5
纺织城 ,15,14,77,,,,,1,2012/8/4
纺织城 ,16,15,69,,,,,1,2012/8/3
纺织城 ,33,24,52,,,,,1,2012/8/2
纺织城 ,24,22,53,,,,,1,2012/8/1
纺织城 ,23,12,51,,,,,1,2012/7/31
纺织城 ,36,21,66,,,,,1,2012/7/30
纺织城 ,26,29,69,,,,,1,2012/7/29
纺织城 ,36,18,51,,,,,1,2012/7/28
纺织城 ,32,18,45,,,,,0,2012/7/27
纺织城 ,35,22,74,,,,,1,2012/7/26
纺织城 ,32,18,71,,,,,1,2012/7/25
纺织城 ,29,21,51,,,,,1,2012/7/24
纺织城 ,26,19,54,,,,,1,2012/7/23
纺织城 ,23,13,51,,,,,1,2012/7/22
纺织城 ,27,12,71,,,,,1,2012/7/21
纺织城 ,26,14,82,,,,,1,2012/7/20
纺织城 ,25,15,79,,,,,1,2012/7/19
纺织城 ,26,17,77,,,,,1,2012/7/18
纺织城 ,24,15,71,,,,,1,2012/7/17
纺织城 ,24,15,70,,,,,1,2012/7/16
纺织城 ,24,15,70,,,,,1,2012/7/16
纺织城 ,26,18,64,,,,,1,2012/7/15
纺织城 ,22,15,67,,,,,1,2012/7/14
纺织城 ,34,27,57,,,,,1,2012/7/13
纺织城 ,29,25,58,,,,,1,2012/7/12
纺织城 ,23,13,60,,,,,1,2012/7/11
纺织城 ,24,15,53,,,,,1,2012/7/10
纺织城 ,16,15,45,,,,,0,2012/7/9
纺织城 ,20,14,56,,,,,1,2012/7/8
纺织城 ,24,12,48,,,,,0,2012/7/7
纺织城 ,20,19,57,,,,,1,2012/7/6
纺织城 ,23,18,41,,,,,0,2012/7/5
纺织城 ,19,20,44,,,,,0,2012/7/4
纺织城 ,19,15,45,,,,,0,2012/7/3
纺织城 ,18,22,55,,,,,1,2012/7/2
纺织城 ,27,17,36,,,,,0,2012/7/1
纺织城 ,21,20,42,,,,,0,2012/6/30
纺织城 ,27,15,57,,,,,1,2012/6/29
纺织城 ,32,10,53,,,,,1,2012/6/28
纺织城 ,26,20,71,,,,,1,2012/6/27
纺织城 ,21,18,54,,,,,1,2012/6/26
纺织城 ,36,15,69,,,,,1,2012/6/25
纺织城 ,31,16,61,,,,,1,2012/6/24
纺织城 ,37,15,56,,,,,1,2012/6/23
纺织城 ,37,16,57,,,,,1,2012/6/22
纺织城 ,37,29,72,,,,,1,2012/6/21
纺织城 ,30,22,69,,,,,1,2012/6/20
纺织城 ,38,18,68,,,,,1,2012/6/19
纺织城 ,39,19,58,,,,,1,2012/6/18
纺织城 ,36,24,66,,,,,1,2012/6/17
纺织城 ,27,22,64,,,,,1,2012/6/16
纺织城 ,38,25,61,,,,,1,2012/6/15
纺织城 ,35,19,63,,,,,1,2012/6/14
纺织城 ,26,30,59,,,,,1,2012/6/13
纺织城 ,28,24,66,,,,,1,2012/6/12
纺织城 ,35,27,62,,,,,1,2012/6/11
纺织城 ,28,28,58,,,,,1,2012/6/10
纺织城 ,30,22,60,,,,,1,2012/6/9
纺织城 ,22,24,52,,,,,1,2012/6/8
纺织城 ,23,22,68,,,,,1,2012/6/7
纺织城 ,23,22,59,,,,,1,2012/6/6
纺织城 ,33,15,76,,,,,1,2012/6/5
纺织城 ,29,17,69,,,,,1,2012/6/4
纺织城 ,24,10,52,,,,,1,2012/6/3
纺织城 ,21,15,57,,,,,1,2012/6/2
纺织城 ,21,15,66,,,,,1,2012/6/1
纺织城 ,23,17,55,,,,,1,2012/5/31
纺织城 ,21,17,44,,,,,0,2012/5/30
纺织城 ,21,16,51,,,,,1,2012/5/29
纺织城 ,24,15,52,,,,,1,2012/5/28
纺织城 ,23,15,63,,,,,1,2012/5/27
纺织城 ,16,19,63,,,,,1,2012/5/26
纺织城 ,18,15,80,,,,,1,2012/5/25
纺织城 ,16,19,84,,,,,1,2012/5/24
纺织城 ,10,17,79,,,,,1,2012/5/23
纺织城 ,12,12,53,,,,,1,2012/5/22
纺织城 ,13,14,56,,,,,1,2012/5/21
纺织城 ,19,20,73,,,,,1,2012/5/20
纺织城 ,29,40,82,,,,,1,2012/5/19
纺织城 ,24,40,78,,,,,1,2012/5/18
纺织城 ,21,39,69,,,,,1,2012/5/17
纺织城 ,25,37,68,,,,,1,2012/5/16
纺织城 ,16,26,56,,,,,1,2012/5/15
纺织城 ,14,25,63,,,,,1,2012/5/14
纺织城 ,19,20,76,,,,,1,2012/5/13
纺织城 ,13,14,64,,,,,1,2012/5/12
纺织城 ,12,14,54,,,,,1,2012/5/11
纺织城 ,20,25,73,,,,,1,2012/5/10
纺织城 ,30,25,77,,,,,1,2012/5/9
纺织城 ,27,26,83,,,,,1,2012/5/8
纺织城 ,33,25,86,,,,,1,2012/5/7
纺织城 ,32,40,83,,,,,1,2012/5/6
纺织城 ,37,35,76,,,,,1,2012/5/5
纺织城 ,29,35,76,,,,,1,2012/5/4
纺织城 ,18,32,69,,,,,1,2012/5/3
纺织城 ,24,30,68,,,,,1,2012/5/2
纺织城 ,14,37,95,,,,,1,2012/5/1
纺织城 ,21,16,80,,,,,1,2012/4/30
纺织城 ,24,34,106,,,,,2,2012/4/29
纺织城 ,43,39,101,,,,,2,2012/4/28
纺织城 ,38,36,80,,,,,1,2012/4/27
纺织城 ,42,37,91,,,,,1,2012/4/26
纺织城 ,36,37,87,,,,,1,2012/4/25
纺织城 ,30,25,71,,,,,1,2012/4/24
纺织城 ,45,38,100,,,,,1,2012/4/23
纺织城 ,34,30,92,,,,,1,2012/4/22
纺织城 ,33,32,93,,,,,1,2012/4/21
纺织城 ,33,30,88,,,,,1,2012/4/20
纺织城 ,33,33,64,,,,,1,2012/4/19
纺织城 ,41,30,90,,,,,1,2012/4/18
纺织城 ,53,37,95,,,,,1,2012/4/17
纺织城 ,34,33,69,,,,,1,2012/4/16
纺织城 ,31,34,70,,,,,1,2012/4/15
纺织城 ,26,24,60,,,,,1,2012/4/14
纺织城 ,21,21,57,,,,,1,2012/4/13
纺织城 ,39,25,51,,,,,1,2012/4/12
纺织城 ,34,25,69,,,,,1,2012/4/11
纺织城 ,33,26,66,,,,,1,2012/4/10
纺织城 ,29,25,65,,,,,1,2012/4/9
纺织城 ,25,23,85,,,,,1,2012/4/8
纺织城 ,33,26,81,,,,,1,2012/4/7
纺织城 ,30,24,79,,,,,1,2012/4/6
纺织城 ,24,20,79,,,,,1,2012/4/5
纺织城 ,27,20,76,,,,,1,2012/4/4
纺织城 ,27,23,80,,,,,1,2012/4/3
纺织城 ,35,29,81,,,,,1,2012/4/2
纺织城 ,30,31,73,,,,,1,2012/4/1
纺织城 ,29,24,63,,,,,1,2012/3/31
纺织城 ,48,26,77,,,,,1,2012/3/30
纺织城 ,51,22,90,,,,,1,2012/3/29
纺织城 ,45,55,93,,,,,1,2012/3/28
纺织城 ,52,38,91,,,,,1,2012/3/27
纺织城 ,56,49,85,,,,,1,2012/3/26
纺织城 ,52,35,79,,,,,1,2012/3/25
纺织城 ,47,25,71,,,,,1,2012/3/24
纺织城 ,49,24,64,,,,,1,2012/3/23
纺织城 ,48,24,59,,,,,1,2012/3/22
纺织城 ,48,27,71,,,,,1,2012/3/21
纺织城 ,48,24,64,,,,,1,2012/3/20
纺织城 ,56,26,103,,,,,2,2012/3/19
纺织城 ,60,40,122,,,,,2,2012/3/18
纺织城 ,41,34,86,,,,,1,2012/3/17
纺织城 ,35,35,73,,,,,1,2012/3/16
纺织城 ,37,37,80,,,,,1,2012/3/15
纺织城 ,40,35,90,,,,,1,2012/3/14
纺织城 ,55,50,106,,,,,2,2012/3/13
纺织城 ,43,25,83,,,,,1,2012/3/12
纺织城 ,37,42,66,,,,,1,2012/3/11
纺织城 ,43,52,81,,,,,1,2012/3/10
纺织城 ,42,29,60,,,,,1,2012/3/9
纺织城 ,32,31,62,,,,,1,2012/3/8
纺织城 ,30,27,67,,,,,1,2012/3/7
纺织城 ,27,28,60,,,,,1,2012/3/6
纺织城 ,41,37,73,,,,,1,2012/3/5
纺织城 ,32,37,69,,,,,1,2012/3/4
纺织城 ,33,33,67,,,,,1,2012/3/3
纺织城 ,39,44,98,,,,,1,2012/3/2
纺织城 ,49,69,124,,,,,2,2012/3/1
纺织城 ,57,44,112,,,,,2,2012/2/29
纺织城 ,43,30,103,,,,,2,2012/2/28
纺织城 ,41,35,78,,,,,1,2012/2/27
纺织城 ,52,35,63,,,,,1,2012/2/26
纺织城 ,50,21,81,,,,,1,2012/2/25
纺织城 ,68,57,95,,,,,1,2012/2/24
纺织城 ,55,64,125,,,,,2,2012/2/23
纺织城 ,65,47,123,,,,,2,2012/2/22
纺织城 ,54,29,93,,,,,1,2012/2/21
纺织城 ,42,26,92,,,,,1,2012/2/20
纺织城 ,49,29,52,,,,,1,2012/2/19
纺织城 ,38,25,45,,,,,0,2012/2/18
纺织城 ,39,19,55,,,,,1,2012/2/17
纺织城 ,50,29,100,,,,,1,2012/2/16
纺织城 ,52,45,115,,,,,2,2012/2/15
纺织城 ,56,29,113,,,,,2,2012/2/14
纺织城 ,45,27,98,,,,,1,2012/2/13
纺织城 ,37,29,98,,,,,1,2012/2/12
纺织城 ,38,24,80,,,,,1,2012/2/11
纺织城 ,36,19,79,,,,,1,2012/2/10
纺织城 ,35,19,36,,,,,0,2012/2/9
纺织城 ,29,20,52,,,,,1,2012/2/8
纺织城 ,35,15,42,,,,,0,2012/2/7
纺织城 ,63,44,118,,,,,2,2012/2/6
纺织城 ,62,44,85,,,,,1,2012/2/5
纺织城 ,54,42,74,,,,,1,2012/2/4
纺织城 ,36,20,48,,,,,0,2012/2/3
纺织城 ,31,22,40,,,,,0,2012/2/2
纺织城 ,70,54,137,,,,,2,2012/2/1
纺织城 ,74,59,117,,,,,2,2012/1/31
纺织城 ,73,62,122,,,,,2,2012/1/30
纺织城 ,77,49,103,,,,,2,2012/1/29
纺织城 ,64,38,99,,,,,1,2012/1/28
纺织城 ,62,17,82,,,,,1,2012/1/27
纺织城 ,53,25,71,,,,,1,2012/1/26
纺织城 ,56,18,45,,,,,1,2012/1/25
纺织城 ,44,27,68,,,,,1,2012/1/24
纺织城 ,53,24,86,,,,,1,2012/1/23
纺织城 ,44,39,56,,,,,1,2012/1/22
纺织城 ,57,34,69,,,,,1,2012/1/21
纺织城 ,63,55,99,,,,,1,2012/1/20
纺织城 ,87,55,122,,,,,2,2012/1/19
纺织城 ,65,85,187,,,,,3,2012/1/18
纺织城 ,70,52,123,,,,,2,2012/1/17
纺织城 ,96,83,135,,,,,2,2012/1/16
纺织城 ,78,83,107,,,,,2,2012/1/15
纺织城 ,99,79,141,,,,,2,2012/1/14
纺织城 ,96,73,124,,,,,2,2012/1/13
纺织城 ,96,84,117,,,,,2,2012/1/12
纺织城 ,103,93,147,,,,,2,2012/1/11
纺织城 ,95,73,184,,,,,3,2012/1/10
纺织城 ,93,85,129,,,,,2,2012/1/9
纺织城 ,73,65,133,,,,,2,2012/1/8
纺织城 ,92,64,96,,,,,1,2012/1/7
纺织城 ,63,47,95,,,,,1,2012/1/6
纺织城 ,31,30,53,,,,,1,2012/1/5
纺织城 ,28,27,36,,,,,0,2012/1/4
纺织城 ,58,29,62,,,,,1,2012/1/3
纺织城 ,77,74,123,,,,,2,2012/1/2
纺织城 ,104,83,236,,,,,4,2012/1/1
纺织城 ,85,59,143,,,,,2,2011/12/31
纺织城 ,87,65,236,,,,,4,2011/12/30
纺织城 ,102,43,128,,,,,2,2011/12/29
纺织城 ,60,47,120,,,,,2,2011/12/28
纺织城 ,67,40,119,,,,,2,2011/12/27
纺织城 ,61,40,114,,,,,2,2011/12/26
纺织城 ,60,37,109,,,,,2,2011/12/25
纺织城 ,58,28,77,,,,,1,2011/12/24
纺织城 ,61,37,93,,,,,1,2011/12/23
纺织城 ,58,32,94,,,,,1,2011/12/22
纺织城 ,70,73,94,,,,,1,2011/12/21
纺织城 ,76,43,127,,,,,2,2011/12/20
纺织城 ,63,33,126,,,,,2,2011/12/19
纺织城 ,56,29,106,,,,,2,2011/12/18
纺织城 ,51,32,95,,,,,1,2011/12/17
纺织城 ,54,27,96,,,,,1,2011/12/16
纺织城 ,51,29,114,,,,,2,2011/12/15
纺织城 ,61,25,114,,,,,2,2011/12/14
纺织城 ,54,25,109,,,,,2,2011/12/13
纺织城 ,56,25,94,,,,,1,2011/12/12
纺织城 ,55,19,105,,,,,2,2011/12/11
纺织城 ,56,19,84,,,,,1,2011/12/10
纺织城 ,65,25,95,,,,,1,2011/12/9
纺织城 ,54,14,68,,,,,1,2011/12/8
纺织城 ,61,14,66,,,,,1,2011/12/7
纺织城 ,62,15,78,,,,,1,2011/12/6
纺织城 ,63,19,96,,,,,1,2011/12/5
纺织城 ,66,22,110,,,,,2,2011/12/4
纺织城 ,68,29,96,,,,,1,2011/12/3
纺织城 ,61,15,97,,,,,1,2011/12/2
纺织城 ,51,20,71,,,,,1,2011/12/1
纺织城 ,35,22,54,,,,,1,2011/11/30
纺织城 ,51,17,99,,,,,1,2011/11/29
纺织城 ,26,24,121,,,,,2,2011/11/28
纺织城 ,21,17,114,,,,,2,2011/11/27
纺织城 ,19,14,114,,,,,2,2011/11/26
纺织城 ,19,19,108,,,,,2,2011/11/25
纺织城 ,18,9,63,,,,,1,2011/11/24
纺织城 ,15,18,74,,,,,1,2011/11/23
纺织城 ,11,11,65,,,,,1,2011/11/22
纺织城 ,21,18,54,,,,,1,2011/11/21
纺织城 ,19,15,51,,,,,1,2011/11/20
纺织城 ,15,19,53,,,,,1,2011/11/19
纺织城 ,18,12,57,,,,,1,2011/11/18
纺织城 ,12,17,68,,,,,1,2011/11/17
纺织城 ,22,19,90,,,,,1,2011/11/16
纺织城 ,15,19,83,,,,,1,2011/11/15
纺织城 ,16,19,79,,,,,1,2011/11/14
纺织城 ,15,16,58,,,,,1,2011/11/13
纺织城 ,19,18,75,,,,,1,2011/11/12
纺织城 ,19,17,80,,,,,1,2011/11/11
纺织城 ,19,17,80,,,,,1,2011/11/10
纺织城 ,18,11,47,,,,,0,2011/11/9
纺织城 ,10,14,38,,,,,0,2011/11/8
纺织城 ,18,19,44,,,,,0,2011/11/7
纺织城 ,14,19,50,,,,,0,2011/11/5
纺织城 ,14,17,42,,,,,0,2011/11/5
纺织城 ,16,23,63,,,,,1,2011/11/4
纺织城 ,15,18,73,,,,,1,2011/11/3
纺织城 ,15,15,94,,,,,1,2011/11/2
纺织城 ,17,21,96,,,,,1,2011/11/1
纺织城 ,15,30,100,,,,,1,2011/10/31
纺织城 ,16,24,82,,,,,1,2011/10/30
纺织城 ,15,26,93,,,,,1,2011/10/29
纺织城 ,17,27,111,,,,,2,2011/10/28
纺织城 ,11,24,77,,,,,1,2011/10/27
纺织城 ,11,23,52,,,,,1,2011/10/26
纺织城 ,14,17,53,,,,,1,2011/10/25
纺织城 ,10,19,51,,,,,1,2011/10/24
纺织城 ,19,20,67,,,,,1,2011/10/23
纺织城 ,15,19,94,,,,,1,2011/10/22
纺织城 ,24,29,96,,,,,1,2011/10/21
纺织城 ,12,27,83,,,,,1,2011/10/20
纺织城 ,22,20,81,,,,,1,2011/10/19
纺织城 ,16,30,80,,,,,1,2011/10/18
纺织城 ,20,24,54,,,,,1,2011/10/17
纺织城 ,13,19,35,,,,,0,2011/10/16
纺织城 ,17,24,47,,,,,0,2011/10/15
纺织城 ,13,19,46,,,,,0,2011/10/14
纺织城 ,11,20,36,,,,,0,2011/10/13
纺织城 ,9,15,56,,,,,1,2011/10/12
纺织城 ,13,20,80,,,,,1,2011/10/11
纺织城 ,12,17,80,,,,,1,2011/10/10
纺织城 ,15,24,94,,,,,1,2011/10/9
纺织城 ,16,26,89,,,,,1,2011/10/8
纺织城 ,13,21,80,,,,,1,2011/10/7
纺织城 ,12,23,51,,,,,1,2011/10/6
纺织城 ,10,18,53,,,,,1,2011/10/5
纺织城 ,10,18,53,,,,,1,2011/10/5
纺织城 ,14,19,72,,,,,1,2011/10/4
纺织城 ,11,20,59,,,,,1,2011/10/3
纺织城 ,14,24,73,,,,,1,2011/10/2
纺织城 ,17,13,66,,,,,1,2011/10/1
纺织城 ,23,17,62,,,,,1,2011/9/30
纺织城 ,22,24,62,,,,,1,2011/9/29
纺织城 ,9,20,63,,,,,1,2011/9/28
纺织城 ,15,29,84,,,,,1,2011/9/27
纺织城 ,17,27,85,,,,,1,2011/9/26
纺织城 ,13,21,100,,,,,1,2011/9/25
纺织城 ,16,24,81,,,,,1,2011/9/24
纺织城 ,19,20,60,,,,,1,2011/9/23
纺织城 ,11,22,52,,,,,1,2011/9/22
纺织城 ,14,20,52,,,,,1,2011/9/21
纺织城 ,9,12,33,,,,,0,2011/9/20
纺织城 ,8,10,29,,,,,0,2011/9/19
纺织城 ,9,12,34,,,,,0,2011/9/18
纺织城 ,11,14,39,,,,,0,2011/9/17
纺织城 ,8,21,69,,,,,1,2011/9/16
纺织城 ,11,17,55,,,,,1,2011/9/15
纺织城 ,10,14,41,,,,,0,2011/9/14
纺织城 ,16,17,41,,,,,0,2011/9/13
纺织城 ,11,13,21,,,,,0,2011/9/12
纺织城 ,13,17,32,,,,,0,2011/9/11
纺织城 ,15,17,57,,,,,1,2011/9/10
纺织城 ,14,15,61,,,,,1,2011/9/9
纺织城 ,12,16,43,,,,,0,2011/9/8
纺织城 ,13,15,32,,,,,0,2011/9/7
纺织城 ,14,13,32,,,,,0,2011/9/6
纺织城 ,11,14,40,,,,,0,2011/9/5
纺织城 ,20,21,57,,,,,1,2011/9/4
纺织城 ,21,21,80,,,,,1,2011/9/3
纺织城 ,22,23,84,,,,,1,2011/9/2
纺织城 ,23,28,91,,,,,1,2011/9/1
纺织城 ,22,27,88,,,,,1,2011/8/31
纺织城 ,18,25,91,,,,,1,2011/8/30
纺织城 ,17,21,66,,,,,1,2011/8/29
纺织城 ,14,22,55,,,,,1,2011/8/28
纺织城 ,11,22,54,,,,,1,2011/8/27
纺织城 ,13,20,52,,,,,1,2011/8/26
纺织城 ,14,17,77,,,,,1,2011/8/25
纺织城 ,23,22,64,,,,,1,2011/8/24
纺织城 ,17,22,64,,,,,1,2011/8/23
纺织城 ,21,18,47,,,,,0,2011/8/22
纺织城 ,22,17,39,,,,,0,2011/8/21
纺织城 ,21,18,33,,,,,0,2011/8/20
纺织城 ,10,17,42,,,,,0,2011/8/19
纺织城 ,23,15,51,,,,,1,2011/8/18
纺织城 ,23,25,54,,,,,1,2011/8/17
纺织城 ,19,15,60,,,,,1,2011/8/16
纺织城 ,23,20,98,,,,,1,2011/8/15
纺织城 ,23,27,99,,,,,1,2011/8/14
纺织城 ,23,24,96,,,,,1,2011/8/13
纺织城 ,19,20,94,,,,,1,2011/8/12
纺织城 ,26,23,97,,,,,1,2011/8/11
纺织城 ,25,29,91,,,,,1,2011/8/10
纺织城 ,15,31,95,,,,,1,2011/8/9
纺织城 ,23,20,89,,,,,1,2011/8/8
纺织城 ,23,19,84,,,,,1,2011/8/7
纺织城 ,14,19,43,,,,,0,2011/8/6
纺织城 ,16,18,63,,,,,1,2011/8/5
纺织城 ,11,24,82,,,,,1,2011/8/4
纺织城 ,18,17,70,,,,,1,2011/8/3
纺织城 ,10,9,53,,,,,1,2011/8/2
纺织城 ,13,9,41,,,,,0,2011/8/1
纺织城 ,23,19,49,,,,,0,2011/7/31
纺织城 ,13,12,43,,,,,0,2011/7/30
纺织城 ,23,13,53,,,,,1,2011/7/29
纺织城 ,33,20,76,,,,,1,2011/7/28
纺织城 ,29,21,96,,,,,1,2011/7/27
纺织城 ,26,15,81,,,,,1,2011/7/26
纺织城 ,12,22,73,,,,,1,2011/7/25
纺织城 ,15,17,83,,,,,1,2011/7/24
纺织城 ,13,22,71,,,,,1,2011/7/23
纺织城 ,14,19,60,,,,,1,2011/7/22
纺织城 ,18,15,73,,,,,1,2011/7/21
纺织城 ,23,22,94,,,,,1,2011/7/20
纺织城 ,15,19,91,,,,,1,2011/7/19
纺织城 ,11,20,75,,,,,1,2011/7/18
纺织城 ,13,20,86,,,,,1,2011/7/17
纺织城 ,13,24,91,,,,,1,2011/7/16
纺织城 ,15,25,89,,,,,1,2011/7/15
纺织城 ,22,20,72,,,,,1,2011/7/14
纺织城 ,13,30,87,,,,,1,2011/7/13
纺织城 ,21,34,96,,,,,1,2011/7/12
纺织城 ,21,29,92,,,,,1,2011/7/11
纺织城 ,30,39,97,,,,,1,2011/7/10
纺织城 ,14,23,80,,,,,1,2011/7/9
纺织城 ,15,17,86,,,,,1,2011/7/8
纺织城 ,13,21,39,,,,,0,2011/7/7
纺织城 ,13,12,30,,,,,0,2011/7/7
纺织城 ,2,30,67,,,,,1,2011/7/5
纺织城 ,12,18,44,,,,,0,2011/7/4
纺织城 ,11,14,40,,,,,0,2011/7/3
纺织城 ,12,9,45,,,,,0,2011/7/2
纺织城 ,17,15,69,,,,,1,2011/7/1
纺织城 ,11,21,58,,,,,1,2011/6/30
纺织城 ,11,15,47,,,,,0,2011/6/29
纺织城 ,15,16,49,,,,,0,2011/6/28
纺织城 ,15,15,55,,,,,1,2011/6/27
纺织城 ,26,22,51,,,,,1,2011/6/26
纺织城 ,19,25,60,,,,,1,2011/6/25
纺织城 ,3,16,34,,,,,0,2011/6/24
纺织城 ,11,17,42,,,,,0,2011/6/23
纺织城 ,9,15,56,,,,,1,2011/6/22
纺织城 ,12,15,62,,,,,1,2011/6/21
纺织城 ,11,18,73,,,,,1,2011/6/20
纺织城 ,11,29,60,,,,,1,2011/6/19
纺织城 ,12,16,21,,,,,0,2011/6/18
纺织城 ,18,19,75,,,,,1,2011/6/17
纺织城 ,17,24,78,,,,,1,2011/6/16
纺织城 ,27,21,70,,,,,1,2011/6/15
纺织城 ,6,10,62,,,,,1,2011/6/14
纺织城 ,25,16,88,,,,,1,2011/6/13
纺织城 ,32,20,95,,,,,1,2011/6/12
纺织城 ,15,21,54,,,,,1,2011/6/11
纺织城 ,23,14,32,,,,,0,2011/6/10
纺织城 ,29,21,90,,,,,1,2011/6/9
纺织城 ,19,30,72,,,,,1,2011/6/8
纺织城 ,36,37,90,,,,,1,2011/6/7
纺织城 ,10,38,88,,,,,1,2011/6/7
纺织城 ,20,44,96,,,,,1,2011/6/6
纺织城 ,21,17,98,,,,,1,2011/6/5
纺织城 ,16,30,90,,,,,1,2011/6/4
纺织城 ,15,36,73,,,,,1,2011/6/3
纺织城 ,20,12,74,,,,,1,2011/6/2
纺织城 ,11,14,74,,,,,1,2011/6/1
纺织城 ,9,18,53,,,,,1,2011/5/31
纺织城 ,10,23,73,,,,,1,2011/5/30
纺织城 ,4,16,63,,,,,1,2011/5/29
纺织城 ,9,21,78,,,,,1,2011/5/28
纺织城 ,9,19,73,,,,,1,2011/5/27
纺织城 ,18,16,82,,,,,1,2011/5/26
纺织城 ,8,22,79,,,,,1,2011/5/25
纺织城 ,23,30,55,,,,,1,2011/5/24
纺织城 ,12,18,35,,,,,0,2011/5/23
纺织城 ,6,22,37,,,,,0,2011/5/22
纺织城 ,4,14,31,,,,,0,2011/5/21
纺织城 ,31,24,99,,,,,1,2011/5/20
纺织城 ,19,38,98,,,,,1,2011/5/19
纺织城 ,15,40,90,,,,,1,2011/5/18
纺织城 ,12,27,73,,,,,1,2011/5/17
纺织城 ,17,26,74,,,,,1,2011/5/16
纺织城 ,15,37,70,,,,,1,2011/5/15
纺织城 ,29,30,53,,,,,1,2011/5/14
纺织城 ,16,25,67,,,,,1,2011/5/13
纺织城 ,15,31,77,,,,,1,2011/5/12
纺织城 ,9,24,54,,,,,1,2011/5/11
纺织城 ,10,24,45,,,,,0,2011/5/10
纺织城 ,12,26,92,,,,,1,2011/5/9
纺织城 ,8,15,95,,,,,1,2011/5/8
纺织城 ,14,26,83,,,,,1,2011/5/7
纺织城 ,13,17,89,,,,,1,2011/5/6
纺织城 ,12,25,89,,,,,1,2011/5/5
纺织城 ,17,30,85,,,,,1,2011/5/4
纺织城 ,15,12,56,,,,,1,2011/5/3
纺织城 ,15,22,51,,,,,1,2011/5/2
纺织城 ,21,35,100,,,,,1,2011/5/1
纺织城 ,24,14,139,,,,,2,2011/4/30
纺织城 ,38,47,99,,,,,1,2011/4/29
纺织城 ,24,37,85,,,,,1,2011/4/28
纺织城 ,16,23,92,,,,,1,2011/4/27
纺织城 ,30,39,83,,,,,1,2011/4/26
纺织城 ,40,44,99,,,,,1,2011/4/25
纺织城 ,27,42,82,,,,,1,2011/4/24
纺织城 ,20,40,94,,,,,1,2011/4/23
纺织城 ,25,41,86,,,,,1,2011/4/22
纺织城 ,21,40,89,,,,,1,2011/4/21
纺织城 ,37,25,96,,,,,1,2011/4/20
纺织城 ,28,18,86,,,,,1,2011/4/19
纺织城 ,18,19,94,,,,,1,2011/4/18
纺织城 ,34,15,98,,,,,1,2011/4/17
纺织城 ,22,25,94,,,,,1,2011/4/16
纺织城 ,32,21,98,,,,,1,2011/4/15
纺织城 ,17,62,154,,,,,3,2011/4/14
纺织城 ,40,35,124,,,,,2,2011/4/13
纺织城 ,39,37,136,,,,,2,2011/4/12
纺织城 ,32,36,95,,,,,1,2011/4/11
纺织城 ,38,27,116,,,,,2,2011/4/10
纺织城 ,30,26,95,,,,,1,2011/4/9
纺织城 ,22,24,98,,,,,1,2011/4/8
纺织城 ,19,29,97,,,,,1,2011/4/7
纺织城 ,30,20,96,,,,,1,2011/4/6
纺织城 ,31,22,95,,,,,1,2011/4/5
纺织城 ,23,19,87,,,,,1,2011/4/4
纺织城 ,20,19,74,,,,,1,2011/4/3
纺织城 ,24,26,85,,,,,1,2011/4/2
纺织城 ,38,39,96,,,,,1,2011/4/1
纺织城 ,40,39,97,,,,,1,2011/3/31
纺织城 ,45,44,118,,,,,2,2011/3/30
纺织城 ,30,41,97,,,,,1,2011/3/29
纺织城 ,53,41,100,,,,,1,2011/3/28
纺织城 ,36,49,99,,,,,1,2011/3/27
纺织城 ,26,38,88,,,,,1,2011/3/26
纺织城 ,27,35,96,,,,,1,2011/3/25
纺织城 ,34,41,97,,,,,1,2011/3/24
纺织城 ,22,38,99,,,,,1,2011/3/23
纺织城 ,6,27,69,,,,,1,2011/3/22
纺织城 ,17,30,52,,,,,1,2011/3/21
纺织城 ,19,35,95,,,,,1,2011/3/20
纺织城 ,30,36,168,,,,,3,2011/3/19
纺织城 ,47,45,151,,,,,3,2011/3/18
纺织城 ,29,41,96,,,,,1,2011/3/17
纺织城 ,21,37,99,,,,,1,2011/3/16
纺织城 ,21,24,95,,,,,1,2011/3/15
纺织城 ,38,29,216,,,,,4,2011/3/14
纺织城 ,59,64,100,,,,,1,2011/3/13
纺织城 ,55,42,97,,,,,1,2011/3/12
纺织城 ,52,45,100,,,,,1,2011/3/11
纺织城 ,44,36,98,,,,,1,2011/3/10
纺织城 ,58,36,99,,,,,1,2011/3/9
纺织城 ,52,40,99,,,,,1,2011/3/8
纺织城 ,52,38,98,,,,,1,2011/3/7
纺织城 ,61,48,138,,,,,2,2011/3/6
纺织城 ,80,42,110,,,,,2,2011/3/5
纺织城 ,56,31,72,,,,,1,2011/3/4
纺织城 ,62,43,98,,,,,1,2011/3/3
纺织城 ,49,32,93,,,,,1,2011/3/2
纺织城 ,35,29,35,,,,,0,2011/3/1
纺织城 ,76,39,93,,,,,1,2011/2/28
纺织城 ,42,25,93,,,,,1,2011/2/27
纺织城 ,87,35,137,,,,,2,2011/2/26
纺织城 ,102,79,195,,,,,3,2011/2/25
纺织城 ,95,85,178,,,,,3,2011/2/24
纺织城 ,78,57,190,,,,,3,2011/2/23
纺织城 ,97,52,195,,,,,3,2011/2/22
纺织城 ,101,75,181,,,,,3,2011/2/21
纺织城 ,77,59,190,,,,,3,2011/2/20
纺织城 ,88,47,144,,,,,2,2011/2/19
纺织城 ,101,47,127,,,,,2,2011/2/18
纺织城 ,93,42,149,,,,,2,2011/2/17
纺织城 ,89,39,117,,,,,2,2011/2/16
纺织城 ,92,37,96,,,,,1,2011/2/15
纺织城 ,59,24,67,,,,,1,2011/2/14
纺织城 ,77,29,90,,,,,1,2011/2/13
纺织城 ,57,28,92,,,,,1,2011/2/12
纺织城 ,59,27,99,,,,,1,2011/2/11
纺织城 ,59,32,77,,,,,1,2011/2/10
纺织城 ,102,68,116,,,,,2,2011/2/9
纺织城 ,55,53,98,,,,,1,2011/2/8
纺织城 ,69,54,97,,,,,1,2011/2/7
纺织城 ,82,50,134,,,,,2,2011/2/6
纺织城 ,66,40,106,,,,,2,2011/2/5
纺织城 ,80,52,182,,,,,3,2011/2/4
纺织城 ,110,64,195,,,,,3,2011/2/3
纺织城 ,71,50,125,,,,,2,2011/2/2
纺织城 ,74,50,116,,,,,2,2011/2/1
纺织城 ,58,37,85,,,,,1,2011/1/31
纺织城 ,67,35,84,,,,,1,2011/1/30
纺织城 ,57,34,70,,,,,1,2011/1/29
纺织城 ,96,44,96,,,,,1,2011/1/28
纺织城 ,106,50,164,,,,,3,2011/1/27
纺织城 ,100,42,144,,,,,2,2011/1/26
纺织城 ,103,54,123,,,,,2,2011/1/25
纺织城 ,63,46,97,,,,,1,2011/1/24
纺织城 ,75,74,113,,,,,2,2011/1/23
纺织城 ,95,97,169,,,,,3,2011/1/22
纺织城 ,79,60,172,,,,,3,2011/1/21
纺织城 ,98,65,163,,,,,3,2011/1/20
纺织城 ,73,47,149,,,,,2,2011/1/19
纺织城 ,58,42,99,,,,,1,2011/1/18
纺织城 ,90,39,99,,,,,1,2011/1/17
纺织城 ,76,58,99,,,,,1,2011/1/16
纺织城 ,78,73,123,,,,,2,2011/1/15
纺织城 ,98,47,174,,,,,3,2011/1/14
纺织城 ,69,38,110,,,,,2,2011/1/13
纺织城 ,68,37,89,,,,,1,2011/1/12
纺织城 ,69,37,94,,,,,1,2011/1/11
纺织城 ,78,39,98,,,,,1,2011/1/10
纺织城 ,69,39,105,,,,,2,2011/1/9
纺织城 ,94,43,100,,,,,1,2011/1/8
纺织城 ,86,27,99,,,,,1,2011/1/7
纺织城 ,77,34,95,,,,,1,2011/1/6
纺织城 ,70,50,111,,,,,2,2011/1/5
纺织城 ,86,31,100,,,,,1,2011/1/4
纺织城 ,53,27,89,,,,,1,2011/1/3
纺织城 ,70,46,95,,,,,1,2011/1/2
纺织城 ,69,41,99,,,,,1,2011/1/1
纺织城 ,77,40,79,,,,,1,2010/12/31
纺织城 ,53,35,72,,,,,1,2010/12/30
纺织城 ,64,49,96,,,,,1,2010/12/29
纺织城 ,57,89,68,,,,,1,2010/12/28
纺织城 ,55,82,119,,,,,2,2010/12/27
纺织城 ,45,67,69,,,,,1,2010/12/26
纺织城 ,31,40,73,,,,,1,2010/12/25
纺织城 ,74,53,97,,,,,1,2010/12/24
纺织城 ,83,113,115,,,,,2,2010/12/23
纺织城 ,67,69,92,,,,,1,2010/12/22
纺织城 ,78,84,91,,,,,1,2010/12/21
纺织城 ,75,57,87,,,,,1,2010/12/20
纺织城 ,76,65,83,,,,,1,2010/12/19
纺织城 ,89,100,115,,,,,2,2010/12/18
纺织城 ,74,53,85,,,,,1,2010/12/17
纺织城 ,56,27,55,,,,,1,2010/12/16
纺织城 ,76,29,58,,,,,1,2010/12/15
纺织城 ,49,44,93,,,,,1,2010/12/14
纺织城 ,107,107,161,,,,,3,2010/12/13
纺织城 ,57,38,122,,,,,2,2010/12/12
纺织城 ,72,83,95,,,,,1,2010/12/11
纺织城 ,87,78,115,,,,,2,2010/12/10
纺织城 ,68,50,97,,,,,1,2010/12/10
纺织城 ,67,50,76,,,,,1,2010/12/8
纺织城 ,81,55,88,,,,,1,2010/12/7
纺织城 ,72,37,100,,,,,1,2010/12/6
纺织城 ,94,103,129,,,,,2,2010/12/5
纺织城 ,53,92,121,,,,,2,2010/12/4
纺织城 ,69,58,96,,,,,1,2010/12/3
纺织城 ,76,90,94,,,,,1,2010/12/2
纺织城 ,61,50,76,,,,,1,2010/12/1
纺织城 ,67,58,80,,,,,1,2010/11/30
纺织城 ,56,50,73,,,,,1,2010/11/29
纺织城 ,74,72,98,,,,,1,2010/11/28
纺织城 ,84,90,93,,,,,1,2010/11/27
纺织城 ,82,125,140,,,,,2,2010/11/26
纺织城 ,78,120,111,,,,,2,2010/11/25
纺织城 ,91,122,124,,,,,2,2010/11/24
纺织城 ,94,80,96,,,,,1,2010/11/23
纺织城 ,60,60,88,,,,,1,2010/11/22
纺织城 ,93,83,88,,,,,1,2010/11/21
纺织城 ,77,82,113,,,,,2,2010/11/20
纺织城 ,65,75,83,,,,,1,2010/11/19
纺织城 ,75,82,148,,,,,2,2010/11/18
纺织城 ,51,40,99,,,,,1,2010/11/17
纺织城 ,76,49,86,,,,,1,2010/11/16
纺织城 ,70,31,78,,,,,1,2010/11/15
纺织城 ,62,49,85,,,,,1,2010/11/14
纺织城 ,66,39,91,,,,,1,2010/11/13
纺织城 ,52,52,80,,,,,1,2010/11/12
纺织城 ,54,41,91,,,,,1,2010/11/11
纺织城 ,45,37,84,,,,,1,2010/11/10
纺织城 ,45,42,87,,,,,1,2010/11/9
纺织城 ,46,32,91,,,,,1,2010/11/8
纺织城 ,56,41,82,,,,,1,2010/11/7
纺织城 ,60,97,105,,,,,2,2010/11/6
纺织城 ,49,72,79,,,,,1,2010/11/5
纺织城 ,40,58,69,,,,,1,2010/11/4
纺织城 ,41,69,77,,,,,1,2010/11/3
纺织城 ,36,48,77,,,,,1,2010/11/2
纺织城 ,52,109,130,,,,,2,2010/11/1
纺织城 ,45,103,106,,,,,2,2010/10/31
纺织城 ,40,82,77,,,,,1,2010/10/30
纺织城 ,30,47,74,,,,,1,2010/10/29
纺织城 ,37,46,62,,,,,1,2010/10/28
纺织城 ,20,34,73,,,,,1,2010/10/27
纺织城 ,10,26,27,,,,,0,2010/10/26
纺织城 ,17,25,54,,,,,1,2010/10/25
纺织城 ,42,67,133,,,,,2,2010/10/24
纺织城 ,42,55,106,,,,,2,2010/10/23
纺织城 ,41,63,96,,,,,1,2010/10/22
纺织城 ,36,46,126,,,,,2,2010/10/21
纺织城 ,20,45,152,,,,,3,2010/10/20
纺织城 ,40,75,146,,,,,2,2010/10/19
纺织城 ,26,69,118,,,,,2,2010/10/18
纺织城 ,35,85,100,,,,,1,2010/10/17
纺织城 ,28,88,90,,,,,1,2010/10/16
纺织城 ,25,48,65,,,,,1,2010/10/15
纺织城 ,27,45,96,,,,,1,2010/10/14
纺织城 ,20,49,56,,,,,1,2010/10/13
纺织城 ,17,40,60,,,,,1,2010/10/12
纺织城 ,29,22,59,,,,,1,2010/10/11
纺织城 ,27,40,87,,,,,1,2010/10/10
纺织城 ,32,37,133,,,,,2,2010/10/9
纺织城 ,27,42,93,,,,,1,2010/10/8
纺织城 ,50,39,94,,,,,1,2010/10/7
纺织城 ,49,32,84,,,,,1,2010/10/6
纺织城 ,29,33,75,,,,,1,2010/10/5
纺织城 ,24,44,64,,,,,1,2010/10/4
纺织城 ,18,29,70,,,,,1,2010/10/3
纺织城 ,18,24,68,,,,,1,2010/10/2
纺织城 ,24,29,100,,,,,1,2010/10/1
纺织城 ,36,26,88,,,,,1,2010/9/30
纺织城 ,21,25,91,,,,,1,2010/9/29
纺织城 ,39,40,124,,,,,2,2010/9/28
纺织城 ,32,17,100,,,,,1,2010/9/27
纺织城 ,25,20,63,,,,,1,2010/9/26
纺织城 ,19,13,73,,,,,1,2010/9/25
纺织城 ,58,50,80,,,,,1,2010/9/24
纺织城 ,40,39,50,,,,,0,2010/9/23
纺织城 ,31,36,36,,,,,0,2010/9/22
纺织城 ,34,44,75,,,,,1,2010/9/21
纺织城 ,29,42,77,,,,,1,2010/9/20
纺织城 ,29,39,85,,,,,1,2010/9/19
纺织城 ,33,23,77,,,,,1,2010/9/18
纺织城 ,23,32,57,,,,,1,2010/9/17
纺织城 ,31,39,76,,,,,1,2010/9/16
纺织城 ,22,37,59,,,,,1,2010/9/15
纺织城 ,24,31,68,,,,,1,2010/9/14
纺织城 ,20,50,57,,,,,1,2010/9/13
纺织城 ,26,29,70,,,,,1,2010/9/12
纺织城 ,19,29,55,,,,,1,2010/9/11
纺织城 ,24,28,52,,,,,1,2010/9/10
纺织城 ,39,25,92,,,,,1,2010/9/9
纺织城 ,34,25,54,,,,,1,2010/9/8
纺织城 ,11,28,75,,,,,1,2010/9/7
纺织城 ,26,25,99,,,,,1,2010/9/6
纺织城 ,25,35,66,,,,,1,2010/9/5
纺织城 ,25,32,76,,,,,1,2010/9/4
纺织城 ,34,36,83,,,,,1,2010/9/3
纺织城 ,42,39,87,,,,,1,2010/9/2
纺织城 ,31,27,56,,,,,1,2010/9/1
纺织城 ,32,30,69,,,,,1,2010/8/31
纺织城 ,31,42,88,,,,,1,2010/8/30
纺织城 ,29,29,84,,,,,1,2010/8/29
纺织城 ,41,27,80,,,,,1,2010/8/28
纺织城 ,26,32,70,,,,,1,2010/8/27
纺织城 ,37,29,69,,,,,1,2010/8/26
纺织城 ,29,26,53,,,,,1,2010/8/25
纺织城 ,6,7,19,,,,,0,2010/8/24
纺织城 ,18,16,60,,,,,1,2010/8/23
纺织城 ,8,22,58,,,,,1,2010/8/22
纺织城 ,9,20,69,,,,,1,2010/8/21
纺织城 ,10,25,55,,,,,1,2010/8/20
纺织城 ,22,25,91,,,,,1,2010/8/19
纺织城 ,12,25,97,,,,,1,2010/8/18
纺织城 ,11,37,77,,,,,1,2010/8/17
纺织城 ,20,26,67,,,,,1,2010/8/16
纺织城 ,10,22,71,,,,,1,2010/8/15
纺织城 ,9,16,54,,,,,1,2010/8/14
纺织城 ,10,17,83,,,,,1,2010/8/13
纺织城 ,3,12,82,,,,,1,2010/8/12
纺织城 ,25,12,92,,,,,1,2010/8/11
纺织城 ,20,8,79,,,,,1,2010/8/10
纺织城 ,17,12,89,,,,,1,2010/8/9
纺织城 ,13,9,89,,,,,1,2010/8/8
纺织城 ,13,7,85,,,,,1,2010/8/7
纺织城 ,9,27,68,,,,,1,2010/8/6
纺织城 ,8,15,55,,,,,1,2010/8/5
纺织城 ,16,20,88,,,,,1,2010/8/4
纺织城 ,17,18,90,,,,,1,2010/8/3
纺织城 ,10,23,75,,,,,1,2010/8/2
纺织城 ,22,25,86,,,,,1,2010/8/1
纺织城 ,13,20,91,,,,,1,2010/7/31
纺织城 ,28,16,80,,,,,1,2010/7/30
纺织城 ,15,22,90,,,,,1,2010/7/29
纺织城 ,12,16,81,,,,,1,2010/7/28
纺织城 ,31,24,98,,,,,1,2010/7/27
纺织城 ,24,19,72,,,,,1,2010/7/26
纺织城 ,13,12,75,,,,,1,2010/7/25
纺织城 ,15,21,83,,,,,1,2010/7/24
纺织城 ,8,20,93,,,,,1,2010/7/23
纺织城 ,17,21,57,,,,,1,2010/7/22
纺织城 ,16,25,65,,,,,1,2010/7/21
纺织城 ,13,29,83,,,,,1,2010/7/20
纺织城 ,10,30,77,,,,,1,2010/7/19
纺织城 ,19,35,79,,,,,1,2010/7/18
纺织城 ,8,22,83,,,,,1,2010/7/17
纺织城 ,13,16,93,,,,,1,2010/7/16
纺织城 ,10,15,53,,,,,1,2010/7/15
纺织城 ,15,20,74,,,,,1,2010/7/14
纺织城 ,34,9,86,,,,,1,2010/7/13
纺织城 ,14,15,71,,,,,1,2010/7/12
纺织城 ,18,23,74,,,,,1,2010/7/11
纺织城 ,8,20,30,,,,,0,2010/7/10
纺织城 ,10,22,86,,,,,1,2010/7/9
纺织城 ,10,28,88,,,,,1,2010/7/8
纺织城 ,13,17,68,,,,,1,2010/7/7
纺织城 ,33,34,66,,,,,1,2010/7/6
纺织城 ,13,34,62,,,,,1,2010/7/5
纺织城 ,25,37,60,,,,,1,2010/7/4
纺织城 ,13,26,78,,,,,1,2010/7/3
纺织城 ,18,32,72,,,,,1,2010/7/2
纺织城 ,24,31,39,,,,,0,2010/7/1
纺织城 ,15,19,53,,,,,1,2010/6/30
纺织城 ,23,10,64,,,,,1,2010/6/29
纺织城 ,39,12,91,,,,,1,2010/6/28
纺织城 ,30,7,54,,,,,1,2010/6/27
纺织城 ,22,15,73,,,,,1,2010/6/26
纺织城 ,21,12,73,,,,,1,2010/6/25
纺织城 ,28,9,73,,,,,1,2010/6/24
纺织城 ,14,22,60,,,,,1,2010/6/23
纺织城 ,13,20,81,,,,,1,2010/6/22
纺织城 ,13,22,87,,,,,1,2010/6/21
纺织城 ,13,35,77,,,,,1,2010/6/20
纺织城 ,19,33,95,,,,,1,2010/6/19
纺织城 ,20,42,83,,,,,1,2010/6/18
纺织城 ,16,29,63,,,,,1,2010/6/17
纺织城 ,7,26,61,,,,,1,2010/6/16
纺织城 ,22,41,103,,,,,2,2010/6/15
纺织城 ,28,28,84,,,,,1,2010/6/14
纺织城 ,29,37,79,,,,,1,2010/6/13
纺织城 ,25,19,57,,,,,1,2010/6/12
纺织城 ,17,50,92,,,,,1,2010/6/11
纺织城 ,11,31,61,,,,,1,2010/6/10
纺织城 ,5,22,73,,,,,1,2010/6/9
纺织城 ,13,22,67,,,,,1,2010/6/8
纺织城 ,14,13,79,,,,,1,2010/6/7
纺织城 ,10,19,74,,,,,1,2010/6/6
纺织城 ,25,43,59,,,,,1,2010/6/5
纺织城 ,23,39,64,,,,,1,2010/6/4
纺织城 ,21,34,98,,,,,1,2010/6/3
纺织城 ,10,34,58,,,,,1,2010/6/2
纺织城 ,9,28,65,,,,,1,2010/6/1
纺织城 ,34,36,92,,,,,1,2010/5/31
纺织城 ,28,34,96,,,,,1,2010/5/30
纺织城 ,31,34,100,,,,,1,2010/5/29
纺织城 ,35,23,58,,,,,1,2010/5/28
纺织城 ,26,28,36,,,,,0,2010/5/27
纺织城 ,21,11,78,,,,,1,2010/5/26
纺织城 ,40,32,71,,,,,1,2010/5/25
纺织城 ,32,36,76,,,,,1,2010/5/24
纺织城 ,27,28,72,,,,,1,2010/5/23
纺织城 ,23,32,54,,,,,1,2010/5/22
纺织城 ,25,26,88,,,,,1,2010/5/21
纺织城 ,37,38,71,,,,,1,2010/5/20
纺织城 ,18,34,60,,,,,1,2010/5/19
纺织城 ,11,28,55,,,,,1,2010/5/18
纺织城 ,26,14,81,,,,,1,2010/5/17
纺织城 ,26,15,94,,,,,1,2010/5/16
纺织城 ,34,20,83,,,,,1,2010/5/15
纺织城 ,32,20,62,,,,,1,2010/5/14
纺织城 ,26,16,59,,,,,1,2010/5/13
纺织城 ,22,11,77,,,,,1,2010/5/12
纺织城 ,37,33,105,,,,,2,2010/5/11
纺织城 ,39,25,110,,,,,2,2010/5/10
纺织城 ,26,18,65,,,,,1,2010/5/9
纺织城 ,39,13,52,,,,,1,2010/5/8
纺织城 ,33,19,52,,,,,1,2010/5/7
纺织城 ,22,15,57,,,,,1,2010/5/6
纺织城 ,31,16,89,,,,,1,2010/5/5
纺织城 ,28,18,104,,,,,2,2010/5/4
纺织城 ,51,20,84,,,,,1,2010/5/3
纺织城 ,36,24,96,,,,,1,2010/5/2
纺织城 ,42,20,88,,,,,1,2010/5/1
纺织城 ,27,20,105,,,,,2,2010/4/30
纺织城 ,31,28,106,,,,,2,2010/4/29
纺织城 ,23,19,115,,,,,2,2010/4/28
纺织城 ,18,18,108,,,,,2,2010/4/27
纺织城 ,13,14,206,,,,,4,2010/4/26
纺织城 ,11,10,76,,,,,1,2010/4/25
纺织城 ,24,35,96,,,,,1,2010/4/24
纺织城 ,12,30,60,,,,,1,2010/4/23
纺织城 ,16,21,37,,,,,0,2010/4/22
纺织城 ,45,16,72,,,,,1,2010/4/21
纺织城 ,39,32,85,,,,,1,2010/4/20
纺织城 ,35,32,106,,,,,2,2010/4/19
纺织城 ,30,30,99,,,,,1,2010/4/18
纺织城 ,37,40,141,,,,,2,2010/4/17
纺织城 ,40,24,65,,,,,1,2010/4/16
纺织城 ,33,29,72,,,,,1,2010/4/15
纺织城 ,35,14,73,,,,,1,2010/4/14
纺织城 ,24,17,62,,,,,1,2010/4/13
纺织城 ,31,14,86,,,,,1,2010/4/12
纺织城 ,34,29,73,,,,,1,2010/4/11
纺织城 ,36,24,86,,,,,1,2010/4/10
纺织城 ,37,42,80,,,,,1,2010/4/9
纺织城 ,30,40,84,,,,,1,2010/4/8
纺织城 ,31,40,70,,,,,1,2010/4/7
纺织城 ,28,39,74,,,,,1,2010/4/6
纺织城 ,37,35,66,,,,,1,2010/4/5
纺织城 ,36,30,57,,,,,1,2010/4/4
纺织城 ,38,36,71,,,,,1,2010/4/3
纺织城 ,31,29,80,,,,,1,2010/4/2
纺织城 ,17,40,78,,,,,1,2010/4/1
纺织城 ,16,36,64,,,,,1,2010/3/31
纺织城 ,27,31,107,,,,,2,2010/3/30
纺织城 ,21,27,83,,,,,1,2010/3/29
纺织城 ,25,49,69,,,,,1,2010/3/28
纺织城 ,18,40,76,,,,,1,2010/3/27
纺织城 ,21,43,80,,,,,1,2010/3/26
纺织城 ,15,45,72,,,,,1,2010/3/25
纺织城 ,21,22,74,,,,,1,2010/3/24
纺织城 ,15,22,78,,,,,1,2010/3/23
纺织城 ,29,47,132,,,,,2,2010/3/22
纺织城 ,11,72,98,,,,,1,2010/3/21
纺织城 ,21,41,138,,,,,2,2010/3/20
纺织城 ,35,44,100,,,,,1,2010/3/19
纺织城 ,38,38,118,,,,,2,2010/3/18
纺织城 ,36,34,88,,,,,1,2010/3/17
纺织城 ,36,35,74,,,,,1,2010/3/16
纺织城 ,26,30,64,,,,,1,2010/3/15
纺织城 ,35,24,98,,,,,1,2010/3/14
纺织城 ,36,42,115,,,,,2,2010/3/13
纺织城 ,31,32,71,,,,,1,2010/3/12
纺织城 ,30,31,63,,,,,1,2010/3/11
纺织城 ,38,47,54,,,,,1,2010/3/10
纺织城 ,38,13,38,,,,,0,2010/3/9
纺织城 ,40,20,60,,,,,1,2010/3/8
纺织城 ,70,26,66,,,,,1,2010/3/7
纺织城 ,54,21,60,,,,,1,2010/3/6
纺织城 ,51,25,70,,,,,1,2010/3/5
纺织城 ,53,27,65,,,,,1,2010/3/4
纺织城 ,49,36,82,,,,,1,2010/3/3
纺织城 ,63,34,83,,,,,1,2010/3/2
纺织城 ,40,23,118,,,,,2,2010/3/1
纺织城 ,46,22,95,,,,,1,2010/2/28
纺织城 ,46,30,97,,,,,1,2010/2/27
纺织城 ,32,21,72,,,,,1,2010/2/26
纺织城 ,49,20,99,,,,,1,2010/2/25
纺织城 ,54,35,105,,,,,2,2010/2/24
纺织城 ,26,23,78,,,,,1,2010/2/23
纺织城 ,27,22,64,,,,,1,2010/2/22
纺织城 ,18,18,57,,,,,1,2010/2/21
纺织城 ,14,17,55,,,,,1,2010/2/20
纺织城 ,12,9,51,,,,,1,2010/2/19
纺织城 ,11,7,39,,,,,0,2010/2/18
纺织城 ,16,8,57,,,,,1,2010/2/17
纺织城 ,18,8,55,,,,,1,2010/2/16
纺织城 ,19,19,64,,,,,1,2010/2/15
纺织城 ,32,12,94,,,,,1,2010/2/14
纺织城 ,22,12,62,,,,,1,2010/2/13
纺织城 ,26,9,44,,,,,0,2010/2/12
纺织城 ,28,10,37,,,,,0,2010/2/11
纺织城 ,34,25,65,,,,,1,2010/2/10
纺织城 ,59,34,114,,,,,2,2010/2/9
纺织城 ,38,34,108,,,,,2,2010/2/8
纺织城 ,62,35,122,,,,,2,2010/2/7
纺织城 ,58,45,123,,,,,2,2010/2/6
纺织城 ,52,67,108,,,,,2,2010/2/5
纺织城 ,52,67,110,,,,,2,2010/2/4
纺织城 ,47,44,88,,,,,1,2010/2/3
纺织城 ,44,50,98,,,,,1,2010/2/2
纺织城 ,39,49,91,,,,,1,2010/2/1
纺织城 ,24,48,90,,,,,1,2010/1/31
纺织城 ,54,43,78,,,,,1,2010/1/30
纺织城 ,27,50,93,,,,,1,2010/1/29
纺织城 ,21,48,88,,,,,1,2010/1/28
纺织城 ,26,47,88,,,,,1,2010/1/27
纺织城 ,20,58,73,,,,,1,2010/1/26
纺织城 ,43,70,98,,,,,1,2010/1/25
纺织城 ,57,42,70,,,,,1,2010/1/24
纺织城 ,46,60,67,,,,,1,2010/1/23
纺织城 ,38,53,72,,,,,1,2010/1/22
纺织城 ,44,50,85,,,,,1,2010/1/21
纺织城 ,63,93,166,,,,,3,2010/1/20
纺织城 ,55,54,137,,,,,2,2010/1/19
纺织城 ,57,63,127,,,,,2,2010/1/18
纺织城 ,46,40,146,,,,,2,2010/1/17
纺织城 ,44,47,115,,,,,2,2010/1/16
纺织城 ,53,50,119,,,,,2,2010/1/15
纺织城 ,58,39,80,,,,,1,2010/1/14
纺织城 ,59,31,59,,,,,1,2010/1/13
纺织城 ,67,40,70,,,,,1,2010/1/12
纺织城 ,29,60,105,,,,,2,2010/1/11
纺织城 ,49,47,126,,,,,2,2010/1/10
纺织城 ,84,49,148,,,,,2,2010/1/9
纺织城 ,51,45,123,,,,,2,2010/1/8
纺织城 ,54,40,109,,,,,2,2010/1/7
纺织城 ,43,36,92,,,,,1,2010/1/6
纺织城 ,70,29,70,,,,,1,2010/1/5
纺织城 ,40,40,98,,,,,1,2010/1/4
纺织城 ,40,36,84,,,,,1,2010/1/3
纺织城 ,60,34,69,,,,,1,2010/1/2
纺织城 ,62,48,85,,,,,1,2010/1/1
小寨 ,72,47,107,,,,,2,2012/12/31
小寨 ,68,19,80,,,,,1,2012/12/30
小寨 ,67,22,88,,,,,1,2012/12/29
小寨 ,96,41,243,,,,,4,2012/12/28
小寨 ,83,38,119,,,,,2,2012/12/25
小寨 ,49,22,80,,,,,1,2012/12/24
小寨 ,47,17,63,,,,,1,2012/12/23
小寨 ,50,20,74,,,,,1,2012/12/22
小寨 ,54,27,87,,,,,1,2012/12/21
小寨 ,59,30,99,,,,,1,2012/12/20
小寨 ,58,29,95,,,,,1,2012/12/19
小寨 ,37,25,87,,,,,1,2012/12/18
小寨 ,45,30,182,,,,,3,2012/12/17
小寨 ,64,32,280,,,,,5,2012/12/16
小寨 ,55,35,268,,,,,5,2012/12/15
小寨 ,57,29,282,,,,,5,2012/12/14
小寨 ,66,39,307,,,,,7,2012/12/13
小寨 ,61,42,334,,,,,7,2012/12/12
小寨 ,66,39,140,,,,,2,2012/12/11
小寨 ,65,31,128,,,,,2,2012/12/10
小寨 ,61,25,92,,,,,1,2012/12/9
小寨 ,60,35,89,,,,,1,2012/12/8
小寨 ,60,33,94,,,,,1,2012/12/7
小寨 ,57,24,95,,,,,1,2012/12/6
小寨 ,73,22,98,,,,,1,2012/12/5
小寨 ,78,35,133,,,,,2,2012/12/4
小寨 ,74,26,127,,,,,2,2012/12/3
小寨 ,76,39,300,,,,,5,2012/12/2
小寨 ,87,37,181,,,,,3,2012/12/1
小寨 ,52,32,106,,,,,2,2012/11/30
小寨 ,37,20,90,,,,,1,2012/11/29
小寨 ,45,27,79,,,,,1,2012/11/28
小寨 ,44,24,77,,,,,1,2012/11/27
小寨 ,31,20,69,,,,,1,2012/11/26
小寨 ,40,22,78,,,,,1,2012/11/25
小寨 ,37,25,61,,,,,1,2012/11/24
小寨 ,26,17,58,,,,,1,2012/11/23
小寨 ,35,33,161,,,,,3,2012/11/22
小寨 ,30,32,141,,,,,2,2012/11/21
小寨 ,54,34,148,,,,,2,2012/11/20
小寨 ,36,35,91,,,,,1,2012/11/19
小寨 ,54,47,107,,,,,2,2012/11/18
小寨 ,50,35,99,,,,,1,2012/11/17
小寨 ,41,22,70,,,,,1,2012/11/16
小寨 ,57,39,141,,,,,2,2012/11/15
小寨 ,32,30,98,,,,,1,2012/11/14
小寨 ,37,38,79,,,,,1,2012/11/13
小寨 ,26,27,79,,,,,1,2012/11/12
小寨 ,22,25,65,,,,,1,2012/11/11
小寨 ,23,25,94,,,,,1,2012/11/10
小寨 ,24,33,90,,,,,1,2012/11/9
小寨 ,28,20,56,,,,,1,2012/11/8
小寨 ,28,35,91,,,,,1,2012/11/7
小寨 ,21,22,96,,,,,1,2012/11/6
小寨 ,26,29,68,,,,,1,2012/11/5
小寨 ,19,14,72,,,,,1,2012/11/4
小寨 ,27,17,94,,,,,1,2012/11/3
小寨 ,37,23,187,,,,,3,2012/11/2
小寨 ,27,22,81,,,,,1,2012/11/1
小寨 ,25,20,91,,,,,1,2012/10/31
小寨 ,25,19,91,,,,,1,2012/10/30
小寨 ,32,27,90,,,,,1,2012/10/29
小寨 ,28,34,98,,,,,1,2012/10/28
小寨 ,25,30,94,,,,,1,2012/10/27
小寨 ,27,31,113,,,,,2,2012/10/26
小寨 ,23,32,76,,,,,1,2012/10/25
小寨 ,26,22,90,,,,,1,2012/10/24
小寨 ,26,29,91,,,,,1,2012/10/23
小寨 ,20,20,47,,,,,0,2012/10/22
小寨 ,23,29,119,,,,,2,2012/10/21
小寨 ,21,27,90,,,,,1,2012/10/20
小寨 ,24,20,90,,,,,1,2012/10/19
小寨 ,20,22,86,,,,,1,2012/10/18
小寨 ,21,22,74,,,,,1,2012/10/17
小寨 ,23,22,100,,,,,1,2012/10/16
小寨 ,21,25,149,,,,,2,2012/10/15
小寨 ,22,27,96,,,,,1,2012/10/14
小寨 ,17,20,87,,,,,1,2012/10/13
小寨 ,27,25,121,,,,,2,2012/10/12
小寨 ,18,24,116,,,,,2,2012/10/11
小寨 ,17,19,71,,,,,1,2012/10/10
小寨 ,20,15,93,,,,,1,2012/10/9
小寨 ,32,30,149,,,,,2,2012/10/8
小寨 ,35,32,127,,,,,2,2012/10/7
小寨 ,19,26,96,,,,,1,2012/10/6
小寨 ,17,15,84,,,,,1,2012/10/5
小寨 ,21,18,72,,,,,1,2012/10/4
小寨 ,13,24,87,,,,,1,2012/10/3
小寨 ,24,29,110,,,,,2,2012/10/2
小寨 ,22,25,93,,,,,1,2012/10/1
小寨 ,29,30,95,,,,,1,2012/9/30
小寨 ,20,20,80,,,,,1,2012/9/29
小寨 ,25,20,58,,,,,1,2012/9/28
小寨 ,16,20,64,,,,,1,2012/9/27
小寨 ,17,20,45,,,,,0,2012/9/26
小寨 ,21,12,96,,,,,1,2012/9/25
小寨 ,25,22,113,,,,,2,2012/9/24
小寨 ,21,22,116,,,,,2,2012/9/23
小寨 ,12,15,82,,,,,1,2012/9/22
小寨 ,11,16,96,,,,,1,2012/9/21
小寨 ,19,32,82,,,,,1,2012/9/20
小寨 ,29,22,68,,,,,1,2012/9/19
小寨 ,19,23,79,,,,,1,2012/9/18
小寨 ,16,17,89,,,,,1,2012/9/17
小寨 ,20,15,59,,,,,1,2012/9/16
小寨 ,26,22,73,,,,,1,2012/9/15
小寨 ,24,15,56,,,,,1,2012/9/14
小寨 ,23,12,58,,,,,1,2012/9/13
小寨 ,20,15,56,,,,,1,2012/9/12
小寨 ,18,13,61,,,,,1,2012/9/11
小寨 ,18,12,61,,,,,1,2012/9/10
小寨 ,13,14,56,,,,,1,2012/9/9
小寨 ,17,15,74,,,,,1,2012/9/8
小寨 ,16,14,76,,,,,1,2012/9/7
小寨 ,19,19,82,,,,,1,2012/9/6
小寨 ,24,20,89,,,,,1,2012/9/5
小寨 ,25,20,60,,,,,1,2012/9/4
小寨 ,25,20,60,,,,,1,2012/9/4
小寨 ,22,16,45,,,,,0,2012/9/3
小寨 ,21,12,38,,,,,0,2012/9/2
小寨 ,18,13,41,,,,,0,2012/9/1
小寨 ,20,15,81,,,,,1,2012/8/31
小寨 ,19,25,77,,,,,1,2012/8/30
小寨 ,20,24,66,,,,,1,2012/8/29
小寨 ,18,14,82,,,,,1,2012/8/28
小寨 ,17,17,98,,,,,1,2012/8/27
小寨 ,21,17,93,,,,,1,2012/8/26
小寨 ,19,19,74,,,,,1,2012/8/25
小寨 ,17,16,63,,,,,1,2012/8/24
小寨 ,19,12,60,,,,,1,2012/8/23
小寨 ,21,18,63,,,,,1,2012/8/22
小寨 ,18,19,40,,,,,0,2012/8/21
小寨 ,19,14,39,,,,,0,2012/8/20
小寨 ,24,12,40,,,,,0,2012/8/19
小寨 ,23,15,61,,,,,1,2012/8/18
小寨 ,25,17,67,,,,,1,2012/8/17
小寨 ,29,20,90,,,,,1,2012/8/16
小寨 ,31,15,68,,,,,1,2012/8/15
小寨 ,24,15,61,,,,,1,2012/8/14
小寨 ,23,15,80,,,,,1,2012/8/13
小寨 ,23,19,82,,,,,1,2012/8/12
小寨 ,20,14,81,,,,,1,2012/8/11
小寨 ,27,15,81,,,,,1,2012/8/10
小寨 ,21,16,80,,,,,1,2012/8/9
小寨 ,16,15,76,,,,,1,2012/8/8
小寨 ,19,21,64,,,,,1,2012/8/7
小寨 ,19,17,63,,,,,1,2012/8/6
小寨 ,20,10,70,,,,,1,2012/8/5
小寨 ,20,10,81,,,,,1,2012/8/4
小寨 ,16,11,70,,,,,1,2012/8/3
小寨 ,21,20,55,,,,,1,2012/8/2
小寨 ,20,15,52,,,,,1,2012/8/1
小寨 ,21,9,53,,,,,1,2012/7/31
小寨 ,25,17,64,,,,,1,2012/7/30
小寨 ,21,22,70,,,,,1,2012/7/29
小寨 ,26,20,52,,,,,1,2012/7/28
小寨 ,28,20,47,,,,,0,2012/7/27
小寨 ,26,15,84,,,,,1,2012/7/26
小寨 ,25,14,67,,,,,1,2012/7/25
小寨 ,22,16,55,,,,,1,2012/7/24
小寨 ,16,13,55,,,,,1,2012/7/23
小寨 ,21,12,55,,,,,1,2012/7/22
小寨 ,18,12,73,,,,,1,2012/7/21
小寨 ,15,12,84,,,,,1,2012/7/20
小寨 ,21,13,77,,,,,1,2012/7/19
小寨 ,22,15,71,,,,,1,2012/7/18
小寨 ,15,17,77,,,,,1,2012/7/17
小寨 ,19,17,78,,,,,1,2012/7/16
小寨 ,19,17,78,,,,,1,2012/7/16
小寨 ,12,19,68,,,,,1,2012/7/15
小寨 ,11,18,71,,,,,1,2012/7/14
小寨 ,27,23,60,,,,,1,2012/7/13
小寨 ,27,20,66,,,,,1,2012/7/12
小寨 ,17,19,60,,,,,1,2012/7/11
小寨 ,13,12,43,,,,,0,2012/7/10
小寨 ,14,11,49,,,,,0,2012/7/9
小寨 ,21,13,62,,,,,1,2012/7/8
小寨 ,25,15,53,,,,,1,2012/7/7
小寨 ,26,16,59,,,,,1,2012/7/6
小寨 ,18,13,51,,,,,1,2012/7/5
小寨 ,20,16,45,,,,,0,2012/7/4
小寨 ,22,19,51,,,,,1,2012/7/3
小寨 ,22,24,59,,,,,1,2012/7/2
小寨 ,22,12,34,,,,,0,2012/7/1
小寨 ,18,14,43,,,,,0,2012/6/30
小寨 ,25,12,56,,,,,1,2012/6/29
小寨 ,25,10,51,,,,,1,2012/6/28
小寨 ,30,21,72,,,,,1,2012/6/27
小寨 ,25,16,62,,,,,1,2012/6/26
小寨 ,35,14,73,,,,,1,2012/6/25
小寨 ,26,17,67,,,,,1,2012/6/24
小寨 ,32,14,59,,,,,1,2012/6/23
小寨 ,32,17,69,,,,,1,2012/6/22
小寨 ,34,24,74,,,,,1,2012/6/21
小寨 ,33,20,78,,,,,1,2012/6/20
小寨 ,28,17,77,,,,,1,2012/6/19
小寨 ,30,16,70,,,,,1,2012/6/18
小寨 ,26,25,71,,,,,1,2012/6/17
小寨 ,29,25,69,,,,,1,2012/6/16
小寨 ,32,22,66,,,,,1,2012/6/15
小寨 ,29,16,66,,,,,1,2012/6/14
小寨 ,29,25,66,,,,,1,2012/6/13
小寨 ,26,24,62,,,,,1,2012/6/12
小寨 ,28,20,70,,,,,1,2012/6/11
小寨 ,32,25,62,,,,,1,2012/6/10
小寨 ,37,16,65,,,,,1,2012/6/9
小寨 ,31,22,55,,,,,1,2012/6/8
小寨 ,32,20,81,,,,,1,2012/6/7
小寨 ,28,18,73,,,,,1,2012/6/6
小寨 ,32,22,88,,,,,1,2012/6/5
小寨 ,38,22,77,,,,,1,2012/6/4
小寨 ,30,13,63,,,,,1,2012/6/3
小寨 ,30,15,66,,,,,1,2012/6/2
小寨 ,24,20,77,,,,,1,2012/6/1
小寨 ,30,22,60,,,,,1,2012/5/31
小寨 ,23,22,52,,,,,1,2012/5/30
小寨 ,23,17,55,,,,,1,2012/5/29
小寨 ,21,16,51,,,,,1,2012/5/28
小寨 ,19,21,67,,,,,1,2012/5/27
小寨 ,19,15,88,,,,,1,2012/5/26
小寨 ,12,18,94,,,,,1,2012/5/25
小寨 ,18,15,98,,,,,1,2012/5/24
小寨 ,17,20,97,,,,,1,2012/5/23
小寨 ,20,14,59,,,,,1,2012/5/22
小寨 ,25,12,68,,,,,1,2012/5/21
小寨 ,25,22,82,,,,,1,2012/5/20
小寨 ,27,35,97,,,,,1,2012/5/19
小寨 ,30,35,76,,,,,1,2012/5/18
小寨 ,27,39,73,,,,,1,2012/5/17
小寨 ,35,30,70,,,,,1,2012/5/16
小寨 ,24,27,58,,,,,1,2012/5/15
小寨 ,24,26,67,,,,,1,2012/5/14
小寨 ,21,19,80,,,,,1,2012/5/13
小寨 ,17,15,61,,,,,1,2012/5/12
小寨 ,23,12,57,,,,,1,2012/5/11
小寨 ,21,22,78,,,,,1,2012/5/10
小寨 ,34,22,76,,,,,1,2012/5/9
小寨 ,30,28,78,,,,,1,2012/5/8
小寨 ,32,24,85,,,,,1,2012/5/7
小寨 ,33,42,80,,,,,1,2012/5/6
小寨 ,35,37,78,,,,,1,2012/5/5
小寨 ,26,27,78,,,,,1,2012/5/4
小寨 ,20,29,77,,,,,1,2012/5/3
小寨 ,12,21,61,,,,,1,2012/5/2
小寨 ,16,23,90,,,,,1,2012/5/1
小寨 ,23,20,86,,,,,1,2012/4/30
小寨 ,26,29,90,,,,,1,2012/4/29
小寨 ,30,38,92,,,,,1,2012/4/28
小寨 ,30,37,84,,,,,1,2012/4/27
小寨 ,32,41,98,,,,,1,2012/4/26
小寨 ,26,33,85,,,,,1,2012/4/25
小寨 ,23,25,70,,,,,1,2012/4/24
小寨 ,26,39,90,,,,,1,2012/4/23
小寨 ,26,30,84,,,,,1,2012/4/22
小寨 ,25,29,81,,,,,1,2012/4/21
小寨 ,28,28,77,,,,,1,2012/4/20
小寨 ,27,29,61,,,,,1,2012/4/19
小寨 ,33,32,76,,,,,1,2012/4/18
小寨 ,54,33,79,,,,,1,2012/4/17
小寨 ,23,30,61,,,,,1,2012/4/16
小寨 ,27,35,62,,,,,1,2012/4/15
小寨 ,20,33,62,,,,,1,2012/4/14
小寨 ,26,23,43,,,,,0,2012/4/13
小寨 ,19,22,36,,,,,0,2012/4/12
小寨 ,22,26,59,,,,,1,2012/4/11
小寨 ,24,31,55,,,,,1,2012/4/10
小寨 ,23,20,62,,,,,1,2012/4/9
小寨 ,28,29,77,,,,,1,2012/4/8
小寨 ,34,24,82,,,,,1,2012/4/7
小寨 ,28,23,78,,,,,1,2012/4/6
小寨 ,24,24,74,,,,,1,2012/4/5
小寨 ,30,20,79,,,,,1,2012/4/4
小寨 ,24,26,78,,,,,1,2012/4/3
小寨 ,33,31,80,,,,,1,2012/4/2
小寨 ,24,34,81,,,,,1,2012/4/1
小寨 ,23,25,56,,,,,1,2012/3/31
小寨 ,33,32,70,,,,,1,2012/3/30
小寨 ,34,34,88,,,,,1,2012/3/29
小寨 ,51,53,90,,,,,1,2012/3/28
小寨 ,49,43,105,,,,,2,2012/3/27
小寨 ,48,70,87,,,,,1,2012/3/26
小寨 ,51,47,78,,,,,1,2012/3/25
小寨 ,38,39,76,,,,,1,2012/3/24
小寨 ,36,29,69,,,,,1,2012/3/23
小寨 ,40,37,61,,,,,1,2012/3/22
小寨 ,49,44,80,,,,,1,2012/3/21
小寨 ,53,35,74,,,,,1,2012/3/20
小寨 ,51,38,109,,,,,2,2012/3/19
小寨 ,64,43,119,,,,,2,2012/3/18
小寨 ,42,42,93,,,,,1,2012/3/17
小寨 ,39,35,79,,,,,1,2012/3/16
小寨 ,43,42,89,,,,,1,2012/3/15
小寨 ,52,48,106,,,,,2,2012/3/14
小寨 ,53,57,110,,,,,2,2012/3/13
小寨 ,50,43,88,,,,,1,2012/3/12
小寨 ,43,49,64,,,,,1,2012/3/11
小寨 ,39,49,79,,,,,1,2012/3/10
小寨 ,38,41,66,,,,,1,2012/3/9
小寨 ,41,32,59,,,,,1,2012/3/8
小寨 ,37,38,63,,,,,1,2012/3/7
小寨 ,37,34,59,,,,,1,2012/3/6
小寨 ,43,36,79,,,,,1,2012/3/5
小寨 ,33,36,63,,,,,1,2012/3/4
小寨 ,33,34,73,,,,,1,2012/3/3
小寨 ,42,42,96,,,,,1,2012/3/2
小寨 ,51,68,128,,,,,2,2012/3/1
小寨 ,54,79,115,,,,,2,2012/2/29
小寨 ,49,49,98,,,,,1,2012/2/28
小寨 ,53,41,76,,,,,1,2012/2/27
小寨 ,57,45,64,,,,,1,2012/2/26
小寨 ,59,31,88,,,,,1,2012/2/25
小寨 ,80,55,85,,,,,1,2012/2/24
小寨 ,82,88,110,,,,,2,2012/2/23
小寨 ,79,52,124,,,,,2,2012/2/22
小寨 ,83,75,92,,,,,1,2012/2/21
小寨 ,71,49,81,,,,,1,2012/2/20
小寨 ,54,41,56,,,,,1,2012/2/19
小寨 ,56,36,48,,,,,1,2012/2/18
小寨 ,47,31,52,,,,,1,2012/2/17
小寨 ,56,39,98,,,,,1,2012/2/16
小寨 ,63,40,117,,,,,2,2012/2/15
小寨 ,52,38,107,,,,,2,2012/2/14
小寨 ,56,38,89,,,,,1,2012/2/13
小寨 ,52,32,84,,,,,1,2012/2/12
小寨 ,54,27,58,,,,,1,2012/2/11
小寨 ,41,22,41,,,,,0,2012/2/10
小寨 ,41,27,45,,,,,0,2012/2/9
小寨 ,45,24,46,,,,,0,2012/2/8
小寨 ,42,28,42,,,,,0,2012/2/7
小寨 ,68,84,117,,,,,2,2012/2/6
小寨 ,59,48,83,,,,,1,2012/2/5
小寨 ,43,50,72,,,,,1,2012/2/4
小寨 ,34,30,51,,,,,1,2012/2/3
小寨 ,33,25,39,,,,,0,2012/2/2
小寨 ,83,63,123,,,,,2,2012/2/1
小寨 ,94,83,111,,,,,2,2012/1/31
小寨 ,80,82,114,,,,,2,2012/1/30
小寨 ,86,70,105,,,,,2,2012/1/29
小寨 ,82,73,96,,,,,1,2012/1/28
小寨 ,56,23,77,,,,,1,2012/1/27
小寨 ,61,43,82,,,,,1,2012/1/26
小寨 ,56,27,55,,,,,1,2012/1/25
小寨 ,52,25,72,,,,,1,2012/1/24
小寨 ,56,27,77,,,,,1,2012/1/23
小寨 ,49,45,63,,,,,1,2012/1/22
小寨 ,61,44,72,,,,,1,2012/1/21
小寨 ,66,47,88,,,,,1,2012/1/20
小寨 ,97,54,120,,,,,2,2012/1/19
小寨 ,95,97,171,,,,,3,2012/1/18
小寨 ,100,72,112,,,,,2,2012/1/17
小寨 ,102,65,128,,,,,2,2012/1/16
小寨 ,88,69,101,,,,,2,2012/1/15
小寨 ,93,87,128,,,,,2,2012/1/14
小寨 ,95,65,105,,,,,2,2012/1/13
小寨 ,97,62,112,,,,,2,2012/1/12
小寨 ,107,100,164,,,,,3,2012/1/11
小寨 ,106,55,170,,,,,3,2012/1/10
小寨 ,110,85,132,,,,,2,2012/1/9
小寨 ,84,60,118,,,,,2,2012/1/8
小寨 ,98,59,96,,,,,1,2012/1/7
小寨 ,68,68,78,,,,,1,2012/1/6
小寨 ,61,35,63,,,,,1,2012/1/5
小寨 ,56,29,54,,,,,1,2012/1/4
小寨 ,68,25,74,,,,,1,2012/1/3
小寨 ,84,112,134,,,,,2,2012/1/2
小寨 ,105,89,253,,,,,5,2012/1/1
小寨 ,96,73,162,,,,,3,2011/12/31
小寨 ,99,68,184,,,,,3,2011/12/30
小寨 ,101,45,127,,,,,2,2011/12/29
小寨 ,74,72,115,,,,,2,2011/12/28
小寨 ,76,45,112,,,,,2,2011/12/27
小寨 ,73,45,108,,,,,2,2011/12/26
小寨 ,60,41,102,,,,,2,2011/12/25
小寨 ,61,35,60,,,,,1,2011/12/24
小寨 ,65,46,92,,,,,1,2011/12/23
小寨 ,65,27,73,,,,,1,2011/12/22
小寨 ,71,25,94,,,,,1,2011/12/21
小寨 ,74,27,124,,,,,2,2011/12/20
小寨 ,77,64,112,,,,,2,2011/12/19
小寨 ,66,42,114,,,,,2,2011/12/18
小寨 ,62,26,87,,,,,1,2011/12/17
小寨 ,66,37,90,,,,,1,2011/12/16
小寨 ,63,45,106,,,,,2,2011/12/15
小寨 ,69,42,108,,,,,2,2011/12/14
小寨 ,63,38,104,,,,,2,2011/12/13
小寨 ,61,34,91,,,,,1,2011/12/12
小寨 ,58,27,110,,,,,2,2011/12/11
小寨 ,84,25,59,,,,,1,2011/12/10
小寨 ,93,29,65,,,,,1,2011/12/9
小寨 ,63,27,72,,,,,1,2011/12/8
小寨 ,69,20,71,,,,,1,2011/12/7
小寨 ,69,29,80,,,,,1,2011/12/6
小寨 ,66,28,73,,,,,1,2011/12/5
小寨 ,63,36,111,,,,,2,2011/12/4
小寨 ,63,29,108,,,,,2,2011/12/3
小寨 ,56,25,65,,,,,1,2011/12/2
小寨 ,54,25,65,,,,,1,2011/12/1
小寨 ,49,24,52,,,,,1,2011/11/30
小寨 ,48,31,91,,,,,1,2011/11/29
小寨 ,45,29,113,,,,,2,2011/11/28
小寨 ,40,21,103,,,,,2,2011/11/27
小寨 ,27,23,104,,,,,2,2011/11/26
小寨 ,22,30,107,,,,,2,2011/11/25
小寨 ,22,29,68,,,,,1,2011/11/24
小寨 ,21,23,72,,,,,1,2011/11/23
小寨 ,25,24,79,,,,,1,2011/11/22
小寨 ,29,26,89,,,,,1,2011/11/21
小寨 ,27,23,47,,,,,0,2011/11/20
小寨 ,23,25,50,,,,,1,2011/11/19
小寨 ,24,24,63,,,,,1,2011/11/18
小寨 ,24,27,76,,,,,1,2011/11/17
小寨 ,23,32,94,,,,,1,2011/11/16
小寨 ,36,25,82,,,,,1,2011/11/15
小寨 ,24,20,81,,,,,1,2011/11/14
小寨 ,24,19,63,,,,,1,2011/11/13
小寨 ,24,25,71,,,,,1,2011/11/12
小寨 ,14,27,79,,,,,1,2011/11/11
小寨 ,27,25,70,,,,,1,2011/11/10
小寨 ,16,26,55,,,,,1,2011/11/9
小寨 ,20,21,32,,,,,0,2011/11/8
小寨 ,17,22,40,,,,,0,2011/11/7
小寨 ,42,22,57,,,,,1,2011/11/5
小寨 ,35,28,57,,,,,1,2011/11/5
小寨 ,14,24,74,,,,,1,2011/11/4
小寨 ,23,20,77,,,,,1,2011/11/3
小寨 ,17,24,96,,,,,1,2011/11/2
小寨 ,21,28,104,,,,,2,2011/11/1
小寨 ,27,47,110,,,,,2,2011/10/31
小寨 ,16,28,110,,,,,2,2011/10/30
小寨 ,25,24,80,,,,,1,2011/10/29
小寨 ,28,30,88,,,,,1,2011/10/28
小寨 ,15,21,73,,,,,1,2011/10/27
小寨 ,16,24,55,,,,,1,2011/10/26
小寨 ,14,20,40,,,,,0,2011/10/25
小寨 ,15,18,56,,,,,1,2011/10/24
小寨 ,13,16,71,,,,,1,2011/10/23
小寨 ,19,23,85,,,,,1,2011/10/22
小寨 ,31,41,106,,,,,2,2011/10/21
小寨 ,15,22,92,,,,,1,2011/10/20
小寨 ,17,30,91,,,,,1,2011/10/19
小寨 ,21,32,86,,,,,1,2011/10/18
小寨 ,15,29,36,,,,,0,2011/10/17
小寨 ,23,16,39,,,,,0,2011/10/16
小寨 ,22,24,52,,,,,1,2011/10/15
小寨 ,17,30,40,,,,,0,2011/10/14
小寨 ,15,14,39,,,,,0,2011/10/13
小寨 ,16,14,54,,,,,1,2011/10/12
小寨 ,12,14,74,,,,,1,2011/10/11
小寨 ,15,14,62,,,,,1,2011/10/10
小寨 ,16,19,79,,,,,1,2011/10/9
小寨 ,20,20,85,,,,,1,2011/10/8
小寨 ,19,16,68,,,,,1,2011/10/7
小寨 ,12,15,53,,,,,1,2011/10/6
小寨 ,15,20,61,,,,,1,2011/10/5
小寨 ,15,20,61,,,,,1,2011/10/5
小寨 ,19,12,60,,,,,1,2011/10/4
小寨 ,31,22,55,,,,,1,2011/10/3
小寨 ,14,14,64,,,,,1,2011/10/2
小寨 ,11,20,64,,,,,1,2011/10/1
小寨 ,17,14,51,,,,,1,2011/9/30
小寨 ,10,16,47,,,,,0,2011/9/29
小寨 ,11,12,56,,,,,1,2011/9/28
小寨 ,33,22,74,,,,,1,2011/9/27
小寨 ,21,25,86,,,,,1,2011/9/26
小寨 ,35,28,81,,,,,1,2011/9/25
小寨 ,39,25,64,,,,,1,2011/9/24
小寨 ,33,22,58,,,,,1,2011/9/23
小寨 ,17,27,55,,,,,1,2011/9/22
小寨 ,15,20,46,,,,,0,2011/9/21
小寨 ,12,14,47,,,,,0,2011/9/20
小寨 ,9,12,31,,,,,0,2011/9/19
小寨 ,7,10,29,,,,,0,2011/9/18
小寨 ,13,13,34,,,,,0,2011/9/17
小寨 ,11,19,56,,,,,1,2011/9/16
小寨 ,13,20,45,,,,,0,2011/9/15
小寨 ,14,27,37,,,,,0,2011/9/14
小寨 ,19,22,33,,,,,0,2011/9/13
小寨 ,12,16,26,,,,,0,2011/9/12
小寨 ,19,17,39,,,,,0,2011/9/11
小寨 ,24,15,55,,,,,1,2011/9/10
小寨 ,16,26,57,,,,,1,2011/9/9
小寨 ,14,23,49,,,,,0,2011/9/8
小寨 ,11,27,33,,,,,0,2011/9/7
小寨 ,7,20,26,,,,,0,2011/9/6
小寨 ,12,25,32,,,,,0,2011/9/5
小寨 ,19,24,67,,,,,1,2011/9/3
小寨 ,19,40,88,,,,,1,2011/9/2
小寨 ,27,29,85,,,,,1,2011/9/1
小寨 ,29,23,85,,,,,1,2011/8/31
小寨 ,17,29,75,,,,,1,2011/8/30
小寨 ,21,32,71,,,,,1,2011/8/29
小寨 ,16,32,70,,,,,1,2011/8/28
小寨 ,12,34,57,,,,,1,2011/8/27
小寨 ,20,23,56,,,,,1,2011/8/26
小寨 ,24,32,73,,,,,1,2011/8/25
小寨 ,17,26,79,,,,,1,2011/8/24
小寨 ,12,27,71,,,,,1,2011/8/23
小寨 ,10,24,55,,,,,1,2011/8/22
小寨 ,15,19,48,,,,,0,2011/8/21
小寨 ,10,20,38,,,,,0,2011/8/20
小寨 ,16,14,41,,,,,0,2011/8/19
小寨 ,16,17,54,,,,,1,2011/8/18
小寨 ,16,21,54,,,,,1,2011/8/17
小寨 ,13,14,63,,,,,1,2011/8/16
小寨 ,11,18,90,,,,,1,2011/8/15
小寨 ,11,24,98,,,,,1,2011/8/14
小寨 ,12,20,91,,,,,1,2011/8/13
小寨 ,18,25,85,,,,,1,2011/8/12
小寨 ,17,21,84,,,,,1,2011/8/11
小寨 ,12,29,85,,,,,1,2011/8/10
小寨 ,13,28,85,,,,,1,2011/8/9
小寨 ,16,27,88,,,,,1,2011/8/8
小寨 ,14,24,72,,,,,1,2011/8/7
小寨 ,11,22,45,,,,,0,2011/8/6
小寨 ,9,14,58,,,,,1,2011/8/5
小寨 ,16,25,85,,,,,1,2011/8/4
小寨 ,11,18,71,,,,,1,2011/8/3
小寨 ,10,14,44,,,,,0,2011/8/2
小寨 ,12,10,43,,,,,0,2011/8/1
小寨 ,12,20,43,,,,,0,2011/7/31
小寨 ,11,14,39,,,,,0,2011/7/30
小寨 ,15,13,52,,,,,1,2011/7/29
小寨 ,14,21,58,,,,,1,2011/7/28
小寨 ,20,27,67,,,,,1,2011/7/27
小寨 ,19,21,65,,,,,1,2011/7/26
小寨 ,11,25,57,,,,,1,2011/7/25
小寨 ,21,20,87,,,,,1,2011/7/24
小寨 ,21,18,58,,,,,1,2011/7/23
小寨 ,10,22,52,,,,,1,2011/7/22
小寨 ,10,20,55,,,,,1,2011/7/21
小寨 ,20,25,74,,,,,1,2011/7/20
小寨 ,19,24,81,,,,,1,2011/7/19
小寨 ,19,21,58,,,,,1,2011/7/18
小寨 ,23,29,60,,,,,1,2011/7/17
小寨 ,31,29,67,,,,,1,2011/7/16
小寨 ,25,29,77,,,,,1,2011/7/15
小寨 ,36,33,92,,,,,1,2011/7/14
小寨 ,25,42,80,,,,,1,2011/7/13
小寨 ,42,41,86,,,,,1,2011/7/12
小寨 ,20,27,91,,,,,1,2011/7/11
小寨 ,38,40,93,,,,,1,2011/7/10
小寨 ,18,30,78,,,,,1,2011/7/9
小寨 ,18,17,85,,,,,1,2011/7/8
小寨 ,15,23,43,,,,,0,2011/7/7
小寨 ,11,15,34,,,,,0,2011/7/6
小寨 ,13,22,69,,,,,1,2011/7/5
小寨 ,6,17,42,,,,,0,2011/7/4
小寨 ,20,19,58,,,,,1,2011/7/3
小寨 ,11,16,47,,,,,0,2011/7/2
小寨 ,13,19,60,,,,,1,2011/7/1
小寨 ,20,23,51,,,,,1,2011/6/30
小寨 ,22,30,36,,,,,0,2011/6/29
小寨 ,18,18,48,,,,,0,2011/6/28
小寨 ,24,14,51,,,,,1,2011/6/27
小寨 ,45,15,51,,,,,1,2011/6/26
小寨 ,25,19,47,,,,,0,2011/6/25
小寨 ,13,22,31,,,,,0,2011/6/24
小寨 ,12,10,43,,,,,0,2011/6/23
小寨 ,10,17,51,,,,,1,2011/6/22
小寨 ,10,15,69,,,,,1,2011/6/21
小寨 ,23,19,75,,,,,1,2011/6/20
小寨 ,23,30,78,,,,,1,2011/6/19
小寨 ,11,14,51,,,,,1,2011/6/18
小寨 ,20,20,70,,,,,1,2011/6/17
小寨 ,19,27,71,,,,,1,2011/6/16
小寨 ,17,20,64,,,,,1,2011/6/15
小寨 ,9,15,60,,,,,1,2011/6/14
小寨 ,27,21,79,,,,,1,2011/6/13
小寨 ,41,27,75,,,,,1,2011/6/12
小寨 ,18,22,57,,,,,1,2011/6/11
小寨 ,15,16,52,,,,,1,2011/6/10
小寨 ,34,22,82,,,,,1,2011/6/9
小寨 ,31,34,64,,,,,1,2011/6/8
小寨 ,37,47,80,,,,,1,2011/6/7
小寨 ,23,30,75,,,,,1,2011/6/7
小寨 ,32,38,93,,,,,1,2011/6/6
小寨 ,15,19,83,,,,,1,2011/6/5
小寨 ,14,14,90,,,,,1,2011/6/4
小寨 ,28,35,73,,,,,1,2011/6/3
小寨 ,16,16,68,,,,,1,2011/6/2
小寨 ,17,16,66,,,,,1,2011/6/1
小寨 ,16,24,62,,,,,1,2011/5/31
小寨 ,8,30,77,,,,,1,2011/5/30
小寨 ,12,18,78,,,,,1,2011/5/29
小寨 ,17,19,63,,,,,1,2011/5/28
小寨 ,20,13,57,,,,,1,2011/5/27
小寨 ,19,24,63,,,,,1,2011/5/26
小寨 ,23,17,68,,,,,1,2011/5/25
小寨 ,10,20,48,,,,,0,2011/5/24
小寨 ,10,20,34,,,,,0,2011/5/23
小寨 ,6,13,35,,,,,0,2011/5/22
小寨 ,5,14,39,,,,,0,2011/5/21
小寨 ,45,22,90,,,,,1,2011/5/20
小寨 ,33,41,99,,,,,1,2011/5/19
小寨 ,25,50,82,,,,,1,2011/5/18
小寨 ,21,37,58,,,,,1,2011/5/17
小寨 ,30,34,53,,,,,1,2011/5/16
小寨 ,22,39,53,,,,,1,2011/5/15
小寨 ,26,25,52,,,,,1,2011/5/14
小寨 ,17,22,52,,,,,1,2011/5/13
小寨 ,23,24,59,,,,,1,2011/5/12
小寨 ,13,29,62,,,,,1,2011/5/11
小寨 ,18,22,69,,,,,1,2011/5/10
小寨 ,24,28,97,,,,,1,2011/5/9
小寨 ,15,22,89,,,,,1,2011/5/8
小寨 ,20,14,92,,,,,1,2011/5/7
小寨 ,22,23,74,,,,,1,2011/5/6
小寨 ,16,28,87,,,,,1,2011/5/5
小寨 ,14,19,82,,,,,1,2011/5/4
小寨 ,12,25,51,,,,,1,2011/5/3
小寨 ,17,15,52,,,,,1,2011/5/2
小寨 ,26,27,84,,,,,1,2011/5/1
小寨 ,37,25,138,,,,,2,2011/4/30
小寨 ,42,50,84,,,,,1,2011/4/29
小寨 ,30,34,82,,,,,1,2011/4/28
小寨 ,21,19,80,,,,,1,2011/4/27
小寨 ,37,33,92,,,,,1,2011/4/26
小寨 ,41,41,91,,,,,1,2011/4/25
小寨 ,43,35,78,,,,,1,2011/4/24
小寨 ,24,34,74,,,,,1,2011/4/23
小寨 ,31,37,93,,,,,1,2011/4/22
小寨 ,24,37,93,,,,,1,2011/4/21
小寨 ,35,30,88,,,,,1,2011/4/20
小寨 ,34,17,92,,,,,1,2011/4/19
小寨 ,25,15,95,,,,,1,2011/4/18
小寨 ,30,31,87,,,,,1,2011/4/17
小寨 ,48,18,95,,,,,1,2011/4/16
小寨 ,38,30,99,,,,,1,2011/4/15
小寨 ,53,79,118,,,,,2,2011/4/14
小寨 ,49,72,125,,,,,2,2011/4/13
小寨 ,49,37,111,,,,,2,2011/4/12
小寨 ,44,39,95,,,,,1,2011/4/11
小寨 ,53,60,123,,,,,2,2011/4/10
小寨 ,33,47,97,,,,,1,2011/4/9
小寨 ,18,34,100,,,,,1,2011/4/8
小寨 ,23,33,71,,,,,1,2011/4/7
小寨 ,39,42,88,,,,,1,2011/4/6
小寨 ,47,48,86,,,,,1,2011/4/5
小寨 ,38,44,86,,,,,1,2011/4/4
小寨 ,43,29,66,,,,,1,2011/4/3
小寨 ,24,32,66,,,,,1,2011/4/2
小寨 ,58,73,87,,,,,1,2011/4/1
小寨 ,56,84,92,,,,,1,2011/3/31
小寨 ,63,87,112,,,,,2,2011/3/30
小寨 ,37,52,94,,,,,1,2011/3/29
小寨 ,59,43,86,,,,,1,2011/3/28
小寨 ,50,35,93,,,,,1,2011/3/27
小寨 ,44,27,98,,,,,1,2011/3/26
小寨 ,37,39,97,,,,,1,2011/3/25
小寨 ,37,43,72,,,,,1,2011/3/24
小寨 ,51,39,71,,,,,1,2011/3/23
小寨 ,18,23,61,,,,,1,2011/3/22
小寨 ,27,28,54,,,,,1,2011/3/21
小寨 ,36,34,90,,,,,1,2011/3/20
小寨 ,43,37,146,,,,,2,2011/3/19
小寨 ,67,48,142,,,,,2,2011/3/18
小寨 ,61,58,82,,,,,1,2011/3/17
小寨 ,43,41,66,,,,,1,2011/3/16
小寨 ,56,25,73,,,,,1,2011/3/15
小寨 ,60,29,228,,,,,4,2011/3/14
小寨 ,86,83,87,,,,,1,2011/3/13
小寨 ,62,68,87,,,,,1,2011/3/12
小寨 ,78,28,78,,,,,1,2011/3/11
小寨 ,71,25,78,,,,,1,2011/3/10
小寨 ,75,22,77,,,,,1,2011/3/9
小寨 ,77,29,95,,,,,1,2011/3/8
小寨 ,75,27,90,,,,,1,2011/3/7
小寨 ,78,28,122,,,,,2,2011/3/6
小寨 ,58,27,95,,,,,1,2011/3/5
小寨 ,53,29,70,,,,,1,2011/3/4
小寨 ,56,32,87,,,,,1,2011/3/3
小寨 ,50,31,78,,,,,1,2011/3/2
小寨 ,35,14,43,,,,,0,2011/3/1
小寨 ,41,20,77,,,,,1,2011/2/28
小寨 ,37,19,99,,,,,1,2011/2/27
小寨 ,79,25,124,,,,,2,2011/2/26
小寨 ,107,47,160,,,,,3,2011/2/25
小寨 ,101,67,197,,,,,3,2011/2/24
小寨 ,86,41,159,,,,,3,2011/2/23
小寨 ,100,30,119,,,,,2,2011/2/22
小寨 ,108,50,146,,,,,2,2011/2/21
小寨 ,90,68,176,,,,,3,2011/2/20
小寨 ,97,65,128,,,,,2,2011/2/19
小寨 ,103,55,127,,,,,2,2011/2/18
小寨 ,102,74,130,,,,,2,2011/2/17
小寨 ,90,49,93,,,,,1,2011/2/16
小寨 ,84,49,80,,,,,1,2011/2/15
小寨 ,67,35,58,,,,,1,2011/2/14
小寨 ,83,45,94,,,,,1,2011/2/13
小寨 ,84,67,97,,,,,1,2011/2/12
小寨 ,72,38,97,,,,,1,2011/2/11
小寨 ,56,27,65,,,,,1,2011/2/10
小寨 ,102,57,112,,,,,2,2011/2/9
小寨 ,60,45,94,,,,,1,2011/2/8
小寨 ,63,80,95,,,,,1,2011/2/7
小寨 ,102,78,118,,,,,2,2011/2/6
小寨 ,58,44,111,,,,,2,2011/2/5
小寨 ,87,78,183,,,,,3,2011/2/4
小寨 ,112,102,193,,,,,3,2011/2/3
小寨 ,93,95,130,,,,,2,2011/2/2
小寨 ,100,78,126,,,,,2,2011/2/1
小寨 ,88,57,88,,,,,1,2011/1/31
小寨 ,63,47,94,,,,,1,2011/1/30
小寨 ,71,38,73,,,,,1,2011/1/29
小寨 ,99,44,99,,,,,1,2011/1/28
小寨 ,113,60,141,,,,,2,2011/1/27
小寨 ,111,50,125,,,,,2,2011/1/26
小寨 ,107,70,150,,,,,2,2011/1/25
小寨 ,81,64,94,,,,,1,2011/1/24
小寨 ,57,92,106,,,,,2,2011/1/23
小寨 ,106,73,169,,,,,3,2011/1/22
小寨 ,85,75,155,,,,,3,2011/1/21
小寨 ,83,67,124,,,,,2,2011/1/20
小寨 ,67,32,122,,,,,2,2011/1/19
小寨 ,67,45,94,,,,,1,2011/1/18
小寨 ,87,43,90,,,,,1,2011/1/17
小寨 ,79,48,100,,,,,1,2011/1/16
小寨 ,81,73,140,,,,,2,2011/1/15
小寨 ,106,75,160,,,,,3,2011/1/14
小寨 ,111,73,127,,,,,2,2011/1/13
小寨 ,97,57,111,,,,,2,2011/1/12
小寨 ,87,48,99,,,,,1,2011/1/11
小寨 ,90,48,92,,,,,1,2011/1/10
小寨 ,78,37,94,,,,,1,2011/1/9
小寨 ,98,47,96,,,,,1,2011/1/8
小寨 ,98,35,87,,,,,1,2011/1/7
小寨 ,84,37,88,,,,,1,2011/1/6
小寨 ,62,58,142,,,,,2,2011/1/5
小寨 ,95,33,93,,,,,1,2011/1/4
小寨 ,59,39,82,,,,,1,2011/1/3
小寨 ,66,34,81,,,,,1,2011/1/2
小寨 ,57,29,74,,,,,1,2011/1/1
小寨 ,63,26,67,,,,,1,2010/12/31
小寨 ,63,39,60,,,,,1,2010/12/30
小寨 ,48,52,97,,,,,1,2010/12/29
小寨 ,49,47,77,,,,,1,2010/12/28
小寨 ,94,59,119,,,,,2,2010/12/27
小寨 ,70,43,91,,,,,1,2010/12/26
小寨 ,68,44,93,,,,,1,2010/12/25
小寨 ,89,49,96,,,,,1,2010/12/24
小寨 ,104,87,148,,,,,2,2010/12/23
小寨 ,95,60,100,,,,,1,2010/12/22
小寨 ,90,62,119,,,,,2,2010/12/21
小寨 ,91,46,92,,,,,1,2010/12/20
小寨 ,89,62,95,,,,,1,2010/12/19
小寨 ,104,89,133,,,,,2,2010/12/18
小寨 ,81,47,97,,,,,1,2010/12/17
小寨 ,62,29,60,,,,,1,2010/12/16
小寨 ,74,35,69,,,,,1,2010/12/15
小寨 ,92,39,96,,,,,1,2010/12/14
小寨 ,105,73,155,,,,,3,2010/12/13
小寨 ,70,32,95,,,,,1,2010/12/12
小寨 ,69,45,93,,,,,1,2010/12/11
小寨 ,92,52,147,,,,,2,2010/12/10
小寨 ,85,45,125,,,,,2,2010/12/9
小寨 ,74,50,90,,,,,1,2010/12/8
小寨 ,66,42,88,,,,,1,2010/12/7
小寨 ,56,34,94,,,,,1,2010/12/6
小寨 ,97,106,144,,,,,2,2010/12/5
小寨 ,103,75,149,,,,,2,2010/12/4
小寨 ,83,46,99,,,,,1,2010/12/3
小寨 ,80,65,96,,,,,1,2010/12/2
小寨 ,81,58,96,,,,,1,2010/12/1
小寨 ,65,53,77,,,,,1,2010/11/30
小寨 ,63,44,96,,,,,1,2010/11/29
小寨 ,76,64,94,,,,,1,2010/11/28
小寨 ,82,64,97,,,,,1,2010/11/27
小寨 ,97,90,176,,,,,3,2010/11/26
小寨 ,97,68,105,,,,,2,2010/11/25
小寨 ,75,57,148,,,,,2,2010/11/24
小寨 ,87,60,98,,,,,1,2010/11/23
小寨 ,68,40,88,,,,,1,2010/11/22
小寨 ,97,84,93,,,,,1,2010/11/21
小寨 ,83,88,129,,,,,2,2010/11/20
小寨 ,59,43,99,,,,,1,2010/11/19
小寨 ,99,92,138,,,,,2,2010/11/18
小寨 ,85,57,123,,,,,2,2010/11/17
小寨 ,88,60,93,,,,,1,2010/11/16
小寨 ,70,45,86,,,,,1,2010/11/15
小寨 ,60,44,98,,,,,1,2010/11/14
小寨 ,57,43,89,,,,,1,2010/11/13
小寨 ,45,42,97,,,,,1,2010/11/12
小寨 ,39,44,96,,,,,1,2010/11/11
小寨 ,37,40,94,,,,,1,2010/11/10
小寨 ,33,62,94,,,,,1,2010/11/9
小寨 ,29,38,93,,,,,1,2010/11/8
小寨 ,38,50,97,,,,,1,2010/11/7
小寨 ,46,87,119,,,,,2,2010/11/6
小寨 ,42,80,94,,,,,1,2010/11/5
小寨 ,30,55,82,,,,,1,2010/11/4
小寨 ,30,45,74,,,,,1,2010/11/3
小寨 ,29,37,85,,,,,1,2010/11/2
小寨 ,58,98,149,,,,,2,2010/11/1
小寨 ,39,92,138,,,,,2,2010/10/31
小寨 ,29,64,100,,,,,1,2010/10/30
小寨 ,33,34,87,,,,,1,2010/10/29
小寨 ,28,40,68,,,,,1,2010/10/28
小寨 ,18,36,53,,,,,1,2010/10/27
小寨 ,5,19,29,,,,,0,2010/10/26
小寨 ,10,20,39,,,,,0,2010/10/25
小寨 ,47,52,124,,,,,2,2010/10/24
小寨 ,41,74,99,,,,,1,2010/10/23
小寨 ,41,65,110,,,,,2,2010/10/22
小寨 ,49,50,112,,,,,2,2010/10/21
小寨 ,29,62,120,,,,,2,2010/10/20
小寨 ,43,89,163,,,,,3,2010/10/19
小寨 ,36,33,122,,,,,2,2010/10/18
小寨 ,37,89,119,,,,,2,2010/10/17
小寨 ,30,72,110,,,,,2,2010/10/16
小寨 ,28,50,70,,,,,1,2010/10/15
小寨 ,25,43,74,,,,,1,2010/10/14
小寨 ,29,32,66,,,,,1,2010/10/13
小寨 ,19,34,70,,,,,1,2010/10/12
小寨 ,17,20,40,,,,,0,2010/10/11
小寨 ,25,45,95,,,,,1,2010/10/10
小寨 ,37,42,135,,,,,2,2010/10/9
小寨 ,36,44,88,,,,,1,2010/10/8
小寨 ,44,40,95,,,,,1,2010/10/7
小寨 ,35,44,95,,,,,1,2010/10/6
小寨 ,28,31,62,,,,,1,2010/10/5
小寨 ,25,40,58,,,,,1,2010/10/4
小寨 ,16,25,60,,,,,1,2010/10/3
小寨 ,14,22,61,,,,,1,2010/10/2
小寨 ,38,26,97,,,,,1,2010/10/1
小寨 ,33,22,97,,,,,1,2010/9/30
小寨 ,35,19,104,,,,,2,2010/9/29
小寨 ,59,50,132,,,,,2,2010/9/28
小寨 ,34,26,115,,,,,2,2010/9/27
小寨 ,30,36,77,,,,,1,2010/9/26
小寨 ,12,25,51,,,,,1,2010/9/25
小寨 ,47,44,81,,,,,1,2010/9/24
小寨 ,25,35,51,,,,,1,2010/9/23
小寨 ,20,24,33,,,,,0,2010/9/22
小寨 ,35,38,69,,,,,1,2010/9/21
小寨 ,34,50,64,,,,,1,2010/9/20
小寨 ,24,29,88,,,,,1,2010/9/19
小寨 ,22,29,74,,,,,1,2010/9/18
小寨 ,28,30,74,,,,,1,2010/9/17
小寨 ,35,29,86,,,,,1,2010/9/16
小寨 ,28,36,57,,,,,1,2010/9/15
小寨 ,19,17,71,,,,,1,2010/9/14
小寨 ,23,21,68,,,,,1,2010/9/13
小寨 ,35,27,84,,,,,1,2010/9/12
小寨 ,39,19,73,,,,,1,2010/9/11
小寨 ,40,23,98,,,,,1,2010/9/9
小寨 ,26,19,62,,,,,1,2010/9/8
小寨 ,18,20,66,,,,,1,2010/9/7
小寨 ,20,25,96,,,,,1,2010/9/6
小寨 ,20,27,88,,,,,1,2010/9/5
小寨 ,20,25,77,,,,,1,2010/9/4
小寨 ,19,28,75,,,,,1,2010/9/3
小寨 ,37,30,79,,,,,1,2010/9/2
小寨 ,18,31,62,,,,,1,2010/9/1
小寨 ,17,17,70,,,,,1,2010/8/31
小寨 ,30,27,96,,,,,1,2010/8/30
小寨 ,33,30,81,,,,,1,2010/8/29
小寨 ,42,18,94,,,,,1,2010/8/28
小寨 ,27,22,81,,,,,1,2010/8/27
小寨 ,25,19,89,,,,,1,2010/8/26
小寨 ,34,37,71,,,,,1,2010/8/25
小寨 ,7,20,27,,,,,0,2010/8/24
小寨 ,15,27,61,,,,,1,2010/8/23
小寨 ,12,24,47,,,,,0,2010/8/22
小寨 ,16,28,92,,,,,1,2010/8/21
小寨 ,12,24,53,,,,,1,2010/8/20
小寨 ,25,27,99,,,,,1,2010/8/19
小寨 ,24,27,100,,,,,1,2010/8/18
小寨 ,20,20,79,,,,,1,2010/8/17
小寨 ,18,27,75,,,,,1,2010/8/16
小寨 ,12,25,59,,,,,1,2010/8/15
小寨 ,9,18,44,,,,,0,2010/8/14
小寨 ,12,19,77,,,,,1,2010/8/13
小寨 ,13,13,96,,,,,1,2010/8/12
小寨 ,20,16,94,,,,,1,2010/8/11
小寨 ,10,20,77,,,,,1,2010/8/10
小寨 ,13,19,88,,,,,1,2010/8/9
小寨 ,10,24,80,,,,,1,2010/8/8
小寨 ,12,28,94,,,,,1,2010/8/7
小寨 ,12,32,74,,,,,1,2010/8/6
小寨 ,5,19,56,,,,,1,2010/8/5
小寨 ,9,24,90,,,,,1,2010/8/4
小寨 ,13,15,94,,,,,1,2010/8/3
小寨 ,12,16,68,,,,,1,2010/8/2
小寨 ,20,16,80,,,,,1,2010/8/1
小寨 ,16,19,95,,,,,1,2010/7/31
小寨 ,22,22,94,,,,,1,2010/7/30
小寨 ,18,24,80,,,,,1,2010/7/29
小寨 ,12,23,97,,,,,1,2010/7/28
小寨 ,14,24,78,,,,,1,2010/7/27
小寨 ,13,17,66,,,,,1,2010/7/26
小寨 ,4,13,54,,,,,1,2010/7/25
小寨 ,12,17,65,,,,,1,2010/7/24
小寨 ,6,28,89,,,,,1,2010/7/23
小寨 ,12,22,61,,,,,1,2010/7/22
小寨 ,22,58,70,,,,,1,2010/7/21
小寨 ,16,44,98,,,,,1,2010/7/20
小寨 ,9,29,79,,,,,1,2010/7/19
小寨 ,7,31,61,,,,,1,2010/7/18
小寨 ,6,32,98,,,,,1,2010/7/17
小寨 ,10,16,71,,,,,1,2010/7/16
小寨 ,5,19,78,,,,,1,2010/7/15
小寨 ,17,9,83,,,,,1,2010/7/14
小寨 ,17,25,70,,,,,1,2010/7/13
小寨 ,28,35,66,,,,,1,2010/7/12
小寨 ,22,25,67,,,,,1,2010/7/11
小寨 ,8,15,29,,,,,0,2010/7/10
小寨 ,14,25,91,,,,,1,2010/7/9
小寨 ,16,25,90,,,,,1,2010/7/8
小寨 ,23,19,74,,,,,1,2010/7/7
小寨 ,29,24,82,,,,,1,2010/7/6
小寨 ,14,20,61,,,,,1,2010/7/5
小寨 ,27,25,56,,,,,1,2010/7/4
小寨 ,13,17,54,,,,,1,2010/7/3
小寨 ,15,21,65,,,,,1,2010/7/2
小寨 ,14,15,46,,,,,0,2010/7/1
小寨 ,16,19,57,,,,,1,2010/6/30
小寨 ,26,28,70,,,,,1,2010/6/29
小寨 ,16,23,78,,,,,1,2010/6/28
小寨 ,13,22,68,,,,,1,2010/6/27
小寨 ,24,17,91,,,,,1,2010/6/26
小寨 ,24,17,68,,,,,1,2010/6/25
小寨 ,20,15,71,,,,,1,2010/6/24
小寨 ,27,30,66,,,,,1,2010/6/23
小寨 ,34,20,68,,,,,1,2010/6/22
小寨 ,29,18,93,,,,,1,2010/6/21
小寨 ,33,30,94,,,,,1,2010/6/20
小寨 ,26,29,100,,,,,1,2010/6/19
小寨 ,36,26,93,,,,,1,2010/6/18
小寨 ,18,29,87,,,,,1,2010/6/17
小寨 ,14,21,72,,,,,1,2010/6/16
小寨 ,18,25,80,,,,,1,2010/6/15
小寨 ,17,21,71,,,,,1,2010/6/14
小寨 ,28,21,80,,,,,1,2010/6/13
小寨 ,28,24,71,,,,,1,2010/6/12
小寨 ,21,37,76,,,,,1,2010/6/11
小寨 ,18,21,70,,,,,1,2010/6/10
小寨 ,13,24,38,,,,,0,2010/6/9
小寨 ,16,31,60,,,,,1,2010/6/8
小寨 ,18,24,59,,,,,1,2010/6/7
小寨 ,10,27,59,,,,,1,2010/6/6
小寨 ,26,13,94,,,,,1,2010/6/5
小寨 ,29,32,56,,,,,1,2010/6/4
小寨 ,20,30,54,,,,,1,2010/6/3
小寨 ,19,24,35,,,,,0,2010/6/2
小寨 ,19,24,32,,,,,0,2010/6/1
小寨 ,31,22,62,,,,,1,2010/5/31
小寨 ,33,28,73,,,,,1,2010/5/30
小寨 ,38,29,65,,,,,1,2010/5/29
小寨 ,23,28,45,,,,,0,2010/5/28
小寨 ,13,22,47,,,,,0,2010/5/27
小寨 ,10,24,69,,,,,1,2010/5/26
小寨 ,31,30,90,,,,,1,2010/5/25
小寨 ,38,27,99,,,,,1,2010/5/24
小寨 ,34,28,69,,,,,1,2010/5/23
小寨 ,26,26,60,,,,,1,2010/5/22
小寨 ,27,19,79,,,,,1,2010/5/21
小寨 ,28,17,91,,,,,1,2010/5/20
小寨 ,28,17,87,,,,,1,2010/5/19
小寨 ,31,20,94,,,,,1,2010/5/17
小寨 ,32,24,95,,,,,1,2010/5/16
小寨 ,32,27,94,,,,,1,2010/5/15
小寨 ,33,26,53,,,,,1,2010/5/14
小寨 ,32,20,62,,,,,1,2010/5/13
小寨 ,14,19,93,,,,,1,2010/5/12
小寨 ,30,44,89,,,,,1,2010/5/11
小寨 ,32,35,119,,,,,2,2010/5/10
小寨 ,23,29,76,,,,,1,2010/5/9
小寨 ,27,18,63,,,,,1,2010/5/8
小寨 ,20,25,65,,,,,1,2010/5/7
小寨 ,17,16,63,,,,,1,2010/5/6
小寨 ,27,19,76,,,,,1,2010/5/5
小寨 ,24,15,75,,,,,1,2010/5/4
小寨 ,44,32,81,,,,,1,2010/5/3
小寨 ,25,20,90,,,,,1,2010/5/2
小寨 ,45,28,92,,,,,1,2010/5/1
小寨 ,26,29,129,,,,,2,2010/4/30
小寨 ,22,24,114,,,,,2,2010/4/29
小寨 ,18,21,138,,,,,2,2010/4/28
小寨 ,23,24,128,,,,,2,2010/4/27
小寨 ,20,29,422,,,,,6,2010/4/26
小寨 ,32,34,88,,,,,1,2010/4/25
小寨 ,42,42,85,,,,,1,2010/4/24
小寨 ,24,33,65,,,,,1,2010/4/23
小寨 ,25,27,38,,,,,0,2010/4/22
小寨 ,34,24,55,,,,,1,2010/4/21
小寨 ,36,46,86,,,,,1,2010/4/20
小寨 ,33,30,106,,,,,2,2010/4/19
小寨 ,31,45,94,,,,,1,2010/4/18
小寨 ,42,19,105,,,,,2,2010/4/17
小寨 ,30,29,85,,,,,1,2010/4/16
小寨 ,44,24,55,,,,,1,2010/4/15
小寨 ,34,32,55,,,,,1,2010/4/14
小寨 ,19,24,53,,,,,1,2010/4/13
小寨 ,44,15,72,,,,,1,2010/4/12
小寨 ,47,25,83,,,,,1,2010/4/11
小寨 ,26,31,83,,,,,1,2010/4/10
小寨 ,34,35,82,,,,,1,2010/4/9
小寨 ,31,29,92,,,,,1,2010/4/8
小寨 ,29,27,78,,,,,1,2010/4/7
小寨 ,29,32,74,,,,,1,2010/4/6
小寨 ,34,39,82,,,,,1,2010/4/5
小寨 ,35,22,62,,,,,1,2010/4/4
小寨 ,49,24,94,,,,,1,2010/4/3
小寨 ,32,36,82,,,,,1,2010/4/2
小寨 ,41,29,79,,,,,1,2010/4/1
小寨 ,43,29,93,,,,,1,2010/3/31
小寨 ,35,26,98,,,,,1,2010/3/30
小寨 ,44,36,92,,,,,1,2010/3/29
小寨 ,33,31,73,,,,,1,2010/3/28
小寨 ,36,20,92,,,,,1,2010/3/27
小寨 ,23,35,93,,,,,1,2010/3/25
小寨 ,24,27,83,,,,,1,2010/3/24
小寨 ,20,25,89,,,,,1,2010/3/23
小寨 ,42,44,168,,,,,3,2010/3/22
小寨 ,31,35,128,,,,,2,2010/3/21
小寨 ,43,29,162,,,,,3,2010/3/20
小寨 ,40,29,102,,,,,2,2010/3/19
小寨 ,43,28,148,,,,,2,2010/3/18
小寨 ,42,29,81,,,,,1,2010/3/17
小寨 ,45,30,86,,,,,1,2010/3/16
小寨 ,44,28,70,,,,,1,2010/3/15
小寨 ,40,28,88,,,,,1,2010/3/14
小寨 ,44,55,124,,,,,2,2010/3/13
小寨 ,45,37,77,,,,,1,2010/3/12
小寨 ,51,31,87,,,,,1,2010/3/11
小寨 ,46,29,73,,,,,1,2010/3/10
小寨 ,33,25,45,,,,,0,2010/3/9
小寨 ,54,45,73,,,,,1,2010/3/8
小寨 ,79,38,64,,,,,1,2010/3/7
小寨 ,54,39,57,,,,,1,2010/3/6
小寨 ,54,40,62,,,,,1,2010/3/5
小寨 ,59,37,69,,,,,1,2010/3/4
小寨 ,56,47,74,,,,,1,2010/3/3
小寨 ,66,39,81,,,,,1,2010/3/2
小寨 ,83,39,112,,,,,2,2010/3/1
小寨 ,71,49,89,,,,,1,2010/2/28
小寨 ,83,43,95,,,,,1,2010/2/27
小寨 ,64,48,82,,,,,1,2010/2/26
小寨 ,60,41,83,,,,,1,2010/2/25
小寨 ,70,83,109,,,,,2,2010/2/24
小寨 ,55,52,87,,,,,1,2010/2/23
小寨 ,50,37,83,,,,,1,2010/2/22
小寨 ,62,73,73,,,,,1,2010/2/21
小寨 ,35,31,67,,,,,1,2010/2/20
小寨 ,32,33,70,,,,,1,2010/2/19
小寨 ,45,26,61,,,,,1,2010/2/18
小寨 ,47,22,73,,,,,1,2010/2/17
小寨 ,26,35,69,,,,,1,2010/2/16
小寨 ,48,20,63,,,,,1,2010/2/15
小寨 ,98,32,110,,,,,2,2010/2/14
小寨 ,79,40,82,,,,,1,2010/2/13
小寨 ,50,27,51,,,,,1,2010/2/12
小寨 ,45,29,51,,,,,1,2010/2/11
小寨 ,54,44,68,,,,,1,2010/2/10
小寨 ,74,63,120,,,,,2,2010/2/9
小寨 ,88,63,114,,,,,2,2010/2/8
小寨 ,80,68,141,,,,,2,2010/2/7
小寨 ,89,68,150,,,,,2,2010/2/6
小寨 ,71,44,144,,,,,2,2010/2/5
小寨 ,88,70,127,,,,,2,2010/2/4
小寨 ,65,52,100,,,,,1,2010/2/3
小寨 ,81,62,112,,,,,2,2010/2/2
小寨 ,66,54,98,,,,,1,2010/2/1
小寨 ,57,45,98,,,,,1,2010/1/31
小寨 ,81,49,98,,,,,1,2010/1/30
小寨 ,70,40,98,,,,,1,2010/1/29
小寨 ,53,74,87,,,,,1,2010/1/28
小寨 ,55,77,97,,,,,1,2010/1/27
小寨 ,58,49,91,,,,,1,2010/1/26
小寨 ,65,63,89,,,,,1,2010/1/25
小寨 ,73,60,115,,,,,2,2010/1/24
小寨 ,48,44,87,,,,,1,2010/1/23
小寨 ,86,39,101,,,,,2,2010/1/22
小寨 ,72,37,172,,,,,3,2010/1/21
小寨 ,102,87,174,,,,,3,2010/1/20
小寨 ,92,79,174,,,,,3,2010/1/19
小寨 ,83,77,122,,,,,2,2010/1/18
小寨 ,80,73,122,,,,,2,2010/1/17
小寨 ,87,49,104,,,,,2,2010/1/16
小寨 ,90,48,107,,,,,2,2010/1/15
小寨 ,82,43,76,,,,,1,2010/1/14
小寨 ,67,27,55,,,,,1,2010/1/13
小寨 ,65,27,54,,,,,1,2010/1/12
小寨 ,71,27,126,,,,,2,2010/1/11
小寨 ,63,27,195,,,,,3,2010/1/10
小寨 ,98,27,157,,,,,3,2010/1/9
小寨 ,123,27,138,,,,,2,2010/1/8
小寨 ,78,27,126,,,,,2,2010/1/7
小寨 ,82,27,106,,,,,2,2010/1/6
小寨 ,74,26,66,,,,,1,2010/1/5
小寨 ,57,20,94,,,,,1,2010/1/4
小寨 ,55,22,102,,,,,2,2010/1/3
小寨 ,75,37,84,,,,,1,2010/1/2
小寨 ,60,44,95,,,,,1,2010/1/1
市人民体育场 ,68,73,114,,,,,2,2012/12/31
市人民体育场 ,59,21,76,,,,,1,2012/12/30
市人民体育场 ,63,29,95,,,,,1,2012/12/29
市人民体育场 ,81,80,242,,,,,4,2012/12/28
市人民体育场 ,80,39,100,,,,,1,2012/12/25
市人民体育场 ,25,14,83,,,,,1,2012/12/24
市人民体育场 ,41,20,70,,,,,1,2012/12/23
市人民体育场 ,51,26,84,,,,,1,2012/12/22
市人民体育场 ,56,30,98,,,,,1,2012/12/21
市人民体育场 ,55,32,96,,,,,1,2012/12/20
市人民体育场 ,54,28,96,,,,,1,2012/12/19
市人民体育场 ,32,26,85,,,,,1,2012/12/18
市人民体育场 ,41,23,180,,,,,3,2012/12/17
市人民体育场 ,56,22,304,,,,,7,2012/12/16
市人民体育场 ,48,25,293,,,,,5,2012/12/15
市人民体育场 ,51,25,310,,,,,7,2012/12/14
市人民体育场 ,51,31,299,,,,,5,2012/12/13
市人民体育场 ,47,25,250,,,,,4,2012/12/12
市人民体育场 ,55,37,129,,,,,2,2012/12/11
市人民体育场 ,53,23,127,,,,,2,2012/12/10
市人民体育场 ,54,19,88,,,,,1,2012/12/9
市人民体育场 ,55,29,87,,,,,1,2012/12/8
市人民体育场 ,52,26,97,,,,,1,2012/12/7
市人民体育场 ,56,22,97,,,,,1,2012/12/6
市人民体育场 ,63,14,95,,,,,1,2012/12/5
市人民体育场 ,63,37,123,,,,,2,2012/12/4
市人民体育场 ,73,22,124,,,,,2,2012/12/3
市人民体育场 ,78,29,255,,,,,5,2012/12/2
市人民体育场 ,85,21,185,,,,,3,2012/12/1
市人民体育场 ,56,31,94,,,,,1,2012/11/30
市人民体育场 ,39,15,95,,,,,1,2012/11/29
市人民体育场 ,28,22,85,,,,,1,2012/11/28
市人民体育场 ,36,30,86,,,,,1,2012/11/27
市人民体育场 ,29,19,76,,,,,1,2012/11/26
市人民体育场 ,33,20,84,,,,,1,2012/11/25
市人民体育场 ,26,22,81,,,,,1,2012/11/24
市人民体育场 ,29,10,69,,,,,1,2012/11/23
市人民体育场 ,28,29,168,,,,,3,2012/11/22
市人民体育场 ,33,30,136,,,,,2,2012/11/21
市人民体育场 ,43,29,125,,,,,2,2012/11/20
市人民体育场 ,27,34,98,,,,,1,2012/11/19
市人民体育场 ,39,45,100,,,,,1,2012/11/18
市人民体育场 ,35,31,97,,,,,1,2012/11/17
市人民体育场 ,28,17,72,,,,,1,2012/11/16
市人民体育场 ,49,29,134,,,,,2,2012/11/15
市人民体育场 ,26,32,99,,,,,1,2012/11/14
市人民体育场 ,30,34,97,,,,,1,2012/11/13
市人民体育场 ,25,25,70,,,,,1,2012/11/12
市人民体育场 ,20,20,72,,,,,1,2012/11/11
市人民体育场 ,26,19,94,,,,,1,2012/11/10
市人民体育场 ,32,30,90,,,,,1,2012/11/9
市人民体育场 ,25,17,68,,,,,1,2012/11/8
市人民体育场 ,26,27,94,,,,,1,2012/11/7
市人民体育场 ,14,17,86,,,,,1,2012/11/6
市人民体育场 ,22,32,95,,,,,1,2012/11/5
市人民体育场 ,18,17,77,,,,,1,2012/11/4
市人民体育场 ,21,21,99,,,,,1,2012/11/3
市人民体育场 ,35,24,209,,,,,4,2012/11/2
市人民体育场 ,25,36,96,,,,,1,2012/11/1
市人民体育场 ,22,22,86,,,,,1,2012/10/31
市人民体育场 ,21,22,88,,,,,1,2012/10/30
市人民体育场 ,25,24,99,,,,,1,2012/10/29
市人民体育场 ,22,31,99,,,,,1,2012/10/28
市人民体育场 ,23,34,97,,,,,1,2012/10/27
市人民体育场 ,22,38,115,,,,,2,2012/10/26
市人民体育场 ,21,35,90,,,,,1,2012/10/25
市人民体育场 ,22,31,88,,,,,1,2012/10/24
市人民体育场 ,22,37,90,,,,,1,2012/10/23
市人民体育场 ,18,22,59,,,,,1,2012/10/22
市人民体育场 ,22,30,98,,,,,1,2012/10/21
市人民体育场 ,20,29,97,,,,,1,2012/10/20
市人民体育场 ,22,29,98,,,,,1,2012/10/19
市人民体育场 ,21,32,100,,,,,1,2012/10/18
市人民体育场 ,18,29,75,,,,,1,2012/10/17
市人民体育场 ,20,33,95,,,,,1,2012/10/16
市人民体育场 ,20,37,147,,,,,2,2012/10/15
市人民体育场 ,20,37,98,,,,,1,2012/10/14
市人民体育场 ,19,30,98,,,,,1,2012/10/13
市人民体育场 ,18,35,128,,,,,2,2012/10/12
市人民体育场 ,19,30,126,,,,,2,2012/10/11
市人民体育场 ,20,25,74,,,,,1,2012/10/10
市人民体育场 ,18,14,90,,,,,1,2012/10/9
市人民体育场 ,21,22,122,,,,,2,2012/10/8
市人民体育场 ,17,22,111,,,,,2,2012/10/7
市人民体育场 ,21,27,99,,,,,1,2012/10/6
市人民体育场 ,19,21,93,,,,,1,2012/10/5
市人民体育场 ,20,27,86,,,,,1,2012/10/4
市人民体育场 ,17,25,105,,,,,2,2012/10/3
市人民体育场 ,20,28,112,,,,,2,2012/10/2
市人民体育场 ,18,32,91,,,,,1,2012/10/1
市人民体育场 ,18,25,85,,,,,1,2012/9/30
市人民体育场 ,13,30,70,,,,,1,2012/9/29
市人民体育场 ,18,25,60,,,,,1,2012/9/28
市人民体育场 ,24,18,77,,,,,1,2012/9/27
市人民体育场 ,22,17,47,,,,,0,2012/9/26
市人民体育场 ,20,17,95,,,,,1,2012/9/25
市人民体育场 ,38,31,114,,,,,2,2012/9/24
市人民体育场 ,27,15,111,,,,,2,2012/9/23
市人民体育场 ,34,14,94,,,,,1,2012/9/22
市人民体育场 ,33,14,85,,,,,1,2012/9/21
市人民体育场 ,26,17,88,,,,,1,2012/9/20
市人民体育场 ,27,13,67,,,,,1,2012/9/19
市人民体育场 ,28,15,75,,,,,1,2012/9/18
市人民体育场 ,22,17,86,,,,,1,2012/9/17
市人民体育场 ,21,16,58,,,,,1,2012/9/16
市人民体育场 ,27,24,74,,,,,1,2012/9/15
市人民体育场 ,25,19,54,,,,,1,2012/9/14
市人民体育场 ,24,15,49,,,,,0,2012/9/13
市人民体育场 ,23,19,54,,,,,1,2012/9/12
市人民体育场 ,21,17,56,,,,,1,2012/9/11
市人民体育场 ,23,19,60,,,,,1,2012/9/10
市人民体育场 ,24,20,54,,,,,1,2012/9/9
市人民体育场 ,27,22,71,,,,,1,2012/9/8
市人民体育场 ,25,22,75,,,,,1,2012/9/7
市人民体育场 ,26,26,78,,,,,1,2012/9/6
市人民体育场 ,30,25,72,,,,,1,2012/9/5
市人民体育场 ,31,25,51,,,,,1,2012/9/4
市人民体育场 ,31,25,51,,,,,1,2012/9/4
市人民体育场 ,30,24,30,,,,,0,2012/9/3
市人民体育场 ,24,14,41,,,,,0,2012/9/2
市人民体育场 ,25,16,35,,,,,0,2012/9/1
市人民体育场 ,26,22,68,,,,,1,2012/8/31
市人民体育场 ,28,28,63,,,,,1,2012/8/30
市人民体育场 ,24,22,59,,,,,1,2012/8/29
市人民体育场 ,22,17,74,,,,,1,2012/8/28
市人民体育场 ,22,16,87,,,,,1,2012/8/27
市人民体育场 ,18,17,84,,,,,1,2012/8/26
市人民体育场 ,24,22,73,,,,,1,2012/8/25
市人民体育场 ,24,19,57,,,,,1,2012/8/24
市人民体育场 ,23,19,54,,,,,1,2012/8/23
市人民体育场 ,23,24,55,,,,,1,2012/8/22
市人民体育场 ,21,17,37,,,,,0,2012/8/21
市人民体育场 ,29,17,38,,,,,0,2012/8/20
市人民体育场 ,31,19,44,,,,,0,2012/8/19
市人民体育场 ,35,19,59,,,,,1,2012/8/18
市人民体育场 ,34,20,70,,,,,1,2012/8/17
市人民体育场 ,36,29,82,,,,,1,2012/8/16
市人民体育场 ,35,24,70,,,,,1,2012/8/15
市人民体育场 ,36,23,53,,,,,1,2012/8/14
市人民体育场 ,34,27,74,,,,,1,2012/8/13
市人民体育场 ,30,20,81,,,,,1,2012/8/12
市人民体育场 ,25,20,82,,,,,1,2012/8/11
市人民体育场 ,32,21,78,,,,,1,2012/8/10
市人民体育场 ,20,14,70,,,,,1,2012/8/9
市人民体育场 ,19,19,74,,,,,1,2012/8/8
市人民体育场 ,20,23,67,,,,,1,2012/8/7
市人民体育场 ,23,16,56,,,,,1,2012/8/6
市人民体育场 ,26,17,67,,,,,1,2012/8/5
市人民体育场 ,22,15,73,,,,,1,2012/8/4
市人民体育场 ,27,23,68,,,,,1,2012/8/3
市人民体育场 ,23,22,45,,,,,0,2012/8/2
市人民体育场 ,22,21,43,,,,,0,2012/8/1
市人民体育场 ,29,18,51,,,,,1,2012/7/31
市人民体育场 ,31,24,63,,,,,1,2012/7/30
市人民体育场 ,23,30,68,,,,,1,2012/7/29
市人民体育场 ,28,27,42,,,,,0,2012/7/28
市人民体育场 ,37,25,46,,,,,0,2012/7/27
市人民体育场 ,24,24,81,,,,,1,2012/7/26
市人民体育场 ,22,19,68,,,,,1,2012/7/25
市人民体育场 ,19,23,56,,,,,1,2012/7/24
市人民体育场 ,16,22,51,,,,,1,2012/7/23
市人民体育场 ,22,15,56,,,,,1,2012/7/22
市人民体育场 ,19,14,70,,,,,1,2012/7/21
市人民体育场 ,24,15,90,,,,,1,2012/7/20
市人民体育场 ,22,14,83,,,,,1,2012/7/19
市人民体育场 ,26,17,79,,,,,1,2012/7/18
市人民体育场 ,12,12,69,,,,,1,2012/7/17
市人民体育场 ,18,16,69,,,,,1,2012/7/16
市人民体育场 ,18,16,69,,,,,1,2012/7/16
市人民体育场 ,18,15,73,,,,,1,2012/7/15
市人民体育场 ,16,14,64,,,,,1,2012/7/14
市人民体育场 ,26,19,61,,,,,1,2012/7/13
市人民体育场 ,31,24,62,,,,,1,2012/7/12
市人民体育场 ,14,17,62,,,,,1,2012/7/11
市人民体育场 ,18,14,45,,,,,0,2012/7/10
市人民体育场 ,17,15,46,,,,,0,2012/7/9
市人民体育场 ,22,15,64,,,,,1,2012/7/8
市人民体育场 ,25,14,49,,,,,0,2012/7/7
市人民体育场 ,23,21,61,,,,,1,2012/7/6
市人民体育场 ,23,25,51,,,,,1,2012/7/5
市人民体育场 ,22,21,44,,,,,0,2012/7/4
市人民体育场 ,20,20,51,,,,,1,2012/7/3
市人民体育场 ,21,30,58,,,,,1,2012/7/2
市人民体育场 ,26,20,43,,,,,0,2012/7/1
市人民体育场 ,17,19,41,,,,,0,2012/6/30
市人民体育场 ,14,11,53,,,,,1,2012/6/29
市人民体育场 ,23,12,53,,,,,1,2012/6/28
市人民体育场 ,24,18,72,,,,,1,2012/6/27
市人民体育场 ,22,15,60,,,,,1,2012/6/26
市人民体育场 ,30,14,67,,,,,1,2012/6/25
市人民体育场 ,30,15,61,,,,,1,2012/6/24
市人民体育场 ,34,17,59,,,,,1,2012/6/23
市人民体育场 ,33,17,65,,,,,1,2012/6/22
市人民体育场 ,32,25,70,,,,,1,2012/6/21
市人民体育场 ,24,19,66,,,,,1,2012/6/20
市人民体育场 ,29,19,71,,,,,1,2012/6/19
市人民体育场 ,40,22,59,,,,,1,2012/6/18
市人民体育场 ,35,30,69,,,,,1,2012/6/17
市人民体育场 ,26,27,65,,,,,1,2012/6/16
市人民体育场 ,31,17,62,,,,,1,2012/6/15
市人民体育场 ,36,18,65,,,,,1,2012/6/14
市人民体育场 ,23,27,64,,,,,1,2012/6/13
市人民体育场 ,32,20,64,,,,,1,2012/6/12
市人民体育场 ,31,21,69,,,,,1,2012/6/11
市人民体育场 ,37,24,57,,,,,1,2012/6/10
市人民体育场 ,41,20,62,,,,,1,2012/6/9
市人民体育场 ,30,20,57,,,,,1,2012/6/8
市人民体育场 ,28,20,77,,,,,1,2012/6/7
市人民体育场 ,25,17,68,,,,,1,2012/6/6
市人民体育场 ,25,19,82,,,,,1,2012/6/5
市人民体育场 ,32,17,73,,,,,1,2012/6/4
市人民体育场 ,31,12,57,,,,,1,2012/6/3
市人民体育场 ,29,14,61,,,,,1,2012/6/2
市人民体育场 ,26,15,65,,,,,1,2012/6/1
市人民体育场 ,27,18,56,,,,,1,2012/5/31
市人民体育场 ,19,14,45,,,,,0,2012/5/30
市人民体育场 ,20,14,56,,,,,1,2012/5/29
市人民体育场 ,25,17,52,,,,,1,2012/5/28
市人民体育场 ,22,16,70,,,,,1,2012/5/27
市人民体育场 ,18,19,76,,,,,1,2012/5/26
市人民体育场 ,19,10,85,,,,,1,2012/5/25
市人民体育场 ,13,14,92,,,,,1,2012/5/24
市人民体育场 ,15,12,95,,,,,1,2012/5/23
市人民体育场 ,11,14,57,,,,,1,2012/5/22
市人民体育场 ,28,14,63,,,,,1,2012/5/21
市人民体育场 ,28,19,78,,,,,1,2012/5/20
市人民体育场 ,30,32,87,,,,,1,2012/5/19
市人民体育场 ,35,37,84,,,,,1,2012/5/18
市人民体育场 ,28,32,68,,,,,1,2012/5/17
市人民体育场 ,34,35,71,,,,,1,2012/5/16
市人民体育场 ,31,23,56,,,,,1,2012/5/15
市人民体育场 ,35,21,74,,,,,1,2012/5/14
市人民体育场 ,23,21,88,,,,,1,2012/5/13
市人民体育场 ,19,17,64,,,,,1,2012/5/12
市人民体育场 ,22,15,64,,,,,1,2012/5/11
市人民体育场 ,25,20,77,,,,,1,2012/5/10
市人民体育场 ,32,22,76,,,,,1,2012/5/9
市人民体育场 ,25,22,90,,,,,1,2012/5/8
市人民体育场 ,25,24,96,,,,,1,2012/5/7
市人民体育场 ,31,30,89,,,,,1,2012/5/6
市人民体育场 ,39,22,86,,,,,1,2012/5/5
市人民体育场 ,28,29,80,,,,,1,2012/5/4
市人民体育场 ,17,30,71,,,,,1,2012/5/3
市人民体育场 ,14,19,73,,,,,1,2012/5/2
市人民体育场 ,22,21,96,,,,,1,2012/5/1
市人民体育场 ,22,18,89,,,,,1,2012/4/30
市人民体育场 ,31,30,105,,,,,2,2012/4/29
市人民体育场 ,31,30,102,,,,,2,2012/4/28
市人民体育场 ,32,31,85,,,,,1,2012/4/27
市人民体育场 ,35,27,90,,,,,1,2012/4/26
市人民体育场 ,32,31,88,,,,,1,2012/4/25
市人民体育场 ,27,22,77,,,,,1,2012/4/24
市人民体育场 ,29,27,99,,,,,1,2012/4/23
市人民体育场 ,25,27,91,,,,,1,2012/4/22
市人民体育场 ,32,25,92,,,,,1,2012/4/21
市人民体育场 ,32,26,82,,,,,1,2012/4/20
市人民体育场 ,35,25,64,,,,,1,2012/4/19
市人民体育场 ,39,29,90,,,,,1,2012/4/18
市人民体育场 ,49,36,90,,,,,1,2012/4/17
市人民体育场 ,26,27,66,,,,,1,2012/4/16
市人民体育场 ,33,34,71,,,,,1,2012/4/15
市人民体育场 ,24,23,71,,,,,1,2012/4/14
市人民体育场 ,16,24,53,,,,,1,2012/4/13
市人民体育场 ,18,16,53,,,,,1,2012/4/12
市人民体育场 ,23,35,68,,,,,1,2012/4/11
市人民体育场 ,22,19,57,,,,,1,2012/4/10
市人民体育场 ,21,25,63,,,,,1,2012/4/9
市人民体育场 ,32,24,81,,,,,1,2012/4/8
市人民体育场 ,31,23,85,,,,,1,2012/4/7
市人民体育场 ,27,19,87,,,,,1,2012/4/6
市人民体育场 ,22,22,79,,,,,1,2012/4/5
市人民体育场 ,31,24,78,,,,,1,2012/4/4
市人民体育场 ,27,19,76,,,,,1,2012/4/3
市人民体育场 ,32,28,78,,,,,1,2012/4/2
市人民体育场 ,29,25,87,,,,,1,2012/4/1
市人民体育场 ,15,20,63,,,,,1,2012/3/31
市人民体育场 ,31,24,88,,,,,1,2012/3/30
市人民体育场 ,27,23,92,,,,,1,2012/3/29
市人民体育场 ,43,37,95,,,,,1,2012/3/28
市人民体育场 ,43,37,94,,,,,1,2012/3/27
市人民体育场 ,63,41,82,,,,,1,2012/3/26
市人民体育场 ,59,34,89,,,,,1,2012/3/25
市人民体育场 ,45,30,82,,,,,1,2012/3/24
市人民体育场 ,52,30,76,,,,,1,2012/3/23
市人民体育场 ,52,35,68,,,,,1,2012/3/22
市人民体育场 ,57,35,77,,,,,1,2012/3/21
市人民体育场 ,57,24,77,,,,,1,2012/3/20
市人民体育场 ,60,30,122,,,,,2,2012/3/19
市人民体育场 ,62,40,122,,,,,2,2012/3/18
市人民体育场 ,46,34,88,,,,,1,2012/3/17
市人民体育场 ,42,34,84,,,,,1,2012/3/16
市人民体育场 ,46,44,96,,,,,1,2012/3/15
市人民体育场 ,52,40,96,,,,,1,2012/3/14
市人民体育场 ,54,54,118,,,,,2,2012/3/13
市人民体育场 ,43,44,86,,,,,1,2012/3/12
市人民体育场 ,45,45,77,,,,,1,2012/3/11
市人民体育场 ,44,42,89,,,,,1,2012/3/10
市人民体育场 ,42,27,79,,,,,1,2012/3/9
市人民体育场 ,36,40,64,,,,,1,2012/3/8
市人民体育场 ,31,30,66,,,,,1,2012/3/7
市人民体育场 ,33,25,61,,,,,1,2012/3/6
市人民体育场 ,36,40,71,,,,,1,2012/3/5
市人民体育场 ,29,37,64,,,,,1,2012/3/4
市人民体育场 ,32,29,65,,,,,1,2012/3/3
市人民体育场 ,32,40,95,,,,,1,2012/3/2
市人民体育场 ,49,62,127,,,,,2,2012/3/2
市人民体育场 ,57,47,130,,,,,2,2012/2/29
市人民体育场 ,46,34,97,,,,,1,2012/2/28
市人民体育场 ,37,35,87,,,,,1,2012/2/27
市人民体育场 ,52,34,72,,,,,1,2012/2/26
市人民体育场 ,57,30,80,,,,,1,2012/2/25
市人民体育场 ,52,39,104,,,,,2,2012/2/24
市人民体育场 ,68,63,121,,,,,2,2012/2/23
市人民体育场 ,64,50,107,,,,,2,2012/2/22
市人民体育场 ,68,57,106,,,,,2,2012/2/21
市人民体育场 ,59,44,75,,,,,1,2012/2/20
市人民体育场 ,41,33,53,,,,,1,2012/2/19
市人民体育场 ,41,29,56,,,,,1,2012/2/18
市人民体育场 ,35,28,56,,,,,1,2012/2/17
市人民体育场 ,52,30,118,,,,,2,2012/2/16
市人民体育场 ,57,35,127,,,,,2,2012/2/15
市人民体育场 ,51,32,117,,,,,2,2012/2/14
市人民体育场 ,35,29,86,,,,,1,2012/2/13
市人民体育场 ,39,25,79,,,,,1,2012/2/12
市人民体育场 ,35,26,60,,,,,1,2012/2/11
市人民体育场 ,29,19,46,,,,,0,2012/2/10
市人民体育场 ,42,29,43,,,,,0,2012/2/9
市人民体育场 ,39,30,55,,,,,1,2012/2/8
市人民体育场 ,30,21,56,,,,,1,2012/2/7
市人民体育场 ,75,52,118,,,,,2,2012/2/6
市人民体育场 ,69,47,84,,,,,1,2012/2/5
市人民体育场 ,56,49,79,,,,,1,2012/2/4
市人民体育场 ,37,28,46,,,,,0,2012/2/3
市人民体育场 ,27,30,46,,,,,0,2012/2/2
市人民体育场 ,67,68,141,,,,,2,2012/2/1
市人民体育场 ,72,67,127,,,,,2,2012/1/31
市人民体育场 ,69,62,107,,,,,2,2012/1/30
市人民体育场 ,73,88,108,,,,,2,2012/1/29
市人民体育场 ,69,97,97,,,,,1,2012/1/28
市人民体育场 ,59,29,86,,,,,1,2012/1/27
市人民体育场 ,57,53,76,,,,,1,2012/1/26
市人民体育场 ,47,42,48,,,,,0,2012/1/25
市人民体育场 ,41,32,61,,,,,1,2012/1/24
市人民体育场 ,55,26,68,,,,,1,2012/1/23
市人民体育场 ,41,38,52,,,,,1,2012/1/22
市人民体育场 ,64,37,70,,,,,1,2012/1/21
市人民体育场 ,72,50,99,,,,,1,2012/1/20
市人民体育场 ,80,70,134,,,,,2,2012/1/19
市人民体育场 ,86,64,173,,,,,3,2012/1/18
市人民体育场 ,91,53,116,,,,,2,2012/1/17
市人民体育场 ,90,100,122,,,,,2,2012/1/16
市人民体育场 ,82,67,102,,,,,2,2012/1/15
市人民体育场 ,82,68,124,,,,,2,2012/1/14
市人民体育场 ,91,62,111,,,,,2,2012/1/13
市人民体育场 ,78,72,107,,,,,2,2012/1/12
市人民体育场 ,78,78,158,,,,,3,2012/1/11
市人民体育场 ,107,50,186,,,,,3,2012/1/10
市人民体育场 ,99,73,141,,,,,2,2012/1/9
市人民体育场 ,83,55,109,,,,,2,2012/1/8
市人民体育场 ,67,59,84,,,,,1,2012/1/7
市人民体育场 ,75,55,95,,,,,1,2012/1/6
市人民体育场 ,39,20,54,,,,,1,2012/1/5
市人民体育场 ,57,27,54,,,,,1,2012/1/4
市人民体育场 ,44,34,60,,,,,1,2012/1/3
市人民体育场 ,91,47,175,,,,,3,2012/1/2
市人民体育场 ,109,78,198,,,,,3,2012/1/1
市人民体育场 ,95,53,150,,,,,2,2011/12/31
市人民体育场 ,92,62,185,,,,,3,2011/12/30
市人民体育场 ,103,42,128,,,,,2,2011/12/29
市人民体育场 ,78,55,121,,,,,2,2011/12/28
市人民体育场 ,78,42,110,,,,,2,2011/12/27
市人民体育场 ,69,37,101,,,,,2,2011/12/26
市人民体育场 ,59,38,105,,,,,2,2011/12/25
市人民体育场 ,66,34,53,,,,,1,2011/12/24
市人民体育场 ,62,52,83,,,,,1,2011/12/23
市人民体育场 ,63,29,77,,,,,1,2011/12/22
市人民体育场 ,73,44,98,,,,,1,2011/12/21
市人民体育场 ,84,34,130,,,,,2,2011/12/20
市人民体育场 ,78,29,124,,,,,2,2011/12/19
市人民体育场 ,57,32,109,,,,,2,2011/12/18
市人民体育场 ,63,24,86,,,,,1,2011/12/17
市人民体育场 ,71,34,94,,,,,1,2011/12/16
市人民体育场 ,66,32,99,,,,,1,2011/12/15
市人民体育场 ,70,35,100,,,,,1,2011/12/14
市人民体育场 ,72,35,110,,,,,2,2011/12/13
市人民体育场 ,64,14,71,,,,,1,2011/12/12
市人民体育场 ,61,22,102,,,,,2,2011/12/11
市人民体育场 ,76,15,70,,,,,1,2011/12/10
市人民体育场 ,88,17,68,,,,,1,2011/12/9
市人民体育场 ,64,20,60,,,,,1,2011/12/8
市人民体育场 ,62,18,66,,,,,1,2011/12/7
市人民体育场 ,70,19,72,,,,,1,2011/12/6
市人民体育场 ,70,20,83,,,,,1,2011/12/5
市人民体育场 ,62,19,108,,,,,2,2011/12/4
市人民体育场 ,72,22,115,,,,,2,2011/12/3
市人民体育场 ,60,13,80,,,,,1,2011/12/2
市人民体育场 ,50,20,62,,,,,1,2011/12/1
市人民体育场 ,50,19,42,,,,,0,2011/11/30
市人民体育场 ,53,13,96,,,,,1,2011/11/29
市人民体育场 ,44,23,117,,,,,2,2011/11/28
市人民体育场 ,47,16,115,,,,,2,2011/11/27
市人民体育场 ,25,15,99,,,,,1,2011/11/26
市人民体育场 ,31,20,121,,,,,2,2011/11/25
市人民体育场 ,24,14,77,,,,,1,2011/11/24
市人民体育场 ,27,21,83,,,,,1,2011/11/23
市人民体育场 ,21,17,83,,,,,1,2011/11/22
市人民体育场 ,30,17,96,,,,,1,2011/11/21
市人民体育场 ,24,17,59,,,,,1,2011/11/20
市人民体育场 ,26,18,59,,,,,1,2011/11/19
市人民体育场 ,29,15,69,,,,,1,2011/11/18
市人民体育场 ,30,13,72,,,,,1,2011/11/17
市人民体育场 ,24,22,90,,,,,1,2011/11/16
市人民体育场 ,34,19,100,,,,,1,2011/11/15
市人民体育场 ,23,20,93,,,,,1,2011/11/14
市人民体育场 ,31,18,82,,,,,1,2011/11/13
市人民体育场 ,35,17,92,,,,,1,2011/11/12
市人民体育场 ,26,14,97,,,,,1,2011/11/11
市人民体育场 ,23,17,78,,,,,1,2011/11/10
市人民体育场 ,18,14,59,,,,,1,2011/11/9
市人民体育场 ,16,13,42,,,,,0,2011/11/8
市人民体育场 ,20,16,43,,,,,0,2011/11/7
市人民体育场 ,41,8,72,,,,,1,2011/11/5
市人民体育场 ,32,19,61,,,,,1,2011/11/5
市人民体育场 ,16,12,77,,,,,1,2011/11/4
市人民体育场 ,18,14,91,,,,,1,2011/11/3
市人民体育场 ,22,17,99,,,,,1,2011/11/2
市人民体育场 ,25,19,112,,,,,2,2011/11/1
市人民体育场 ,39,23,111,,,,,2,2011/10/31
市人民体育场 ,17,21,111,,,,,2,2011/10/30
市人民体育场 ,24,18,99,,,,,1,2011/10/29
市人民体育场 ,21,20,99,,,,,1,2011/10/28
市人民体育场 ,21,17,90,,,,,1,2011/10/27
市人民体育场 ,24,14,56,,,,,1,2011/10/26
市人民体育场 ,16,15,48,,,,,0,2011/10/25
市人民体育场 ,25,22,64,,,,,1,2011/10/24
市人民体育场 ,17,10,87,,,,,1,2011/10/23
市人民体育场 ,26,17,97,,,,,1,2011/10/22
市人民体育场 ,37,23,99,,,,,1,2011/10/21
市人民体育场 ,21,18,93,,,,,1,2011/10/20
市人民体育场 ,11,24,94,,,,,1,2011/10/19
市人民体育场 ,18,23,88,,,,,1,2011/10/18
市人民体育场 ,24,19,52,,,,,1,2011/10/17
市人民体育场 ,38,13,58,,,,,1,2011/10/16
市人民体育场 ,35,10,68,,,,,1,2011/10/15
市人民体育场 ,29,19,57,,,,,1,2011/10/14
市人民体育场 ,12,19,53,,,,,1,2011/10/13
市人民体育场 ,19,11,73,,,,,1,2011/10/12
市人民体育场 ,17,14,86,,,,,1,2011/10/11
市人民体育场 ,22,15,87,,,,,1,2011/10/10
市人民体育场 ,30,25,96,,,,,1,2011/10/9
市人民体育场 ,28,24,94,,,,,1,2011/10/8
市人民体育场 ,27,22,91,,,,,1,2011/10/7
市人民体育场 ,20,14,56,,,,,1,2011/10/6
市人民体育场 ,24,24,72,,,,,1,2011/10/5
市人民体育场 ,24,24,72,,,,,1,2011/10/5
市人民体育场 ,26,15,76,,,,,1,2011/10/4
市人民体育场 ,21,14,72,,,,,1,2011/10/3
市人民体育场 ,15,16,89,,,,,1,2011/10/2
市人民体育场 ,21,22,82,,,,,1,2011/10/1
市人民体育场 ,26,12,64,,,,,1,2011/9/30
市人民体育场 ,26,13,45,,,,,0,2011/9/29
市人民体育场 ,15,15,68,,,,,1,2011/9/28
市人民体育场 ,30,22,86,,,,,1,2011/9/27
市人民体育场 ,20,19,97,,,,,1,2011/9/26
市人民体育场 ,32,24,97,,,,,1,2011/9/25
市人民体育场 ,37,21,92,,,,,1,2011/9/24
市人民体育场 ,41,19,70,,,,,1,2011/9/23
市人民体育场 ,19,19,60,,,,,1,2011/9/22
市人民体育场 ,16,12,54,,,,,1,2011/9/21
市人民体育场 ,14,10,38,,,,,0,2011/9/20
市人民体育场 ,8,11,28,,,,,0,2011/9/19
市人民体育场 ,10,9,35,,,,,0,2011/9/18
市人民体育场 ,19,12,56,,,,,1,2011/9/17
市人民体育场 ,19,17,72,,,,,1,2011/9/16
市人民体育场 ,17,20,49,,,,,0,2011/9/15
市人民体育场 ,20,20,49,,,,,0,2011/9/14
市人民体育场 ,25,24,35,,,,,0,2011/9/13
市人民体育场 ,16,16,29,,,,,0,2011/9/12
市人民体育场 ,16,19,56,,,,,1,2011/9/11
市人民体育场 ,22,19,71,,,,,1,2011/9/10
市人民体育场 ,18,25,74,,,,,1,2011/9/9
市人民体育场 ,15,24,42,,,,,0,2011/9/8
市人民体育场 ,17,19,41,,,,,0,2011/9/7
市人民体育场 ,13,15,30,,,,,0,2011/9/6
市人民体育场 ,13,21,37,,,,,0,2011/9/5
市人民体育场 ,28,26,62,,,,,1,2011/9/4
市人民体育场 ,22,25,76,,,,,1,2011/9/3
市人民体育场 ,30,32,99,,,,,1,2011/9/2
市人民体育场 ,29,23,90,,,,,1,2011/9/1
市人民体育场 ,30,29,92,,,,,1,2011/8/31
市人民体育场 ,29,29,93,,,,,1,2011/8/30
市人民体育场 ,27,11,79,,,,,1,2011/8/29
市人民体育场 ,22,17,87,,,,,1,2011/8/28
市人民体育场 ,22,14,71,,,,,1,2011/8/27
市人民体育场 ,19,27,63,,,,,1,2011/8/26
市人民体育场 ,21,15,96,,,,,1,2011/8/25
市人民体育场 ,29,13,80,,,,,1,2011/8/24
市人民体育场 ,19,17,77,,,,,1,2011/8/23
市人民体育场 ,21,9,57,,,,,1,2011/8/22
市人民体育场 ,12,11,55,,,,,1,2011/8/21
市人民体育场 ,19,11,51,,,,,1,2011/8/20
市人民体育场 ,15,10,46,,,,,0,2011/8/19
市人民体育场 ,22,13,55,,,,,1,2011/8/18
市人民体育场 ,21,13,54,,,,,1,2011/8/17
市人民体育场 ,24,12,66,,,,,1,2011/8/16
市人民体育场 ,20,15,95,,,,,1,2011/8/15
市人民体育场 ,26,16,97,,,,,1,2011/8/14
市人民体育场 ,25,14,84,,,,,1,2011/8/13
市人民体育场 ,20,17,79,,,,,1,2011/8/12
市人民体育场 ,22,25,82,,,,,1,2011/8/11
市人民体育场 ,33,27,86,,,,,1,2011/8/10
市人民体育场 ,22,23,97,,,,,1,2011/8/9
市人民体育场 ,22,22,94,,,,,1,2011/8/8
市人民体育场 ,37,14,88,,,,,1,2011/8/7
市人民体育场 ,16,16,56,,,,,1,2011/8/6
市人民体育场 ,15,9,92,,,,,1,2011/8/5
市人民体育场 ,15,18,94,,,,,1,2011/8/4
市人民体育场 ,14,9,75,,,,,1,2011/8/3
市人民体育场 ,15,10,53,,,,,1,2011/8/2
市人民体育场 ,15,9,45,,,,,0,2011/8/1
市人民体育场 ,16,12,44,,,,,0,2011/7/31
市人民体育场 ,18,9,31,,,,,0,2011/7/30
市人民体育场 ,24,7,51,,,,,1,2011/7/29
市人民体育场 ,36,10,65,,,,,1,2011/7/28
市人民体育场 ,36,9,80,,,,,1,2011/7/27
市人民体育场 ,28,15,65,,,,,1,2011/7/26
市人民体育场 ,18,19,68,,,,,1,2011/7/25
市人民体育场 ,24,17,86,,,,,1,2011/7/24
市人民体育场 ,28,9,84,,,,,1,2011/7/23
市人民体育场 ,28,12,63,,,,,1,2011/7/22
市人民体育场 ,30,7,66,,,,,1,2011/7/21
市人民体育场 ,37,16,90,,,,,1,2011/7/20
市人民体育场 ,32,9,86,,,,,1,2011/7/19
市人民体育场 ,28,19,91,,,,,1,2011/7/18
市人民体育场 ,34,13,81,,,,,1,2011/7/17
市人民体育场 ,37,14,84,,,,,1,2011/7/16
市人民体育场 ,31,27,92,,,,,1,2011/7/15
市人民体育场 ,36,16,69,,,,,1,2011/7/14
市人民体育场 ,30,24,83,,,,,1,2011/7/13
市人民体育场 ,48,27,88,,,,,1,2011/7/12
市人民体育场 ,24,25,93,,,,,1,2011/7/11
市人民体育场 ,49,33,97,,,,,1,2011/7/10
市人民体育场 ,19,27,71,,,,,1,2011/7/9
市人民体育场 ,23,15,83,,,,,1,2011/7/8
市人民体育场 ,11,15,44,,,,,0,2011/7/7
市人民体育场 ,16,7,41,,,,,0,2011/7/6
市人民体育场 ,21,8,80,,,,,1,2011/7/5
市人民体育场 ,16,7,57,,,,,1,2011/7/4
市人民体育场 ,19,10,60,,,,,1,2011/7/3
市人民体育场 ,16,8,41,,,,,0,2011/7/2
市人民体育场 ,16,15,53,,,,,1,2011/7/1
市人民体育场 ,22,15,60,,,,,1,2011/6/30
市人民体育场 ,24,14,55,,,,,1,2011/6/29
市人民体育场 ,27,15,63,,,,,1,2011/6/28
市人民体育场 ,30,14,65,,,,,1,2011/6/27
市人民体育场 ,41,10,74,,,,,1,2011/6/26
市人民体育场 ,28,16,69,,,,,1,2011/6/25
市人民体育场 ,16,19,53,,,,,1,2011/6/24
市人民体育场 ,19,13,49,,,,,0,2011/6/23
市人民体育场 ,15,18,62,,,,,1,2011/6/22
市人民体育场 ,18,13,64,,,,,1,2011/6/21
市人民体育场 ,21,15,81,,,,,1,2011/6/20
市人民体育场 ,22,27,80,,,,,1,2011/6/19
市人民体育场 ,16,15,51,,,,,1,2011/6/18
市人民体育场 ,21,20,75,,,,,1,2011/6/17
市人民体育场 ,15,22,87,,,,,1,2011/6/16
市人民体育场 ,23,16,68,,,,,1,2011/6/15
市人民体育场 ,16,10,64,,,,,1,2011/6/14
市人民体育场 ,27,17,81,,,,,1,2011/6/13
市人民体育场 ,41,30,76,,,,,1,2011/6/12
市人民体育场 ,30,24,55,,,,,1,2011/6/11
市人民体育场 ,27,20,54,,,,,1,2011/6/10
市人民体育场 ,33,24,83,,,,,1,2011/6/9
市人民体育场 ,37,30,66,,,,,1,2011/6/8
市人民体育场 ,28,40,83,,,,,1,2011/6/7
市人民体育场 ,21,21,81,,,,,1,2011/6/7
市人民体育场 ,37,38,100,,,,,1,2011/6/6
市人民体育场 ,19,31,71,,,,,1,2011/6/5
市人民体育场 ,19,18,85,,,,,1,2011/6/4
市人民体育场 ,25,42,85,,,,,1,2011/6/3
市人民体育场 ,13,9,89,,,,,1,2011/6/2
市人民体育场 ,20,15,67,,,,,1,2011/6/1
市人民体育场 ,18,14,62,,,,,1,2011/5/31
市人民体育场 ,13,35,90,,,,,1,2011/5/30
市人民体育场 ,15,17,79,,,,,1,2011/5/29
市人民体育场 ,27,14,73,,,,,1,2011/5/28
市人民体育场 ,23,15,77,,,,,1,2011/5/27
市人民体育场 ,23,25,74,,,,,1,2011/5/26
市人民体育场 ,22,14,76,,,,,1,2011/5/25
市人民体育场 ,9,20,55,,,,,1,2011/5/24
市人民体育场 ,9,16,40,,,,,0,2011/5/23
市人民体育场 ,8,15,37,,,,,0,2011/5/22
市人民体育场 ,10,13,38,,,,,0,2011/5/21
市人民体育场 ,42,19,93,,,,,1,2011/5/20
市人民体育场 ,34,35,97,,,,,1,2011/5/19
市人民体育场 ,33,42,92,,,,,1,2011/5/18
市人民体育场 ,31,31,65,,,,,1,2011/5/17
市人民体育场 ,47,25,59,,,,,1,2011/5/16
市人民体育场 ,31,25,55,,,,,1,2011/5/15
市人民体育场 ,32,17,50,,,,,0,2011/5/14
市人民体育场 ,26,18,55,,,,,1,2011/5/13
市人民体育场 ,29,17,71,,,,,1,2011/5/12
市人民体育场 ,21,12,62,,,,,1,2011/5/11
市人民体育场 ,25,6,59,,,,,1,2011/5/10
市人民体育场 ,39,16,98,,,,,1,2011/5/9
市人民体育场 ,14,10,99,,,,,1,2011/5/8
市人民体育场 ,36,25,98,,,,,1,2011/5/7
市人民体育场 ,35,24,86,,,,,1,2011/5/6
市人民体育场 ,17,22,74,,,,,1,2011/5/5
市人民体育场 ,27,25,80,,,,,1,2011/5/4
市人民体育场 ,27,12,56,,,,,1,2011/5/3
市人民体育场 ,20,10,40,,,,,0,2011/5/2
市人民体育场 ,59,16,87,,,,,1,2011/5/1
市人民体育场 ,76,17,191,,,,,3,2011/4/30
市人民体育场 ,51,31,96,,,,,1,2011/4/29
市人民体育场 ,42,40,67,,,,,1,2011/4/28
市人民体育场 ,20,11,98,,,,,1,2011/4/27
市人民体育场 ,52,41,90,,,,,1,2011/4/26
市人民体育场 ,41,36,97,,,,,1,2011/4/25
市人民体育场 ,34,26,83,,,,,1,2011/4/24
市人民体育场 ,37,25,81,,,,,1,2011/4/23
市人民体育场 ,46,26,99,,,,,1,2011/4/22
市人民体育场 ,35,21,88,,,,,1,2011/4/21
市人民体育场 ,40,19,100,,,,,1,2011/4/20
市人民体育场 ,20,19,80,,,,,1,2011/4/19
市人民体育场 ,20,22,97,,,,,1,2011/4/18
市人民体育场 ,37,16,90,,,,,1,2011/4/17
市人民体育场 ,25,19,96,,,,,1,2011/4/16
市人民体育场 ,39,22,92,,,,,1,2011/4/15
市人民体育场 ,77,44,107,,,,,2,2011/4/14
市人民体育场 ,61,47,128,,,,,2,2011/4/13
市人民体育场 ,53,30,109,,,,,2,2011/4/12
市人民体育场 ,52,25,98,,,,,1,2011/4/11
市人民体育场 ,59,62,119,,,,,2,2011/4/10
市人民体育场 ,53,42,90,,,,,1,2011/4/9
市人民体育场 ,33,27,81,,,,,1,2011/4/8
市人民体育场 ,35,32,93,,,,,1,2011/4/7
市人民体育场 ,52,29,85,,,,,1,2011/4/6
市人民体育场 ,52,30,90,,,,,1,2011/4/5
市人民体育场 ,50,30,91,,,,,1,2011/4/4
市人民体育场 ,48,19,64,,,,,1,2011/4/3
市人民体育场 ,35,37,82,,,,,1,2011/4/2
市人民体育场 ,67,50,91,,,,,1,2011/4/1
市人民体育场 ,63,50,96,,,,,1,2011/3/31
市人民体育场 ,67,47,115,,,,,2,2011/3/30
市人民体育场 ,54,41,86,,,,,1,2011/3/29
市人民体育场 ,66,32,96,,,,,1,2011/3/28
市人民体育场 ,29,30,96,,,,,1,2011/3/27
市人民体育场 ,49,25,94,,,,,1,2011/3/26
市人民体育场 ,28,42,95,,,,,1,2011/3/25
市人民体育场 ,53,38,97,,,,,1,2011/3/24
市人民体育场 ,58,39,77,,,,,1,2011/3/23
市人民体育场 ,22,21,56,,,,,1,2011/3/22
市人民体育场 ,25,25,53,,,,,1,2011/3/21
市人民体育场 ,40,30,95,,,,,1,2011/3/20
市人民体育场 ,57,35,165,,,,,3,2011/3/19
市人民体育场 ,77,48,148,,,,,2,2011/3/18
市人民体育场 ,61,45,93,,,,,1,2011/3/17
市人民体育场 ,57,44,94,,,,,1,2011/3/16
市人民体育场 ,32,15,69,,,,,1,2011/3/15
市人民体育场 ,65,29,164,,,,,3,2011/3/14
市人民体育场 ,78,48,96,,,,,1,2011/3/13
市人民体育场 ,84,53,94,,,,,1,2011/3/12
市人民体育场 ,84,57,98,,,,,1,2011/3/11
市人民体育场 ,62,39,84,,,,,1,2011/3/10
市人民体育场 ,71,39,93,,,,,1,2011/3/9
市人民体育场 ,95,52,96,,,,,1,2011/3/8
市人民体育场 ,89,57,97,,,,,1,2011/3/7
市人民体育场 ,97,50,123,,,,,2,2011/3/6
市人民体育场 ,84,53,96,,,,,1,2011/3/5
市人民体育场 ,83,35,70,,,,,1,2011/3/4
市人民体育场 ,84,40,99,,,,,1,2011/3/3
市人民体育场 ,44,29,75,,,,,1,2011/3/2
市人民体育场 ,56,27,55,,,,,1,2011/3/1
市人民体育场 ,80,37,95,,,,,1,2011/2/28
市人民体育场 ,72,29,98,,,,,1,2011/2/27
市人民体育场 ,93,40,135,,,,,2,2011/2/26
市人民体育场 ,111,101,182,,,,,3,2011/2/25
市人民体育场 ,108,100,190,,,,,3,2011/2/24
市人民体育场 ,102,80,169,,,,,3,2011/2/23
市人民体育场 ,105,50,144,,,,,2,2011/2/22
市人民体育场 ,109,67,156,,,,,3,2011/2/21
市人民体育场 ,98,64,199,,,,,3,2011/2/20
市人民体育场 ,103,49,147,,,,,2,2011/2/19
市人民体育场 ,106,45,138,,,,,2,2011/2/18
市人民体育场 ,104,72,158,,,,,3,2011/2/17
市人民体育场 ,103,42,98,,,,,2,2011/2/16
市人民体育场 ,86,36,83,,,,,1,2011/2/15
市人民体育场 ,78,28,54,,,,,1,2011/2/14
市人民体育场 ,77,39,93,,,,,1,2011/2/13
市人民体育场 ,79,40,95,,,,,1,2011/2/12
市人民体育场 ,72,39,98,,,,,1,2011/2/11
市人民体育场 ,57,35,89,,,,,1,2011/2/10
市人民体育场 ,106,59,145,,,,,2,2011/2/9
市人民体育场 ,63,68,99,,,,,1,2011/2/8
市人民体育场 ,78,54,100,,,,,1,2011/2/7
市人民体育场 ,104,77,122,,,,,2,2011/2/6
市人民体育场 ,97,50,106,,,,,2,2011/2/5
市人民体育场 ,109,67,160,,,,,3,2011/2/4
市人民体育场 ,107,90,229,,,,,4,2011/2/3
市人民体育场 ,100,79,124,,,,,2,2011/2/2
市人民体育场 ,113,67,110,,,,,2,2011/2/1
市人民体育场 ,91,50,81,,,,,1,2011/1/31
市人民体育场 ,51,44,79,,,,,1,2011/1/30
市人民体育场 ,72,36,69,,,,,1,2011/1/29
市人民体育场 ,103,42,97,,,,,2,2011/1/28
市人民体育场 ,114,70,138,,,,,2,2011/1/27
市人民体育场 ,109,47,113,,,,,2,2011/1/26
市人民体育场 ,112,60,112,,,,,2,2011/1/25
市人民体育场 ,84,47,94,,,,,1,2011/1/24
市人民体育场 ,70,85,127,,,,,2,2011/1/23
市人民体育场 ,107,82,128,,,,,2,2011/1/22
市人民体育场 ,77,57,149,,,,,2,2011/1/21
市人民体育场 ,95,64,117,,,,,2,2011/1/20
市人民体育场 ,61,40,78,,,,,1,2011/1/19
市人民体育场 ,74,41,93,,,,,1,2011/1/18
市人民体育场 ,98,49,78,,,,,1,2011/1/17
市人民体育场 ,88,75,106,,,,,2,2011/1/16
市人民体育场 ,102,90,139,,,,,2,2011/1/15
市人民体育场 ,107,103,159,,,,,3,2011/1/14
市人民体育场 ,122,92,121,,,,,2,2011/1/13
市人民体育场 ,99,52,105,,,,,2,2011/1/12
市人民体育场 ,84,45,86,,,,,1,2011/1/11
市人民体育场 ,83,42,78,,,,,1,2011/1/10
市人民体育场 ,91,44,101,,,,,2,2011/1/9
市人民体育场 ,100,44,93,,,,,1,2011/1/8
市人民体育场 ,96,32,84,,,,,1,2011/1/7
市人民体育场 ,76,32,80,,,,,1,2011/1/6
市人民体育场 ,59,75,144,,,,,2,2011/1/5
市人民体育场 ,99,34,100,,,,,1,2011/1/4
市人民体育场 ,62,25,75,,,,,1,2011/1/3
市人民体育场 ,46,46,93,,,,,1,2011/1/2
市人民体育场 ,33,25,79,,,,,1,2011/1/1
市人民体育场 ,56,27,77,,,,,1,2010/12/31
市人民体育场 ,72,36,67,,,,,1,2010/12/30
市人民体育场 ,56,52,106,,,,,2,2010/12/29
市人民体育场 ,56,59,89,,,,,1,2010/12/28
市人民体育场 ,80,93,136,,,,,2,2010/12/27
市人民体育场 ,75,53,91,,,,,1,2010/12/26
市人民体育场 ,93,40,86,,,,,1,2010/12/25
市人民体育场 ,92,47,95,,,,,1,2010/12/24
市人民体育场 ,106,110,154,,,,,3,2010/12/23
市人民体育场 ,102,105,117,,,,,2,2010/12/22
市人民体育场 ,93,78,126,,,,,2,2010/12/21
市人民体育场 ,102,88,107,,,,,2,2010/12/20
市人民体育场 ,97,88,97,,,,,1,2010/12/19
市人民体育场 ,104,75,126,,,,,2,2010/12/18
市人民体育场 ,101,77,109,,,,,2,2010/12/17
市人民体育场 ,73,33,68,,,,,1,2010/12/16
市人民体育场 ,73,32,74,,,,,1,2010/12/15
市人民体育场 ,39,43,100,,,,,1,2010/12/14
市人民体育场 ,108,105,177,,,,,3,2010/12/13
市人民体育场 ,63,48,123,,,,,2,2010/12/12
市人民体育场 ,63,53,98,,,,,1,2010/12/11
市人民体育场 ,80,72,143,,,,,2,2010/12/10
市人民体育场 ,95,53,144,,,,,2,2010/12/9
市人民体育场 ,62,44,93,,,,,1,2010/12/8
市人民体育场 ,96,44,102,,,,,2,2010/12/7
市人民体育场 ,93,34,114,,,,,2,2010/12/6
市人民体育场 ,102,110,168,,,,,3,2010/12/5
市人民体育场 ,112,88,164,,,,,3,2010/12/4
市人民体育场 ,95,50,95,,,,,1,2010/12/3
市人民体育场 ,87,70,91,,,,,1,2010/12/2
市人民体育场 ,79,94,115,,,,,2,2010/12/1
市人民体育场 ,85,63,91,,,,,1,2010/11/30
市人民体育场 ,77,63,94,,,,,1,2010/11/29
市人民体育场 ,90,80,104,,,,,2,2010/11/28
市人民体育场 ,105,101,105,,,,,2,2010/11/27
市人民体育场 ,113,104,181,,,,,3,2010/11/26
市人民体育场 ,113,102,155,,,,,3,2010/11/25
市人民体育场 ,112,108,177,,,,,3,2010/11/24
市人民体育场 ,108,79,107,,,,,2,2010/11/23
市人民体育场 ,76,87,98,,,,,1,2010/11/22
市人民体育场 ,88,70,90,,,,,1,2010/11/21
市人民体育场 ,89,70,165,,,,,3,2010/11/20
市人民体育场 ,83,65,98,,,,,1,2010/11/19
市人民体育场 ,97,98,149,,,,,2,2010/11/18
市人民体育场 ,89,53,140,,,,,2,2010/11/17
市人民体育场 ,74,57,112,,,,,2,2010/11/16
市人民体育场 ,73,45,88,,,,,1,2010/11/15
市人民体育场 ,79,40,91,,,,,1,2010/11/14
市人民体育场 ,76,67,111,,,,,2,2010/11/13
市人民体育场 ,64,58,119,,,,,2,2010/11/12
市人民体育场 ,56,53,103,,,,,2,2010/11/11
市人民体育场 ,67,46,98,,,,,1,2010/11/10
市人民体育场 ,50,68,99,,,,,1,2010/11/9
市人民体育场 ,69,60,97,,,,,1,2010/11/8
市人民体育场 ,69,46,98,,,,,1,2010/11/7
市人民体育场 ,71,94,143,,,,,2,2010/11/6
市人民体育场 ,65,90,97,,,,,1,2010/11/5
市人民体育场 ,56,60,81,,,,,1,2010/11/4
市人民体育场 ,56,62,69,,,,,1,2010/11/3
市人民体育场 ,66,47,89,,,,,1,2010/11/2
市人民体育场 ,66,102,144,,,,,2,2010/11/1
市人民体育场 ,68,119,135,,,,,2,2010/10/31
市人民体育场 ,60,98,108,,,,,2,2010/10/30
市人民体育场 ,50,50,88,,,,,1,2010/10/29
市人民体育场 ,56,41,64,,,,,1,2010/10/28
市人民体育场 ,46,42,62,,,,,1,2010/10/27
市人民体育场 ,29,24,29,,,,,0,2010/10/26
市人民体育场 ,39,25,51,,,,,1,2010/10/25
市人民体育场 ,62,54,131,,,,,2,2010/10/24
市人民体育场 ,56,58,104,,,,,2,2010/10/23
市人民体育场 ,55,50,103,,,,,2,2010/10/22
市人民体育场 ,56,59,121,,,,,2,2010/10/21
市人民体育场 ,49,52,136,,,,,2,2010/10/20
市人民体育场 ,43,83,158,,,,,3,2010/10/19
市人民体育场 ,60,69,142,,,,,2,2010/10/18
市人民体育场 ,51,97,117,,,,,2,2010/10/17
市人民体育场 ,50,98,110,,,,,2,2010/10/16
市人民体育场 ,45,50,74,,,,,1,2010/10/15
市人民体育场 ,52,44,73,,,,,1,2010/10/14
市人民体育场 ,30,32,62,,,,,1,2010/10/13
市人民体育场 ,53,30,88,,,,,1,2010/10/12
市人民体育场 ,41,24,32,,,,,0,2010/10/11
市人民体育场 ,31,42,91,,,,,1,2010/10/10
市人民体育场 ,49,45,160,,,,,3,2010/10/9
市人民体育场 ,44,33,89,,,,,1,2010/10/8
市人民体育场 ,36,45,89,,,,,1,2010/10/7
市人民体育场 ,45,47,76,,,,,1,2010/10/6
市人民体育场 ,37,30,64,,,,,1,2010/10/5
市人民体育场 ,43,45,58,,,,,1,2010/10/4
市人民体育场 ,38,29,70,,,,,1,2010/10/3
市人民体育场 ,40,25,75,,,,,1,2010/10/2
市人民体育场 ,41,29,99,,,,,1,2010/10/1
市人民体育场 ,30,25,96,,,,,1,2010/9/30
市人民体育场 ,48,24,87,,,,,1,2010/9/29
市人民体育场 ,38,33,112,,,,,2,2010/9/28
市人民体育场 ,37,28,105,,,,,2,2010/9/27
市人民体育场 ,48,48,83,,,,,1,2010/9/26
市人民体育场 ,15,22,51,,,,,1,2010/9/25
市人民体育场 ,52,43,88,,,,,1,2010/9/24
市人民体育场 ,21,29,50,,,,,0,2010/9/23
市人民体育场 ,25,19,34,,,,,0,2010/9/22
市人民体育场 ,49,33,86,,,,,1,2010/9/21
市人民体育场 ,43,30,77,,,,,1,2010/9/20
市人民体育场 ,29,18,68,,,,,1,2010/9/19
市人民体育场 ,30,17,72,,,,,1,2010/9/18
市人民体育场 ,34,25,66,,,,,1,2010/9/17
市人民体育场 ,44,26,98,,,,,1,2010/9/16
市人民体育场 ,37,37,67,,,,,1,2010/9/15
市人民体育场 ,36,25,73,,,,,1,2010/9/14
市人民体育场 ,44,29,86,,,,,1,2010/9/13
市人民体育场 ,52,24,98,,,,,1,2010/9/12
市人民体育场 ,42,27,76,,,,,1,2010/9/11
市人民体育场 ,37,31,56,,,,,1,2010/9/10
市人民体育场 ,47,29,88,,,,,1,2010/9/9
市人民体育场 ,42,22,79,,,,,1,2010/9/8
市人民体育场 ,25,21,63,,,,,1,2010/9/7
市人民体育场 ,26,24,93,,,,,1,2010/9/6
市人民体育场 ,28,29,80,,,,,1,2010/9/5
市人民体育场 ,22,22,68,,,,,1,2010/9/4
市人民体育场 ,35,35,87,,,,,1,2010/9/3
市人民体育场 ,39,38,92,,,,,1,2010/9/2
市人民体育场 ,37,24,66,,,,,1,2010/9/1
市人民体育场 ,40,21,61,,,,,1,2010/8/31
市人民体育场 ,40,38,85,,,,,1,2010/8/30
市人民体育场 ,33,54,97,,,,,1,2010/8/29
市人民体育场 ,39,14,89,,,,,1,2010/8/28
市人民体育场 ,31,28,92,,,,,1,2010/8/27
市人民体育场 ,29,26,54,,,,,1,2010/8/26
市人民体育场 ,38,25,58,,,,,1,2010/8/25
市人民体育场 ,16,25,10,,,,,0,2010/8/24
市人民体育场 ,35,35,55,,,,,1,2010/8/23
市人民体育场 ,24,27,30,,,,,0,2010/8/22
市人民体育场 ,26,23,88,,,,,1,2010/8/21
市人民体育场 ,22,26,30,,,,,0,2010/8/20
市人民体育场 ,35,29,97,,,,,1,2010/8/19
市人民体育场 ,39,31,97,,,,,1,2010/8/18
市人民体育场 ,30,30,94,,,,,1,2010/8/17
市人民体育场 ,29,20,83,,,,,1,2010/8/16
市人民体育场 ,27,30,43,,,,,0,2010/8/15
市人民体育场 ,17,23,34,,,,,0,2010/8/14
市人民体育场 ,13,25,52,,,,,1,2010/8/13
市人民体育场 ,18,23,78,,,,,1,2010/8/12
市人民体育场 ,34,30,79,,,,,1,2010/8/11
市人民体育场 ,31,29,72,,,,,1,2010/8/10
市人民体育场 ,24,31,91,,,,,1,2010/8/9
市人民体育场 ,11,22,88,,,,,1,2010/8/8
市人民体育场 ,15,21,83,,,,,1,2010/8/7
市人民体育场 ,13,23,69,,,,,1,2010/8/6
市人民体育场 ,17,26,50,,,,,0,2010/8/5
市人民体育场 ,10,36,93,,,,,1,2010/8/4
市人民体育场 ,9,15,83,,,,,1,2010/8/3
市人民体育场 ,8,23,73,,,,,1,2010/8/2
市人民体育场 ,9,26,70,,,,,1,2010/8/1
市人民体育场 ,12,29,76,,,,,1,2010/7/31
市人民体育场 ,10,17,95,,,,,1,2010/7/30
市人民体育场 ,18,30,90,,,,,1,2010/7/29
市人民体育场 ,8,21,82,,,,,1,2010/7/28
市人民体育场 ,12,28,69,,,,,1,2010/7/27
市人民体育场 ,9,17,59,,,,,1,2010/7/26
市人民体育场 ,11,14,59,,,,,1,2010/7/25
市人民体育场 ,9,19,62,,,,,1,2010/7/24
市人民体育场 ,10,22,95,,,,,1,2010/7/23
市人民体育场 ,16,19,49,,,,,0,2010/7/22
市人民体育场 ,22,25,70,,,,,1,2010/7/21
市人民体育场 ,16,37,87,,,,,1,2010/7/20
市人民体育场 ,12,25,97,,,,,1,2010/7/19
市人民体育场 ,16,24,73,,,,,1,2010/7/18
市人民体育场 ,13,29,95,,,,,1,2010/7/17
市人民体育场 ,14,22,76,,,,,1,2010/7/16
市人民体育场 ,11,27,73,,,,,1,2010/7/15
市人民体育场 ,18,30,94,,,,,1,2010/7/14
市人民体育场 ,20,29,71,,,,,1,2010/7/13
市人民体育场 ,25,35,73,,,,,1,2010/7/12
市人民体育场 ,29,32,71,,,,,1,2010/7/11
市人民体育场 ,12,24,31,,,,,0,2010/7/10
市人民体育场 ,11,26,89,,,,,1,2010/7/9
市人民体育场 ,26,31,72,,,,,1,2010/7/8
市人民体育场 ,17,22,71,,,,,1,2010/7/7
市人民体育场 ,42,37,79,,,,,1,2010/7/6
市人民体育场 ,35,29,55,,,,,1,2010/7/5
市人民体育场 ,34,40,51,,,,,1,2010/7/4
市人民体育场 ,30,24,52,,,,,1,2010/7/3
市人民体育场 ,49,30,57,,,,,1,2010/7/2
市人民体育场 ,21,30,37,,,,,0,2010/7/1
市人民体育场 ,27,30,44,,,,,0,2010/6/30
市人民体育场 ,48,30,57,,,,,1,2010/6/29
市人民体育场 ,44,29,72,,,,,1,2010/6/28
市人民体育场 ,33,25,52,,,,,1,2010/6/27
市人民体育场 ,37,14,83,,,,,1,2010/6/26
市人民体育场 ,41,23,72,,,,,1,2010/6/25
市人民体育场 ,31,18,75,,,,,1,2010/6/24
市人民体育场 ,26,28,60,,,,,1,2010/6/23
市人民体育场 ,36,39,62,,,,,1,2010/6/22
市人民体育场 ,31,19,81,,,,,1,2010/6/21
市人民体育场 ,42,25,70,,,,,1,2010/6/20
市人民体育场 ,41,32,96,,,,,1,2010/6/19
市人民体育场 ,42,29,83,,,,,1,2010/6/18
市人民体育场 ,41,30,86,,,,,1,2010/6/17
市人民体育场 ,44,19,58,,,,,1,2010/6/16
市人民体育场 ,36,27,82,,,,,1,2010/6/15
市人民体育场 ,30,24,60,,,,,1,2010/6/14
市人民体育场 ,43,36,76,,,,,1,2010/6/13
市人民体育场 ,36,25,76,,,,,1,2010/6/12
市人民体育场 ,33,47,78,,,,,1,2010/6/11
市人民体育场 ,30,35,74,,,,,1,2010/6/10
市人民体育场 ,18,27,58,,,,,1,2010/6/9
市人民体育场 ,27,29,69,,,,,1,2010/6/8
市人民体育场 ,27,19,65,,,,,1,2010/6/7
市人民体育场 ,27,32,68,,,,,1,2010/6/6
市人民体育场 ,27,39,66,,,,,1,2010/6/5
市人民体育场 ,37,38,62,,,,,1,2010/6/4
市人民体育场 ,40,37,61,,,,,1,2010/6/3
市人民体育场 ,35,38,57,,,,,1,2010/6/2
市人民体育场 ,23,29,56,,,,,1,2010/6/1
市人民体育场 ,46,26,87,,,,,1,2010/5/31
市人民体育场 ,37,33,98,,,,,1,2010/5/30
市人民体育场 ,34,27,94,,,,,1,2010/5/29
市人民体育场 ,42,22,62,,,,,1,2010/5/28
市人民体育场 ,23,28,40,,,,,0,2010/5/27
市人民体育场 ,28,24,89,,,,,1,2010/5/26
市人民体育场 ,29,35,90,,,,,1,2010/5/25
市人民体育场 ,34,27,89,,,,,1,2010/5/24
市人民体育场 ,39,33,65,,,,,1,2010/5/23
市人民体育场 ,31,31,55,,,,,1,2010/5/22
市人民体育场 ,34,33,95,,,,,1,2010/5/21
市人民体育场 ,40,39,96,,,,,1,2010/5/20
市人民体育场 ,42,36,88,,,,,1,2010/5/19
市人民体育场 ,31,22,67,,,,,1,2010/5/18
市人民体育场 ,30,34,81,,,,,1,2010/5/17
市人民体育场 ,36,28,96,,,,,1,2010/5/16
市人民体育场 ,33,29,93,,,,,1,2010/5/15
市人民体育场 ,24,30,59,,,,,1,2010/5/14
市人民体育场 ,20,27,61,,,,,1,2010/5/13
市人民体育场 ,24,21,96,,,,,1,2010/5/12
市人民体育场 ,29,44,104,,,,,2,2010/5/11
市人民体育场 ,38,33,127,,,,,2,2010/5/10
市人民体育场 ,26,37,66,,,,,1,2010/5/9
市人民体育场 ,35,35,69,,,,,1,2010/5/8
市人民体育场 ,32,37,58,,,,,1,2010/5/7
市人民体育场 ,28,24,57,,,,,1,2010/5/6
市人民体育场 ,25,24,72,,,,,1,2010/5/5
市人民体育场 ,29,30,79,,,,,1,2010/5/4
市人民体育场 ,51,37,89,,,,,1,2010/5/3
市人民体育场 ,45,29,97,,,,,1,2010/5/2
市人民体育场 ,40,40,89,,,,,1,2010/5/1
市人民体育场 ,34,37,106,,,,,2,2010/4/30
市人民体育场 ,38,33,106,,,,,2,2010/4/29
市人民体育场 ,24,40,121,,,,,2,2010/4/28
市人民体育场 ,29,29,114,,,,,2,2010/4/27
市人民体育场 ,18,34,206,,,,,4,2010/4/26
市人民体育场 ,46,50,75,,,,,1,2010/4/25
市人民体育场 ,47,20,71,,,,,1,2010/4/24
市人民体育场 ,35,15,65,,,,,1,2010/4/23
市人民体育场 ,29,14,33,,,,,0,2010/4/22
市人民体育场 ,24,25,54,,,,,1,2010/4/21
市人民体育场 ,48,32,80,,,,,1,2010/4/20
市人民体育场 ,47,35,90,,,,,1,2010/4/19
市人民体育场 ,32,44,97,,,,,1,2010/4/18
市人民体育场 ,45,24,99,,,,,1,2010/4/17
市人民体育场 ,40,39,86,,,,,1,2010/4/16
市人民体育场 ,38,29,54,,,,,1,2010/4/15
市人民体育场 ,24,29,48,,,,,0,2010/4/14
市人民体育场 ,20,24,49,,,,,0,2010/4/13
市人民体育场 ,27,32,69,,,,,1,2010/4/12
市人民体育场 ,42,40,79,,,,,1,2010/4/11
市人民体育场 ,44,32,86,,,,,1,2010/4/10
市人民体育场 ,39,42,79,,,,,1,2010/4/9
市人民体育场 ,42,43,88,,,,,1,2010/4/8
市人民体育场 ,36,41,67,,,,,1,2010/4/7
市人民体育场 ,43,44,75,,,,,1,2010/4/6
市人民体育场 ,42,19,75,,,,,1,2010/4/5
市人民体育场 ,30,17,63,,,,,1,2010/4/4
市人民体育场 ,44,17,91,,,,,1,2010/4/3
市人民体育场 ,36,39,79,,,,,1,2010/4/2
市人民体育场 ,51,47,71,,,,,1,2010/4/1
市人民体育场 ,41,32,66,,,,,1,2010/3/31
市人民体育场 ,42,37,88,,,,,1,2010/3/30
市人民体育场 ,52,29,98,,,,,1,2010/3/29
市人民体育场 ,51,47,78,,,,,1,2010/3/28
市人民体育场 ,45,39,84,,,,,1,2010/3/27
市人民体育场 ,54,49,91,,,,,1,2010/3/26
市人民体育场 ,42,55,75,,,,,1,2010/3/25
市人民体育场 ,40,42,79,,,,,1,2010/3/24
市人民体育场 ,42,33,78,,,,,1,2010/3/23
市人民体育场 ,54,59,156,,,,,3,2010/3/22
市人民体育场 ,52,44,121,,,,,2,2010/3/21
市人民体育场 ,43,32,145,,,,,2,2010/3/20
市人民体育场 ,45,33,91,,,,,1,2010/3/19
市人民体育场 ,47,35,140,,,,,2,2010/3/18
市人民体育场 ,46,34,95,,,,,1,2010/3/17
市人民体育场 ,40,38,82,,,,,1,2010/3/16
市人民体育场 ,50,38,67,,,,,1,2010/3/15
市人民体育场 ,45,30,94,,,,,1,2010/3/15
市人民体育场 ,43,74,121,,,,,2,2010/3/13
市人民体育场 ,50,39,84,,,,,1,2010/3/12
市人民体育场 ,56,40,83,,,,,1,2010/3/11
市人民体育场 ,48,42,58,,,,,1,2010/3/10
市人民体育场 ,30,27,50,,,,,0,2010/3/9
市人民体育场 ,45,34,92,,,,,1,2010/3/8
市人民体育场 ,74,30,92,,,,,1,2010/3/7
市人民体育场 ,61,27,92,,,,,1,2010/3/6
市人民体育场 ,67,33,92,,,,,1,2010/3/5
市人民体育场 ,60,30,92,,,,,1,2010/3/4
市人民体育场 ,61,43,92,,,,,1,2010/3/3
市人民体育场 ,69,34,92,,,,,1,2010/3/2
市人民体育场 ,79,33,92,,,,,1,2010/3/1
市人民体育场 ,56,44,92,,,,,1,2010/2/28
市人民体育场 ,75,37,92,,,,,1,2010/2/27
市人民体育场 ,69,40,97,,,,,1,2010/2/26
市人民体育场 ,65,40,99,,,,,1,2010/2/25
市人民体育场 ,76,65,103,,,,,2,2010/2/24
市人民体育场 ,69,72,95,,,,,1,2010/2/23
市人民体育场 ,74,67,94,,,,,1,2010/2/22
市人民体育场 ,56,70,79,,,,,1,2010/2/21
市人民体育场 ,39,22,73,,,,,1,2010/2/20
市人民体育场 ,48,29,83,,,,,1,2010/2/19
市人民体育场 ,56,38,59,,,,,1,2010/2/18
市人民体育场 ,53,25,74,,,,,1,2010/2/17
市人民体育场 ,32,33,67,,,,,1,2010/2/16
市人民体育场 ,46,23,79,,,,,1,2010/2/15
市人民体育场 ,97,31,107,,,,,2,2010/2/14
市人民体育场 ,70,34,76,,,,,1,2010/2/13
市人民体育场 ,52,29,54,,,,,1,2010/2/12
市人民体育场 ,46,22,52,,,,,1,2010/2/11
市人民体育场 ,58,37,68,,,,,1,2010/2/10
市人民体育场 ,78,65,103,,,,,2,2010/2/9
市人民体育场 ,79,65,103,,,,,2,2010/2/8
市人民体育场 ,73,50,103,,,,,2,2010/2/7
市人民体育场 ,65,77,107,,,,,2,2010/2/6
市人民体育场 ,74,43,104,,,,,2,2010/2/5
市人民体育场 ,70,67,103,,,,,2,2010/2/4
市人民体育场 ,80,64,93,,,,,1,2010/2/3
市人民体育场 ,87,73,101,,,,,2,2010/2/2
市人民体育场 ,62,47,97,,,,,1,2010/2/1
市人民体育场 ,78,34,84,,,,,1,2010/1/31
市人民体育场 ,73,50,94,,,,,1,2010/1/30
市人民体育场 ,73,48,94,,,,,1,2010/1/29
市人民体育场 ,57,52,70,,,,,1,2010/1/28
市人民体育场 ,43,63,95,,,,,1,2010/1/27
市人民体育场 ,53,47,97,,,,,1,2010/1/26
市人民体育场 ,59,64,94,,,,,1,2010/1/25
市人民体育场 ,66,55,94,,,,,1,2010/1/24
市人民体育场 ,64,44,87,,,,,1,2010/1/23
市人民体育场 ,94,37,89,,,,,1,2010/1/22
市人民体育场 ,68,36,107,,,,,2,2010/1/21
市人民体育场 ,101,89,149,,,,,2,2010/1/20
市人民体育场 ,101,67,138,,,,,2,2010/1/19
市人民体育场 ,98,85,152,,,,,3,2010/1/18
市人民体育场 ,86,82,195,,,,,3,2010/1/17
市人民体育场 ,102,83,133,,,,,2,2010/1/16
市人民体育场 ,80,73,123,,,,,2,2010/1/15
市人民体育场 ,83,68,97,,,,,1,2010/1/14
市人民体育场 ,75,35,86,,,,,1,2010/1/13
市人民体育场 ,65,32,81,,,,,1,2010/1/12
市人民体育场 ,73,59,132,,,,,2,2010/1/11
市人民体育场 ,73,34,191,,,,,3,2010/1/10
市人民体育场 ,77,44,145,,,,,2,2010/1/9
市人民体育场 ,124,79,93,,,,,2,2010/1/8
市人民体育场 ,84,65,128,,,,,2,2010/1/7
市人民体育场 ,96,44,104,,,,,2,2010/1/6
市人民体育场 ,70,32,77,,,,,1,2010/1/5
市人民体育场 ,74,22,95,,,,,1,2010/1/4
市人民体育场 ,91,34,119,,,,,2,2010/1/3
市人民体育场 ,83,36,93,,,,,1,2010/1/2
市人民体育场 ,70,37,118,,,,,2,2010/1/1
高新西区 ,63,53,81,,,,,1,2012/12/31
高新西区 ,55,22,71,,,,,1,2012/12/30
高新西区 ,60,24,98,,,,,1,2012/12/29
高新西区 ,63,42,243,,,,,4,2012/12/28
高新西区 ,75,34,127,,,,,2,2012/12/25
高新西区 ,28,13,97,,,,,1,2012/12/24
高新西区 ,25,15,68,,,,,1,2012/12/23
高新西区 ,35,19,80,,,,,1,2012/12/22
高新西区 ,49,24,92,,,,,1,2012/12/21
高新西区 ,53,25,97,,,,,1,2012/12/20
高新西区 ,53,27,91,,,,,1,2012/12/19
高新西区 ,36,24,83,,,,,1,2012/12/18
高新西区 ,48,24,185,,,,,3,2012/12/17
高新西区 ,59,27,309,,,,,7,2012/12/16
高新西区 ,52,29,309,,,,,7,2012/12/15
高新西区 ,50,27,324,,,,,7,2012/12/14
高新西区 ,48,30,327,,,,,7,2012/12/13
高新西区 ,55,32,313,,,,,7,2012/12/12
高新西区 ,50,29,127,,,,,2,2012/12/11
高新西区 ,49,22,121,,,,,2,2012/12/10
高新西区 ,45,17,96,,,,,1,2012/12/9
高新西区 ,47,22,92,,,,,1,2012/12/8
高新西区 ,50,22,91,,,,,1,2012/12/7
高新西区 ,53,17,98,,,,,1,2012/12/6
高新西区 ,64,15,98,,,,,1,2012/12/5
高新西区 ,57,25,132,,,,,2,2012/12/4
高新西区 ,68,20,134,,,,,2,2012/12/3
高新西区 ,71,27,276,,,,,5,2012/12/2
高新西区 ,73,24,195,,,,,3,2012/12/1
高新西区 ,45,25,109,,,,,2,2012/11/30
高新西区 ,35,18,99,,,,,1,2012/11/29
高新西区 ,24,14,93,,,,,1,2012/11/28
高新西区 ,33,17,85,,,,,1,2012/11/27
高新西区 ,26,17,82,,,,,1,2012/11/26
高新西区 ,31,17,86,,,,,1,2012/11/25
高新西区 ,19,17,85,,,,,1,2012/11/24
高新西区 ,22,14,78,,,,,1,2012/11/23
高新西区 ,30,27,162,,,,,3,2012/11/22
高新西区 ,25,31,146,,,,,2,2012/11/21
高新西区 ,33,31,122,,,,,2,2012/11/20
高新西区 ,24,28,84,,,,,1,2012/11/19
高新西区 ,21,38,114,,,,,2,2012/11/18
高新西区 ,23,24,94,,,,,1,2012/11/17
高新西区 ,21,25,53,,,,,1,2012/11/16
高新西区 ,34,34,122,,,,,2,2012/11/15
高新西区 ,19,29,81,,,,,1,2012/11/14
高新西区 ,25,39,74,,,,,1,2012/11/13
高新西区 ,22,24,73,,,,,1,2012/11/12
高新西区 ,19,16,71,,,,,1,2012/11/11
高新西区 ,17,29,95,,,,,1,2012/11/10
高新西区 ,19,28,84,,,,,1,2012/11/9
高新西区 ,18,19,53,,,,,1,2012/11/8
高新西区 ,22,29,93,,,,,1,2012/11/7
高新西区 ,19,19,83,,,,,1,2012/11/6
高新西区 ,21,17,79,,,,,1,2012/11/5
高新西区 ,16,14,64,,,,,1,2012/11/4
高新西区 ,18,21,96,,,,,1,2012/11/3
高新西区 ,27,22,112,,,,,2,2012/11/2
高新西区 ,19,19,77,,,,,1,2012/11/1
高新西区 ,19,21,71,,,,,1,2012/10/31
高新西区 ,20,17,94,,,,,1,2012/10/30
高新西区 ,27,19,94,,,,,1,2012/10/29
高新西区 ,27,24,93,,,,,1,2012/10/28
高新西区 ,31,26,91,,,,,1,2012/10/27
高新西区 ,29,27,113,,,,,2,2012/10/26
高新西区 ,24,29,80,,,,,1,2012/10/25
高新西区 ,25,25,85,,,,,1,2012/10/24
高新西区 ,28,25,80,,,,,1,2012/10/23
高新西区 ,30,24,54,,,,,1,2012/10/22
高新西区 ,32,27,117,,,,,2,2012/10/21
高新西区 ,31,26,105,,,,,2,2012/10/20
高新西区 ,32,22,106,,,,,2,2012/10/19
高新西区 ,30,24,88,,,,,1,2012/10/18
高新西区 ,29,20,67,,,,,1,2012/10/17
高新西区 ,28,29,91,,,,,1,2012/10/16
高新西区 ,25,27,129,,,,,2,2012/10/15
高新西区 ,28,29,89,,,,,1,2012/10/14
高新西区 ,29,25,92,,,,,1,2012/10/13
高新西区 ,29,27,119,,,,,2,2012/10/12
高新西区 ,27,25,105,,,,,2,2012/10/11
高新西区 ,28,22,68,,,,,1,2012/10/10
高新西区 ,25,24,83,,,,,1,2012/10/9
高新西区 ,27,26,120,,,,,2,2012/10/8
高新西区 ,24,25,109,,,,,2,2012/10/7
高新西区 ,23,24,88,,,,,1,2012/10/6
高新西区 ,25,18,81,,,,,1,2012/10/5
高新西区 ,26,25,74,,,,,1,2012/10/4
高新西区 ,25,27,87,,,,,1,2012/10/3
高新西区 ,24,27,109,,,,,2,2012/10/2
高新西区 ,25,29,87,,,,,1,2012/10/1
高新西区 ,26,29,93,,,,,1,2012/9/30
高新西区 ,24,20,65,,,,,1,2012/9/29
高新西区 ,27,22,64,,,,,1,2012/9/28
高新西区 ,23,22,75,,,,,1,2012/9/27
高新西区 ,23,21,45,,,,,0,2012/9/26
高新西区 ,31,23,108,,,,,2,2012/9/25
高新西区 ,30,30,117,,,,,2,2012/9/24
高新西区 ,35,20,124,,,,,2,2012/9/23
高新西区 ,26,20,95,,,,,1,2012/9/22
高新西区 ,22,22,84,,,,,1,2012/9/21
高新西区 ,21,22,79,,,,,1,2012/9/20
高新西区 ,26,18,84,,,,,1,2012/9/19
高新西区 ,25,18,85,,,,,1,2012/9/18
高新西区 ,21,20,78,,,,,1,2012/9/17
高新西区 ,19,18,59,,,,,1,2012/9/16
高新西区 ,22,20,79,,,,,1,2012/9/15
高新西区 ,18,17,65,,,,,1,2012/9/14
高新西区 ,20,16,54,,,,,1,2012/9/13
高新西区 ,21,19,57,,,,,1,2012/9/12
高新西区 ,19,17,62,,,,,1,2012/9/11
高新西区 ,20,18,73,,,,,1,2012/9/10
高新西区 ,17,15,62,,,,,1,2012/9/9
高新西区 ,22,17,72,,,,,1,2012/9/8
高新西区 ,20,19,82,,,,,1,2012/9/7
高新西区 ,20,25,90,,,,,1,2012/9/6
高新西区 ,27,24,70,,,,,1,2012/9/5
高新西区 ,30,22,52,,,,,1,2012/9/4
高新西区 ,30,22,52,,,,,1,2012/9/4
高新西区 ,26,19,35,,,,,0,2012/9/3
高新西区 ,23,10,46,,,,,0,2012/9/2
高新西区 ,23,12,32,,,,,0,2012/9/1
高新西区 ,23,19,66,,,,,1,2012/8/31
高新西区 ,23,24,61,,,,,1,2012/8/30
高新西区 ,22,22,58,,,,,1,2012/8/29
高新西区 ,21,19,72,,,,,1,2012/8/28
高新西区 ,21,23,88,,,,,1,2012/8/27
高新西区 ,22,20,79,,,,,1,2012/8/26
高新西区 ,20,24,65,,,,,1,2012/8/25
高新西区 ,20,19,58,,,,,1,2012/8/24
高新西区 ,20,17,52,,,,,1,2012/8/23
高新西区 ,21,23,55,,,,,1,2012/8/22
高新西区 ,19,17,46,,,,,0,2012/8/21
高新西区 ,21,14,29,,,,,0,2012/8/20
高新西区 ,25,13,39,,,,,0,2012/8/19
高新西区 ,24,15,57,,,,,1,2012/8/18
高新西区 ,26,15,67,,,,,1,2012/8/17
高新西区 ,29,24,83,,,,,1,2012/8/16
高新西区 ,31,23,63,,,,,1,2012/8/15
高新西区 ,25,14,57,,,,,1,2012/8/14
高新西区 ,22,16,70,,,,,1,2012/8/13
高新西区 ,21,22,78,,,,,1,2012/8/12
高新西区 ,21,19,87,,,,,1,2012/8/11
高新西区 ,26,17,79,,,,,1,2012/8/10
高新西区 ,16,12,73,,,,,1,2012/8/9
高新西区 ,17,18,74,,,,,1,2012/8/8
高新西区 ,16,18,64,,,,,1,2012/8/7
高新西区 ,16,14,53,,,,,1,2012/8/6
高新西区 ,16,17,72,,,,,1,2012/8/5
高新西区 ,16,15,72,,,,,1,2012/8/4
高新西区 ,16,19,60,,,,,1,2012/8/3
高新西区 ,22,20,47,,,,,0,2012/8/2
高新西区 ,17,17,41,,,,,0,2012/8/1
高新西区 ,20,14,45,,,,,0,2012/7/31
高新西区 ,26,20,61,,,,,1,2012/7/30
高新西区 ,25,22,59,,,,,1,2012/7/29
高新西区 ,24,17,45,,,,,0,2012/7/28
高新西区 ,21,21,42,,,,,0,2012/7/27
高新西区 ,25,19,85,,,,,1,2012/7/26
高新西区 ,23,20,69,,,,,1,2012/7/25
高新西区 ,21,17,51,,,,,1,2012/7/24
高新西区 ,19,17,52,,,,,1,2012/7/23
高新西区 ,17,14,54,,,,,1,2012/7/22
高新西区 ,20,14,68,,,,,1,2012/7/21
高新西区 ,16,15,83,,,,,1,2012/7/20
高新西区 ,19,16,78,,,,,1,2012/7/19
高新西区 ,18,15,72,,,,,1,2012/7/18
高新西区 ,18,15,68,,,,,1,2012/7/17
高新西区 ,16,15,71,,,,,1,2012/7/16
高新西区 ,16,15,71,,,,,1,2012/7/16
高新西区 ,16,14,71,,,,,1,2012/7/15
高新西区 ,18,19,60,,,,,1,2012/7/14
高新西区 ,28,29,59,,,,,1,2012/7/13
高新西区 ,19,19,61,,,,,1,2012/7/12
高新西区 ,19,19,57,,,,,1,2012/7/11
高新西区 ,18,12,53,,,,,1,2012/7/10
高新西区 ,18,12,39,,,,,0,2012/7/9
高新西区 ,18,15,56,,,,,1,2012/7/8
高新西区 ,21,14,43,,,,,0,2012/7/7
高新西区 ,19,16,58,,,,,1,2012/7/6
高新西区 ,18,15,48,,,,,0,2012/7/5
高新西区 ,19,15,42,,,,,0,2012/7/4
高新西区 ,18,15,48,,,,,0,2012/7/3
高新西区 ,24,18,56,,,,,1,2012/7/2
高新西区 ,19,14,33,,,,,0,2012/7/1
高新西区 ,16,15,40,,,,,0,2012/6/30
高新西区 ,20,15,52,,,,,1,2012/6/29
高新西区 ,22,12,51,,,,,1,2012/6/28
高新西区 ,20,20,70,,,,,1,2012/6/27
高新西区 ,13,19,54,,,,,1,2012/6/26
高新西区 ,29,20,66,,,,,1,2012/6/25
高新西区 ,25,20,60,,,,,1,2012/6/24
高新西区 ,25,25,57,,,,,1,2012/6/23
高新西区 ,26,21,56,,,,,1,2012/6/22
高新西区 ,26,29,71,,,,,1,2012/6/21
高新西区 ,30,20,68,,,,,1,2012/6/20
高新西区 ,36,21,72,,,,,1,2012/6/19
高新西区 ,29,24,61,,,,,1,2012/6/18
高新西区 ,24,31,63,,,,,1,2012/6/17
高新西区 ,29,30,64,,,,,1,2012/6/16
高新西区 ,34,20,64,,,,,1,2012/6/15
高新西区 ,34,22,61,,,,,1,2012/6/14
高新西区 ,28,30,57,,,,,1,2012/6/13
高新西区 ,27,29,67,,,,,1,2012/6/12
高新西区 ,32,24,65,,,,,1,2012/6/11
高新西区 ,34,26,56,,,,,1,2012/6/10
高新西区 ,35,19,56,,,,,1,2012/6/9
高新西区 ,34,23,53,,,,,1,2012/6/8
高新西区 ,33,23,72,,,,,1,2012/6/7
高新西区 ,24,18,75,,,,,1,2012/6/6
高新西区 ,26,23,84,,,,,1,2012/6/5
高新西区 ,30,22,76,,,,,1,2012/6/4
高新西区 ,22,14,56,,,,,1,2012/6/3
高新西区 ,24,18,59,,,,,1,2012/6/2
高新西区 ,23,21,73,,,,,1,2012/6/1
高新西区 ,26,23,56,,,,,1,2012/5/31
高新西区 ,20,20,48,,,,,0,2012/5/30
高新西区 ,21,17,57,,,,,1,2012/5/29
高新西区 ,20,15,56,,,,,1,2012/5/28
高新西区 ,18,18,68,,,,,1,2012/5/27
高新西区 ,16,14,67,,,,,1,2012/5/26
高新西区 ,22,20,71,,,,,1,2012/5/25
高新西区 ,16,15,87,,,,,1,2012/5/24
高新西区 ,13,22,98,,,,,1,2012/5/23
高新西区 ,12,19,55,,,,,1,2012/5/22
高新西区 ,21,17,62,,,,,1,2012/5/21
高新西区 ,24,27,71,,,,,1,2012/5/20
高新西区 ,25,35,98,,,,,1,2012/5/19
高新西区 ,20,44,86,,,,,1,2012/5/18
高新西区 ,20,37,80,,,,,1,2012/5/17
高新西区 ,38,34,79,,,,,1,2012/5/16
高新西区 ,25,29,68,,,,,1,2012/5/15
高新西区 ,29,20,69,,,,,1,2012/5/14
高新西区 ,22,24,93,,,,,1,2012/5/13
高新西区 ,15,16,67,,,,,1,2012/5/12
高新西区 ,23,11,62,,,,,1,2012/5/11
高新西区 ,23,25,91,,,,,1,2012/5/10
高新西区 ,25,24,83,,,,,1,2012/5/9
高新西区 ,24,24,95,,,,,1,2012/5/8
高新西区 ,24,27,105,,,,,2,2012/5/7
高新西区 ,28,50,94,,,,,1,2012/5/6
高新西区 ,33,29,85,,,,,1,2012/5/5
高新西区 ,26,25,85,,,,,1,2012/5/4
高新西区 ,15,30,78,,,,,1,2012/5/3
高新西区 ,15,25,68,,,,,1,2012/5/2
高新西区 ,18,24,83,,,,,1,2012/5/1
高新西区 ,21,15,87,,,,,1,2012/4/30
高新西区 ,21,32,88,,,,,1,2012/4/29
高新西区 ,27,42,93,,,,,1,2012/4/28
高新西区 ,27,32,83,,,,,1,2012/4/27
高新西区 ,30,42,91,,,,,1,2012/4/26
高新西区 ,29,30,87,,,,,1,2012/4/25
高新西区 ,29,28,74,,,,,1,2012/4/24
高新西区 ,25,37,92,,,,,1,2012/4/23
高新西区 ,31,27,88,,,,,1,2012/4/22
高新西区 ,31,30,82,,,,,1,2012/4/21
高新西区 ,32,23,78,,,,,1,2012/4/20
高新西区 ,26,32,62,,,,,1,2012/4/19
高新西区 ,40,29,75,,,,,1,2012/4/18
高新西区 ,41,37,76,,,,,1,2012/4/17
高新西区 ,28,34,61,,,,,1,2012/4/16
高新西区 ,30,32,64,,,,,1,2012/4/15
高新西区 ,29,21,60,,,,,1,2012/4/14
高新西区 ,22,25,42,,,,,0,2012/4/13
高新西区 ,22,26,30,,,,,0,2012/4/12
高新西区 ,29,30,60,,,,,1,2012/4/11
高新西区 ,27,35,53,,,,,1,2012/4/10
高新西区 ,27,29,59,,,,,1,2012/4/9
高新西区 ,24,27,82,,,,,1,2012/4/8
高新西区 ,27,22,81,,,,,1,2012/4/7
高新西区 ,24,22,78,,,,,1,2012/4/6
高新西区 ,28,23,75,,,,,1,2012/4/5
高新西区 ,29,24,80,,,,,1,2012/4/4
高新西区 ,21,22,79,,,,,1,2012/4/3
高新西区 ,37,27,76,,,,,1,2012/4/2
高新西区 ,32,22,75,,,,,1,2012/4/1
高新西区 ,34,29,51,,,,,1,2012/3/31
高新西区 ,32,38,73,,,,,1,2012/3/30
高新西区 ,45,33,90,,,,,1,2012/3/29
高新西区 ,45,47,91,,,,,1,2012/3/28
高新西区 ,57,35,98,,,,,1,2012/3/27
高新西区 ,67,47,78,,,,,1,2012/3/26
高新西区 ,53,37,81,,,,,1,2012/3/25
高新西区 ,42,28,73,,,,,1,2012/3/24
高新西区 ,32,22,67,,,,,1,2012/3/23
高新西区 ,34,38,56,,,,,1,2012/3/22
高新西区 ,46,40,64,,,,,1,2012/3/20
高新西区 ,41,41,111,,,,,2,2012/3/19
高新西区 ,64,45,115,,,,,2,2012/3/18
高新西区 ,36,39,108,,,,,2,2012/3/17
高新西区 ,39,36,79,,,,,1,2012/3/16
高新西区 ,45,44,83,,,,,1,2012/3/15
高新西区 ,46,45,90,,,,,1,2012/3/14
高新西区 ,56,58,108,,,,,2,2012/3/13
高新西区 ,41,39,81,,,,,1,2012/3/12
高新西区 ,42,47,67,,,,,1,2012/3/11
高新西区 ,37,50,82,,,,,1,2012/3/10
高新西区 ,34,38,59,,,,,1,2012/3/9
高新西区 ,33,40,61,,,,,1,2012/3/8
高新西区 ,46,39,72,,,,,1,2012/3/7
高新西区 ,30,37,57,,,,,1,2012/3/6
高新西区 ,33,39,74,,,,,1,2012/3/5
高新西区 ,31,33,62,,,,,1,2012/3/4
高新西区 ,31,34,68,,,,,1,2012/3/3
高新西区 ,41,46,117,,,,,2,2012/3/2
高新西区 ,49,67,120,,,,,2,2012/3/1
高新西区 ,53,65,129,,,,,2,2012/2/29
高新西区 ,57,49,117,,,,,2,2012/2/28
高新西区 ,42,42,84,,,,,1,2012/2/27
高新西区 ,49,42,71,,,,,1,2012/2/26
高新西区 ,56,34,79,,,,,1,2012/2/25
高新西区 ,63,49,89,,,,,1,2012/2/24
高新西区 ,78,90,111,,,,,2,2012/2/23
高新西区 ,72,77,122,,,,,2,2012/2/22
高新西区 ,63,72,112,,,,,2,2012/2/21
高新西区 ,53,47,96,,,,,1,2012/2/20
高新西区 ,39,39,59,,,,,1,2012/2/19
高新西区 ,34,33,59,,,,,1,2012/2/18
高新西区 ,30,29,53,,,,,1,2012/2/17
高新西区 ,37,37,110,,,,,2,2012/2/16
高新西区 ,53,32,110,,,,,2,2012/2/15
高新西区 ,56,40,113,,,,,2,2012/2/14
高新西区 ,51,40,86,,,,,1,2012/2/13
高新西区 ,54,37,88,,,,,1,2012/2/12
高新西区 ,41,30,67,,,,,1,2012/2/11
高新西区 ,35,20,48,,,,,0,2012/2/10
高新西区 ,36,24,47,,,,,0,2012/2/9
高新西区 ,40,25,43,,,,,0,2012/2/8
高新西区 ,40,35,49,,,,,0,2012/2/7
高新西区 ,74,74,145,,,,,2,2012/2/6
高新西区 ,66,48,87,,,,,1,2012/2/5
高新西区 ,55,46,75,,,,,1,2012/2/4
高新西区 ,27,36,58,,,,,1,2012/2/3
高新西区 ,39,34,38,,,,,0,2012/2/2
高新西区 ,89,83,135,,,,,2,2012/2/1
高新西区 ,90,58,130,,,,,2,2012/1/31
高新西区 ,89,60,114,,,,,2,2012/1/30
高新西区 ,80,95,113,,,,,2,2012/1/29
高新西区 ,73,69,95,,,,,1,2012/1/28
高新西区 ,46,42,74,,,,,1,2012/1/27
高新西区 ,63,42,79,,,,,1,2012/1/26
高新西区 ,50,34,40,,,,,0,2012/1/25
高新西区 ,44,27,75,,,,,1,2012/1/24
高新西区 ,64,35,82,,,,,1,2012/1/23
高新西区 ,58,34,64,,,,,1,2012/1/22
高新西区 ,56,33,67,,,,,1,2012/1/21
高新西区 ,75,70,97,,,,,1,2012/1/20
高新西区 ,87,74,130,,,,,2,2012/1/19
高新西区 ,90,80,169,,,,,3,2012/1/18
高新西区 ,88,55,130,,,,,2,2012/1/17
高新西区 ,101,80,127,,,,,2,2012/1/16
高新西区 ,100,95,107,,,,,2,2012/1/15
高新西区 ,100,84,139,,,,,2,2012/1/14
高新西区 ,100,99,132,,,,,2,2012/1/13
高新西区 ,90,99,122,,,,,2,2012/1/12
高新西区 ,112,99,166,,,,,3,2012/1/11
高新西区 ,92,116,167,,,,,3,2012/1/10
高新西区 ,104,94,140,,,,,2,2012/1/9
高新西区 ,87,99,143,,,,,2,2012/1/8
高新西区 ,92,70,98,,,,,1,2012/1/7
高新西区 ,66,78,97,,,,,1,2012/1/6
高新西区 ,61,34,62,,,,,1,2012/1/5
高新西区 ,29,32,35,,,,,0,2012/1/4
高新西区 ,30,34,75,,,,,1,2012/1/3
高新西区 ,60,69,150,,,,,2,2012/1/2
高新西区 ,106,93,199,,,,,3,2012/1/1
高新西区 ,82,74,163,,,,,3,2011/12/31
高新西区 ,98,65,188,,,,,3,2011/12/30
高新西区 ,102,44,124,,,,,2,2011/12/29
高新西区 ,75,34,124,,,,,2,2011/12/28
高新西区 ,73,25,113,,,,,2,2011/12/27
高新西区 ,71,30,105,,,,,2,2011/12/26
高新西区 ,56,34,114,,,,,2,2011/12/25
高新西区 ,65,23,72,,,,,1,2011/12/24
高新西区 ,63,35,95,,,,,1,2011/12/23
高新西区 ,64,31,83,,,,,1,2011/12/22
高新西区 ,72,42,92,,,,,1,2011/12/21
高新西区 ,76,29,133,,,,,2,2011/12/20
高新西区 ,76,27,130,,,,,2,2011/12/19
高新西区 ,59,34,108,,,,,2,2011/12/18
高新西区 ,64,24,76,,,,,1,2011/12/17
高新西区 ,69,31,99,,,,,1,2011/12/16
高新西区 ,68,39,112,,,,,2,2011/12/15
高新西区 ,66,21,110,,,,,2,2011/12/14
高新西区 ,61,25,107,,,,,2,2011/12/13
高新西区 ,55,19,60,,,,,1,2011/12/12
高新西区 ,52,22,96,,,,,1,2011/12/11
高新西区 ,76,19,64,,,,,1,2011/12/10
高新西区 ,89,19,71,,,,,1,2011/12/9
高新西区 ,63,17,64,,,,,1,2011/12/8
高新西区 ,68,17,61,,,,,1,2011/12/7
高新西区 ,68,19,57,,,,,1,2011/12/6
高新西区 ,59,19,62,,,,,1,2011/12/5
高新西区 ,63,19,106,,,,,2,2011/12/4
高新西区 ,62,21,107,,,,,2,2011/12/3
高新西区 ,57,19,78,,,,,1,2011/12/2
高新西区 ,49,15,60,,,,,1,2011/12/1
高新西区 ,43,20,40,,,,,0,2011/11/30
高新西区 ,42,22,73,,,,,1,2011/11/29
高新西区 ,40,24,120,,,,,2,2011/11/28
高新西区 ,37,15,113,,,,,2,2011/11/27
高新西区 ,22,19,108,,,,,2,2011/11/26
高新西区 ,28,19,95,,,,,1,2011/11/25
高新西区 ,23,17,61,,,,,1,2011/11/24
高新西区 ,25,20,63,,,,,1,2011/11/23
高新西区 ,26,14,62,,,,,1,2011/11/22
高新西区 ,35,16,74,,,,,1,2011/11/21
高新西区 ,32,20,42,,,,,0,2011/11/20
高新西区 ,20,20,50,,,,,1,2011/11/19
高新西区 ,21,16,66,,,,,1,2011/11/18
高新西区 ,22,17,64,,,,,1,2011/11/17
高新西区 ,21,17,75,,,,,1,2011/11/16
高新西区 ,33,20,81,,,,,1,2011/11/15
高新西区 ,27,19,69,,,,,1,2011/11/14
高新西区 ,26,24,66,,,,,1,2011/11/13
高新西区 ,23,17,71,,,,,1,2011/11/12
高新西区 ,29,22,78,,,,,1,2011/11/11
高新西区 ,20,19,66,,,,,1,2011/11/10
高新西区 ,15,12,64,,,,,1,2011/11/9
高新西区 ,20,13,37,,,,,0,2011/11/8
高新西区 ,16,12,55,,,,,1,2011/11/7
高新西区 ,29,12,77,,,,,1,2011/11/5
高新西区 ,21,5,71,,,,,1,2011/11/5
高新西区 ,20,13,85,,,,,1,2011/11/4
高新西区 ,19,16,98,,,,,1,2011/11/3
高新西区 ,24,14,95,,,,,1,2011/11/2
高新西区 ,23,22,107,,,,,2,2011/11/1
高新西区 ,23,20,118,,,,,2,2011/10/31
高新西区 ,26,17,110,,,,,2,2011/10/30
高新西区 ,20,17,98,,,,,1,2011/10/29
高新西区 ,29,12,111,,,,,2,2011/10/28
高新西区 ,20,18,83,,,,,1,2011/10/27
高新西区 ,21,14,57,,,,,1,2011/10/26
高新西区 ,14,18,57,,,,,1,2011/10/25
高新西区 ,16,17,61,,,,,1,2011/10/24
高新西区 ,14,9,82,,,,,1,2011/10/23
高新西区 ,33,12,89,,,,,1,2011/10/22
高新西区 ,20,20,98,,,,,1,2011/10/21
高新西区 ,26,14,96,,,,,1,2011/10/20
高新西区 ,17,15,93,,,,,1,2011/10/19
高新西区 ,13,31,83,,,,,1,2011/10/18
高新西区 ,7,24,61,,,,,1,2011/10/17
高新西区 ,14,24,62,,,,,1,2011/10/16
高新西区 ,25,29,61,,,,,1,2011/10/15
高新西区 ,18,29,53,,,,,1,2011/10/14
高新西区 ,9,20,57,,,,,1,2011/10/13
高新西区 ,23,19,78,,,,,1,2011/10/12
高新西区 ,22,34,80,,,,,1,2011/10/11
高新西区 ,19,18,78,,,,,1,2011/10/10
高新西区 ,35,34,88,,,,,1,2011/10/9
高新西区 ,32,36,88,,,,,1,2011/10/8
高新西区 ,29,49,86,,,,,1,2011/10/7
高新西区 ,31,41,62,,,,,1,2011/10/6
高新西区 ,26,47,70,,,,,1,2011/10/5
高新西区 ,26,47,70,,,,,1,2011/10/5
高新西区 ,28,37,71,,,,,1,2011/10/4
高新西区 ,18,39,63,,,,,1,2011/10/3
高新西区 ,19,27,75,,,,,1,2011/10/2
高新西区 ,20,14,73,,,,,1,2011/10/1
高新西区 ,23,34,75,,,,,1,2011/9/30
高新西区 ,30,34,67,,,,,1,2011/9/29
高新西区 ,14,29,65,,,,,1,2011/9/28
高新西区 ,29,32,81,,,,,1,2011/9/27
高新西区 ,23,20,90,,,,,1,2011/9/26
高新西区 ,47,29,99,,,,,1,2011/9/25
高新西区 ,41,30,100,,,,,1,2011/9/24
高新西区 ,31,24,70,,,,,1,2011/9/23
高新西区 ,18,17,61,,,,,1,2011/9/22
高新西区 ,17,22,62,,,,,1,2011/9/21
高新西区 ,12,15,49,,,,,0,2011/9/20
高新西区 ,9,13,37,,,,,0,2011/9/19
高新西区 ,13,11,44,,,,,0,2011/9/18
高新西区 ,14,20,55,,,,,1,2011/9/17
高新西区 ,13,19,56,,,,,1,2011/9/16
高新西区 ,11,22,58,,,,,1,2011/9/15
高新西区 ,15,22,54,,,,,1,2011/9/14
高新西区 ,19,22,48,,,,,0,2011/9/13
高新西区 ,14,21,41,,,,,0,2011/9/12
高新西区 ,13,20,58,,,,,1,2011/9/11
高新西区 ,15,24,75,,,,,1,2011/9/10
高新西区 ,15,30,82,,,,,1,2011/9/9
高新西区 ,17,28,54,,,,,1,2011/9/8
高新西区 ,14,24,42,,,,,0,2011/9/7
高新西区 ,11,20,34,,,,,0,2011/9/6
高新西区 ,11,23,45,,,,,0,2011/9/5
高新西区 ,16,27,68,,,,,1,2011/9/5
高新西区 ,17,27,84,,,,,1,2011/9/3
高新西区 ,21,47,97,,,,,1,2011/9/2
高新西区 ,20,26,94,,,,,1,2011/9/1
高新西区 ,27,32,100,,,,,1,2011/8/31
高新西区 ,17,30,99,,,,,1,2011/8/30
高新西区 ,18,35,97,,,,,1,2011/8/29
高新西区 ,17,32,75,,,,,1,2011/8/28
高新西区 ,16,39,74,,,,,1,2011/8/27
高新西区 ,22,12,76,,,,,1,2011/8/26
高新西区 ,22,30,88,,,,,1,2011/8/25
高新西区 ,15,32,88,,,,,1,2011/8/24
高新西区 ,15,23,78,,,,,1,2011/8/23
高新西区 ,10,19,56,,,,,1,2011/8/22
高新西区 ,11,22,53,,,,,1,2011/8/21
高新西区 ,11,25,53,,,,,1,2011/8/20
高新西区 ,11,14,47,,,,,0,2011/8/19
高新西区 ,11,14,66,,,,,1,2011/8/18
高新西区 ,17,23,70,,,,,1,2011/8/17
高新西区 ,16,17,89,,,,,1,2011/8/16
高新西区 ,14,25,99,,,,,1,2011/8/15
高新西区 ,13,30,115,,,,,2,2011/8/14
高新西区 ,13,24,97,,,,,1,2011/8/13
高新西区 ,19,26,99,,,,,1,2011/8/12
高新西区 ,18,24,95,,,,,1,2011/8/11
高新西区 ,14,24,98,,,,,1,2011/8/10
高新西区 ,16,30,96,,,,,1,2011/8/9
高新西区 ,15,20,96,,,,,1,2011/8/8
高新西区 ,16,31,89,,,,,1,2011/8/7
高新西区 ,14,24,68,,,,,1,2011/8/6
高新西区 ,11,20,79,,,,,1,2011/8/5
高新西区 ,12,22,99,,,,,1,2011/8/4
高新西区 ,9,24,66,,,,,1,2011/8/3
高新西区 ,10,20,55,,,,,1,2011/8/2
高新西区 ,11,14,41,,,,,0,2011/8/1
高新西区 ,18,21,53,,,,,0,2011/7/31
高新西区 ,11,15,40,,,,,0,2011/7/30
高新西区 ,12,12,61,,,,,1,2011/7/29
高新西区 ,15,27,86,,,,,1,2011/7/28
高新西区 ,15,24,88,,,,,1,2011/7/27
高新西区 ,26,28,77,,,,,1,2011/7/26
高新西区 ,16,20,75,,,,,1,2011/7/25
高新西区 ,39,27,96,,,,,1,2011/7/24
高新西区 ,24,34,94,,,,,1,2011/7/23
高新西区 ,19,24,69,,,,,1,2011/7/22
高新西区 ,18,19,79,,,,,1,2011/7/21
高新西区 ,20,28,94,,,,,1,2011/7/20
高新西区 ,22,32,87,,,,,1,2011/7/19
高新西区 ,20,22,82,,,,,1,2011/7/18
高新西区 ,24,37,82,,,,,1,2011/7/17
高新西区 ,26,33,100,,,,,1,2011/7/16
高新西区 ,25,35,96,,,,,1,2011/7/15
高新西区 ,19,27,80,,,,,1,2011/7/14
高新西区 ,19,35,87,,,,,1,2011/7/13
高新西区 ,31,33,89,,,,,1,2011/7/12
高新西区 ,20,21,95,,,,,1,2011/7/11
高新西区 ,40,42,96,,,,,1,2011/7/10
高新西区 ,13,21,71,,,,,1,2011/7/9
高新西区 ,19,19,86,,,,,1,2011/7/8
高新西区 ,13,14,48,,,,,0,2011/7/7
高新西区 ,13,7,34,,,,,0,2011/7/6
高新西区 ,14,12,77,,,,,1,2011/7/5
高新西区 ,13,10,52,,,,,1,2011/7/4
高新西区 ,16,13,62,,,,,1,2011/7/3
高新西区 ,14,9,41,,,,,0,2011/7/2
高新西区 ,15,13,60,,,,,1,2011/7/1
高新西区 ,20,19,67,,,,,1,2011/6/30
高新西区 ,21,25,58,,,,,1,2011/6/29
高新西区 ,22,19,52,,,,,1,2011/6/28
高新西区 ,23,14,53,,,,,1,2011/6/27
高新西区 ,31,15,62,,,,,1,2011/6/26
高新西区 ,12,24,60,,,,,1,2011/6/25
高新西区 ,19,16,39,,,,,1,2011/6/24
高新西区 ,12,18,39,,,,,0,2011/6/23
高新西区 ,11,22,56,,,,,1,2011/6/22
高新西区 ,20,20,56,,,,,1,2011/6/21
高新西区 ,18,17,74,,,,,1,2011/6/20
高新西区 ,25,27,63,,,,,1,2011/6/19
高新西区 ,18,14,47,,,,,1,2011/6/18
高新西区 ,13,22,75,,,,,1,2011/6/17
高新西区 ,18,29,90,,,,,1,2011/6/16
高新西区 ,22,21,54,,,,,1,2011/6/15
高新西区 ,15,12,61,,,,,1,2011/6/14
高新西区 ,31,17,80,,,,,1,2011/6/13
高新西区 ,52,27,80,,,,,1,2011/6/12
高新西区 ,22,24,53,,,,,1,2011/6/11
高新西区 ,15,15,38,,,,,0,2011/6/10
高新西区 ,32,22,74,,,,,1,2011/6/9
高新西区 ,34,27,77,,,,,1,2011/6/8
高新西区 ,25,35,92,,,,,1,2011/6/7
高新西区 ,21,24,87,,,,,1,2011/6/7
高新西区 ,23,37,93,,,,,1,2011/6/6
高新西区 ,17,24,91,,,,,1,2011/6/5
高新西区 ,18,29,89,,,,,1,2011/6/4
高新西区 ,30,35,81,,,,,1,2011/6/3
高新西区 ,17,15,91,,,,,1,2011/6/2
高新西区 ,12,14,73,,,,,1,2011/6/1
高新西区 ,13,17,63,,,,,1,2011/5/31
高新西区 ,15,30,80,,,,,1,2011/5/30
高新西区 ,16,20,75,,,,,1,2011/5/29
高新西区 ,20,23,83,,,,,1,2011/5/28
高新西区 ,10,21,87,,,,,1,2011/5/27
高新西区 ,19,18,74,,,,,1,2011/5/26
高新西区 ,15,22,75,,,,,1,2011/5/25
高新西区 ,17,24,56,,,,,1,2011/5/24
高新西区 ,16,21,30,,,,,0,2011/5/23
高新西区 ,18,15,31,,,,,0,2011/5/22
高新西区 ,19,18,43,,,,,0,2011/5/21
高新西区 ,50,22,93,,,,,1,2011/5/20
高新西区 ,43,30,112,,,,,2,2011/5/19
高新西区 ,45,40,95,,,,,1,2011/5/18
高新西区 ,40,31,74,,,,,1,2011/5/17
高新西区 ,34,23,47,,,,,0,2011/5/16
高新西区 ,18,26,59,,,,,1,2011/5/15
高新西区 ,27,22,52,,,,,1,2011/5/14
高新西区 ,29,27,61,,,,,1,2011/5/13
高新西区 ,21,17,71,,,,,1,2011/5/12
高新西区 ,17,23,59,,,,,1,2011/5/11
高新西区 ,19,16,57,,,,,1,2011/5/10
高新西区 ,28,21,96,,,,,1,2011/5/9
高新西区 ,20,13,94,,,,,1,2011/5/8
高新西区 ,20,22,95,,,,,1,2011/5/7
高新西区 ,26,17,74,,,,,1,2011/5/6
高新西区 ,27,17,75,,,,,1,2011/5/5
高新西区 ,26,30,91,,,,,1,2011/5/4
高新西区 ,33,29,57,,,,,1,2011/5/3
高新西区 ,16,17,49,,,,,0,2011/5/2
高新西区 ,25,23,90,,,,,1,2011/5/1
高新西区 ,44,22,190,,,,,3,2011/4/30
高新西区 ,50,44,109,,,,,2,2011/4/29
高新西区 ,39,32,94,,,,,1,2011/4/28
高新西区 ,34,17,98,,,,,1,2011/4/27
高新西区 ,35,29,108,,,,,2,2011/4/26
高新西区 ,48,37,105,,,,,2,2011/4/25
高新西区 ,42,31,78,,,,,1,2011/4/24
高新西区 ,34,29,80,,,,,1,2011/4/23
高新西区 ,34,30,99,,,,,1,2011/4/22
高新西区 ,29,33,93,,,,,1,2011/4/21
高新西区 ,31,34,96,,,,,1,2011/4/20
高新西区 ,39,21,93,,,,,1,2011/4/19
高新西区 ,20,13,99,,,,,1,2011/4/18
高新西区 ,35,20,80,,,,,1,2011/4/17
高新西区 ,24,20,92,,,,,1,2011/4/16
高新西区 ,33,22,98,,,,,1,2011/4/15
高新西区 ,57,47,130,,,,,2,2011/4/14
高新西区 ,47,49,135,,,,,2,2011/4/13
高新西区 ,34,30,109,,,,,2,2011/4/12
高新西区 ,36,23,97,,,,,1,2011/4/11
高新西区 ,51,42,131,,,,,2,2011/4/10
高新西区 ,31,34,96,,,,,1,2011/4/9
高新西区 ,19,23,85,,,,,1,2011/4/8
高新西区 ,27,22,97,,,,,1,2011/4/7
高新西区 ,32,29,97,,,,,1,2011/4/6
高新西区 ,43,29,95,,,,,1,2011/4/5
高新西区 ,37,29,94,,,,,1,2011/4/4
高新西区 ,31,19,88,,,,,1,2011/4/3
高新西区 ,43,35,83,,,,,1,2011/4/2
高新西区 ,51,39,99,,,,,1,2011/4/1
高新西区 ,55,48,96,,,,,1,2011/3/31
高新西区 ,61,49,120,,,,,2,2011/3/30
高新西区 ,35,36,97,,,,,1,2011/3/29
高新西区 ,55,28,95,,,,,1,2011/3/28
高新西区 ,43,35,89,,,,,1,2011/3/27
高新西区 ,37,34,78,,,,,1,2011/3/26
高新西区 ,33,31,99,,,,,1,2011/3/25
高新西区 ,30,24,88,,,,,1,2011/3/24
高新西区 ,44,27,83,,,,,1,2011/3/23
高新西区 ,16,13,49,,,,,0,2011/3/22
高新西区 ,12,10,55,,,,,1,2011/3/21
高新西区 ,33,24,99,,,,,1,2011/3/20
高新西区 ,42,28,164,,,,,3,2011/3/19
高新西区 ,51,32,150,,,,,2,2011/3/18
高新西区 ,33,25,95,,,,,1,2011/3/17
高新西区 ,24,30,74,,,,,1,2011/3/16
高新西区 ,36,17,93,,,,,1,2011/3/15
高新西区 ,47,31,200,,,,,3,2011/3/14
高新西区 ,70,55,98,,,,,1,2011/3/13
高新西区 ,62,42,96,,,,,1,2011/3/12
高新西区 ,63,47,100,,,,,1,2011/3/11
高新西区 ,59,32,94,,,,,1,2011/3/10
高新西区 ,60,33,83,,,,,1,2011/3/9
高新西区 ,75,39,96,,,,,1,2011/3/8
高新西区 ,61,39,88,,,,,1,2011/3/7
高新西区 ,72,38,123,,,,,2,2011/3/6
高新西区 ,77,37,95,,,,,1,2011/3/5
高新西区 ,71,27,78,,,,,1,2011/3/4
高新西区 ,62,37,95,,,,,1,2011/3/3
高新西区 ,54,30,94,,,,,1,2011/3/2
高新西区 ,33,15,60,,,,,1,2011/3/1
高新西区 ,73,29,93,,,,,1,2011/2/28
高新西区 ,60,29,100,,,,,1,2011/2/27
高新西区 ,70,34,140,,,,,2,2011/2/26
高新西区 ,95,64,154,,,,,3,2011/2/25
高新西区 ,92,67,184,,,,,3,2011/2/24
高新西区 ,72,49,130,,,,,2,2011/2/23
高新西区 ,77,39,104,,,,,2,2011/2/22
高新西区 ,91,60,145,,,,,2,2011/2/21
高新西区 ,73,48,144,,,,,2,2011/2/20
高新西区 ,89,40,134,,,,,2,2011/2/19
高新西区 ,88,36,134,,,,,2,2011/2/18
高新西区 ,73,53,121,,,,,2,2011/2/17
高新西区 ,82,35,88,,,,,1,2011/2/16
高新西区 ,70,31,92,,,,,1,2011/2/15
高新西区 ,54,21,69,,,,,1,2011/2/14
高新西区 ,72,28,82,,,,,1,2011/2/13
高新西区 ,82,34,74,,,,,1,2011/2/12
高新西区 ,63,29,95,,,,,1,2011/2/11
高新西区 ,64,30,74,,,,,1,2011/2/10
高新西区 ,92,42,109,,,,,2,2011/2/9
高新西区 ,72,40,93,,,,,1,2011/2/8
高新西区 ,69,35,93,,,,,1,2011/2/7
高新西区 ,73,40,118,,,,,2,2011/2/6
高新西区 ,62,34,97,,,,,1,2011/2/5
高新西区 ,79,42,162,,,,,3,2011/2/4
高新西区 ,104,64,226,,,,,4,2011/2/3
高新西区 ,74,44,126,,,,,2,2011/2/2
高新西区 ,96,47,124,,,,,2,2011/2/1
高新西区 ,74,39,98,,,,,1,2011/1/31
高新西区 ,66,32,99,,,,,1,2011/1/30
高新西区 ,60,26,81,,,,,1,2011/1/29
高新西区 ,77,33,97,,,,,1,2011/1/28
高新西区 ,101,43,119,,,,,2,2011/1/27
高新西区 ,99,42,135,,,,,2,2011/1/26
高新西区 ,104,45,125,,,,,2,2011/1/25
高新西区 ,77,44,127,,,,,2,2011/1/24
高新西区 ,78,52,125,,,,,2,2011/1/23
高新西区 ,98,67,160,,,,,3,2011/1/22
高新西区 ,82,46,170,,,,,3,2011/1/21
高新西区 ,66,37,129,,,,,2,2011/1/20
高新西区 ,79,35,110,,,,,2,2011/1/19
高新西区 ,67,34,98,,,,,1,2011/1/18
高新西区 ,83,34,91,,,,,1,2011/1/17
高新西区 ,95,37,102,,,,,2,2011/1/16
高新西区 ,97,44,112,,,,,2,2011/1/15
高新西区 ,97,63,147,,,,,2,2011/1/14
高新西区 ,98,48,135,,,,,2,2011/1/13
高新西区 ,88,41,98,,,,,1,2011/1/12
高新西区 ,68,34,81,,,,,1,2011/1/11
高新西区 ,67,36,100,,,,,1,2011/1/10
高新西区 ,72,29,103,,,,,2,2011/1/9
高新西区 ,86,36,89,,,,,1,2011/1/8
高新西区 ,84,38,75,,,,,1,2011/1/7
高新西区 ,56,31,78,,,,,1,2011/1/6
高新西区 ,63,40,107,,,,,2,2011/1/5
高新西区 ,66,29,85,,,,,1,2011/1/4
高新西区 ,43,20,78,,,,,1,2011/1/3
高新西区 ,57,27,85,,,,,1,2011/1/2
高新西区 ,67,41,95,,,,,1,2011/1/1
高新西区 ,65,32,72,,,,,1,2010/12/31
高新西区 ,13,44,73,,,,,1,2010/12/30
高新西区 ,71,34,101,,,,,2,2010/12/29
高新西区 ,62,31,78,,,,,1,2010/12/28
高新西区 ,62,17,130,,,,,2,2010/12/27
高新西区 ,50,27,96,,,,,1,2010/12/26
高新西区 ,64,25,71,,,,,1,2010/12/25
高新西区 ,71,32,97,,,,,1,2010/12/24
高新西区 ,81,49,161,,,,,3,2010/12/23
高新西区 ,75,45,135,,,,,2,2010/12/22
高新西区 ,69,39,118,,,,,2,2010/12/21
高新西区 ,70,47,111,,,,,2,2010/12/20
高新西区 ,67,38,100,,,,,1,2010/12/19
高新西区 ,97,58,123,,,,,2,2010/12/18
高新西区 ,74,37,89,,,,,1,2010/12/17
高新西区 ,52,19,59,,,,,1,2010/12/16
高新西区 ,59,21,66,,,,,1,2010/12/15
高新西区 ,80,30,95,,,,,1,2010/12/14
高新西区 ,93,47,136,,,,,2,2010/12/13
高新西区 ,58,40,119,,,,,2,2010/12/12
高新西区 ,59,37,95,,,,,1,2010/12/11
高新西区 ,71,48,127,,,,,2,2010/12/10
高新西区 ,75,63,116,,,,,2,2010/12/9
高新西区 ,63,52,75,,,,,1,2010/12/8
高新西区 ,64,42,94,,,,,1,2010/12/7
高新西区 ,53,29,87,,,,,1,2010/12/6
高新西区 ,105,119,126,,,,,2,2010/12/5
高新西区 ,98,87,130,,,,,2,2010/12/4
高新西区 ,73,55,95,,,,,1,2010/12/3
高新西区 ,64,59,95,,,,,1,2010/12/2
高新西区 ,80,75,100,,,,,1,2010/12/1
高新西区 ,73,58,86,,,,,1,2010/11/30
高新西区 ,66,59,88,,,,,1,2010/11/29
高新西区 ,90,80,91,,,,,1,2010/11/28
高新西区 ,92,80,96,,,,,1,2010/11/27
高新西区 ,100,92,136,,,,,2,2010/11/26
高新西区 ,108,100,140,,,,,2,2010/11/25
高新西区 ,90,73,119,,,,,2,2010/11/24
高新西区 ,103,68,90,,,,,2,2010/11/23
高新西区 ,75,46,94,,,,,1,2010/11/22
高新西区 ,59,27,100,,,,,1,2010/11/21
高新西区 ,73,55,114,,,,,2,2010/11/20
高新西区 ,79,49,96,,,,,1,2010/11/19
高新西区 ,100,94,145,,,,,2,2010/11/18
高新西区 ,82,69,128,,,,,2,2010/11/17
高新西区 ,63,31,95,,,,,1,2010/11/16
高新西区 ,74,25,79,,,,,1,2010/11/15
高新西区 ,66,45,74,,,,,1,2010/11/14
高新西区 ,68,67,91,,,,,1,2010/11/13
高新西区 ,58,64,110,,,,,2,2010/11/12
高新西区 ,58,39,80,,,,,1,2010/11/11
高新西区 ,60,40,98,,,,,1,2010/11/10
高新西区 ,54,63,92,,,,,1,2010/11/9
高新西区 ,50,54,94,,,,,1,2010/11/8
高新西区 ,57,45,86,,,,,1,2010/11/7
高新西区 ,62,87,125,,,,,2,2010/11/6
高新西区 ,52,77,100,,,,,1,2010/11/5
高新西区 ,50,47,74,,,,,1,2010/11/4
高新西区 ,48,47,65,,,,,1,2010/11/3
高新西区 ,43,36,75,,,,,1,2010/11/2
高新西区 ,67,99,128,,,,,2,2010/11/1
高新西区 ,56,106,115,,,,,2,2010/10/31
高新西区 ,40,41,87,,,,,1,2010/10/30
高新西区 ,35,40,77,,,,,1,2010/10/29
高新西区 ,33,44,61,,,,,1,2010/10/28
高新西区 ,29,41,49,,,,,0,2010/10/27
高新西区 ,6,19,24,,,,,0,2010/10/26
高新西区 ,17,19,40,,,,,0,2010/10/25
高新西区 ,53,59,125,,,,,2,2010/10/24
高新西区 ,52,63,105,,,,,2,2010/10/23
高新西区 ,43,58,105,,,,,2,2010/10/22
高新西区 ,53,60,103,,,,,2,2010/10/21
高新西区 ,31,48,103,,,,,2,2010/10/20
高新西区 ,45,95,128,,,,,2,2010/10/19
高新西区 ,39,88,118,,,,,2,2010/10/18
高新西区 ,51,88,114,,,,,2,2010/10/17
高新西区 ,44,89,99,,,,,1,2010/10/16
高新西区 ,44,49,68,,,,,1,2010/10/15
高新西区 ,37,35,64,,,,,1,2010/10/14
高新西区 ,24,36,59,,,,,1,2010/10/13
高新西区 ,29,43,68,,,,,1,2010/10/12
高新西区 ,19,15,25,,,,,0,2010/10/11
高新西区 ,29,27,98,,,,,1,2010/10/10
高新西区 ,37,49,146,,,,,2,2010/10/9
高新西区 ,27,37,93,,,,,1,2010/10/8
高新西区 ,45,27,79,,,,,1,2010/10/7
高新西区 ,44,32,85,,,,,1,2010/10/6
高新西区 ,26,38,78,,,,,1,2010/10/5
高新西区 ,23,42,53,,,,,1,2010/10/4
高新西区 ,26,30,55,,,,,1,2010/10/3
高新西区 ,17,26,60,,,,,1,2010/10/2
高新西区 ,37,33,96,,,,,1,2010/10/1
高新西区 ,34,24,81,,,,,1,2010/9/30
高新西区 ,22,22,77,,,,,1,2010/9/29
高新西区 ,42,47,100,,,,,1,2010/9/28
高新西区 ,27,24,97,,,,,1,2010/9/27
高新西区 ,28,44,67,,,,,1,2010/9/26
高新西区 ,10,10,51,,,,,1,2010/9/25
高新西区 ,28,40,78,,,,,1,2010/9/24
高新西区 ,19,23,46,,,,,0,2010/9/23
高新西区 ,14,20,34,,,,,0,2010/9/22
高新西区 ,29,29,66,,,,,1,2010/9/21
高新西区 ,29,37,56,,,,,1,2010/9/20
高新西区 ,13,34,73,,,,,1,2010/9/19
高新西区 ,34,31,67,,,,,1,2010/9/18
高新西区 ,28,35,70,,,,,1,2010/9/17
高新西区 ,31,35,86,,,,,1,2010/9/16
高新西区 ,33,15,81,,,,,1,2010/9/15
高新西区 ,31,19,78,,,,,1,2010/9/14
高新西区 ,42,19,81,,,,,1,2010/9/13
高新西区 ,38,23,81,,,,,1,2010/9/12
高新西区 ,29,21,67,,,,,1,2010/9/11
高新西区 ,23,20,61,,,,,1,2010/9/10
高新西区 ,43,25,61,,,,,1,2010/9/9
高新西区 ,29,20,74,,,,,1,2010/9/8
高新西区 ,20,21,65,,,,,1,2010/9/7
高新西区 ,27,23,97,,,,,1,2010/9/6
高新西区 ,28,22,83,,,,,1,2010/9/5
高新西区 ,24,21,79,,,,,1,2010/9/4
高新西区 ,38,29,90,,,,,1,2010/9/3
高新西区 ,30,31,93,,,,,1,2010/9/2
高新西区 ,37,19,85,,,,,1,2010/9/1
高新西区 ,35,27,89,,,,,1,2010/8/31
高新西区 ,35,44,91,,,,,1,2010/8/30
高新西区 ,32,24,80,,,,,1,2010/8/29
高新西区 ,26,22,84,,,,,1,2010/8/28
高新西区 ,39,23,75,,,,,1,2010/8/27
高新西区 ,40,22,70,,,,,1,2010/8/26
高新西区 ,26,23,88,,,,,1,2010/8/25
高新西区 ,14,21,18,,,,,0,2010/8/24
高新西区 ,15,27,52,,,,,1,2010/8/23
高新西区 ,12,25,37,,,,,0,2010/8/22
高新西区 ,19,26,72,,,,,1,2010/8/21
高新西区 ,13,22,44,,,,,0,2010/8/20
高新西区 ,14,24,90,,,,,1,2010/8/19
高新西区 ,13,35,98,,,,,1,2010/8/18
高新西区 ,10,34,92,,,,,1,2010/8/17
高新西区 ,16,28,74,,,,,1,2010/8/16
高新西区 ,13,27,55,,,,,1,2010/8/15
高新西区 ,9,17,36,,,,,0,2010/8/14
高新西区 ,5,21,57,,,,,1,2010/8/13
高新西区 ,6,27,80,,,,,1,2010/8/12
高新西区 ,25,21,85,,,,,1,2010/8/11
高新西区 ,18,30,77,,,,,1,2010/8/10
高新西区 ,19,22,91,,,,,1,2010/8/9
高新西区 ,8,25,90,,,,,1,2010/8/8
高新西区 ,16,8,83,,,,,1,2010/8/7
高新西区 ,4,26,70,,,,,1,2010/8/6
高新西区 ,4,19,56,,,,,1,2010/8/5
高新西区 ,18,33,95,,,,,1,2010/8/4
高新西区 ,16,34,85,,,,,1,2010/8/3
高新西区 ,6,24,63,,,,,1,2010/8/2
高新西区 ,14,25,76,,,,,1,2010/8/1
高新西区 ,14,25,96,,,,,1,2010/7/31
高新西区 ,14,25,86,,,,,1,2010/7/30
高新西区 ,14,27,107,,,,,2,2010/7/29
高新西区 ,8,24,87,,,,,1,2010/7/28
高新西区 ,13,27,81,,,,,1,2010/7/27
高新西区 ,7,21,62,,,,,1,2010/7/26
高新西区 ,6,15,53,,,,,1,2010/7/25
高新西区 ,8,22,60,,,,,1,2010/7/24
高新西区 ,7,19,89,,,,,1,2010/7/23
高新西区 ,7,20,56,,,,,1,2010/7/22
高新西区 ,12,25,95,,,,,1,2010/7/21
高新西区 ,9,17,85,,,,,1,2010/7/20
高新西区 ,6,13,68,,,,,1,2010/7/19
高新西区 ,10,27,54,,,,,1,2010/7/18
高新西区 ,9,30,83,,,,,1,2010/7/17
高新西区 ,8,17,62,,,,,1,2010/7/16
高新西区 ,9,22,62,,,,,1,2010/7/15
高新西区 ,7,27,94,,,,,1,2010/7/14
高新西区 ,24,29,67,,,,,1,2010/7/13
高新西区 ,14,25,66,,,,,1,2010/7/12
高新西区 ,22,22,65,,,,,1,2010/7/11
高新西区 ,6,12,33,,,,,0,2010/7/10
高新西区 ,11,23,73,,,,,1,2010/7/9
高新西区 ,13,25,73,,,,,1,2010/7/8
高新西区 ,33,27,69,,,,,1,2010/7/7
高新西区 ,23,28,78,,,,,1,2010/7/6
高新西区 ,22,17,58,,,,,1,2010/7/5
高新西区 ,28,21,53,,,,,1,2010/7/4
高新西区 ,25,18,51,,,,,1,2010/7/3
高新西区 ,22,23,59,,,,,1,2010/7/2
高新西区 ,18,17,41,,,,,0,2010/7/1
高新西区 ,15,11,48,,,,,0,2010/6/30
高新西区 ,19,20,61,,,,,1,2010/6/29
高新西区 ,21,24,68,,,,,1,2010/6/28
高新西区 ,39,21,60,,,,,1,2010/6/27
高新西区 ,21,25,89,,,,,1,2010/6/26
高新西区 ,11,24,82,,,,,1,2010/6/25
高新西区 ,11,20,68,,,,,1,2010/6/24
高新西区 ,17,27,58,,,,,1,2010/6/23
高新西区 ,33,34,70,,,,,1,2010/6/22
高新西区 ,28,30,70,,,,,1,2010/6/21
高新西区 ,36,22,72,,,,,1,2010/6/20
高新西区 ,33,21,100,,,,,1,2010/6/19
高新西区 ,34,21,80,,,,,1,2010/6/18
高新西区 ,25,29,79,,,,,1,2010/6/17
高新西区 ,17,19,61,,,,,1,2010/6/16
高新西区 ,23,21,77,,,,,1,2010/6/15
高新西区 ,13,23,64,,,,,1,2010/6/14
高新西区 ,17,25,77,,,,,1,2010/6/13
高新西区 ,11,32,80,,,,,1,2010/6/12
高新西区 ,16,34,84,,,,,1,2010/6/11
高新西区 ,15,24,62,,,,,1,2010/6/10
高新西区 ,10,18,55,,,,,1,2010/6/9
高新西区 ,11,17,66,,,,,1,2010/6/8
高新西区 ,12,10,61,,,,,1,2010/6/7
高新西区 ,14,35,80,,,,,1,2010/6/6
高新西区 ,14,30,63,,,,,1,2010/6/5
高新西区 ,35,30,66,,,,,1,2010/6/4
高新西区 ,26,27,65,,,,,1,2010/6/3
高新西区 ,25,18,51,,,,,1,2010/6/2
高新西区 ,18,14,52,,,,,1,2010/6/1
高新西区 ,31,17,70,,,,,1,2010/5/31
高新西区 ,30,24,79,,,,,1,2010/5/30
高新西区 ,34,24,89,,,,,1,2010/5/29
高新西区 ,27,21,58,,,,,1,2010/5/28
高新西区 ,20,17,47,,,,,0,2010/5/27
高新西区 ,15,16,80,,,,,1,2010/5/26
高新西区 ,35,29,94,,,,,1,2010/5/25
高新西区 ,34,36,92,,,,,1,2010/5/24
高新西区 ,18,26,63,,,,,1,2010/5/23
高新西区 ,17,23,56,,,,,1,2010/5/22
高新西区 ,27,22,95,,,,,1,2010/5/21
高新西区 ,16,26,92,,,,,1,2010/5/20
高新西区 ,20,19,89,,,,,1,2010/5/19
高新西区 ,15,20,57,,,,,1,2010/5/18
高新西区 ,45,15,79,,,,,1,2010/5/17
高新西区 ,44,19,100,,,,,1,2010/5/16
高新西区 ,37,18,99,,,,,1,2010/5/15
高新西区 ,16,16,65,,,,,1,2010/5/14
高新西区 ,6,15,62,,,,,1,2010/5/13
高新西区 ,10,15,97,,,,,1,2010/5/12
高新西区 ,20,39,90,,,,,1,2010/5/11
高新西区 ,21,26,114,,,,,2,2010/5/10
高新西区 ,17,22,83,,,,,1,2010/5/9
高新西区 ,18,19,79,,,,,1,2010/5/8
高新西区 ,18,23,82,,,,,1,2010/5/7
高新西区 ,16,10,72,,,,,1,2010/5/6
高新西区 ,8,12,88,,,,,1,2010/5/5
高新西区 ,32,20,85,,,,,1,2010/5/4
高新西区 ,53,24,93,,,,,1,2010/5/3
高新西区 ,43,15,98,,,,,1,2010/5/2
高新西区 ,49,37,103,,,,,2,2010/5/1
高新西区 ,40,24,138,,,,,2,2010/4/30
高新西区 ,44,21,153,,,,,3,2010/4/29
高新西区 ,36,20,168,,,,,3,2010/4/28
高新西区 ,32,22,154,,,,,3,2010/4/27
高新西区 ,16,14,304,,,,,6,2010/4/26
高新西区 ,48,20,86,,,,,1,2010/4/25
高新西区 ,36,24,89,,,,,1,2010/4/24
高新西区 ,38,23,83,,,,,1,2010/4/23
高新西区 ,23,13,40,,,,,0,2010/4/22
高新西区 ,30,23,73,,,,,1,2010/4/21
高新西区 ,46,24,95,,,,,1,2010/4/20
高新西区 ,42,27,105,,,,,2,2010/4/19
高新西区 ,46,29,90,,,,,1,2010/4/18
高新西区 ,36,14,125,,,,,2,2010/4/17
高新西区 ,41,30,90,,,,,1,2010/4/16
高新西区 ,44,24,73,,,,,1,2010/4/15
高新西区 ,29,17,62,,,,,1,2010/4/14
高新西区 ,35,15,57,,,,,1,2010/4/14
高新西区 ,36,21,88,,,,,1,2010/4/12
高新西区 ,37,24,97,,,,,1,2010/4/11
高新西区 ,40,24,94,,,,,1,2010/4/10
高新西区 ,35,29,93,,,,,1,2010/4/9
高新西区 ,32,30,116,,,,,2,2010/4/8
高新西区 ,49,19,93,,,,,1,2010/4/7
高新西区 ,23,16,89,,,,,1,2010/4/6
高新西区 ,33,22,99,,,,,1,2010/4/5
高新西区 ,33,21,89,,,,,1,2010/4/4
高新西区 ,45,19,96,,,,,1,2010/4/3
高新西区 ,45,24,95,,,,,1,2010/4/2
高新西区 ,55,14,89,,,,,1,2010/4/1
高新西区 ,45,24,126,,,,,2,2010/3/31
高新西区 ,44,22,113,,,,,2,2010/3/30
高新西区 ,39,25,95,,,,,1,2010/3/29
高新西区 ,45,19,99,,,,,1,2010/3/28
高新西区 ,42,19,99,,,,,1,2010/3/27
高新西区 ,52,24,130,,,,,2,2010/3/26
高新西区 ,44,17,89,,,,,1,2010/3/25
高新西区 ,33,15,88,,,,,1,2010/3/24
高新西区 ,41,14,90,,,,,1,2010/3/23
高新西区 ,53,27,192,,,,,3,2010/3/22
高新西区 ,52,20,144,,,,,2,2010/3/21
高新西区 ,45,14,182,,,,,3,2010/3/20
高新西区 ,48,34,108,,,,,2,2010/3/19
高新西区 ,49,30,133,,,,,2,2010/3/18
高新西区 ,40,27,94,,,,,1,2010/3/17
高新西区 ,50,26,95,,,,,1,2010/3/16
高新西区 ,43,22,78,,,,,1,2010/3/15
高新西区 ,35,24,107,,,,,2,2010/3/14
高新西区 ,46,32,114,,,,,2,2010/3/13
高新西区 ,46,36,100,,,,,1,2010/3/12
高新西区 ,52,34,96,,,,,1,2010/3/11
高新西区 ,42,24,72,,,,,1,2010/3/10
高新西区 ,43,11,53,,,,,1,2010/3/9
高新西区 ,42,20,88,,,,,1,2010/3/8
高新西区 ,70,22,80,,,,,1,2010/3/7
高新西区 ,56,17,65,,,,,1,2010/3/6
高新西区 ,65,20,80,,,,,1,2010/3/5
高新西区 ,55,20,83,,,,,1,2010/3/4
高新西区 ,56,32,100,,,,,1,2010/3/3
高新西区 ,64,24,100,,,,,1,2010/3/2
高新西区 ,84,22,152,,,,,3,2010/3/1
高新西区 ,79,32,107,,,,,2,2010/2/28
高新西区 ,64,33,105,,,,,2,2010/2/27
高新西区 ,62,25,96,,,,,1,2010/2/26
高新西区 ,51,19,100,,,,,1,2010/2/25
高新西区 ,67,39,120,,,,,2,2010/2/24
高新西区 ,66,34,100,,,,,1,2010/2/23
高新西区 ,58,26,65,,,,,1,2010/2/22
高新西区 ,63,29,63,,,,,1,2010/2/21
高新西区 ,22,27,93,,,,,1,2010/2/20
高新西区 ,47,16,67,,,,,1,2010/2/19
高新西区 ,37,13,57,,,,,1,2010/2/18
高新西区 ,43,12,65,,,,,1,2010/2/17
高新西区 ,46,14,63,,,,,1,2010/2/16
高新西区 ,45,9,72,,,,,1,2010/2/15
高新西区 ,11,15,89,,,,,1,2010/2/14
高新西区 ,68,19,71,,,,,1,2010/2/13
高新西区 ,39,12,53,,,,,1,2010/2/12
高新西区 ,49,14,52,,,,,1,2010/2/11
高新西区 ,56,23,64,,,,,1,2010/2/10
高新西区 ,62,28,122,,,,,2,2010/2/9
高新西区 ,77,27,121,,,,,2,2010/2/8
高新西区 ,68,28,136,,,,,2,2010/2/7
高新西区 ,71,39,131,,,,,2,2010/2/6
高新西区 ,66,32,131,,,,,2,2010/2/5
高新西区 ,68,35,120,,,,,2,2010/2/4
高新西区 ,70,34,70,,,,,1,2010/2/3
高新西区 ,72,27,85,,,,,1,2010/2/2
高新西区 ,58,28,80,,,,,1,2010/2/1
高新西区 ,57,36,65,,,,,1,2010/1/31
高新西区 ,80,29,80,,,,,1,2010/1/30
高新西区 ,63,31,69,,,,,1,2010/1/29
高新西区 ,65,33,71,,,,,1,2010/1/28
高新西区 ,36,32,59,,,,,1,2010/1/27
高新西区 ,34,25,81,,,,,1,2010/1/26
高新西区 ,54,35,75,,,,,1,2010/1/25
高新西区 ,60,33,76,,,,,1,2010/1/24
高新西区 ,56,27,63,,,,,1,2010/1/23
高新西区 ,39,20,55,,,,,1,2010/1/22
高新西区 ,17,17,86,,,,,1,2010/1/21
高新西区 ,72,35,166,,,,,3,2010/1/20
高新西区 ,70,60,129,,,,,2,2010/1/19
高新西区 ,84,67,131,,,,,2,2010/1/18
高新西区 ,63,94,159,,,,,3,2010/1/17
高新西区 ,58,74,117,,,,,2,2010/1/16
高新西区 ,62,57,89,,,,,1,2010/1/15
高新西区 ,61,45,62,,,,,1,2010/1/14
高新西区 ,49,37,56,,,,,1,2010/1/13
高新西区 ,63,44,82,,,,,1,2010/1/12
高新西区 ,56,80,126,,,,,2,2010/1/11
高新西区 ,68,48,190,,,,,3,2010/1/10
高新西区 ,62,35,141,,,,,2,2010/1/9
高新西区 ,60,106,87,,,,,2,2010/1/8
高新西区 ,46,67,86,,,,,1,2010/1/7
高新西区 ,62,65,67,,,,,1,2010/1/6
高新西区 ,63,39,63,,,,,1,2010/1/5
高新西区 ,52,70,95,,,,,1,2010/1/4
高新西区 ,62,34,97,,,,,1,2010/1/3
高新西区 ,70,27,100,,,,,1,2010/1/2
高新西区 ,33,60,123,,,,,2,2010/1/2
经开区 ,69,72,96,,,,,1,2012/12/31
经开区 ,56,34,73,,,,,1,2012/12/30
经开区 ,56,37,89,,,,,1,2012/12/29
经开区 ,67,87,230,,,,,4,2012/12/28
经开区 ,77,42,96,,,,,1,2012/12/25
经开区 ,18,19,95,,,,,1,2012/12/24
经开区 ,31,24,65,,,,,1,2012/12/23
经开区 ,47,29,77,,,,,1,2012/12/22
经开区 ,40,35,89,,,,,1,2012/12/21
经开区 ,51,37,98,,,,,1,2012/12/20
经开区 ,41,24,93,,,,,1,2012/12/19
经开区 ,30,25,79,,,,,1,2012/12/18
经开区 ,42,21,169,,,,,3,2012/12/17
经开区 ,55,21,355,,,,,7,2012/12/16
经开区 ,48,23,263,,,,,5,2012/12/15
经开区 ,52,22,299,,,,,5,2012/12/14
经开区 ,53,25,315,,,,,7,2012/12/13
经开区 ,57,25,296,,,,,5,2012/12/12
经开区 ,58,30,100,,,,,1,2012/12/11
经开区 ,54,26,110,,,,,2,2012/12/10
经开区 ,51,17,84,,,,,1,2012/12/9
经开区 ,54,37,87,,,,,1,2012/12/8
经开区 ,62,21,88,,,,,1,2012/12/7
经开区 ,58,15,94,,,,,1,2012/12/6
经开区 ,75,13,96,,,,,1,2012/12/5
经开区 ,67,24,142,,,,,2,2012/12/4
经开区 ,69,19,123,,,,,2,2012/12/3
经开区 ,65,22,206,,,,,4,2012/12/2
经开区 ,68,18,225,,,,,4,2012/12/1
经开区 ,41,25,111,,,,,2,2012/11/30
经开区 ,33,17,93,,,,,1,2012/11/29
经开区 ,43,18,99,,,,,1,2012/11/28
经开区 ,42,23,93,,,,,1,2012/11/27
经开区 ,28,12,87,,,,,1,2012/11/26
经开区 ,29,15,82,,,,,1,2012/11/25
经开区 ,24,15,83,,,,,1,2012/11/24
经开区 ,27,10,74,,,,,1,2012/11/23
经开区 ,25,26,158,,,,,3,2012/11/22
经开区 ,24,19,138,,,,,2,2012/11/21
经开区 ,44,20,129,,,,,2,2012/11/20
经开区 ,31,26,97,,,,,1,2012/11/19
经开区 ,50,31,94,,,,,1,2012/11/18
经开区 ,41,18,99,,,,,1,2012/11/17
经开区 ,32,14,69,,,,,1,2012/11/16
经开区 ,40,24,123,,,,,2,2012/11/15
经开区 ,25,21,100,,,,,1,2012/11/14
经开区 ,32,27,98,,,,,1,2012/11/13
经开区 ,21,20,74,,,,,1,2012/11/12
经开区 ,16,12,68,,,,,1,2012/11/11
经开区 ,13,20,98,,,,,1,2012/11/10
经开区 ,13,22,85,,,,,1,2012/11/9
经开区 ,19,14,59,,,,,1,2012/11/8
经开区 ,28,21,91,,,,,1,2012/11/7
经开区 ,22,17,86,,,,,1,2012/11/6
经开区 ,24,15,67,,,,,1,2012/11/5
经开区 ,17,13,78,,,,,1,2012/11/4
经开区 ,17,13,100,,,,,1,2012/11/3
经开区 ,22,23,266,,,,,5,2012/11/2
经开区 ,24,19,93,,,,,1,2012/11/1
经开区 ,23,19,97,,,,,1,2012/10/31
经开区 ,21,18,90,,,,,1,2012/10/30
经开区 ,25,21,97,,,,,1,2012/10/29
经开区 ,25,26,97,,,,,1,2012/10/28
经开区 ,24,27,96,,,,,1,2012/10/27
经开区 ,25,29,122,,,,,2,2012/10/26
经开区 ,22,24,94,,,,,1,2012/10/25
经开区 ,23,23,91,,,,,1,2012/10/24
经开区 ,24,27,92,,,,,1,2012/10/23
经开区 ,18,20,50,,,,,0,2012/10/22
经开区 ,21,32,132,,,,,2,2012/10/21
经开区 ,26,34,110,,,,,2,2012/10/20
经开区 ,33,26,109,,,,,2,2012/10/19
经开区 ,32,27,103,,,,,2,2012/10/18
经开区 ,27,22,76,,,,,1,2012/10/17
经开区 ,26,20,95,,,,,1,2012/10/16
经开区 ,28,25,140,,,,,2,2012/10/15
经开区 ,29,24,93,,,,,1,2012/10/14
经开区 ,31,28,95,,,,,1,2012/10/13
经开区 ,30,24,139,,,,,2,2012/10/12
经开区 ,28,26,138,,,,,2,2012/10/11
经开区 ,29,22,86,,,,,1,2012/10/10
经开区 ,26,19,97,,,,,1,2012/10/9
经开区 ,26,25,143,,,,,2,2012/10/8
经开区 ,33,29,131,,,,,2,2012/10/7
经开区 ,25,21,108,,,,,2,2012/10/6
经开区 ,20,17,92,,,,,1,2012/10/5
经开区 ,24,21,85,,,,,1,2012/10/4
经开区 ,24,24,101,,,,,2,2012/10/3
经开区 ,26,25,108,,,,,2,2012/10/2
经开区 ,27,25,88,,,,,1,2012/10/1
经开区 ,29,19,98,,,,,1,2012/9/30
经开区 ,30,14,83,,,,,1,2012/9/29
经开区 ,29,22,68,,,,,1,2012/9/28
经开区 ,31,17,67,,,,,1,2012/9/27
经开区 ,25,17,54,,,,,1,2012/9/26
经开区 ,35,17,107,,,,,2,2012/9/25
经开区 ,29,27,112,,,,,2,2012/9/24
经开区 ,33,14,93,,,,,1,2012/9/23
经开区 ,29,18,78,,,,,1,2012/9/22
经开区 ,27,9,78,,,,,1,2012/9/21
经开区 ,30,17,69,,,,,1,2012/9/20
经开区 ,27,19,83,,,,,1,2012/9/19
经开区 ,23,17,84,,,,,1,2012/9/18
经开区 ,21,14,79,,,,,1,2012/9/17
经开区 ,23,13,51,,,,,1,2012/9/16
经开区 ,26,15,68,,,,,1,2012/9/15
经开区 ,25,15,61,,,,,1,2012/9/14
经开区 ,23,12,53,,,,,1,2012/9/13
经开区 ,24,15,47,,,,,0,2012/9/12
经开区 ,20,12,57,,,,,1,2012/9/11
经开区 ,24,15,64,,,,,1,2012/9/10
经开区 ,22,12,60,,,,,1,2012/9/9
经开区 ,25,15,63,,,,,1,2012/9/8
经开区 ,27,14,68,,,,,1,2012/9/7
经开区 ,25,17,80,,,,,1,2012/9/6
经开区 ,32,17,69,,,,,1,2012/9/5
经开区 ,34,18,57,,,,,1,2012/9/4
经开区 ,34,18,57,,,,,1,2012/9/4
经开区 ,31,15,47,,,,,1,2012/9/3
经开区 ,25,11,32,,,,,0,2012/9/2
经开区 ,21,14,31,,,,,0,2012/9/1
经开区 ,25,13,77,,,,,1,2012/8/31
经开区 ,26,17,75,,,,,1,2012/8/30
经开区 ,25,18,66,,,,,1,2012/8/29
经开区 ,26,16,74,,,,,1,2012/8/28
经开区 ,25,16,88,,,,,1,2012/8/28
经开区 ,25,13,76,,,,,1,2012/8/26
经开区 ,28,19,67,,,,,1,2012/8/25
经开区 ,28,15,56,,,,,1,2012/8/24
经开区 ,27,14,51,,,,,1,2012/8/23
经开区 ,20,14,57,,,,,1,2012/8/22
经开区 ,26,17,41,,,,,0,2012/8/21
经开区 ,29,17,45,,,,,0,2012/8/20
经开区 ,28,14,38,,,,,0,2012/8/19
经开区 ,34,17,55,,,,,1,2012/8/18
经开区 ,32,17,60,,,,,1,2012/8/17
经开区 ,34,21,81,,,,,1,2012/8/16
经开区 ,33,22,60,,,,,1,2012/8/15
经开区 ,33,19,55,,,,,1,2012/8/14
经开区 ,32,25,71,,,,,1,2012/8/13
经开区 ,23,17,83,,,,,1,2012/8/12
经开区 ,28,14,79,,,,,1,2012/8/11
经开区 ,25,15,73,,,,,1,2012/8/10
经开区 ,18,12,78,,,,,1,2012/8/9
经开区 ,20,15,79,,,,,1,2012/8/8
经开区 ,33,19,60,,,,,1,2012/8/7
经开区 ,26,17,59,,,,,1,2012/8/6
经开区 ,23,12,68,,,,,1,2012/8/5
经开区 ,24,12,71,,,,,1,2012/8/4
经开区 ,21,12,61,,,,,1,2012/8/3
经开区 ,28,16,56,,,,,1,2012/8/2
经开区 ,29,14,51,,,,,1,2012/8/1
经开区 ,31,9,54,,,,,1,2012/7/31
经开区 ,37,18,64,,,,,1,2012/7/30
经开区 ,31,17,71,,,,,1,2012/7/29
经开区 ,37,16,53,,,,,1,2012/7/28
经开区 ,38,17,49,,,,,0,2012/7/27
经开区 ,33,17,79,,,,,1,2012/7/26
经开区 ,31,17,74,,,,,1,2012/7/25
经开区 ,29,18,57,,,,,1,2012/7/24
经开区 ,24,16,56,,,,,1,2012/7/23
经开区 ,23,12,52,,,,,1,2012/7/22
经开区 ,22,14,70,,,,,1,2012/7/21
经开区 ,23,12,81,,,,,1,2012/7/20
经开区 ,23,12,82,,,,,1,2012/7/19
经开区 ,24,12,76,,,,,1,2012/7/18
经开区 ,21,10,71,,,,,1,2012/7/17
经开区 ,23,11,69,,,,,1,2012/7/16
经开区 ,23,11,69,,,,,1,2012/7/16
经开区 ,21,10,65,,,,,1,2012/7/15
经开区 ,20,10,63,,,,,1,2012/7/14
经开区 ,38,26,69,,,,,1,2012/7/13
经开区 ,33,19,69,,,,,1,2012/7/12
经开区 ,23,14,68,,,,,1,2012/7/11
经开区 ,25,12,56,,,,,1,2012/7/10
经开区 ,15,11,47,,,,,0,2012/7/9
经开区 ,25,14,65,,,,,1,2012/7/8
经开区 ,24,13,52,,,,,1,2012/7/7
经开区 ,20,20,58,,,,,1,2012/7/6
经开区 ,17,14,42,,,,,0,2012/7/5
经开区 ,27,14,40,,,,,0,2012/7/4
经开区 ,24,13,49,,,,,0,2012/7/3
经开区 ,23,17,59,,,,,1,2012/7/2
经开区 ,29,19,52,,,,,1,2012/7/1
经开区 ,22,16,46,,,,,0,2012/6/30
经开区 ,27,10,53,,,,,1,2012/6/29
经开区 ,27,11,52,,,,,1,2012/6/28
经开区 ,30,14,70,,,,,1,2012/6/27
经开区 ,27,13,54,,,,,1,2012/6/26
经开区 ,39,19,70,,,,,1,2012/6/25
经开区 ,31,18,62,,,,,1,2012/6/24
经开区 ,32,17,62,,,,,1,2012/6/23
经开区 ,35,17,65,,,,,1,2012/6/22
经开区 ,35,24,70,,,,,1,2012/6/21
经开区 ,31,20,66,,,,,1,2012/6/20
经开区 ,37,18,70,,,,,1,2012/6/19
经开区 ,35,20,67,,,,,1,2012/6/18
经开区 ,37,26,71,,,,,1,2012/6/17
经开区 ,28,30,66,,,,,1,2012/6/16
经开区 ,33,24,65,,,,,1,2012/6/15
经开区 ,37,17,67,,,,,1,2012/6/14
经开区 ,26,25,68,,,,,1,2012/6/13
经开区 ,30,25,72,,,,,1,2012/6/12
经开区 ,27,23,79,,,,,1,2012/6/11
经开区 ,42,27,63,,,,,1,2012/6/10
经开区 ,43,19,64,,,,,1,2012/6/9
经开区 ,36,22,63,,,,,1,2012/6/8
经开区 ,36,22,76,,,,,1,2012/6/7
经开区 ,31,21,69,,,,,1,2012/6/6
经开区 ,37,22,86,,,,,1,2012/6/5
经开区 ,40,21,74,,,,,1,2012/6/4
经开区 ,37,11,58,,,,,1,2012/6/3
经开区 ,38,19,62,,,,,1,2012/6/2
经开区 ,39,20,68,,,,,1,2012/6/1
经开区 ,34,20,60,,,,,1,2012/5/31
经开区 ,31,22,54,,,,,1,2012/5/30
经开区 ,20,15,62,,,,,1,2012/5/29
经开区 ,24,21,67,,,,,1,2012/5/28
经开区 ,23,19,83,,,,,1,2012/5/27
经开区 ,17,17,96,,,,,1,2012/5/26
经开区 ,11,21,93,,,,,1,2012/5/25
经开区 ,12,15,92,,,,,1,2012/5/24
经开区 ,11,20,97,,,,,1,2012/5/23
经开区 ,10,14,53,,,,,1,2012/5/22
经开区 ,25,10,73,,,,,1,2012/5/21
经开区 ,27,24,82,,,,,1,2012/5/20
经开区 ,33,31,94,,,,,1,2012/5/19
经开区 ,33,34,85,,,,,1,2012/5/18
经开区 ,36,34,73,,,,,1,2012/5/17
经开区 ,37,30,80,,,,,1,2012/5/16
经开区 ,22,28,65,,,,,1,2012/5/15
经开区 ,21,20,74,,,,,1,2012/5/14
经开区 ,17,20,91,,,,,1,2012/5/13
经开区 ,17,19,68,,,,,1,2012/5/12
经开区 ,27,10,59,,,,,1,2012/5/11
经开区 ,30,21,73,,,,,1,2012/5/10
经开区 ,26,21,81,,,,,1,2012/5/9
经开区 ,26,30,91,,,,,1,2012/5/8
经开区 ,27,28,107,,,,,2,2012/5/7
经开区 ,39,32,91,,,,,1,2012/5/6
经开区 ,42,27,90,,,,,1,2012/5/5
经开区 ,27,29,82,,,,,1,2012/5/4
经开区 ,15,23,75,,,,,1,2012/5/3
经开区 ,16,20,72,,,,,1,2012/5/2
经开区 ,16,16,89,,,,,1,2012/5/1
经开区 ,30,16,83,,,,,1,2012/4/30
经开区 ,32,25,87,,,,,1,2012/4/29
经开区 ,38,29,91,,,,,1,2012/4/28
经开区 ,37,25,102,,,,,2,2012/4/27
经开区 ,31,30,97,,,,,1,2012/4/26
经开区 ,30,29,89,,,,,1,2012/4/25
经开区 ,24,20,72,,,,,1,2012/4/24
经开区 ,49,29,90,,,,,1,2012/4/23
经开区 ,33,29,85,,,,,1,2012/4/22
经开区 ,33,29,89,,,,,1,2012/4/21
经开区 ,34,29,81,,,,,1,2012/4/20
经开区 ,34,30,66,,,,,1,2012/4/19
经开区 ,32,27,87,,,,,1,2012/4/18
经开区 ,51,27,85,,,,,1,2012/4/17
经开区 ,36,32,66,,,,,1,2012/4/16
经开区 ,28,33,69,,,,,1,2012/4/15
经开区 ,19,31,68,,,,,1,2012/4/14
经开区 ,18,20,48,,,,,0,2012/4/13
经开区 ,31,14,51,,,,,1,2012/4/12
经开区 ,28,23,67,,,,,1,2012/4/11
经开区 ,25,20,56,,,,,1,2012/4/10
经开区 ,28,22,60,,,,,1,2012/4/9
经开区 ,26,28,80,,,,,1,2012/4/8
经开区 ,28,22,87,,,,,1,2012/4/7
经开区 ,26,20,86,,,,,1,2012/4/6
经开区 ,21,20,77,,,,,1,2012/4/5
经开区 ,22,25,93,,,,,1,2012/4/4
经开区 ,25,24,77,,,,,1,2012/4/3
经开区 ,34,29,82,,,,,1,2012/4/2
经开区 ,39,29,86,,,,,1,2012/4/1
经开区 ,30,23,55,,,,,1,2012/4/1
经开区 ,58,31,71,,,,,1,2012/3/30
经开区 ,31,27,89,,,,,1,2012/3/29
经开区 ,68,44,93,,,,,1,2012/3/28
经开区 ,51,43,110,,,,,2,2012/3/27
经开区 ,65,52,82,,,,,1,2012/3/26
经开区 ,60,40,80,,,,,1,2012/3/25
经开区 ,50,33,70,,,,,1,2012/3/24
经开区 ,47,32,60,,,,,1,2012/3/23
经开区 ,41,27,57,,,,,1,2012/3/22
经开区 ,49,32,73,,,,,1,2012/3/21
经开区 ,49,30,62,,,,,1,2012/3/20
经开区 ,59,29,118,,,,,2,2012/3/19
经开区 ,65,40,120,,,,,2,2012/3/18
经开区 ,49,37,85,,,,,1,2012/3/17
经开区 ,40,32,89,,,,,1,2012/3/16
经开区 ,51,36,79,,,,,1,2012/3/15
经开区 ,54,40,97,,,,,1,2012/3/14
经开区 ,57,50,107,,,,,2,2012/3/13
经开区 ,42,38,84,,,,,1,2012/3/12
经开区 ,44,39,62,,,,,1,2012/3/11
经开区 ,49,38,83,,,,,1,2012/3/10
经开区 ,35,30,65,,,,,1,2012/3/9
经开区 ,37,35,65,,,,,1,2012/3/8
经开区 ,32,36,61,,,,,1,2012/3/7
经开区 ,34,36,57,,,,,1,2012/3/6
经开区 ,37,35,70,,,,,1,2012/3/5
经开区 ,32,36,64,,,,,1,2012/3/4
经开区 ,38,30,73,,,,,1,2012/3/3
经开区 ,39,39,119,,,,,2,2012/3/2
经开区 ,47,72,120,,,,,2,2012/3/1
经开区 ,62,63,130,,,,,2,2012/2/29
经开区 ,56,37,97,,,,,1,2012/2/28
经开区 ,39,30,81,,,,,1,2012/2/27
经开区 ,48,35,63,,,,,1,2012/2/26
经开区 ,67,36,71,,,,,1,2012/2/25
经开区 ,51,40,97,,,,,1,2012/2/24
经开区 ,77,74,117,,,,,2,2012/2/23
经开区 ,62,60,118,,,,,2,2012/2/22
经开区 ,81,57,99,,,,,1,2012/2/21
经开区 ,66,39,77,,,,,1,2012/2/20
经开区 ,48,34,55,,,,,1,2012/2/19
经开区 ,37,26,49,,,,,0,2012/2/18
经开区 ,46,27,51,,,,,1,2012/2/17
经开区 ,39,31,112,,,,,2,2012/2/16
经开区 ,54,30,123,,,,,2,2012/2/15
经开区 ,55,37,118,,,,,2,2012/2/14
经开区 ,33,30,84,,,,,1,2012/2/13
经开区 ,34,29,84,,,,,1,2012/2/12
经开区 ,30,26,63,,,,,1,2012/2/11
经开区 ,30,21,44,,,,,0,2012/2/10
经开区 ,31,27,36,,,,,0,2012/2/9
经开区 ,30,21,51,,,,,1,2012/2/8
经开区 ,47,15,48,,,,,0,2012/2/7
经开区 ,73,72,149,,,,,2,2012/2/6
经开区 ,65,39,85,,,,,1,2012/2/5
经开区 ,48,47,67,,,,,1,2012/2/4
经开区 ,29,32,50,,,,,0,2012/2/3
经开区 ,40,27,45,,,,,0,2012/2/2
经开区 ,70,64,144,,,,,2,2012/2/1
经开区 ,68,50,120,,,,,2,2012/1/31
经开区 ,79,46,118,,,,,2,2012/1/30
经开区 ,77,80,108,,,,,2,2012/1/29
经开区 ,77,53,95,,,,,1,2012/1/28
经开区 ,53,32,74,,,,,1,2012/1/27
经开区 ,69,40,79,,,,,1,2012/1/26
经开区 ,41,24,53,,,,,1,2012/1/25
经开区 ,36,32,65,,,,,1,2012/1/24
经开区 ,42,26,63,,,,,1,2012/1/23
经开区 ,46,27,55,,,,,1,2012/1/22
经开区 ,54,30,57,,,,,1,2012/1/21
经开区 ,61,48,99,,,,,1,2012/1/20
经开区 ,82,55,127,,,,,2,2012/1/19
经开区 ,94,68,141,,,,,2,2012/1/18
经开区 ,74,73,125,,,,,2,2012/1/17
经开区 ,99,83,109,,,,,2,2012/1/16
经开区 ,81,62,90,,,,,1,2012/1/15
经开区 ,90,92,116,,,,,2,2012/1/14
经开区 ,78,83,120,,,,,2,2012/1/13
经开区 ,67,54,106,,,,,2,2012/1/12
经开区 ,77,87,141,,,,,2,2012/1/11
经开区 ,77,62,156,,,,,3,2012/1/10
经开区 ,83,77,123,,,,,2,2012/1/9
经开区 ,80,58,115,,,,,2,2012/1/8
经开区 ,84,63,81,,,,,1,2012/1/7
经开区 ,70,50,81,,,,,1,2012/1/6
经开区 ,37,38,59,,,,,1,2012/1/5
经开区 ,38,36,47,,,,,0,2012/1/4
经开区 ,57,39,64,,,,,1,2012/1/3
经开区 ,97,48,160,,,,,3,2012/1/2
经开区 ,109,88,189,,,,,3,2012/1/1
经开区 ,87,68,147,,,,,2,2011/12/31
经开区 ,90,68,179,,,,,3,2011/12/30
经开区 ,97,46,122,,,,,2,2011/12/29
经开区 ,61,72,99,,,,,1,2011/12/28
经开区 ,69,46,100,,,,,1,2011/12/27
经开区 ,58,47,104,,,,,2,2011/12/26
经开区 ,60,31,107,,,,,2,2011/12/25
经开区 ,69,19,60,,,,,1,2011/12/24
经开区 ,54,41,87,,,,,1,2011/12/23
经开区 ,63,32,76,,,,,1,2011/12/22
经开区 ,64,49,98,,,,,1,2011/12/21
经开区 ,75,50,128,,,,,2,2011/12/20
经开区 ,77,47,133,,,,,2,2011/12/19
经开区 ,60,31,114,,,,,2,2011/12/18
经开区 ,62,33,93,,,,,1,2011/12/17
经开区 ,67,37,96,,,,,1,2011/12/16
经开区 ,62,47,107,,,,,2,2011/12/15
经开区 ,64,42,107,,,,,2,2011/12/14
经开区 ,63,32,120,,,,,2,2011/12/13
经开区 ,62,26,95,,,,,1,2011/12/12
经开区 ,66,33,113,,,,,2,2011/12/11
经开区 ,86,30,69,,,,,1,2011/12/10
经开区 ,85,27,71,,,,,1,2011/12/9
经开区 ,64,34,60,,,,,1,2011/12/8
经开区 ,72,19,70,,,,,1,2011/12/7
经开区 ,66,27,63,,,,,1,2011/12/6
经开区 ,68,30,81,,,,,1,2011/12/5
经开区 ,64,34,104,,,,,2,2011/12/4
经开区 ,59,27,118,,,,,2,2011/12/3
经开区 ,54,31,98,,,,,1,2011/12/2
经开区 ,50,22,60,,,,,1,2011/12/1
经开区 ,33,24,45,,,,,0,2011/11/30
经开区 ,57,37,87,,,,,1,2011/11/29
经开区 ,32,34,116,,,,,2,2011/11/28
经开区 ,31,24,105,,,,,2,2011/11/27
经开区 ,24,20,98,,,,,1,2011/11/26
经开区 ,26,35,123,,,,,2,2011/11/25
经开区 ,17,27,85,,,,,1,2011/11/24
经开区 ,15,29,69,,,,,1,2011/11/23
经开区 ,14,15,76,,,,,1,2011/11/22
经开区 ,22,27,80,,,,,1,2011/11/21
经开区 ,21,22,45,,,,,0,2011/11/20
经开区 ,12,30,47,,,,,1,2011/11/19
经开区 ,16,22,58,,,,,1,2011/11/18
经开区 ,17,27,61,,,,,1,2011/11/17
经开区 ,18,29,73,,,,,1,2011/11/16
经开区 ,28,32,86,,,,,1,2011/11/15
经开区 ,15,28,68,,,,,1,2011/11/14
经开区 ,14,22,71,,,,,1,2011/11/13
经开区 ,18,29,84,,,,,1,2011/11/12
经开区 ,17,36,95,,,,,1,2011/11/11
经开区 ,12,24,70,,,,,1,2011/11/10
经开区 ,13,27,62,,,,,1,2011/11/9
经开区 ,13,23,35,,,,,0,2011/11/8
经开区 ,17,24,30,,,,,0,2011/11/7
经开区 ,18,21,70,,,,,1,2011/11/5
经开区 ,8,12,56,,,,,1,2011/11/5
经开区 ,17,19,66,,,,,1,2011/11/4
经开区 ,16,22,78,,,,,1,2011/11/3
经开区 ,19,24,93,,,,,1,2011/11/2
经开区 ,24,27,106,,,,,2,2011/11/1
经开区 ,11,34,106,,,,,2,2011/10/31
经开区 ,12,31,109,,,,,2,2011/10/30
经开区 ,12,26,90,,,,,1,2011/10/29
经开区 ,25,20,109,,,,,2,2011/10/28
经开区 ,19,14,79,,,,,1,2011/10/27
经开区 ,23,22,52,,,,,1,2011/10/26
经开区 ,13,15,51,,,,,1,2011/10/25
经开区 ,12,22,53,,,,,1,2011/10/24
经开区 ,10,13,61,,,,,1,2011/10/23
经开区 ,23,22,87,,,,,1,2011/10/22
经开区 ,19,41,86,,,,,1,2011/10/21
经开区 ,12,29,84,,,,,1,2011/10/20
经开区 ,12,21,90,,,,,1,2011/10/19
经开区 ,11,25,73,,,,,1,2011/10/18
经开区 ,18,28,63,,,,,1,2011/10/17
经开区 ,32,23,55,,,,,1,2011/10/16
经开区 ,30,28,48,,,,,0,2011/10/15
经开区 ,25,21,47,,,,,0,2011/10/14
经开区 ,17,27,48,,,,,0,2011/10/13
经开区 ,21,13,53,,,,,1,2011/10/12
经开区 ,17,13,66,,,,,1,2011/10/11
经开区 ,20,20,61,,,,,1,2011/10/10
经开区 ,19,25,79,,,,,1,2011/10/9
经开区 ,19,27,79,,,,,1,2011/10/8
经开区 ,15,25,76,,,,,1,2011/10/7
经开区 ,23,32,58,,,,,1,2011/10/6
经开区 ,19,31,56,,,,,1,2011/10/5
经开区 ,19,31,56,,,,,1,2011/10/5
经开区 ,18,22,62,,,,,1,2011/10/4
经开区 ,22,22,61,,,,,1,2011/10/3
经开区 ,18,30,65,,,,,1,2011/10/2
经开区 ,19,28,64,,,,,1,2011/10/1
经开区 ,32,29,62,,,,,1,2011/9/30
经开区 ,24,20,39,,,,,0,2011/9/29
经开区 ,18,12,51,,,,,1,2011/9/28
经开区 ,28,25,51,,,,,1,2011/9/27
经开区 ,19,15,82,,,,,1,2011/9/26
经开区 ,30,24,86,,,,,1,2011/9/25
经开区 ,30,25,68,,,,,1,2011/9/24
经开区 ,30,22,81,,,,,1,2011/9/23
经开区 ,16,19,79,,,,,1,2011/9/22
经开区 ,13,20,63,,,,,1,2011/9/21
经开区 ,13,13,31,,,,,0,2011/9/20
经开区 ,10,9,34,,,,,0,2011/9/19
经开区 ,9,5,26,,,,,0,2011/9/18
经开区 ,19,17,34,,,,,0,2011/9/17
经开区 ,12,21,69,,,,,1,2011/9/16
经开区 ,10,18,59,,,,,1,2011/9/15
经开区 ,13,15,45,,,,,0,2011/9/14
经开区 ,17,18,45,,,,,0,2011/9/13
经开区 ,11,22,39,,,,,0,2011/9/12
经开区 ,14,20,53,,,,,1,2011/9/11
经开区 ,27,21,52,,,,,1,2011/9/10
经开区 ,21,19,56,,,,,1,2011/9/9
经开区 ,18,26,45,,,,,0,2011/9/8
经开区 ,19,10,38,,,,,0,2011/9/7
经开区 ,15,13,22,,,,,0,2011/9/6
经开区 ,12,14,43,,,,,0,2011/9/5
经开区 ,28,27,51,,,,,1,2011/9/4
经开区 ,26,19,64,,,,,1,2011/9/3
经开区 ,31,24,91,,,,,1,2011/9/2
经开区 ,31,29,96,,,,,1,2011/9/1
经开区 ,31,30,84,,,,,1,2011/8/31
经开区 ,29,24,72,,,,,1,2011/8/30
经开区 ,28,28,66,,,,,1,2011/8/29
经开区 ,24,28,63,,,,,1,2011/8/28
经开区 ,28,27,51,,,,,1,2011/8/27
经开区 ,26,21,55,,,,,1,2011/8/26
经开区 ,29,29,78,,,,,1,2011/8/25
经开区 ,10,36,65,,,,,1,2011/8/24
经开区 ,10,16,63,,,,,1,2011/8/23
经开区 ,10,16,34,,,,,0,2011/8/22
经开区 ,10,14,35,,,,,0,2011/8/21
经开区 ,10,14,30,,,,,0,2011/8/20
经开区 ,10,10,38,,,,,0,2011/8/19
经开区 ,14,18,52,,,,,1,2011/8/18
经开区 ,12,24,52,,,,,1,2011/8/17
经开区 ,21,17,74,,,,,1,2011/8/16
经开区 ,15,23,95,,,,,1,2011/8/15
经开区 ,13,27,98,,,,,1,2011/8/14
经开区 ,12,23,87,,,,,1,2011/8/13
经开区 ,17,24,90,,,,,1,2011/8/12
经开区 ,19,23,88,,,,,1,2011/8/11
经开区 ,18,27,94,,,,,1,2011/8/10
经开区 ,18,26,94,,,,,1,2011/8/9
经开区 ,13,25,98,,,,,1,2011/8/8
经开区 ,14,34,91,,,,,1,2011/8/7
经开区 ,10,25,52,,,,,1,2011/8/6
经开区 ,8,25,65,,,,,1,2011/8/5
经开区 ,14,25,95,,,,,1,2011/8/4
经开区 ,7,19,65,,,,,1,2011/8/3
经开区 ,9,25,56,,,,,1,2011/8/2
经开区 ,10,15,39,,,,,0,2011/8/1
经开区 ,10,25,64,,,,,1,2011/7/31
经开区 ,9,19,33,,,,,0,2011/7/30
经开区 ,13,12,53,,,,,1,2011/7/29
经开区 ,14,27,76,,,,,1,2011/7/28
经开区 ,18,20,74,,,,,1,2011/7/27
经开区 ,22,33,80,,,,,1,2011/7/26
经开区 ,12,16,61,,,,,1,2011/7/25
经开区 ,19,35,90,,,,,1,2011/7/24
经开区 ,12,34,90,,,,,1,2011/7/23
经开区 ,11,28,56,,,,,1,2011/7/22
经开区 ,10,24,59,,,,,1,2011/7/21
经开区 ,16,26,82,,,,,1,2011/7/20
经开区 ,13,20,70,,,,,1,2011/7/19
经开区 ,12,24,62,,,,,1,2011/7/18
经开区 ,13,26,66,,,,,1,2011/7/17
经开区 ,13,28,69,,,,,1,2011/7/16
经开区 ,21,31,70,,,,,1,2011/7/15
经开区 ,14,29,57,,,,,1,2011/7/14
经开区 ,15,39,90,,,,,1,2011/7/13
经开区 ,11,45,87,,,,,1,2011/7/12
经开区 ,23,27,90,,,,,1,2011/7/11
经开区 ,18,39,106,,,,,2,2011/7/10
经开区 ,20,19,73,,,,,1,2011/7/9
经开区 ,15,14,81,,,,,1,2011/7/8
经开区 ,10,17,40,,,,,0,2011/7/7
经开区 ,10,19,29,,,,,0,2011/7/6
经开区 ,10,26,58,,,,,1,2011/7/5
经开区 ,10,12,41,,,,,0,2011/7/4
经开区 ,19,17,48,,,,,0,2011/7/3
经开区 ,22,19,40,,,,,0,2011/7/2
经开区 ,23,19,55,,,,,1,2011/7/1
经开区 ,23,31,61,,,,,1,2011/6/30
经开区 ,28,30,52,,,,,1,2011/6/29
经开区 ,18,15,48,,,,,0,2011/6/28
经开区 ,11,17,50,,,,,0,2011/6/27
经开区 ,23,19,52,,,,,1,2011/6/26
经开区 ,13,27,60,,,,,1,2011/6/25
经开区 ,17,17,53,,,,,1,2011/6/24
经开区 ,10,18,43,,,,,0,2011/6/23
经开区 ,10,21,57,,,,,1,2011/6/22
经开区 ,14,20,59,,,,,1,2011/6/21
经开区 ,20,15,71,,,,,1,2011/6/20
经开区 ,21,25,75,,,,,1,2011/6/19
经开区 ,12,15,47,,,,,0,2011/6/18
经开区 ,22,24,68,,,,,1,2011/6/17
经开区 ,14,29,67,,,,,1,2011/6/16
经开区 ,21,24,61,,,,,1,2011/6/15
经开区 ,19,14,64,,,,,1,2011/6/14
经开区 ,26,24,72,,,,,1,2011/6/13
经开区 ,27,38,82,,,,,1,2011/6/12
经开区 ,29,27,78,,,,,1,2011/6/11
经开区 ,20,25,55,,,,,1,2011/6/10
经开区 ,20,25,90,,,,,1,2011/6/9
经开区 ,26,20,84,,,,,1,2011/6/8
经开区 ,22,34,85,,,,,1,2011/6/7
经开区 ,18,30,94,,,,,1,2011/6/7
经开区 ,38,45,97,,,,,1,2011/6/6
经开区 ,18,29,93,,,,,1,2011/6/5
经开区 ,18,32,93,,,,,1,2011/6/4
经开区 ,28,45,84,,,,,1,2011/6/3
经开区 ,10,12,88,,,,,1,2011/6/2
经开区 ,21,14,65,,,,,1,2011/6/1
经开区 ,10,12,59,,,,,1,2011/5/31
经开区 ,7,36,79,,,,,1,2011/5/30
经开区 ,8,25,77,,,,,1,2011/5/29
经开区 ,16,19,67,,,,,1,2011/5/28
经开区 ,17,10,71,,,,,1,2011/5/27
经开区 ,13,23,85,,,,,1,2011/5/26
经开区 ,15,23,77,,,,,1,2011/5/25
经开区 ,11,37,72,,,,,1,2011/5/24
经开区 ,12,17,65,,,,,1,2011/5/23
经开区 ,8,27,43,,,,,0,2011/5/22
经开区 ,4,10,31,,,,,0,2011/5/21
经开区 ,24,30,97,,,,,1,2011/5/20
经开区 ,30,45,87,,,,,1,2011/5/19
经开区 ,34,58,92,,,,,1,2011/5/18
经开区 ,31,50,62,,,,,1,2011/5/17
经开区 ,36,34,48,,,,,0,2011/5/16
经开区 ,20,59,72,,,,,1,2011/5/15
经开区 ,10,35,49,,,,,0,2011/5/14
经开区 ,16,23,66,,,,,1,2011/5/13
经开区 ,17,42,59,,,,,1,2011/5/12
经开区 ,10,31,55,,,,,1,2011/5/11
经开区 ,13,14,51,,,,,1,2011/5/10
经开区 ,24,28,83,,,,,1,2011/5/9
经开区 ,19,22,87,,,,,1,2011/5/9
经开区 ,27,13,94,,,,,1,2011/5/7
经开区 ,28,15,94,,,,,1,2011/5/6
经开区 ,21,23,68,,,,,1,2011/5/5
经开区 ,15,19,83,,,,,1,2011/5/4
经开区 ,16,30,58,,,,,1,2011/5/3
经开区 ,9,15,51,,,,,1,2011/5/2
经开区 ,24,40,84,,,,,1,2011/5/1
经开区 ,62,47,193,,,,,3,2011/4/30
经开区 ,41,73,92,,,,,1,2011/4/29
经开区 ,22,49,75,,,,,1,2011/4/28
经开区 ,24,20,83,,,,,1,2011/4/27
经开区 ,49,49,99,,,,,1,2011/4/26
经开区 ,55,63,96,,,,,1,2011/4/25
经开区 ,29,39,91,,,,,1,2011/4/24
经开区 ,33,47,92,,,,,1,2011/4/23
经开区 ,31,39,111,,,,,2,2011/4/22
经开区 ,27,30,90,,,,,1,2011/4/21
经开区 ,34,40,99,,,,,1,2011/4/20
经开区 ,18,25,88,,,,,1,2011/4/19
经开区 ,25,24,90,,,,,1,2011/4/18
经开区 ,27,22,80,,,,,1,2011/4/17
经开区 ,20,14,90,,,,,1,2011/4/16
经开区 ,35,27,93,,,,,1,2011/4/15
经开区 ,77,64,129,,,,,2,2011/4/14
经开区 ,59,64,142,,,,,2,2011/4/13
经开区 ,30,35,139,,,,,2,2011/4/12
经开区 ,31,29,94,,,,,1,2011/4/11
经开区 ,41,52,135,,,,,2,2011/4/10
经开区 ,44,50,96,,,,,1,2011/4/9
经开区 ,25,39,100,,,,,1,2011/4/8
经开区 ,11,37,92,,,,,1,2011/4/7
经开区 ,14,22,80,,,,,1,2011/4/6
经开区 ,28,38,82,,,,,1,2011/4/5
经开区 ,25,39,88,,,,,1,2011/4/4
经开区 ,14,24,58,,,,,1,2011/4/3
经开区 ,13,22,81,,,,,1,2011/4/2
经开区 ,71,74,90,,,,,1,2011/4/1
经开区 ,62,64,80,,,,,1,2011/3/31
经开区 ,53,54,105,,,,,2,2011/3/30
经开区 ,44,63,84,,,,,1,2011/3/29
经开区 ,42,54,99,,,,,1,2011/3/28
经开区 ,47,38,97,,,,,1,2011/3/27
经开区 ,25,22,94,,,,,1,2011/3/26
经开区 ,21,44,98,,,,,1,2011/3/25
经开区 ,20,49,100,,,,,1,2011/3/24
经开区 ,13,48,76,,,,,1,2011/3/23
经开区 ,5,50,65,,,,,1,2011/3/22
经开区 ,10,14,55,,,,,1,2011/3/21
经开区 ,22,14,93,,,,,1,2011/3/20
经开区 ,50,35,165,,,,,3,2011/3/19
经开区 ,61,63,149,,,,,2,2011/3/18
经开区 ,33,46,91,,,,,1,2011/3/17
经开区 ,39,34,97,,,,,1,2011/3/16
经开区 ,24,29,81,,,,,1,2011/3/15
经开区 ,63,30,230,,,,,4,2011/3/14
经开区 ,80,90,99,,,,,1,2011/3/13
经开区 ,82,77,100,,,,,1,2011/3/12
经开区 ,57,68,100,,,,,1,2011/3/11
经开区 ,46,39,91,,,,,1,2011/3/10
经开区 ,66,41,97,,,,,1,2011/3/9
经开区 ,61,47,91,,,,,1,2011/3/8
经开区 ,51,45,99,,,,,1,2011/3/7
经开区 ,60,52,144,,,,,2,2011/3/6
经开区 ,62,45,97,,,,,1,2011/3/5
经开区 ,42,23,65,,,,,1,2011/3/4
经开区 ,58,47,96,,,,,1,2011/3/3
经开区 ,22,39,90,,,,,1,2011/3/2
经开区 ,21,15,41,,,,,0,2011/3/1
经开区 ,42,34,76,,,,,1,2011/2/28
经开区 ,34,16,76,,,,,1,2011/2/27
经开区 ,38,32,118,,,,,2,2011/2/26
经开区 ,89,80,173,,,,,3,2011/2/25
经开区 ,99,67,199,,,,,3,2011/2/24
经开区 ,98,78,180,,,,,3,2011/2/23
经开区 ,56,47,121,,,,,2,2011/2/22
经开区 ,69,74,197,,,,,3,2011/2/21
经开区 ,66,59,198,,,,,3,2011/2/20
经开区 ,63,45,156,,,,,3,2011/2/19
经开区 ,75,40,141,,,,,2,2011/2/18
经开区 ,62,54,159,,,,,3,2011/2/17
经开区 ,53,27,99,,,,,1,2011/2/16
经开区 ,60,27,88,,,,,1,2011/2/15
经开区 ,49,24,48,,,,,0,2011/2/14
经开区 ,25,29,99,,,,,1,2011/2/13
经开区 ,56,44,81,,,,,1,2011/2/12
经开区 ,44,35,89,,,,,1,2011/2/11
经开区 ,44,15,83,,,,,1,2011/2/10
经开区 ,101,53,140,,,,,2,2011/2/9
经开区 ,77,65,98,,,,,1,2011/2/8
经开区 ,72,22,98,,,,,1,2011/2/7
经开区 ,77,48,125,,,,,2,2011/2/6
经开区 ,90,42,101,,,,,2,2011/2/5
经开区 ,95,54,171,,,,,3,2011/2/4
经开区 ,102,100,180,,,,,3,2011/2/3
经开区 ,73,50,121,,,,,2,2011/2/2
经开区 ,76,73,124,,,,,2,2011/2/1
经开区 ,46,39,84,,,,,1,2011/1/31
经开区 ,44,32,80,,,,,1,2011/1/30
经开区 ,50,29,64,,,,,1,2011/1/29
经开区 ,67,41,96,,,,,1,2011/1/28
经开区 ,96,63,153,,,,,3,2011/1/27
经开区 ,89,45,103,,,,,2,2011/1/26
经开区 ,85,55,118,,,,,2,2011/1/25
经开区 ,50,42,97,,,,,1,2011/1/24
经开区 ,22,75,116,,,,,2,2011/1/23
经开区 ,69,88,127,,,,,2,2011/1/22
经开区 ,27,83,111,,,,,2,2011/1/21
经开区 ,62,58,137,,,,,2,2011/1/20
经开区 ,40,43,126,,,,,2,2011/1/19
经开区 ,34,42,97,,,,,1,2011/1/18
经开区 ,65,36,85,,,,,1,2011/1/17
经开区 ,86,49,99,,,,,1,2011/1/16
经开区 ,87,77,137,,,,,2,2011/1/15
经开区 ,98,97,171,,,,,3,2011/1/14
经开区 ,86,58,141,,,,,2,2011/1/13
经开区 ,64,55,112,,,,,2,2011/1/12
经开区 ,55,53,98,,,,,1,2011/1/11
经开区 ,54,45,87,,,,,1,2011/1/10
经开区 ,73,42,106,,,,,2,2011/1/9
经开区 ,73,50,95,,,,,1,2011/1/8
经开区 ,50,43,100,,,,,1,2011/1/7
经开区 ,46,23,84,,,,,1,2011/1/6
经开区 ,24,28,128,,,,,2,2011/1/5
经开区 ,49,27,111,,,,,2,2011/1/4
经开区 ,32,16,92,,,,,1,2011/1/3
经开区 ,35,15,74,,,,,1,2011/1/2
经开区 ,49,14,88,,,,,1,2011/1/1
经开区 ,25,14,70,,,,,1,2010/12/31
经开区 ,17,13,70,,,,,1,2010/12/30
经开区 ,20,23,134,,,,,2,2010/12/29
经开区 ,24,23,90,,,,,1,2010/12/28
经开区 ,24,30,131,,,,,2,2010/12/27
经开区 ,21,21,98,,,,,1,2010/12/26
经开区 ,30,24,79,,,,,1,2010/12/25
经开区 ,35,23,96,,,,,1,2010/12/24
经开区 ,53,39,137,,,,,2,2010/12/23
经开区 ,41,26,99,,,,,1,2010/12/22
经开区 ,55,27,112,,,,,2,2010/12/21
经开区 ,53,37,94,,,,,1,2010/12/20
经开区 ,70,32,97,,,,,1,2010/12/19
经开区 ,69,41,137,,,,,2,2010/12/18
经开区 ,78,30,100,,,,,1,2010/12/17
经开区 ,32,11,64,,,,,1,2010/12/16
经开区 ,42,10,58,,,,,1,2010/12/15
经开区 ,32,22,97,,,,,1,2010/12/14
经开区 ,76,50,172,,,,,3,2010/12/13
经开区 ,43,30,135,,,,,2,2010/12/12
经开区 ,38,20,100,,,,,1,2010/12/11
经开区 ,67,31,145,,,,,2,2010/12/10
经开区 ,54,24,163,,,,,3,2010/12/9
经开区 ,47,42,100,,,,,1,2010/12/8
经开区 ,52,20,113,,,,,2,2010/12/7
经开区 ,49,15,97,,,,,1,2010/12/6
经开区 ,51,42,137,,,,,2,2010/12/5
经开区 ,64,43,163,,,,,3,2010/12/4
经开区 ,38,20,99,,,,,1,2010/12/3
经开区 ,54,32,98,,,,,1,2010/12/2
经开区 ,37,24,98,,,,,1,2010/12/1
经开区 ,62,28,91,,,,,1,2010/11/30
经开区 ,39,24,100,,,,,1,2010/11/29
经开区 ,69,42,99,,,,,1,2010/11/28
经开区 ,55,46,104,,,,,2,2010/11/27
经开区 ,99,40,197,,,,,3,2010/11/26
经开区 ,107,35,157,,,,,3,2010/11/25
经开区 ,70,42,162,,,,,3,2010/11/24
经开区 ,71,20,110,,,,,2,2010/11/23
经开区 ,59,30,100,,,,,1,2010/11/22
经开区 ,79,24,99,,,,,1,2010/11/21
经开区 ,44,29,148,,,,,2,2010/11/20
经开区 ,63,25,95,,,,,1,2010/11/19
经开区 ,87,69,145,,,,,2,2010/11/18
经开区 ,48,24,138,,,,,2,2010/11/17
经开区 ,59,18,111,,,,,2,2010/11/16
经开区 ,55,19,78,,,,,1,2010/11/15
经开区 ,28,19,82,,,,,1,2010/11/14
经开区 ,33,22,107,,,,,2,2010/11/13
经开区 ,25,15,132,,,,,2,2010/11/12
经开区 ,29,15,106,,,,,2,2010/11/11
经开区 ,25,24,97,,,,,1,2010/11/10
经开区 ,44,35,97,,,,,1,2010/11/9
经开区 ,12,21,99,,,,,1,2010/11/8
经开区 ,31,29,94,,,,,1,2010/11/7
经开区 ,33,31,112,,,,,2,2010/11/6
经开区 ,76,32,99,,,,,1,2010/11/5
经开区 ,66,30,97,,,,,1,2010/11/4
经开区 ,89,22,112,,,,,2,2010/11/3
经开区 ,30,27,90,,,,,1,2010/11/2
经开区 ,41,45,95,,,,,1,2010/11/1
经开区 ,34,53,104,,,,,2,2010/10/31
经开区 ,11,24,68,,,,,1,2010/10/30
经开区 ,35,29,90,,,,,1,2010/10/29
经开区 ,24,28,80,,,,,1,2010/10/28
经开区 ,7,15,82,,,,,1,2010/10/27
经开区 ,9,15,54,,,,,1,2010/10/26
经开区 ,20,17,86,,,,,1,2010/10/25
经开区 ,36,37,98,,,,,1,2010/10/24
经开区 ,28,42,86,,,,,1,2010/10/23
经开区 ,27,40,83,,,,,1,2010/10/22
经开区 ,27,25,111,,,,,2,2010/10/21
经开区 ,22,37,130,,,,,2,2010/10/20
经开区 ,23,80,145,,,,,2,2010/10/19
经开区 ,31,27,109,,,,,2,2010/10/18
经开区 ,36,59,123,,,,,2,2010/10/17
经开区 ,22,59,87,,,,,1,2010/10/16
经开区 ,24,29,76,,,,,1,2010/10/15
经开区 ,36,22,68,,,,,1,2010/10/14
经开区 ,17,20,79,,,,,1,2010/10/13
经开区 ,17,44,80,,,,,1,2010/10/12
经开区 ,12,15,61,,,,,1,2010/10/11
经开区 ,20,20,90,,,,,1,2010/10/10
经开区 ,35,43,128,,,,,2,2010/10/9
经开区 ,38,28,99,,,,,1,2010/10/8
经开区 ,40,32,94,,,,,1,2010/10/7
经开区 ,29,24,92,,,,,1,2010/10/6
经开区 ,34,22,93,,,,,1,2010/10/5
经开区 ,26,15,77,,,,,1,2010/10/4
经开区 ,17,15,79,,,,,1,2010/10/3
经开区 ,17,11,68,,,,,1,2010/10/2
经开区 ,16,20,72,,,,,1,2010/10/1
经开区 ,18,20,66,,,,,1,2010/9/30
经开区 ,16,11,65,,,,,1,2010/9/29
经开区 ,39,32,95,,,,,1,2010/9/28
经开区 ,17,20,73,,,,,1,2010/9/27
经开区 ,22,19,71,,,,,1,2010/9/26
经开区 ,9,11,78,,,,,1,2010/9/25
经开区 ,33,25,75,,,,,1,2010/9/24
经开区 ,16,19,57,,,,,1,2010/9/23
经开区 ,16,18,64,,,,,1,2010/9/22
经开区 ,29,14,71,,,,,1,2010/9/21
经开区 ,34,19,74,,,,,1,2010/9/20
经开区 ,27,13,76,,,,,1,2010/9/19
经开区 ,20,11,69,,,,,1,2010/9/18
经开区 ,19,24,71,,,,,1,2010/9/17
经开区 ,19,19,81,,,,,1,2010/9/16
经开区 ,15,14,72,,,,,1,2010/9/15
经开区 ,14,11,73,,,,,1,2010/9/14
经开区 ,14,15,78,,,,,1,2010/9/13
经开区 ,6,23,67,,,,,1,2010/9/12
经开区 ,19,16,62,,,,,1,2010/9/11
经开区 ,14,18,67,,,,,1,2010/9/10
经开区 ,14,17,69,,,,,1,2010/9/9
经开区 ,10,17,67,,,,,1,2010/9/8
经开区 ,12,13,59,,,,,1,2010/9/7
经开区 ,8,11,61,,,,,1,2010/9/6
经开区 ,15,15,73,,,,,1,2010/9/5
经开区 ,13,13,57,,,,,1,2010/9/4
经开区 ,15,22,83,,,,,1,2010/9/3
经开区 ,17,14,72,,,,,1,2010/9/2
经开区 ,11,16,72,,,,,1,2010/9/1
经开区 ,17,14,71,,,,,1,2010/8/31
经开区 ,11,24,78,,,,,1,2010/8/30
经开区 ,17,20,75,,,,,1,2010/8/29
经开区 ,20,20,94,,,,,1,2010/8/28
经开区 ,19,16,86,,,,,1,2010/8/27
经开区 ,15,24,79,,,,,1,2010/8/26
经开区 ,14,19,68,,,,,1,2010/8/25
经开区 ,13,12,39,,,,,0,2010/8/24
经开区 ,8,17,65,,,,,1,2010/8/23
经开区 ,12,13,61,,,,,1,2010/8/22
经开区 ,10,12,75,,,,,1,2010/8/21
经开区 ,9,15,66,,,,,1,2010/8/20
经开区 ,15,16,65,,,,,1,2010/8/19
经开区 ,16,22,72,,,,,1,2010/8/18
经开区 ,16,17,70,,,,,1,2010/8/17
经开区 ,21,16,68,,,,,1,2010/8/16
经开区 ,9,18,72,,,,,1,2010/8/15
经开区 ,6,15,56,,,,,1,2010/8/14
经开区 ,11,8,67,,,,,1,2010/8/13
经开区 ,12,14,74,,,,,1,2010/8/12
经开区 ,16,12,62,,,,,1,2010/8/11
经开区 ,14,16,66,,,,,1,2010/8/10
经开区 ,18,19,79,,,,,1,2010/8/9
经开区 ,8,15,75,,,,,1,2010/8/8
经开区 ,7,10,69,,,,,1,2010/8/7
经开区 ,6,21,79,,,,,1,2010/8/6
经开区 ,8,7,66,,,,,1,2010/8/5
经开区 ,13,12,95,,,,,1,2010/8/4
经开区 ,7,14,80,,,,,1,2010/8/3
经开区 ,4,11,64,,,,,1,2010/8/2
经开区 ,7,10,75,,,,,1,2010/8/1
经开区 ,15,18,88,,,,,1,2010/7/31
经开区 ,8,9,87,,,,,1,2010/7/30
经开区 ,16,17,98,,,,,1,2010/7/29
经开区 ,10,8,67,,,,,1,2010/7/28
经开区 ,9,7,60,,,,,1,2010/7/27
经开区 ,8,9,55,,,,,1,2010/7/26
经开区 ,6,8,53,,,,,1,2010/7/25
经开区 ,9,8,59,,,,,1,2010/7/24
经开区 ,2,8,78,,,,,1,2010/7/23
经开区 ,10,10,58,,,,,1,2010/7/22
经开区 ,16,22,71,,,,,1,2010/7/21
经开区 ,15,22,74,,,,,1,2010/7/20
经开区 ,4,10,74,,,,,1,2010/7/19
经开区 ,5,7,70,,,,,1,2010/7/18
经开区 ,3,20,66,,,,,1,2010/7/17
经开区 ,4,13,31,,,,,0,2010/7/16
经开区 ,6,15,55,,,,,1,2010/7/15
经开区 ,4,19,71,,,,,1,2010/7/14
经开区 ,26,10,72,,,,,1,2010/7/13
经开区 ,14,9,71,,,,,1,2010/7/12
经开区 ,17,18,77,,,,,1,2010/7/11
经开区 ,9,12,39,,,,,0,2010/7/10
经开区 ,12,10,55,,,,,1,2010/7/9
经开区 ,16,14,70,,,,,1,2010/7/8
经开区 ,11,16,73,,,,,1,2010/7/7
经开区 ,15,21,95,,,,,1,2010/7/6
经开区 ,17,13,71,,,,,1,2010/7/5
经开区 ,22,20,60,,,,,1,2010/7/4
经开区 ,17,12,57,,,,,1,2010/7/3
经开区 ,12,12,84,,,,,1,2010/7/2
经开区 ,9,15,51,,,,,1,2010/7/1
经开区 ,18,19,64,,,,,1,2010/6/30
经开区 ,43,20,77,,,,,1,2010/6/29
经开区 ,31,24,87,,,,,1,2010/6/28
经开区 ,17,22,60,,,,,1,2010/6/27
经开区 ,25,14,93,,,,,1,2010/6/26
经开区 ,19,13,94,,,,,1,2010/6/25
经开区 ,16,13,90,,,,,1,2010/6/24
经开区 ,20,19,70,,,,,1,2010/6/23
经开区 ,31,20,74,,,,,1,2010/6/22
经开区 ,31,19,84,,,,,1,2010/6/21
经开区 ,30,22,85,,,,,1,2010/6/20
经开区 ,34,23,105,,,,,2,2010/6/19
经开区 ,31,30,91,,,,,1,2010/6/18
经开区 ,34,24,96,,,,,1,2010/6/17
经开区 ,23,17,79,,,,,1,2010/6/16
经开区 ,26,17,107,,,,,2,2010/6/15
经开区 ,25,20,90,,,,,1,2010/6/14
经开区 ,29,15,90,,,,,1,2010/6/13
经开区 ,18,24,87,,,,,1,2010/6/12
经开区 ,23,25,88,,,,,1,2010/6/11
经开区 ,10,18,76,,,,,1,2010/6/10
经开区 ,3,13,47,,,,,0,2010/6/9
经开区 ,12,12,56,,,,,1,2010/6/8
经开区 ,20,13,75,,,,,1,2010/6/7
经开区 ,14,17,70,,,,,1,2010/6/6
经开区 ,17,17,69,,,,,1,2010/6/5
经开区 ,27,19,65,,,,,1,2010/6/4
经开区 ,12,26,82,,,,,1,2010/6/3
经开区 ,19,23,57,,,,,1,2010/6/2
经开区 ,23,14,53,,,,,1,2010/6/1
经开区 ,37,8,93,,,,,1,2010/5/31
经开区 ,30,19,99,,,,,1,2010/5/30
经开区 ,22,9,91,,,,,1,2010/5/29
经开区 ,9,9,42,,,,,0,2010/5/28
经开区 ,7,7,44,,,,,0,2010/5/27
经开区 ,21,10,96,,,,,1,2010/5/26
经开区 ,31,19,87,,,,,1,2010/5/25
经开区 ,33,16,110,,,,,2,2010/5/24
经开区 ,31,17,89,,,,,1,2010/5/23
经开区 ,25,9,66,,,,,1,2010/5/22
经开区 ,21,12,97,,,,,1,2010/5/21
经开区 ,32,16,99,,,,,1,2010/5/20
经开区 ,32,14,95,,,,,1,2010/5/19
经开区 ,15,11,62,,,,,1,2010/5/18
经开区 ,18,12,80,,,,,1,2010/5/17
经开区 ,19,7,82,,,,,1,2010/5/16
经开区 ,15,11,78,,,,,1,2010/5/15
经开区 ,9,14,59,,,,,1,2010/5/14
经开区 ,12,12,53,,,,,1,2010/5/13
经开区 ,19,10,102,,,,,2,2010/5/12
经开区 ,24,20,96,,,,,1,2010/5/11
经开区 ,27,14,134,,,,,2,2010/5/10
经开区 ,17,12,97,,,,,1,2010/5/9
经开区 ,28,13,96,,,,,1,2010/5/8
经开区 ,35,16,90,,,,,1,2010/5/7
经开区 ,17,8,81,,,,,1,2010/5/6
经开区 ,22,6,106,,,,,2,2010/5/5
经开区 ,25,15,89,,,,,1,2010/5/4
经开区 ,40,16,97,,,,,1,2010/5/3
经开区 ,34,19,101,,,,,2,2010/5/2
经开区 ,42,16,117,,,,,2,2010/5/1
经开区 ,25,13,176,,,,,3,2010/4/30
经开区 ,22,17,177,,,,,3,2010/4/29
经开区 ,28,15,194,,,,,3,2010/4/28
经开区 ,17,17,178,,,,,3,2010/4/27
经开区 ,16,16,500,,,,,6,2010/4/26
经开区 ,32,21,119,,,,,2,2010/4/25
经开区 ,32,21,83,,,,,1,2010/4/24
经开区 ,26,10,62,,,,,1,2010/4/23
经开区 ,36,12,55,,,,,1,2010/4/22
经开区 ,28,24,52,,,,,1,2010/4/21
经开区 ,40,23,54,,,,,1,2010/4/20
经开区 ,45,23,103,,,,,2,2010/4/19
经开区 ,21,22,65,,,,,1,2010/4/18
经开区 ,20,12,69,,,,,1,2010/4/17
经开区 ,37,20,65,,,,,1,2010/4/16
经开区 ,38,17,41,,,,,0,2010/4/15
经开区 ,28,14,53,,,,,1,2010/4/14
经开区 ,16,18,54,,,,,1,2010/4/13
经开区 ,27,18,81,,,,,1,2010/4/12
经开区 ,48,29,97,,,,,1,2010/4/11
经开区 ,35,32,97,,,,,1,2010/4/10
经开区 ,41,32,94,,,,,1,2010/4/9
经开区 ,30,25,96,,,,,1,2010/4/8
经开区 ,29,22,83,,,,,1,2010/4/7
经开区 ,29,20,91,,,,,1,2010/4/6
经开区 ,41,21,104,,,,,2,2010/4/5
经开区 ,48,27,95,,,,,1,2010/4/4
经开区 ,31,22,95,,,,,1,2010/4/3
经开区 ,29,25,85,,,,,1,2010/4/2
经开区 ,23,19,78,,,,,1,2010/4/1
经开区 ,42,24,82,,,,,1,2010/3/31
经开区 ,22,23,85,,,,,1,2010/3/30
经开区 ,23,22,94,,,,,1,2010/3/29
经开区 ,31,23,109,,,,,2,2010/3/28
经开区 ,36,24,112,,,,,2,2010/3/27
经开区 ,17,23,111,,,,,2,2010/3/26
经开区 ,23,22,90,,,,,1,2010/3/25
经开区 ,26,19,85,,,,,1,2010/3/24
经开区 ,38,26,93,,,,,1,2010/3/23
经开区 ,59,34,181,,,,,3,2010/3/22
经开区 ,36,25,119,,,,,2,2010/3/21
经开区 ,14,25,171,,,,,3,2010/3/20
经开区 ,43,39,104,,,,,2,2010/3/19
经开区 ,43,27,185,,,,,3,2010/3/18
经开区 ,35,30,108,,,,,2,2010/3/17
经开区 ,35,25,97,,,,,1,2010/3/16
经开区 ,46,19,68,,,,,1,2010/3/15
经开区 ,35,21,105,,,,,2,2010/3/14
经开区 ,37,19,108,,,,,2,2010/3/13
经开区 ,33,20,96,,,,,1,2010/3/12
经开区 ,35,26,92,,,,,1,2010/3/11
经开区 ,30,19,65,,,,,1,2010/3/10
经开区 ,35,8,48,,,,,0,2010/3/9
经开区 ,23,16,65,,,,,1,2010/3/8
经开区 ,38,23,62,,,,,1,2010/3/7
经开区 ,20,17,53,,,,,1,2010/3/6
经开区 ,40,21,54,,,,,1,2010/3/5
经开区 ,32,17,44,,,,,0,2010/3/4
经开区 ,43,25,65,,,,,1,2010/3/3
经开区 ,38,28,94,,,,,1,2010/3/2
经开区 ,41,20,97,,,,,1,2010/3/1
经开区 ,36,23,64,,,,,1,2010/2/28
经开区 ,42,20,87,,,,,1,2010/2/27
经开区 ,35,44,90,,,,,1,2010/2/26
经开区 ,54,25,95,,,,,1,2010/2/25
经开区 ,52,32,115,,,,,2,2010/2/24
经开区 ,44,17,65,,,,,1,2010/2/23
经开区 ,30,12,56,,,,,1,2010/2/22
经开区 ,29,9,73,,,,,1,2010/2/21
经开区 ,27,12,72,,,,,1,2010/2/20
经开区 ,30,12,59,,,,,1,2010/2/19
经开区 ,12,7,46,,,,,0,2010/2/18
经开区 ,11,8,55,,,,,1,2010/2/17
经开区 ,18,11,54,,,,,1,2010/2/16
经开区 ,13,7,55,,,,,1,2010/2/15
经开区 ,16,6,85,,,,,1,2010/2/14
经开区 ,36,8,69,,,,,1,2010/2/13
经开区 ,30,9,48,,,,,0,2010/2/12
经开区 ,21,17,41,,,,,0,2010/2/11
经开区 ,18,15,72,,,,,1,2010/2/10
经开区 ,57,34,121,,,,,2,2010/2/9
经开区 ,52,34,109,,,,,2,2010/2/8
经开区 ,61,32,117,,,,,2,2010/2/7
经开区 ,67,43,141,,,,,2,2010/2/6
经开区 ,56,38,130,,,,,2,2010/2/5
经开区 ,59,39,117,,,,,2,2010/2/4
经开区 ,64,39,112,,,,,2,2010/2/3
经开区 ,58,27,97,,,,,1,2010/2/2
经开区 ,53,31,70,,,,,1,2010/2/1
经开区 ,51,32,73,,,,,1,2010/1/31
经开区 ,61,19,76,,,,,1,2010/1/30
经开区 ,43,19,73,,,,,1,2010/1/29
经开区 ,71,47,95,,,,,1,2010/1/28
经开区 ,69,20,69,,,,,1,2010/1/27
经开区 ,36,34,55,,,,,1,2010/1/26
经开区 ,59,35,80,,,,,1,2010/1/25
经开区 ,35,49,68,,,,,1,2010/1/24
经开区 ,54,27,71,,,,,1,2010/1/23
经开区 ,16,16,51,,,,,1,2010/1/22
经开区 ,15,16,62,,,,,1,2010/1/21
经开区 ,75,39,121,,,,,2,2010/1/20
经开区 ,80,50,123,,,,,2,2010/1/19
经开区 ,57,44,127,,,,,2,2010/1/18
经开区 ,46,27,123,,,,,2,2010/1/17
经开区 ,57,32,92,,,,,1,2010/1/16
经开区 ,86,43,111,,,,,2,2010/1/15
经开区 ,59,17,70,,,,,1,2010/1/14
经开区 ,43,25,55,,,,,1,2010/1/13
经开区 ,40,22,65,,,,,1,2010/1/12
经开区 ,50,34,105,,,,,2,2010/1/11
经开区 ,37,40,131,,,,,2,2010/1/10
经开区 ,52,37,123,,,,,2,2010/1/9
经开区 ,74,30,80,,,,,1,2010/1/8
经开区 ,57,27,81,,,,,1,2010/1/7
经开区 ,43,20,60,,,,,1,2010/1/6
经开区 ,19,14,80,,,,,1,2010/1/5
经开区 ,62,29,93,,,,,1,2010/1/4
经开区 ,46,32,98,,,,,1,2010/1/3
经开区 ,49,26,80,,,,,1,2010/1/2
经开区 ,54,31,81,,,,,1,2010/1/1
长安区 ,60,47,105,,,,,2,2012/12/31
长安区 ,53,27,71,,,,,1,2012/12/30
长安区 ,67,33,92,,,,,1,2012/12/29
长安区 ,78,34,240,,,,,4,2012/12/28
长安区 ,80,58,96,,,,,1,2012/12/25
长安区 ,39,14,91,,,,,1,2012/12/24
长安区 ,34,22,61,,,,,1,2012/12/23
长安区 ,36,24,73,,,,,1,2012/12/22
长安区 ,42,30,82,,,,,1,2012/12/21
长安区 ,55,24,94,,,,,1,2012/12/20
长安区 ,51,22,90,,,,,1,2012/12/19
长安区 ,35,22,77,,,,,1,2012/12/18
长安区 ,54,19,176,,,,,3,2012/12/17
长安区 ,52,20,293,,,,,5,2012/12/16
长安区 ,62,24,282,,,,,5,2012/12/15
长安区 ,64,20,283,,,,,5,2012/12/14
长安区 ,62,23,253,,,,,5,2012/12/13
长安区 ,59,27,228,,,,,4,2012/12/12
长安区 ,64,25,122,,,,,2,2012/12/11
长安区 ,60,19,97,,,,,1,2012/12/10
长安区 ,56,14,83,,,,,1,2012/12/9
长安区 ,54,20,90,,,,,1,2012/12/8
长安区 ,57,19,85,,,,,1,2012/12/7
长安区 ,57,15,90,,,,,1,2012/12/6
长安区 ,60,15,92,,,,,1,2012/12/5
长安区 ,59,20,115,,,,,2,2012/12/4
长安区 ,67,18,120,,,,,2,2012/12/3
长安区 ,68,20,182,,,,,3,2012/12/2
长安区 ,76,25,182,,,,,3,2012/12/1
长安区 ,46,17,107,,,,,2,2012/11/30
长安区 ,36,15,92,,,,,1,2012/11/29
长安区 ,44,15,87,,,,,1,2012/11/28
长安区 ,29,17,80,,,,,1,2012/11/27
长安区 ,21,15,75,,,,,1,2012/11/26
长安区 ,36,14,77,,,,,1,2012/11/25
长安区 ,22,13,60,,,,,1,2012/11/24
长安区 ,25,7,57,,,,,1,2012/11/23
长安区 ,27,25,169,,,,,3,2012/11/22
长安区 ,28,20,143,,,,,2,2012/11/21
长安区 ,52,20,140,,,,,2,2012/11/20
长安区 ,25,30,87,,,,,1,2012/11/19
长安区 ,27,39,81,,,,,1,2012/11/18
长安区 ,24,25,93,,,,,1,2012/11/17
长安区 ,30,20,59,,,,,1,2012/11/16
长安区 ,51,36,137,,,,,2,2012/11/15
长安区 ,27,32,99,,,,,1,2012/11/14
长安区 ,23,29,73,,,,,1,2012/11/13
长安区 ,19,24,63,,,,,1,2012/11/12
长安区 ,11,20,73,,,,,1,2012/11/11
长安区 ,12,26,89,,,,,1,2012/11/10
长安区 ,14,27,87,,,,,1,2012/11/9
长安区 ,13,17,59,,,,,1,2012/11/8
长安区 ,24,26,88,,,,,1,2012/11/7
长安区 ,19,19,79,,,,,1,2012/11/6
长安区 ,18,22,64,,,,,1,2012/11/5
长安区 ,13,18,68,,,,,1,2012/11/4
长安区 ,23,20,97,,,,,1,2012/11/3
长安区 ,26,19,108,,,,,2,2012/11/2
长安区 ,19,25,85,,,,,1,2012/11/1
长安区 ,26,24,73,,,,,1,2012/10/31
长安区 ,27,17,82,,,,,1,2012/10/30
长安区 ,31,34,84,,,,,1,2012/10/29
长安区 ,29,29,95,,,,,1,2012/10/28
长安区 ,21,27,93,,,,,1,2012/10/27
长安区 ,24,28,112,,,,,2,2012/10/26
长安区 ,23,23,77,,,,,1,2012/10/25
长安区 ,28,24,83,,,,,1,2012/10/24
长安区 ,27,26,81,,,,,1,2012/10/23
长安区 ,29,21,58,,,,,1,2012/10/22
长安区 ,34,30,118,,,,,2,2012/10/21
长安区 ,32,29,94,,,,,1,2012/10/20
长安区 ,36,25,92,,,,,1,2012/10/19
长安区 ,34,24,94,,,,,1,2012/10/18
长安区 ,31,20,70,,,,,1,2012/10/17
长安区 ,33,24,96,,,,,1,2012/10/16
长安区 ,30,26,136,,,,,2,2012/10/15
长安区 ,31,24,93,,,,,1,2012/10/14
长安区 ,33,20,85,,,,,1,2012/10/13
长安区 ,31,25,133,,,,,2,2012/10/12
长安区 ,31,27,109,,,,,2,2012/10/11
长安区 ,30,21,71,,,,,1,2012/10/10
长安区 ,29,22,94,,,,,1,2012/10/9
长安区 ,32,25,134,,,,,2,2012/10/8
长安区 ,35,27,114,,,,,2,2012/10/7
长安区 ,24,22,89,,,,,1,2012/10/6
长安区 ,23,20,83,,,,,1,2012/10/5
长安区 ,27,20,72,,,,,1,2012/10/4
长安区 ,26,20,91,,,,,1,2012/10/3
长安区 ,28,25,111,,,,,2,2012/10/2
长安区 ,28,26,94,,,,,1,2012/10/1
长安区 ,33,27,80,,,,,1,2012/9/30
长安区 ,21,22,72,,,,,1,2012/9/29
长安区 ,30,20,56,,,,,1,2012/9/28
长安区 ,23,22,81,,,,,1,2012/9/27
长安区 ,21,16,44,,,,,0,2012/9/26
长安区 ,25,22,88,,,,,1,2012/9/25
长安区 ,40,24,111,,,,,2,2012/9/24
长安区 ,32,19,87,,,,,1,2012/9/23
长安区 ,32,19,81,,,,,1,2012/9/22
长安区 ,26,20,71,,,,,1,2012/9/21
长安区 ,25,20,71,,,,,1,2012/9/20
长安区 ,21,20,74,,,,,1,2012/9/19
长安区 ,27,20,74,,,,,1,2012/9/18
长安区 ,23,19,75,,,,,1,2012/9/17
长安区 ,20,19,64,,,,,1,2012/9/16
长安区 ,27,22,79,,,,,1,2012/9/15
长安区 ,24,19,55,,,,,1,2012/9/14
长安区 ,21,16,48,,,,,0,2012/9/13
长安区 ,20,15,53,,,,,1,2012/9/12
长安区 ,17,17,57,,,,,1,2012/9/11
长安区 ,23,19,60,,,,,1,2012/9/10
长安区 ,21,17,53,,,,,1,2012/9/9
长安区 ,24,17,62,,,,,1,2012/9/8
长安区 ,24,20,75,,,,,1,2012/9/7
长安区 ,26,24,79,,,,,1,2012/9/6
长安区 ,33,20,78,,,,,1,2012/9/5
长安区 ,32,19,53,,,,,1,2012/9/4
长安区 ,32,19,53,,,,,1,2012/9/4
长安区 ,33,16,34,,,,,0,2012/9/3
长安区 ,27,12,36,,,,,0,2012/9/2
长安区 ,25,14,33,,,,,0,2012/9/1
长安区 ,24,17,74,,,,,1,2012/8/31
长安区 ,24,19,75,,,,,1,2012/8/30
长安区 ,23,19,57,,,,,1,2012/8/29
长安区 ,24,15,83,,,,,1,2012/8/28
长安区 ,23,14,94,,,,,1,2012/8/27
长安区 ,23,14,88,,,,,1,2012/8/26
长安区 ,23,23,75,,,,,1,2012/8/25
长安区 ,21,18,57,,,,,1,2012/8/24
长安区 ,21,17,56,,,,,1,2012/8/23
长安区 ,25,19,60,,,,,1,2012/8/22
长安区 ,22,15,42,,,,,0,2012/8/21
长安区 ,20,15,32,,,,,0,2012/8/20
长安区 ,25,15,37,,,,,0,2012/8/19
长安区 ,26,16,54,,,,,1,2012/8/18
长安区 ,28,15,65,,,,,1,2012/8/17
长安区 ,30,26,78,,,,,1,2012/8/16
长安区 ,32,25,61,,,,,1,2012/8/15
长安区 ,27,22,58,,,,,1,2012/8/14
长安区 ,24,21,78,,,,,1,2012/8/13
长安区 ,26,21,81,,,,,1,2012/8/12
长安区 ,23,14,80,,,,,1,2012/8/11
长安区 ,20,16,76,,,,,1,2012/8/10
长安区 ,22,13,76,,,,,1,2012/8/9
长安区 ,18,16,69,,,,,1,2012/8/8
长安区 ,19,24,62,,,,,1,2012/8/7
长安区 ,22,24,55,,,,,1,2012/8/6
长安区 ,22,12,72,,,,,1,2012/8/5
长安区 ,20,15,79,,,,,1,2012/8/4
长安区 ,18,15,66,,,,,1,2012/8/3
长安区 ,22,21,53,,,,,1,2012/8/2
长安区 ,18,18,46,,,,,0,2012/8/1
长安区 ,18,10,56,,,,,1,2012/7/31
长安区 ,35,22,68,,,,,1,2012/7/30
长安区 ,24,24,66,,,,,1,2012/7/29
长安区 ,30,19,51,,,,,1,2012/7/29
长安区 ,24,22,47,,,,,0,2012/7/27
长安区 ,29,22,80,,,,,1,2012/7/26
长安区 ,25,20,65,,,,,1,2012/7/25
长安区 ,20,20,55,,,,,1,2012/7/24
长安区 ,17,13,54,,,,,1,2012/7/23
长安区 ,18,12,54,,,,,1,2012/7/22
长安区 ,16,12,78,,,,,1,2012/7/21
长安区 ,14,13,88,,,,,1,2012/7/20
长安区 ,18,12,92,,,,,1,2012/7/19
长安区 ,21,12,80,,,,,1,2012/7/18
长安区 ,14,11,74,,,,,1,2012/7/17
长安区 ,21,14,79,,,,,1,2012/7/16
长安区 ,21,14,79,,,,,1,2012/7/16
长安区 ,14,10,73,,,,,1,2012/7/15
长安区 ,16,10,68,,,,,1,2012/7/14
长安区 ,32,20,66,,,,,1,2012/7/13
长安区 ,25,17,58,,,,,1,2012/7/12
长安区 ,19,15,60,,,,,1,2012/7/11
长安区 ,12,10,51,,,,,1,2012/7/10
长安区 ,12,12,44,,,,,0,2012/7/9
长安区 ,19,13,56,,,,,1,2012/7/8
长安区 ,22,14,56,,,,,1,2012/7/7
长安区 ,24,14,60,,,,,1,2012/7/6
长安区 ,20,17,45,,,,,0,2012/7/5
长安区 ,17,17,45,,,,,0,2012/7/4
长安区 ,17,16,45,,,,,0,2012/7/3
长安区 ,22,20,62,,,,,1,2012/7/2
长安区 ,24,17,41,,,,,0,2012/7/1
长安区 ,18,17,42,,,,,0,2012/6/30
长安区 ,18,16,59,,,,,1,2012/6/29
长安区 ,21,17,52,,,,,1,2012/6/28
长安区 ,25,22,77,,,,,1,2012/6/27
长安区 ,16,22,61,,,,,1,2012/6/26
长安区 ,24,20,71,,,,,1,2012/6/25
长安区 ,25,20,66,,,,,1,2012/6/24
长安区 ,28,26,62,,,,,1,2012/6/23
长安区 ,36,19,61,,,,,1,2012/6/22
长安区 ,28,30,75,,,,,1,2012/6/21
长安区 ,25,28,77,,,,,1,2012/6/20
长安区 ,24,26,83,,,,,1,2012/6/19
长安区 ,25,26,67,,,,,1,2012/6/18
长安区 ,28,32,72,,,,,1,2012/6/17
长安区 ,30,29,72,,,,,1,2012/6/16
长安区 ,27,21,71,,,,,1,2012/6/15
长安区 ,24,23,69,,,,,1,2012/6/14
长安区 ,22,29,65,,,,,1,2012/6/13
长安区 ,24,24,68,,,,,1,2012/6/12
长安区 ,23,22,76,,,,,1,2012/6/11
长安区 ,30,30,65,,,,,1,2012/6/10
长安区 ,31,23,64,,,,,1,2012/6/9
长安区 ,29,25,64,,,,,1,2012/6/8
长安区 ,33,20,80,,,,,1,2012/6/7
长安区 ,29,20,61,,,,,1,2012/6/6
长安区 ,35,24,89,,,,,1,2012/6/5
长安区 ,39,23,77,,,,,1,2012/6/4
长安区 ,29,19,67,,,,,1,2012/6/3
长安区 ,31,22,70,,,,,1,2012/6/2
长安区 ,35,25,79,,,,,1,2012/6/1
长安区 ,29,25,65,,,,,1,2012/5/31
长安区 ,26,21,56,,,,,1,2012/5/31
长安区 ,32,13,63,,,,,1,2012/5/29
长安区 ,31,18,69,,,,,1,2012/5/28
长安区 ,30,15,85,,,,,1,2012/5/27
长安区 ,27,15,90,,,,,1,2012/5/26
长安区 ,21,10,75,,,,,1,2012/5/25
长安区 ,20,12,99,,,,,1,2012/5/24
长安区 ,12,13,91,,,,,1,2012/5/23
长安区 ,19,14,55,,,,,1,2012/5/22
长安区 ,19,22,79,,,,,1,2012/5/21
长安区 ,22,30,86,,,,,1,2012/5/20
长安区 ,30,33,90,,,,,1,2012/5/19
长安区 ,35,37,76,,,,,1,2012/5/18
长安区 ,20,29,79,,,,,1,2012/5/17
长安区 ,25,28,76,,,,,1,2012/5/16
长安区 ,18,26,62,,,,,1,2012/5/15
长安区 ,16,30,75,,,,,1,2012/5/14
长安区 ,20,19,92,,,,,1,2012/5/13
长安区 ,18,18,57,,,,,1,2012/5/12
长安区 ,17,18,60,,,,,1,2012/5/11
长安区 ,25,29,94,,,,,1,2012/5/10
长安区 ,27,26,81,,,,,1,2012/5/9
长安区 ,23,20,83,,,,,1,2012/5/8
长安区 ,28,23,106,,,,,2,2012/5/7
长安区 ,27,35,87,,,,,1,2012/5/6
长安区 ,33,24,75,,,,,1,2012/5/5
长安区 ,22,25,78,,,,,1,2012/5/4
长安区 ,19,28,78,,,,,1,2012/5/3
长安区 ,18,27,74,,,,,1,2012/5/2
长安区 ,26,25,92,,,,,1,2012/5/1
长安区 ,28,19,94,,,,,1,2012/4/30
长安区 ,35,29,93,,,,,1,2012/4/29
长安区 ,33,24,94,,,,,1,2012/4/28
长安区 ,29,27,110,,,,,2,2012/4/27
长安区 ,28,28,100,,,,,1,2012/4/26
长安区 ,26,26,95,,,,,1,2012/4/25
长安区 ,25,20,81,,,,,1,2012/4/24
长安区 ,37,33,100,,,,,1,2012/4/23
长安区 ,29,26,94,,,,,1,2012/4/22
长安区 ,29,26,94,,,,,1,2012/4/21
长安区 ,29,22,87,,,,,1,2012/4/20
长安区 ,29,26,63,,,,,1,2012/4/19
长安区 ,38,24,90,,,,,1,2012/4/18
长安区 ,53,29,78,,,,,1,2012/4/17
长安区 ,30,29,62,,,,,1,2012/4/16
长安区 ,32,29,68,,,,,1,2012/4/15
长安区 ,22,24,59,,,,,1,2012/4/14
长安区 ,19,22,36,,,,,0,2012/4/13
长安区 ,27,16,48,,,,,0,2012/4/12
长安区 ,33,24,61,,,,,1,2012/4/11
长安区 ,24,28,53,,,,,1,2012/4/10
长安区 ,31,24,62,,,,,1,2012/4/9
长安区 ,31,23,82,,,,,1,2012/4/8
长安区 ,31,21,83,,,,,1,2012/4/7
长安区 ,25,21,79,,,,,1,2012/4/6
长安区 ,24,25,67,,,,,1,2012/4/5
长安区 ,28,20,71,,,,,1,2012/4/4
长安区 ,19,28,80,,,,,1,2012/4/3
长安区 ,35,30,77,,,,,1,2012/4/2
长安区 ,32,25,73,,,,,1,2012/4/1
长安区 ,23,19,47,,,,,0,2012/3/31
长安区 ,36,25,75,,,,,1,2012/3/30
长安区 ,35,26,90,,,,,1,2012/3/29
长安区 ,47,50,98,,,,,1,2012/3/28
长安区 ,57,33,112,,,,,2,2012/3/27
长安区 ,55,45,83,,,,,1,2012/3/26
长安区 ,49,32,90,,,,,1,2012/3/25
长安区 ,36,21,79,,,,,1,2012/3/24
长安区 ,35,20,78,,,,,1,2012/3/23
长安区 ,37,32,71,,,,,1,2012/3/22
长安区 ,56,32,84,,,,,1,2012/3/21
长安区 ,54,32,78,,,,,1,2012/3/20
长安区 ,53,36,96,,,,,1,2012/3/19
长安区 ,61,45,120,,,,,2,2012/3/18
长安区 ,40,37,92,,,,,1,2012/3/17
长安区 ,41,37,94,,,,,1,2012/3/16
长安区 ,44,48,95,,,,,1,2012/3/15
长安区 ,50,49,92,,,,,1,2012/3/14
长安区 ,52,54,107,,,,,2,2012/3/13
长安区 ,35,46,94,,,,,1,2012/3/12
长安区 ,32,50,78,,,,,1,2012/3/11
长安区 ,36,53,82,,,,,1,2012/3/10
长安区 ,32,34,67,,,,,1,2012/3/9
长安区 ,35,44,73,,,,,1,2012/3/8
长安区 ,41,37,68,,,,,1,2012/3/7
长安区 ,36,42,61,,,,,1,2012/3/6
长安区 ,39,35,77,,,,,1,2012/3/5
长安区 ,34,34,66,,,,,1,2012/3/4
长安区 ,34,33,70,,,,,1,2012/3/3
长安区 ,38,47,118,,,,,2,2012/3/2
长安区 ,50,60,128,,,,,2,2012/3/2
长安区 ,62,47,133,,,,,2,2012/2/29
长安区 ,42,28,109,,,,,2,2012/2/28
长安区 ,48,27,89,,,,,1,2012/2/27
长安区 ,51,35,67,,,,,1,2012/2/26
长安区 ,62,22,91,,,,,1,2012/2/25
长安区 ,73,47,107,,,,,2,2012/2/24
长安区 ,91,69,118,,,,,2,2012/2/23
长安区 ,74,68,121,,,,,2,2012/2/22
长安区 ,68,29,96,,,,,1,2012/2/21
长安区 ,61,29,94,,,,,1,2012/2/20
长安区 ,49,29,60,,,,,1,2012/2/19
长安区 ,51,22,58,,,,,1,2012/2/18
长安区 ,42,21,58,,,,,1,2012/2/17
长安区 ,55,25,121,,,,,2,2012/2/16
长安区 ,56,29,122,,,,,2,2012/2/15
长安区 ,57,35,110,,,,,2,2012/2/14
长安区 ,52,25,94,,,,,1,2012/2/13
长安区 ,42,24,90,,,,,1,2012/2/12
长安区 ,40,20,70,,,,,1,2012/2/11
长安区 ,36,20,49,,,,,0,2012/2/10
长安区 ,49,14,53,,,,,1,2012/2/9
长安区 ,29,16,51,,,,,1,2012/2/8
长安区 ,41,18,53,,,,,1,2012/2/7
长安区 ,66,42,146,,,,,2,2012/2/6
长安区 ,62,39,82,,,,,1,2012/2/5
长安区 ,52,42,75,,,,,1,2012/2/4
长安区 ,31,25,54,,,,,1,2012/2/3
长安区 ,43,24,38,,,,,0,2012/2/2
长安区 ,68,48,132,,,,,2,2012/2/1
长安区 ,75,55,123,,,,,2,2012/2/1
长安区 ,87,55,112,,,,,2,2012/1/30
长安区 ,78,47,107,,,,,2,2012/1/29
长安区 ,85,28,97,,,,,1,2012/1/28
长安区 ,53,30,92,,,,,1,2012/1/27
长安区 ,57,15,88,,,,,1,2012/1/26
长安区 ,34,11,43,,,,,0,2012/1/25
长安区 ,53,25,70,,,,,1,2012/1/24
长安区 ,54,17,73,,,,,1,2012/1/23
长安区 ,46,24,54,,,,,1,2012/1/22
长安区 ,58,24,68,,,,,1,2012/1/21
长安区 ,60,32,88,,,,,1,2012/1/20
长安区 ,79,49,112,,,,,2,2012/1/19
长安区 ,84,60,147,,,,,2,2012/1/18
长安区 ,70,57,133,,,,,2,2012/1/17
长安区 ,95,84,117,,,,,2,2012/1/16
长安区 ,76,73,93,,,,,1,2012/1/15
长安区 ,97,72,130,,,,,2,2012/1/14
长安区 ,83,59,111,,,,,2,2012/1/13
长安区 ,92,57,94,,,,,1,2012/1/12
长安区 ,109,59,129,,,,,2,2012/1/11
长安区 ,99,94,159,,,,,3,2012/1/10
长安区 ,95,42,122,,,,,2,2012/1/9
长安区 ,79,37,108,,,,,2,2012/1/8
长安区 ,84,33,71,,,,,1,2012/1/7
长安区 ,66,23,82,,,,,1,2012/1/6
长安区 ,55,18,57,,,,,1,2012/1/5
长安区 ,44,18,44,,,,,0,2012/1/4
长安区 ,47,11,61,,,,,1,2012/1/3
长安区 ,89,40,133,,,,,2,2012/1/2
长安区 ,109,70,196,,,,,3,2012/1/1
长安区 ,89,48,149,,,,,2,2011/12/31
长安区 ,86,54,175,,,,,3,2011/12/30
长安区 ,99,42,129,,,,,2,2011/12/29
长安区 ,61,37,111,,,,,2,2011/12/28
长安区 ,69,30,117,,,,,2,2011/12/27
长安区 ,56,43,123,,,,,2,2011/12/26
长安区 ,59,24,105,,,,,2,2011/12/25
长安区 ,62,26,58,,,,,1,2011/12/24
长安区 ,57,30,76,,,,,1,2011/12/23
长安区 ,73,15,72,,,,,1,2011/12/22
长安区 ,75,47,99,,,,,1,2011/12/21
长安区 ,80,34,124,,,,,2,2011/12/20
长安区 ,84,29,113,,,,,2,2011/12/19
长安区 ,69,30,106,,,,,2,2011/12/18
长安区 ,53,26,99,,,,,1,2011/12/17
长安区 ,51,34,85,,,,,1,2011/12/16
长安区 ,58,29,99,,,,,1,2011/12/15
长安区 ,62,22,106,,,,,2,2011/12/14
长安区 ,56,18,104,,,,,2,2011/12/13
长安区 ,57,15,70,,,,,1,2011/12/12
长安区 ,57,19,109,,,,,2,2011/12/11
长安区 ,89,14,57,,,,,1,2011/12/10
长安区 ,86,23,76,,,,,1,2011/12/9
长安区 ,64,25,62,,,,,1,2011/12/8
长安区 ,68,15,65,,,,,1,2011/12/7
长安区 ,64,17,55,,,,,1,2011/12/6
长安区 ,67,20,83,,,,,1,2011/12/5
长安区 ,63,18,110,,,,,2,2011/12/4
长安区 ,62,26,105,,,,,2,2011/12/3
长安区 ,58,19,68,,,,,1,2011/12/2
长安区 ,52,23,56,,,,,1,2011/12/1
长安区 ,36,18,43,,,,,0,2011/11/30
长安区 ,38,28,75,,,,,1,2011/11/29
长安区 ,26,28,119,,,,,2,2011/11/28
长安区 ,23,20,106,,,,,2,2011/11/27
长安区 ,31,26,113,,,,,2,2011/11/26
长安区 ,21,21,93,,,,,1,2011/11/25
长安区 ,20,16,56,,,,,1,2011/11/24
长安区 ,18,22,58,,,,,1,2011/11/23
长安区 ,23,21,64,,,,,1,2011/11/22
长安区 ,33,23,77,,,,,1,2011/11/21
长安区 ,31,19,56,,,,,1,2011/11/20
长安区 ,27,19,46,,,,,1,2011/11/19
长安区 ,20,19,58,,,,,1,2011/11/18
长安区 ,32,24,69,,,,,1,2011/11/17
长安区 ,17,22,72,,,,,1,2011/11/16
长安区 ,16,29,87,,,,,1,2011/11/15
长安区 ,17,21,72,,,,,1,2011/11/14
长安区 ,15,15,72,,,,,1,2011/11/13
长安区 ,19,20,78,,,,,1,2011/11/12
长安区 ,24,23,82,,,,,1,2011/11/11
长安区 ,15,21,51,,,,,1,2011/11/10
长安区 ,15,17,57,,,,,1,2011/11/9
长安区 ,17,12,33,,,,,0,2011/11/8
长安区 ,13,20,53,,,,,1,2011/11/7
长安区 ,37,22,63,,,,,1,2011/11/5
长安区 ,24,18,55,,,,,1,2011/11/5
长安区 ,15,19,71,,,,,1,2011/11/4
长安区 ,18,21,88,,,,,1,2011/11/3
长安区 ,15,20,92,,,,,1,2011/11/2
长安区 ,25,24,102,,,,,2,2011/11/1
长安区 ,15,31,99,,,,,1,2011/10/31
长安区 ,17,20,78,,,,,1,2011/10/30
长安区 ,35,28,84,,,,,1,2011/10/29
长安区 ,22,24,93,,,,,1,2011/10/28
长安区 ,21,24,70,,,,,1,2011/10/27
长安区 ,23,22,54,,,,,1,2011/10/26
长安区 ,10,12,62,,,,,1,2011/10/25
长安区 ,10,15,52,,,,,1,2011/10/24
长安区 ,13,24,69,,,,,1,2011/10/23
长安区 ,24,18,85,,,,,1,2011/10/22
长安区 ,15,25,88,,,,,1,2011/10/21
长安区 ,35,29,95,,,,,1,2011/10/20
长安区 ,13,14,83,,,,,1,2011/10/19
长安区 ,13,27,72,,,,,1,2011/10/18
长安区 ,11,19,47,,,,,0,2011/10/17
长安区 ,22,17,60,,,,,1,2011/10/16
长安区 ,18,18,63,,,,,1,2011/10/15
长安区 ,13,17,60,,,,,1,2011/10/14
长安区 ,16,10,45,,,,,0,2011/10/13
长安区 ,12,11,54,,,,,1,2011/10/12
长安区 ,9,12,68,,,,,1,2011/10/11
长安区 ,13,10,66,,,,,1,2011/10/10
长安区 ,14,16,77,,,,,1,2011/10/9
长安区 ,17,20,78,,,,,1,2011/10/8
长安区 ,13,16,68,,,,,1,2011/10/7
长安区 ,19,17,54,,,,,1,2011/10/6
长安区 ,10,12,59,,,,,1,2011/10/5
长安区 ,10,12,59,,,,,1,2011/10/5
长安区 ,15,14,59,,,,,1,2011/10/5
长安区 ,16,14,57,,,,,1,2011/10/3
长安区 ,10,18,59,,,,,1,2011/10/2
长安区 ,18,17,53,,,,,1,2011/10/1
长安区 ,13,15,64,,,,,1,2011/9/30
长安区 ,11,7,41,,,,,0,2011/9/29
长安区 ,15,17,60,,,,,1,2011/9/28
长安区 ,18,22,53,,,,,1,2011/9/27
长安区 ,17,21,75,,,,,1,2011/9/26
长安区 ,21,20,100,,,,,1,2011/9/25
长安区 ,26,16,81,,,,,1,2011/9/24
长安区 ,16,12,66,,,,,1,2011/9/23
长安区 ,15,15,65,,,,,1,2011/9/22
长安区 ,11,10,47,,,,,0,2011/9/21
长安区 ,15,8,33,,,,,0,2011/9/20
长安区 ,6,10,26,,,,,0,2011/9/19
长安区 ,5,12,37,,,,,0,2011/9/18
长安区 ,6,10,44,,,,,0,2011/9/17
长安区 ,16,16,63,,,,,1,2011/9/16
长安区 ,12,17,54,,,,,1,2011/9/15
长安区 ,9,14,42,,,,,0,2011/9/14
长安区 ,13,16,36,,,,,0,2011/9/13
长安区 ,9,16,38,,,,,0,2011/9/12
长安区 ,9,15,59,,,,,1,2011/9/11
长安区 ,9,14,62,,,,,1,2011/9/10
长安区 ,10,20,68,,,,,1,2011/9/9
长安区 ,11,15,41,,,,,0,2011/9/8
长安区 ,8,10,32,,,,,0,2011/9/7
长安区 ,6,17,22,,,,,0,2011/9/6
长安区 ,8,18,32,,,,,0,2011/9/5
长安区 ,11,11,55,,,,,1,2011/9/4
长安区 ,13,20,72,,,,,1,2011/9/3
长安区 ,11,18,82,,,,,1,2011/9/2
长安区 ,16,22,87,,,,,1,2011/9/1
长安区 ,26,24,99,,,,,1,2011/8/31
长安区 ,17,20,92,,,,,1,2011/8/30
长安区 ,16,20,100,,,,,1,2011/8/29
长安区 ,13,20,87,,,,,1,2011/8/28
长安区 ,9,15,65,,,,,1,2011/8/27
长安区 ,18,17,52,,,,,1,2011/8/26
长安区 ,23,18,70,,,,,1,2011/8/25
长安区 ,22,10,72,,,,,1,2011/8/24
长安区 ,17,16,67,,,,,1,2011/8/23
长安区 ,23,9,54,,,,,1,2011/8/22
长安区 ,18,9,46,,,,,0,2011/8/21
长安区 ,25,8,39,,,,,0,2011/8/20
长安区 ,9,12,45,,,,,0,2011/8/19
长安区 ,23,15,55,,,,,1,2011/8/18
长安区 ,18,15,52,,,,,1,2011/8/17
长安区 ,12,10,61,,,,,1,2011/8/16
长安区 ,19,17,95,,,,,1,2011/8/15
长安区 ,28,17,91,,,,,1,2011/8/14
长安区 ,17,13,86,,,,,1,2011/8/13
长安区 ,16,12,98,,,,,1,2011/8/12
长安区 ,15,19,80,,,,,1,2011/8/11
长安区 ,33,20,86,,,,,1,2011/8/10
长安区 ,12,17,80,,,,,1,2011/8/9
长安区 ,22,18,86,,,,,1,2011/8/8
长安区 ,21,15,69,,,,,1,2011/8/7
长安区 ,10,13,39,,,,,0,2011/8/6
长安区 ,16,9,68,,,,,1,2011/8/6
长安区 ,17,19,88,,,,,1,2011/8/4
长安区 ,10,10,73,,,,,1,2011/8/3
长安区 ,7,9,42,,,,,0,2011/8/2
长安区 ,9,10,35,,,,,0,2011/8/1
长安区 ,13,14,38,,,,,0,2011/7/31
长安区 ,10,8,42,,,,,0,2011/7/30
长安区 ,12,12,51,,,,,1,2011/7/29
长安区 ,13,14,76,,,,,1,2011/7/28
长安区 ,12,30,77,,,,,1,2011/7/27
长安区 ,16,15,61,,,,,1,2011/7/26
长安区 ,10,14,72,,,,,1,2011/7/25
长安区 ,12,8,87,,,,,1,2011/7/24
长安区 ,12,12,63,,,,,1,2011/7/23
长安区 ,12,11,56,,,,,1,2011/7/22
长安区 ,13,11,70,,,,,1,2011/7/21
长安区 ,15,7,91,,,,,1,2011/7/20
长安区 ,11,7,82,,,,,1,2011/7/19
长安区 ,9,17,73,,,,,1,2011/7/18
长安区 ,9,13,79,,,,,1,2011/7/17
长安区 ,10,13,92,,,,,1,2011/7/16
长安区 ,15,14,93,,,,,1,2011/7/15
长安区 ,11,12,73,,,,,1,2011/7/14
长安区 ,9,14,85,,,,,1,2011/7/13
长安区 ,14,8,81,,,,,1,2011/7/12
长安区 ,16,19,87,,,,,1,2011/7/11
长安区 ,42,22,91,,,,,1,2011/7/10
长安区 ,24,22,85,,,,,1,2011/7/9
长安区 ,23,12,82,,,,,1,2011/7/8
长安区 ,15,17,38,,,,,0,2011/7/7
长安区 ,19,9,37,,,,,0,2011/7/6
长安区 ,20,8,75,,,,,1,2011/7/5
长安区 ,11,7,50,,,,,0,2011/7/4
长安区 ,20,9,72,,,,,1,2011/7/3
长安区 ,23,5,41,,,,,0,2011/7/2
长安区 ,27,7,58,,,,,1,2011/7/1
长安区 ,22,14,62,,,,,1,2011/6/30
长安区 ,22,14,75,,,,,1,2011/6/29
长安区 ,26,9,54,,,,,1,2011/6/28
长安区 ,35,7,51,,,,,1,2011/6/27
长安区 ,25,11,71,,,,,1,2011/6/26
长安区 ,20,23,69,,,,,1,2011/6/25
长安区 ,10,10,48,,,,,0,2011/6/24
长安区 ,18,19,46,,,,,0,2011/6/23
长安区 ,9,17,54,,,,,1,2011/6/22
长安区 ,16,9,53,,,,,1,2011/6/21
长安区 ,12,14,77,,,,,1,2011/6/20
长安区 ,16,18,62,,,,,1,2011/6/19
长安区 ,9,15,46,,,,,0,2011/6/18
长安区 ,16,19,81,,,,,1,2011/6/17
长安区 ,17,27,91,,,,,1,2011/6/16
长安区 ,23,12,65,,,,,1,2011/6/15
长安区 ,10,11,71,,,,,1,2011/6/14
长安区 ,30,15,87,,,,,1,2011/6/13
长安区 ,20,20,75,,,,,1,2011/6/12
长安区 ,16,15,53,,,,,1,2011/6/11
长安区 ,9,10,38,,,,,0,2011/6/10
长安区 ,15,22,83,,,,,1,2011/6/9
长安区 ,31,19,72,,,,,1,2011/6/8
长安区 ,36,25,85,,,,,1,2011/6/7
长安区 ,5,17,80,,,,,1,2011/6/7
长安区 ,17,24,100,,,,,1,2011/6/6
长安区 ,16,24,95,,,,,1,2011/6/5
长安区 ,16,24,90,,,,,1,2011/6/4
长安区 ,27,31,77,,,,,1,2011/6/3
长安区 ,20,22,94,,,,,1,2011/6/2
长安区 ,17,15,66,,,,,1,2011/6/1
长安区 ,9,14,54,,,,,1,2011/5/31
长安区 ,8,16,63,,,,,1,2011/5/30
长安区 ,15,17,79,,,,,1,2011/5/29
长安区 ,13,14,93,,,,,1,2011/5/28
长安区 ,17,19,79,,,,,1,2011/5/27
长安区 ,19,19,80,,,,,1,2011/5/26
长安区 ,15,19,72,,,,,1,2011/5/25
长安区 ,14,23,65,,,,,1,2011/5/24
长安区 ,8,8,37,,,,,0,2011/5/23
长安区 ,5,7,33,,,,,0,2011/5/22
长安区 ,4,12,42,,,,,0,2011/5/21
长安区 ,33,19,99,,,,,1,2011/5/20
长安区 ,23,22,97,,,,,1,2011/5/19
长安区 ,21,19,93,,,,,1,2011/5/18
长安区 ,20,21,65,,,,,1,2011/5/17
长安区 ,15,24,55,,,,,1,2011/5/16
长安区 ,12,24,49,,,,,0,2011/5/15
长安区 ,18,20,41,,,,,0,2011/5/14
长安区 ,14,17,52,,,,,1,2011/5/13
长安区 ,12,13,65,,,,,1,2011/5/12
长安区 ,8,20,56,,,,,1,2011/5/11
长安区 ,18,15,59,,,,,1,2011/5/10
长安区 ,14,19,94,,,,,1,2011/5/9
长安区 ,9,23,98,,,,,1,2011/5/8
长安区 ,18,20,88,,,,,1,2011/5/7
长安区 ,17,15,81,,,,,1,2011/5/6
长安区 ,12,16,86,,,,,1,2011/5/5
长安区 ,20,23,98,,,,,1,2011/5/4
长安区 ,17,17,66,,,,,1,2011/5/3
长安区 ,12,17,44,,,,,0,2011/5/2
长安区 ,14,24,96,,,,,1,2011/5/1
长安区 ,18,17,164,,,,,3,2011/4/30
长安区 ,22,46,99,,,,,1,2011/4/29
长安区 ,20,30,88,,,,,1,2011/4/28
长安区 ,23,18,97,,,,,1,2011/4/27
长安区 ,17,25,98,,,,,1,2011/4/26
长安区 ,41,30,96,,,,,1,2011/4/25
长安区 ,31,31,94,,,,,1,2011/4/24
长安区 ,27,27,90,,,,,1,2011/4/23
长安区 ,20,27,87,,,,,1,2011/4/22
长安区 ,18,39,95,,,,,1,2011/4/21
长安区 ,34,36,96,,,,,1,2011/4/20
长安区 ,28,13,85,,,,,1,2011/4/19
长安区 ,18,19,80,,,,,1,2011/4/18
长安区 ,23,25,85,,,,,1,2011/4/17
长安区 ,23,14,92,,,,,1,2011/4/16
长安区 ,18,23,92,,,,,1,2011/4/15
长安区 ,17,41,117,,,,,2,2011/4/14
长安区 ,52,72,144,,,,,2,2011/4/13
长安区 ,37,30,110,,,,,2,2011/4/12
长安区 ,34,32,80,,,,,1,2011/4/11
长安区 ,31,47,113,,,,,2,2011/4/10
长安区 ,20,35,93,,,,,1,2011/4/9
长安区 ,18,23,99,,,,,1,2011/4/8
长安区 ,27,21,89,,,,,1,2011/4/7
长安区 ,33,25,97,,,,,1,2011/4/6
长安区 ,37,42,98,,,,,1,2011/4/5
长安区 ,34,35,87,,,,,1,2011/4/4
长安区 ,37,30,66,,,,,1,2011/4/3
长安区 ,14,24,94,,,,,1,2011/4/2
长安区 ,63,65,94,,,,,1,2011/4/1
长安区 ,56,69,98,,,,,1,2011/3/31
长安区 ,71,87,107,,,,,2,2011/3/30
长安区 ,32,35,90,,,,,1,2011/3/29
长安区 ,60,53,97,,,,,1,2011/3/28
长安区 ,41,47,88,,,,,1,2011/3/27
长安区 ,45,24,94,,,,,1,2011/3/26
长安区 ,28,34,89,,,,,1,2011/3/25
长安区 ,29,37,68,,,,,1,2011/3/24
长安区 ,22,26,83,,,,,1,2011/3/23
长安区 ,9,15,60,,,,,1,2011/3/22
长安区 ,10,22,52,,,,,1,2011/3/21
长安区 ,24,14,94,,,,,1,2011/3/20
长安区 ,32,19,171,,,,,3,2011/3/19
长安区 ,44,30,129,,,,,2,2011/3/18
长安区 ,29,22,88,,,,,1,2011/3/17
长安区 ,33,25,84,,,,,1,2011/3/16
长安区 ,35,30,92,,,,,1,2011/3/15
长安区 ,44,25,166,,,,,3,2011/3/14
长安区 ,71,80,91,,,,,1,2011/3/13
长安区 ,59,38,90,,,,,1,2011/3/12
长安区 ,78,53,88,,,,,1,2011/3/11
长安区 ,49,25,87,,,,,1,2011/3/10
长安区 ,72,32,99,,,,,1,2011/3/9
长安区 ,56,33,95,,,,,1,2011/3/8
长安区 ,54,24,85,,,,,1,2011/3/7
长安区 ,67,28,98,,,,,1,2011/3/6
长安区 ,80,26,88,,,,,1,2011/3/5
长安区 ,62,22,75,,,,,1,2011/3/4
长安区 ,70,27,88,,,,,1,2011/3/3
长安区 ,36,39,61,,,,,1,2011/3/2
长安区 ,26,10,26,,,,,0,2011/3/1
长安区 ,73,28,73,,,,,1,2011/2/28
长安区 ,59,24,78,,,,,1,2011/2/27
长安区 ,85,27,123,,,,,2,2011/2/26
长安区 ,102,43,195,,,,,3,2011/2/25
长安区 ,95,65,182,,,,,3,2011/2/24
长安区 ,74,44,136,,,,,2,2011/2/23
长安区 ,103,67,165,,,,,3,2011/2/22
长安区 ,98,87,185,,,,,3,2011/2/21
长安区 ,71,60,149,,,,,2,2011/2/20
长安区 ,89,65,138,,,,,2,2011/2/19
长安区 ,91,47,133,,,,,2,2011/2/18
长安区 ,81,39,173,,,,,3,2011/2/17
长安区 ,93,39,115,,,,,2,2011/2/16
长安区 ,91,35,91,,,,,1,2011/2/15
长安区 ,43,18,43,,,,,0,2011/2/14
长安区 ,52,19,100,,,,,1,2011/2/13
长安区 ,79,17,97,,,,,1,2011/2/12
长安区 ,53,19,107,,,,,2,2011/2/11
长安区 ,52,19,87,,,,,1,2011/2/10
长安区 ,105,24,137,,,,,2,2011/2/9
长安区 ,66,30,93,,,,,1,2011/2/8
长安区 ,68,11,95,,,,,1,2011/2/7
长安区 ,70,25,108,,,,,2,2011/2/6
长安区 ,47,20,94,,,,,1,2011/2/5
长安区 ,91,29,181,,,,,3,2011/2/4
长安区 ,103,49,190,,,,,3,2011/2/3
长安区 ,67,25,114,,,,,2,2011/2/2
长安区 ,81,34,119,,,,,2,2011/2/1
长安区 ,62,42,85,,,,,1,2011/1/31
长安区 ,64,39,81,,,,,1,2011/1/30
长安区 ,52,20,56,,,,,1,2011/1/29
长安区 ,74,40,87,,,,,1,2011/1/28
长安区 ,110,67,141,,,,,2,2011/1/27
长安区 ,100,44,136,,,,,2,2011/1/26
长安区 ,95,47,113,,,,,2,2011/1/25
长安区 ,57,55,123,,,,,2,2011/1/24
长安区 ,64,64,105,,,,,2,2011/1/23
长安区 ,91,73,170,,,,,3,2011/1/22
长安区 ,51,47,122,,,,,2,2011/1/21
长安区 ,60,52,107,,,,,2,2011/1/20
长安区 ,85,48,121,,,,,2,2011/1/19
长安区 ,29,34,93,,,,,1,2011/1/18
长安区 ,77,36,87,,,,,1,2011/1/17
长安区 ,54,39,100,,,,,1,2011/1/16
长安区 ,54,45,120,,,,,2,2011/1/15
长安区 ,63,47,145,,,,,2,2011/1/14
长安区 ,97,57,123,,,,,2,2011/1/13
长安区 ,62,42,114,,,,,2,2011/1/12
长安区 ,54,40,91,,,,,1,2011/1/11
长安区 ,73,47,95,,,,,1,2011/1/10
长安区 ,61,32,101,,,,,2,2011/1/9
长安区 ,57,35,96,,,,,1,2011/1/9
长安区 ,49,32,94,,,,,1,2011/1/7
长安区 ,52,27,84,,,,,1,2011/1/6
长安区 ,56,45,127,,,,,2,2011/1/5
长安区 ,85,35,117,,,,,2,2011/1/4
长安区 ,72,45,91,,,,,1,2011/1/3
长安区 ,72,27,96,,,,,1,2011/1/2
长安区 ,61,27,93,,,,,1,2011/1/1
长安区 ,39,34,93,,,,,1,2010/12/31
长安区 ,20,28,70,,,,,1,2010/12/30
长安区 ,60,53,142,,,,,2,2010/12/29
长安区 ,34,34,87,,,,,1,2010/12/28
长安区 ,33,45,137,,,,,2,2010/12/27
长安区 ,29,26,81,,,,,1,2010/12/26
长安区 ,36,43,92,,,,,1,2010/12/25
长安区 ,61,63,98,,,,,1,2010/12/24
长安区 ,54,49,150,,,,,2,2010/12/23
长安区 ,50,40,106,,,,,2,2010/12/22
长安区 ,52,42,122,,,,,2,2010/12/21
长安区 ,46,32,98,,,,,1,2010/12/20
长安区 ,64,37,99,,,,,1,2010/12/19
长安区 ,78,87,135,,,,,2,2010/12/18
长安区 ,55,34,97,,,,,1,2010/12/17
长安区 ,27,17,68,,,,,1,2010/12/16
长安区 ,65,38,67,,,,,1,2010/12/15
长安区 ,72,40,107,,,,,2,2010/12/14
长安区 ,82,78,160,,,,,3,2010/12/13
长安区 ,70,68,144,,,,,2,2010/12/12
长安区 ,30,35,92,,,,,1,2010/12/11
长安区 ,57,47,143,,,,,2,2010/12/10
长安区 ,37,34,139,,,,,2,2010/12/9
长安区 ,55,38,96,,,,,1,2010/12/8
长安区 ,43,27,105,,,,,2,2010/12/7
长安区 ,44,15,106,,,,,2,2010/12/6
长安区 ,60,103,160,,,,,3,2010/12/5
长安区 ,60,49,154,,,,,3,2010/12/4
长安区 ,40,23,96,,,,,1,2010/12/3
长安区 ,40,23,99,,,,,1,2010/12/2
长安区 ,30,24,96,,,,,1,2010/12/1
长安区 ,53,6,97,,,,,1,2010/11/30
长安区 ,36,31,72,,,,,1,2010/11/29
长安区 ,63,49,110,,,,,2,2010/11/28
长安区 ,60,52,98,,,,,1,2010/11/27
长安区 ,77,58,125,,,,,2,2010/11/26
长安区 ,53,34,105,,,,,2,2010/11/25
长安区 ,64,44,118,,,,,2,2010/11/24
长安区 ,79,44,93,,,,,1,2010/11/23
长安区 ,83,64,94,,,,,1,2010/11/22
长安区 ,83,52,99,,,,,1,2010/11/21
长安区 ,55,29,118,,,,,2,2010/11/20
长安区 ,77,70,93,,,,,1,2010/11/19
长安区 ,88,83,152,,,,,3,2010/11/18
长安区 ,63,43,130,,,,,2,2010/11/17
长安区 ,62,45,108,,,,,2,2010/11/16
长安区 ,70,37,94,,,,,1,2010/11/15
长安区 ,62,45,95,,,,,1,2010/11/14
长安区 ,58,45,92,,,,,1,2010/11/13
长安区 ,27,27,105,,,,,2,2010/11/12
长安区 ,31,24,107,,,,,2,2010/11/11
长安区 ,35,37,92,,,,,1,2010/11/10
长安区 ,36,32,95,,,,,1,2010/11/10
长安区 ,35,33,82,,,,,1,2010/11/8
长安区 ,56,36,95,,,,,1,2010/11/7
长安区 ,56,88,137,,,,,2,2010/11/6
长安区 ,49,42,96,,,,,1,2010/11/5
长安区 ,53,35,99,,,,,1,2010/11/4
长安区 ,53,21,147,,,,,2,2010/11/3
长安区 ,46,26,90,,,,,1,2010/11/2
长安区 ,70,65,168,,,,,3,2010/11/1
长安区 ,56,83,146,,,,,2,2010/10/31
长安区 ,53,45,119,,,,,2,2010/10/30
长安区 ,37,31,95,,,,,1,2010/10/29
长安区 ,53,22,98,,,,,1,2010/10/28
长安区 ,39,18,88,,,,,1,2010/10/27
长安区 ,24,9,63,,,,,1,2010/10/26
长安区 ,20,19,90,,,,,1,2010/10/25
长安区 ,53,47,95,,,,,1,2010/10/24
长安区 ,54,42,86,,,,,1,2010/10/23
长安区 ,58,50,91,,,,,1,2010/10/22
长安区 ,54,55,116,,,,,2,2010/10/21
长安区 ,44,37,139,,,,,2,2010/10/20
长安区 ,40,57,120,,,,,2,2010/10/19
长安区 ,30,70,108,,,,,2,2010/10/18
长安区 ,55,49,96,,,,,1,2010/10/17
长安区 ,47,47,74,,,,,1,2010/10/16
长安区 ,44,35,68,,,,,1,2010/10/15
长安区 ,50,27,64,,,,,1,2010/10/14
长安区 ,35,19,64,,,,,1,2010/10/13
长安区 ,20,29,67,,,,,1,2010/10/12
长安区 ,11,14,53,,,,,1,2010/10/11
长安区 ,31,30,91,,,,,1,2010/10/10
长安区 ,55,27,144,,,,,2,2010/10/9
长安区 ,48,29,96,,,,,1,2010/10/8
长安区 ,41,27,95,,,,,1,2010/10/7
长安区 ,32,35,65,,,,,1,2010/10/6
长安区 ,26,25,62,,,,,1,2010/10/5
长安区 ,21,23,62,,,,,1,2010/10/4
长安区 ,13,14,81,,,,,1,2010/10/3
长安区 ,23,8,53,,,,,1,2010/10/2
长安区 ,30,19,84,,,,,1,2010/10/1
长安区 ,34,15,81,,,,,1,2010/9/30
长安区 ,35,22,66,,,,,1,2010/9/29
长安区 ,41,42,99,,,,,1,2010/9/28
长安区 ,34,17,62,,,,,1,2010/9/27
长安区 ,23,16,89,,,,,1,2010/9/26
长安区 ,16,17,90,,,,,1,2010/9/25
长安区 ,37,22,98,,,,,1,2010/9/24
长安区 ,21,15,48,,,,,0,2010/9/23
长安区 ,13,12,53,,,,,1,2010/9/22
长安区 ,24,17,97,,,,,1,2010/9/21
长安区 ,22,19,85,,,,,1,2010/9/20
长安区 ,12,19,77,,,,,1,2010/9/19
长安区 ,26,10,82,,,,,1,2010/9/18
长安区 ,12,13,68,,,,,1,2010/9/17
长安区 ,17,18,96,,,,,1,2010/9/16
长安区 ,30,12,113,,,,,2,2010/9/15
长安区 ,23,9,95,,,,,1,2010/9/14
长安区 ,21,9,89,,,,,1,2010/9/13
长安区 ,30,9,85,,,,,1,2010/9/12
长安区 ,15,6,52,,,,,1,2010/9/11
长安区 ,10,10,60,,,,,1,2010/9/10
长安区 ,21,5,77,,,,,1,2010/9/9
长安区 ,24,12,66,,,,,1,2010/9/8
长安区 ,12,9,62,,,,,1,2010/9/7
长安区 ,7,9,96,,,,,1,2010/9/6
长安区 ,12,14,77,,,,,1,2010/9/5
长安区 ,13,12,90,,,,,1,2010/9/4
长安区 ,20,15,80,,,,,1,2010/9/3
长安区 ,20,13,78,,,,,1,2010/9/2
长安区 ,18,15,69,,,,,1,2010/9/1
长安区 ,15,15,60,,,,,1,2010/8/31
长安区 ,15,15,100,,,,,1,2010/8/30
长安区 ,17,18,93,,,,,1,2010/8/29
长安区 ,31,24,72,,,,,1,2010/8/28
长安区 ,24,20,64,,,,,1,2010/8/27
长安区 ,18,15,58,,,,,1,2010/8/26
长安区 ,16,18,42,,,,,0,2010/8/25
长安区 ,5,3,15,,,,,0,2010/8/24
长安区 ,16,12,51,,,,,1,2010/8/23
长安区 ,7,11,27,,,,,0,2010/8/22
长安区 ,7,8,53,,,,,1,2010/8/21
长安区 ,10,5,22,,,,,0,2010/8/20
长安区 ,17,12,81,,,,,1,2010/8/19
长安区 ,12,9,90,,,,,1,2010/8/18
长安区 ,10,10,97,,,,,1,2010/8/17
长安区 ,10,7,69,,,,,1,2010/8/16
长安区 ,7,12,53,,,,,1,2010/8/15
长安区 ,8,8,51,,,,,1,2010/8/14
长安区 ,13,7,51,,,,,1,2010/8/13
长安区 ,4,9,79,,,,,1,2010/8/12
长安区 ,14,12,100,,,,,1,2010/8/12
长安区 ,12,9,91,,,,,1,2010/8/10
长安区 ,13,16,97,,,,,1,2010/8/9
长安区 ,7,14,95,,,,,1,2010/8/8
长安区 ,7,9,93,,,,,1,2010/8/7
长安区 ,4,19,91,,,,,1,2010/8/6
长安区 ,6,8,87,,,,,1,2010/8/5
长安区 ,15,17,78,,,,,1,2010/8/4
长安区 ,8,14,98,,,,,1,2010/8/3
长安区 ,4,7,60,,,,,1,2010/8/2
长安区 ,13,7,108,,,,,2,2010/8/1
长安区 ,12,13,100,,,,,1,2010/7/31
长安区 ,13,15,88,,,,,1,2010/7/30
长安区 ,13,13,112,,,,,2,2010/7/29
长安区 ,10,7,94,,,,,1,2010/7/28
长安区 ,10,7,83,,,,,1,2010/7/27
长安区 ,6,9,79,,,,,1,2010/7/26
长安区 ,4,7,64,,,,,1,2010/7/25
长安区 ,6,7,67,,,,,1,2010/7/24
长安区 ,2,9,93,,,,,1,2010/7/23
长安区 ,8,12,67,,,,,1,2010/7/22
长安区 ,12,9,94,,,,,1,2010/7/21
长安区 ,13,10,88,,,,,1,2010/7/20
长安区 ,2,7,63,,,,,1,2010/7/19
长安区 ,3,5,51,,,,,1,2010/7/18
长安区 ,2,19,74,,,,,1,2010/7/17
长安区 ,6,20,64,,,,,1,2010/7/16
长安区 ,3,9,76,,,,,1,2010/7/15
长安区 ,12,12,95,,,,,1,2010/7/14
长安区 ,5,7,82,,,,,1,2010/7/13
长安区 ,15,7,88,,,,,1,2010/7/12
长安区 ,13,19,62,,,,,1,2010/7/11
长安区 ,5,7,42,,,,,0,2010/7/10
长安区 ,13,8,83,,,,,1,2010/7/9
长安区 ,13,7,97,,,,,1,2010/7/8
长安区 ,9,7,95,,,,,1,2010/7/7
长安区 ,13,9,92,,,,,1,2010/7/6
长安区 ,8,12,69,,,,,1,2010/7/5
长安区 ,15,11,60,,,,,1,2010/7/4
长安区 ,23,9,80,,,,,1,2010/7/3
长安区 ,11,8,70,,,,,1,2010/7/2
长安区 ,8,7,52,,,,,1,2010/7/1
长安区 ,13,10,56,,,,,1,2010/6/30
长安区 ,24,14,73,,,,,1,2010/6/29
长安区 ,18,14,83,,,,,1,2010/6/28
长安区 ,16,10,75,,,,,1,2010/6/27
长安区 ,18,9,80,,,,,1,2010/6/26
长安区 ,11,7,91,,,,,1,2010/6/25
长安区 ,19,12,97,,,,,1,2010/6/24
长安区 ,18,13,80,,,,,1,2010/6/23
长安区 ,19,11,87,,,,,1,2010/6/22
长安区 ,22,7,93,,,,,1,2010/6/21
长安区 ,21,14,99,,,,,1,2010/6/20
长安区 ,15,15,97,,,,,1,2010/6/19
长安区 ,29,14,102,,,,,2,2010/6/18
长安区 ,12,12,95,,,,,1,2010/6/17
长安区 ,18,13,93,,,,,1,2010/6/16
长安区 ,16,9,102,,,,,2,2010/6/15
长安区 ,11,12,87,,,,,1,2010/6/14
长安区 ,17,12,94,,,,,1,2010/6/13
长安区 ,15,9,93,,,,,1,2010/6/12
长安区 ,19,15,94,,,,,1,2010/6/11
长安区 ,9,12,66,,,,,1,2010/6/10
长安区 ,10,8,59,,,,,1,2010/6/9
长安区 ,16,10,80,,,,,1,2010/6/8
长安区 ,17,10,87,,,,,1,2010/6/7
长安区 ,10,17,96,,,,,1,2010/6/6
长安区 ,16,12,81,,,,,1,2010/6/5
长安区 ,21,7,85,,,,,1,2010/6/4
长安区 ,14,14,73,,,,,1,2010/6/3
长安区 ,16,12,60,,,,,1,2010/6/2
长安区 ,18,9,57,,,,,1,2010/6/1
长安区 ,11,10,96,,,,,1,2010/5/31
长安区 ,11,12,98,,,,,1,2010/5/30
长安区 ,16,6,92,,,,,1,2010/5/29
长安区 ,12,7,72,,,,,1,2010/5/28
长安区 ,7,5,60,,,,,1,2010/5/27
长安区 ,8,5,98,,,,,1,2010/5/26
长安区 ,23,14,92,,,,,1,2010/5/25
长安区 ,19,15,99,,,,,1,2010/5/24
长安区 ,12,14,71,,,,,1,2010/5/23
长安区 ,22,15,65,,,,,1,2010/5/22
长安区 ,19,12,100,,,,,1,2010/5/21
长安区 ,14,10,97,,,,,1,2010/5/20
长安区 ,16,12,94,,,,,1,2010/5/19
长安区 ,12,12,65,,,,,1,2010/5/18
长安区 ,20,11,109,,,,,2,2010/5/17
长安区 ,20,12,108,,,,,2,2010/5/16
长安区 ,17,10,108,,,,,2,2010/5/15
长安区 ,10,9,73,,,,,1,2010/5/14
长安区 ,12,24,112,,,,,2,2010/5/13
长安区 ,18,19,108,,,,,2,2010/5/12
长安区 ,28,19,103,,,,,2,2010/5/11
长安区 ,31,8,159,,,,,3,2010/5/10
长安区 ,26,11,97,,,,,1,2010/5/9
长安区 ,32,9,84,,,,,1,2010/5/8
长安区 ,31,7,91,,,,,1,2010/5/7
长安区 ,10,6,79,,,,,1,2010/5/6
长安区 ,23,8,90,,,,,1,2010/5/5
长安区 ,29,14,83,,,,,1,2010/5/4
长安区 ,44,15,104,,,,,2,2010/5/3
长安区 ,25,10,104,,,,,2,2010/5/2
长安区 ,31,17,95,,,,,1,2010/5/1
长安区 ,31,17,121,,,,,2,2010/4/30
长安区 ,23,9,186,,,,,3,2010/4/29
长安区 ,14,9,193,,,,,3,2010/4/28
长安区 ,28,9,201,,,,,4,2010/4/27
长安区 ,20,12,207,,,,,4,2010/4/26
长安区 ,20,20,109,,,,,2,2010/4/25
长安区 ,33,17,71,,,,,1,2010/4/24
长安区 ,36,10,82,,,,,1,2010/4/23
长安区 ,17,7,58,,,,,1,2010/4/22
长安区 ,10,10,43,,,,,0,2010/4/21
长安区 ,30,15,86,,,,,1,2010/4/20
长安区 ,39,20,97,,,,,1,2010/4/19
长安区 ,40,20,73,,,,,1,2010/4/18
长安区 ,23,28,73,,,,,1,2010/4/17
长安区 ,20,17,63,,,,,1,2010/4/16
长安区 ,23,11,59,,,,,1,2010/4/15
长安区 ,35,10,63,,,,,1,2010/4/14
长安区 ,14,7,53,,,,,1,2010/4/13
长安区 ,30,13,90,,,,,1,2010/4/12
长安区 ,31,19,92,,,,,1,2010/4/11
长安区 ,29,14,94,,,,,1,2010/4/10
长安区 ,27,24,88,,,,,1,2010/4/9
长安区 ,39,26,95,,,,,1,2010/4/8
长安区 ,25,22,77,,,,,1,2010/4/7
长安区 ,25,20,80,,,,,1,2010/4/6
长安区 ,35,19,79,,,,,1,2010/4/5
长安区 ,28,20,75,,,,,1,2010/4/4
长安区 ,30,15,91,,,,,1,2010/4/3
长安区 ,26,14,85,,,,,1,2010/4/2
长安区 ,19,14,97,,,,,1,2010/4/1
长安区 ,29,19,114,,,,,2,2010/3/31
长安区 ,41,24,115,,,,,2,2010/3/30
长安区 ,40,28,96,,,,,1,2010/3/29
长安区 ,28,22,76,,,,,1,2010/3/28
长安区 ,29,21,87,,,,,1,2010/3/27
长安区 ,29,15,100,,,,,1,2010/3/26
长安区 ,19,15,80,,,,,1,2010/3/25
长安区 ,25,14,94,,,,,1,2010/3/24
长安区 ,14,10,88,,,,,1,2010/3/23
长安区 ,45,27,188,,,,,3,2010/3/22
长安区 ,27,14,134,,,,,2,2010/3/21
长安区 ,22,16,149,,,,,2,2010/3/20
长安区 ,41,24,107,,,,,2,2010/3/19
长安区 ,32,24,160,,,,,3,2010/3/18
长安区 ,29,24,106,,,,,2,2010/3/17
长安区 ,31,22,95,,,,,1,2010/3/16
长安区 ,27,20,77,,,,,1,2010/3/15
长安区 ,34,25,91,,,,,1,2010/3/14
长安区 ,42,20,99,,,,,1,2010/3/13
长安区 ,30,24,73,,,,,1,2010/3/12
长安区 ,41,27,79,,,,,1,2010/3/11
长安区 ,29,15,57,,,,,1,2010/3/10
长安区 ,30,10,45,,,,,0,2010/3/9
长安区 ,43,22,82,,,,,1,2010/3/8
长安区 ,62,29,75,,,,,1,2010/3/7
长安区 ,45,21,52,,,,,1,2010/3/6
长安区 ,59,26,82,,,,,1,2010/3/5
长安区 ,52,23,68,,,,,1,2010/3/4
长安区 ,50,20,79,,,,,1,2010/3/3
长安区 ,52,23,95,,,,,1,2010/3/2
长安区 ,77,23,112,,,,,2,2010/3/1
长安区 ,67,22,105,,,,,2,2010/2/28
长安区 ,55,20,82,,,,,1,2010/2/27
长安区 ,29,24,67,,,,,1,2010/2/26
长安区 ,44,22,73,,,,,1,2010/2/25
长安区 ,78,33,101,,,,,2,2010/2/24
长安区 ,23,20,73,,,,,1,2010/2/23
长安区 ,20,9,59,,,,,1,2010/2/22
长安区 ,34,10,64,,,,,1,2010/2/21
长安区 ,45,20,56,,,,,1,2010/2/20
长安区 ,10,9,53,,,,,1,2010/2/19
长安区 ,27,17,55,,,,,1,2010/2/18
长安区 ,17,5,56,,,,,1,2010/2/17
长安区 ,21,10,60,,,,,1,2010/2/16
长安区 ,10,7,64,,,,,1,2010/2/15
长安区 ,49,7,67,,,,,1,2010/2/14
长安区 ,51,10,61,,,,,1,2010/2/13
长安区 ,28,12,44,,,,,0,2010/2/12
长安区 ,26,21,46,,,,,0,2010/2/11
长安区 ,46,32,67,,,,,1,2010/2/10
长安区 ,67,62,107,,,,,2,2010/2/9
长安区 ,70,42,101,,,,,2,2010/2/8
长安区 ,71,37,128,,,,,2,2010/2/7
长安区 ,66,34,115,,,,,2,2010/2/6
长安区 ,81,34,109,,,,,2,2010/2/5
长安区 ,55,25,111,,,,,2,2010/2/4
长安区 ,46,31,100,,,,,1,2010/2/3
长安区 ,44,17,100,,,,,1,2010/2/2
长安区 ,29,28,67,,,,,1,2010/2/1
长安区 ,17,20,66,,,,,1,2010/1/31
长安区 ,51,24,74,,,,,1,2010/1/30
长安区 ,24,34,88,,,,,1,2010/1/29
长安区 ,18,18,78,,,,,1,2010/1/28
长安区 ,69,24,71,,,,,1,2010/1/27
长安区 ,30,19,62,,,,,1,2010/1/26
长安区 ,51,22,78,,,,,1,2010/1/25
长安区 ,36,20,60,,,,,1,2010/1/24
长安区 ,24,15,54,,,,,1,2010/1/23
长安区 ,16,14,57,,,,,1,2010/1/22
长安区 ,16,12,67,,,,,1,2010/1/21
长安区 ,87,36,125,,,,,2,2010/1/20
长安区 ,97,43,112,,,,,2,2010/1/19
长安区 ,59,33,119,,,,,2,2010/1/18
长安区 ,60,29,102,,,,,2,2010/1/17
长安区 ,80,36,97,,,,,1,2010/1/16
长安区 ,101,40,91,,,,,2,2010/1/15
长安区 ,62,17,71,,,,,1,2010/1/14
长安区 ,37,22,63,,,,,1,2010/1/13
长安区 ,40,15,59,,,,,1,2010/1/12
长安区 ,72,27,87,,,,,1,2010/1/11
长安区 ,96,44,154,,,,,3,2010/1/10
长安区 ,89,35,117,,,,,2,2010/1/9
长安区 ,114,35,140,,,,,2,2010/1/8
长安区 ,82,27,121,,,,,2,2010/1/7
长安区 ,56,22,101,,,,,2,2010/1/6
长安区 ,44,17,71,,,,,1,2010/1/5
长安区 ,65,25,93,,,,,1,2010/1/4
长安区 ,55,22,88,,,,,1,2010/1/3
长安区 ,58,19,67,,,,,1,2010/1/2
长安区 ,62,22,84,,,,,1,2010/1/1
阎良区 ,71,45,79,,,,,1,2012/12/31
阎良区 ,60,29,78,,,,,1,2012/12/30
阎良区 ,69,44,90,,,,,1,2012/12/29
阎良区 ,86,70,205,,,,,4,2012/12/28
阎良区 ,73,70,122,,,,,2,2012/12/25
阎良区 ,26,15,78,,,,,1,2012/12/25
阎良区 ,32,19,59,,,,,1,2012/12/23
阎良区 ,49,25,75,,,,,1,2012/12/22
阎良区 ,51,29,81,,,,,1,2012/12/21
阎良区 ,52,29,95,,,,,1,2012/12/20
阎良区 ,57,23,83,,,,,1,2012/12/19
阎良区 ,34,19,78,,,,,1,2012/12/18
阎良区 ,50,17,149,,,,,2,2012/12/17
阎良区 ,61,24,288,,,,,5,2012/12/16
阎良区 ,55,29,260,,,,,5,2012/12/15
阎良区 ,60,27,273,,,,,5,2012/12/14
阎良区 ,54,24,295,,,,,5,2012/12/13
阎良区 ,58,23,293,,,,,5,2012/12/12
阎良区 ,56,22,99,,,,,1,2012/12/11
阎良区 ,54,20,93,,,,,1,2012/12/10
阎良区 ,55,15,82,,,,,1,2012/12/9
阎良区 ,52,24,86,,,,,1,2012/12/8
阎良区 ,51,20,84,,,,,1,2012/12/7
阎良区 ,53,14,91,,,,,1,2012/12/6
阎良区 ,59,14,85,,,,,1,2012/12/5
阎良区 ,60,22,98,,,,,1,2012/12/4
阎良区 ,70,16,110,,,,,2,2012/12/3
阎良区 ,65,20,200,,,,,3,2012/12/2
阎良区 ,69,14,174,,,,,3,2012/12/1
阎良区 ,54,20,84,,,,,1,2012/11/30
阎良区 ,26,13,95,,,,,1,2012/11/29
阎良区 ,32,14,82,,,,,1,2012/11/28
阎良区 ,33,13,87,,,,,1,2012/11/27
阎良区 ,25,12,74,,,,,1,2012/11/26
阎良区 ,35,16,83,,,,,1,2012/11/25
阎良区 ,31,15,67,,,,,1,2012/11/24
阎良区 ,26,12,63,,,,,1,2012/11/23
阎良区 ,31,27,166,,,,,3,2012/11/22
阎良区 ,31,22,140,,,,,2,2012/11/21
阎良区 ,38,19,95,,,,,1,2012/11/20
阎良区 ,33,25,86,,,,,1,2012/11/19
阎良区 ,26,25,85,,,,,1,2012/11/18
阎良区 ,22,17,92,,,,,1,2012/11/17
阎良区 ,26,15,52,,,,,1,2012/11/16
阎良区 ,48,22,129,,,,,2,2012/11/15
阎良区 ,22,19,97,,,,,1,2012/11/14
阎良区 ,28,26,82,,,,,1,2012/11/13
阎良区 ,20,21,71,,,,,1,2012/11/12
阎良区 ,17,14,71,,,,,1,2012/11/11
阎良区 ,21,15,91,,,,,1,2012/11/10
阎良区 ,18,15,84,,,,,1,2012/11/9
阎良区 ,15,14,61,,,,,1,2012/11/8
阎良区 ,23,22,90,,,,,1,2012/11/7
阎良区 ,21,15,78,,,,,1,2012/11/6
阎良区 ,21,27,74,,,,,1,2012/11/5
阎良区 ,20,15,70,,,,,1,2012/11/4
阎良区 ,18,14,88,,,,,1,2012/11/3
阎良区 ,20,15,106,,,,,2,2012/11/2
阎良区 ,20,16,88,,,,,1,2012/11/1
阎良区 ,19,16,72,,,,,1,2012/10/31
阎良区 ,16,16,77,,,,,1,2012/10/30
阎良区 ,21,16,88,,,,,1,2012/10/29
阎良区 ,21,27,110,,,,,2,2012/10/28
阎良区 ,19,23,109,,,,,2,2012/10/27
阎良区 ,22,25,110,,,,,2,2012/10/26
阎良区 ,20,26,79,,,,,1,2012/10/25
阎良区 ,18,22,94,,,,,1,2012/10/24
阎良区 ,20,28,83,,,,,1,2012/10/23
阎良区 ,22,17,55,,,,,1,2012/10/22
阎良区 ,20,20,124,,,,,2,2012/10/21
阎良区 ,18,18,91,,,,,1,2012/10/20
阎良区 ,20,18,108,,,,,2,2012/10/19
阎良区 ,20,20,91,,,,,1,2012/10/18
阎良区 ,18,18,69,,,,,1,2012/10/17
阎良区 ,19,22,89,,,,,1,2012/10/16
阎良区 ,19,20,134,,,,,2,2012/10/15
阎良区 ,18,22,98,,,,,1,2012/10/14
阎良区 ,17,19,96,,,,,1,2012/10/13
阎良区 ,20,23,118,,,,,2,2012/10/12
阎良区 ,16,23,132,,,,,2,2012/10/11
阎良区 ,21,17,75,,,,,1,2012/10/10
阎良区 ,19,16,96,,,,,1,2012/10/9
阎良区 ,22,22,138,,,,,2,2012/10/8
阎良区 ,21,16,110,,,,,2,2012/10/7
阎良区 ,16,20,101,,,,,2,2012/10/6
阎良区 ,22,18,88,,,,,1,2012/10/5
阎良区 ,21,22,80,,,,,1,2012/10/4
阎良区 ,18,15,104,,,,,2,2012/10/3
阎良区 ,20,24,107,,,,,2,2012/10/2
阎良区 ,20,22,85,,,,,1,2012/10/1
阎良区 ,23,16,85,,,,,1,2012/9/30
阎良区 ,19,15,68,,,,,1,2012/9/29
阎良区 ,19,19,66,,,,,1,2012/9/28
阎良区 ,21,14,94,,,,,1,2012/9/27
阎良区 ,15,14,61,,,,,1,2012/9/26
阎良区 ,21,14,88,,,,,1,2012/9/25
阎良区 ,27,15,115,,,,,2,2012/9/24
阎良区 ,28,15,103,,,,,2,2012/9/23
阎良区 ,18,14,93,,,,,1,2012/9/22
阎良区 ,18,14,76,,,,,1,2012/9/21
阎良区 ,19,15,70,,,,,1,2012/9/20
阎良区 ,19,15,76,,,,,1,2012/9/19
阎良区 ,23,15,82,,,,,1,2012/9/18
阎良区 ,19,14,77,,,,,1,2012/9/17
阎良区 ,17,14,55,,,,,1,2012/9/16
阎良区 ,21,17,77,,,,,1,2012/9/15
阎良区 ,21,15,53,,,,,1,2012/9/14
阎良区 ,20,14,46,,,,,0,2012/9/13
阎良区 ,21,14,48,,,,,0,2012/9/12
阎良区 ,18,14,66,,,,,1,2012/9/11
阎良区 ,18,15,74,,,,,1,2012/9/10
阎良区 ,17,14,72,,,,,1,2012/9/9
阎良区 ,14,14,86,,,,,1,2012/9/8
阎良区 ,17,15,69,,,,,1,2012/9/7
阎良区 ,18,17,77,,,,,1,2012/9/6
阎良区 ,23,16,63,,,,,1,2012/9/5
阎良区 ,26,17,52,,,,,1,2012/9/4
阎良区 ,26,17,52,,,,,1,2012/9/4
阎良区 ,22,17,32,,,,,0,2012/9/3
阎良区 ,18,14,31,,,,,0,2012/9/2
阎良区 ,18,13,48,,,,,0,2012/9/1
阎良区 ,20,15,65,,,,,1,2012/8/31
阎良区 ,19,16,68,,,,,1,2012/8/30
阎良区 ,19,16,61,,,,,1,2012/8/29
阎良区 ,19,15,73,,,,,1,2012/8/28
阎良区 ,19,17,90,,,,,1,2012/8/27
阎良区 ,16,15,89,,,,,1,2012/8/26
阎良区 ,17,14,63,,,,,1,2012/8/25
阎良区 ,16,14,57,,,,,1,2012/8/24
阎良区 ,16,14,51,,,,,1,2012/8/23
阎良区 ,19,15,52,,,,,1,2012/8/22
阎良区 ,19,17,48,,,,,0,2012/8/21
阎良区 ,15,13,48,,,,,0,2012/8/20
阎良区 ,27,14,48,,,,,0,2012/8/19
阎良区 ,24,14,62,,,,,1,2012/8/18
阎良区 ,31,14,72,,,,,1,2012/8/17
阎良区 ,33,19,79,,,,,1,2012/8/16
阎良区 ,31,15,75,,,,,1,2012/8/15
阎良区 ,30,14,54,,,,,1,2012/8/14
阎良区 ,29,19,69,,,,,1,2012/8/13
阎良区 ,28,23,83,,,,,1,2012/8/12
阎良区 ,22,17,81,,,,,1,2012/8/11
阎良区 ,25,19,77,,,,,1,2012/8/10
阎良区 ,23,15,75,,,,,1,2012/8/9
阎良区 ,19,18,68,,,,,1,2012/8/8
阎良区 ,23,27,65,,,,,1,2012/8/7
阎良区 ,19,15,62,,,,,1,2012/8/6
阎良区 ,20,12,72,,,,,1,2012/8/5
阎良区 ,21,11,79,,,,,1,2012/8/4
阎良区 ,13,12,68,,,,,1,2012/8/3
阎良区 ,25,20,57,,,,,1,2012/8/2
阎良区 ,23,14,50,,,,,0,2012/8/1
阎良区 ,19,10,52,,,,,1,2012/7/31
阎良区 ,24,17,62,,,,,1,2012/7/30
阎良区 ,21,20,61,,,,,1,2012/7/29
阎良区 ,23,22,50,,,,,0,2012/7/28
阎良区 ,25,22,46,,,,,0,2012/7/27
阎良区 ,30,22,72,,,,,1,2012/7/26
阎良区 ,27,19,76,,,,,1,2012/7/25
阎良区 ,24,22,64,,,,,1,2012/7/24
阎良区 ,17,15,52,,,,,1,2012/7/23
阎良区 ,16,13,53,,,,,1,2012/7/22
阎良区 ,19,11,68,,,,,1,2012/7/21
阎良区 ,17,10,82,,,,,1,2012/7/20
阎良区 ,19,10,84,,,,,1,2012/7/19
阎良区 ,19,14,76,,,,,1,2012/7/18
阎良区 ,16,12,73,,,,,1,2012/7/17
阎良区 ,17,13,75,,,,,1,2012/7/16
阎良区 ,17,13,75,,,,,1,2012/7/16
阎良区 ,16,10,60,,,,,1,2012/7/15
阎良区 ,13,16,63,,,,,1,2012/7/14
阎良区 ,29,20,64,,,,,1,2012/7/13
阎良区 ,28,22,56,,,,,1,2012/7/12
阎良区 ,18,12,59,,,,,1,2012/7/11
阎良区 ,14,12,59,,,,,1,2012/7/10
阎良区 ,14,10,57,,,,,1,2012/7/9
阎良区 ,18,12,68,,,,,1,2012/7/8
阎良区 ,23,12,53,,,,,1,2012/7/7
阎良区 ,25,14,58,,,,,1,2012/7/6
阎良区 ,21,14,52,,,,,1,2012/7/5
阎良区 ,16,15,47,,,,,0,2012/7/4
阎良区 ,23,14,44,,,,,0,2012/7/3
阎良区 ,24,19,60,,,,,1,2012/7/2
阎良区 ,15,12,51,,,,,1,2012/7/1
阎良区 ,12,13,51,,,,,1,2012/6/30
阎良区 ,16,12,57,,,,,1,2012/6/30
阎良区 ,19,10,60,,,,,1,2012/6/28
阎良区 ,15,15,76,,,,,1,2012/6/27
阎良区 ,13,12,62,,,,,1,2012/6/26
阎良区 ,23,13,65,,,,,1,2012/6/25
阎良区 ,22,15,65,,,,,1,2012/6/24
阎良区 ,24,17,60,,,,,1,2012/6/23
阎良区 ,31,15,58,,,,,1,2012/6/22
阎良区 ,23,23,69,,,,,1,2012/6/21
阎良区 ,24,21,70,,,,,1,2012/6/20
阎良区 ,22,20,68,,,,,1,2012/6/19
阎良区 ,27,20,65,,,,,1,2012/6/18
阎良区 ,20,23,70,,,,,1,2012/6/17
阎良区 ,24,24,68,,,,,1,2012/6/16
阎良区 ,25,19,66,,,,,1,2012/6/15
阎良区 ,26,15,64,,,,,1,2012/6/14
阎良区 ,23,22,67,,,,,1,2012/6/13
阎良区 ,28,20,63,,,,,1,2012/6/12
阎良区 ,30,22,70,,,,,1,2012/6/11
阎良区 ,28,24,62,,,,,1,2012/6/10
阎良区 ,30,19,63,,,,,1,2012/6/9
阎良区 ,23,21,63,,,,,1,2012/6/8
阎良区 ,26,20,73,,,,,1,2012/6/7
阎良区 ,21,17,79,,,,,1,2012/6/6
阎良区 ,28,14,80,,,,,1,2012/6/5
阎良区 ,28,15,73,,,,,1,2012/6/4
阎良区 ,32,12,58,,,,,1,2012/6/3
阎良区 ,34,13,63,,,,,1,2012/6/2
阎良区 ,28,15,72,,,,,1,2012/6/1
阎良区 ,28,18,63,,,,,1,2012/5/31
阎良区 ,21,15,54,,,,,1,2012/5/30
阎良区 ,25,14,59,,,,,1,2012/5/29
阎良区 ,28,17,60,,,,,1,2012/5/28
阎良区 ,25,12,71,,,,,1,2012/5/27
阎良区 ,15,12,88,,,,,1,2012/5/26
阎良区 ,14,12,93,,,,,1,2012/5/25
阎良区 ,16,11,98,,,,,1,2012/5/24
阎良区 ,14,11,97,,,,,1,2012/5/23
阎良区 ,12,10,52,,,,,1,2012/5/22
阎良区 ,13,14,65,,,,,1,2012/5/21
阎良区 ,29,27,81,,,,,1,2012/5/20
阎良区 ,28,30,91,,,,,1,2012/5/19
阎良区 ,21,31,79,,,,,1,2012/5/18
阎良区 ,16,31,72,,,,,1,2012/5/17
阎良区 ,16,27,77,,,,,1,2012/5/16
阎良区 ,16,24,59,,,,,1,2012/5/15
阎良区 ,27,24,76,,,,,1,2012/5/14
阎良区 ,19,20,91,,,,,1,2012/5/13
阎良区 ,16,17,68,,,,,1,2012/5/12
阎良区 ,24,11,61,,,,,1,2012/5/11
阎良区 ,22,20,78,,,,,1,2012/5/10
阎良区 ,28,24,84,,,,,1,2012/5/9
阎良区 ,28,21,94,,,,,1,2012/5/8
阎良区 ,27,22,76,,,,,1,2012/5/7
阎良区 ,32,30,82,,,,,1,2012/5/6
阎良区 ,36,19,72,,,,,1,2012/5/5
阎良区 ,20,20,74,,,,,1,2012/5/4
阎良区 ,15,20,77,,,,,1,2012/5/3
阎良区 ,17,18,63,,,,,1,2012/5/2
阎良区 ,16,15,90,,,,,1,2012/5/1
阎良区 ,26,14,91,,,,,1,2012/5/1
阎良区 ,33,25,104,,,,,2,2012/4/29
阎良区 ,41,26,101,,,,,2,2012/4/28
阎良区 ,33,25,89,,,,,1,2012/4/27
阎良区 ,31,24,96,,,,,1,2012/4/26
阎良区 ,28,23,88,,,,,1,2012/4/25
阎良区 ,21,19,74,,,,,1,2012/4/24
阎良区 ,42,29,91,,,,,1,2012/4/23
阎良区 ,30,24,90,,,,,1,2012/4/22
阎良区 ,30,24,85,,,,,1,2012/4/21
阎良区 ,34,24,78,,,,,1,2012/4/20
阎良区 ,35,24,70,,,,,1,2012/4/19
阎良区 ,41,25,86,,,,,1,2012/4/18
阎良区 ,51,29,88,,,,,1,2012/4/17
阎良区 ,34,30,68,,,,,1,2012/4/16
阎良区 ,34,32,71,,,,,1,2012/4/15
阎良区 ,31,22,67,,,,,1,2012/4/14
阎良区 ,17,20,56,,,,,1,2012/4/13
阎良区 ,28,15,56,,,,,1,2012/4/12
阎良区 ,35,27,66,,,,,1,2012/4/11
阎良区 ,26,30,58,,,,,1,2012/4/10
阎良区 ,32,17,69,,,,,1,2012/4/9
阎良区 ,25,20,79,,,,,1,2012/4/8
阎良区 ,32,24,76,,,,,1,2012/4/7
阎良区 ,30,23,78,,,,,1,2012/4/6
阎良区 ,27,17,82,,,,,1,2012/4/5
阎良区 ,27,23,82,,,,,1,2012/4/4
阎良区 ,24,20,79,,,,,1,2012/4/3
阎良区 ,26,25,79,,,,,1,2012/4/2
阎良区 ,36,20,80,,,,,1,2012/4/1
阎良区 ,24,17,56,,,,,1,2012/3/31
阎良区 ,34,27,83,,,,,1,2012/3/30
阎良区 ,25,25,90,,,,,1,2012/3/29
阎良区 ,54,35,96,,,,,1,2012/3/28
阎良区 ,57,29,88,,,,,1,2012/3/27
阎良区 ,59,34,89,,,,,1,2012/3/26
阎良区 ,51,31,82,,,,,1,2012/3/25
阎良区 ,40,20,77,,,,,1,2012/3/24
阎良区 ,30,19,59,,,,,1,2012/3/23
阎良区 ,40,29,61,,,,,1,2012/3/22
阎良区 ,42,27,75,,,,,1,2012/3/21
阎良区 ,42,27,66,,,,,1,2012/3/20
阎良区 ,50,23,112,,,,,2,2012/3/19
阎良区 ,59,36,123,,,,,2,2012/3/18
阎良区 ,46,32,105,,,,,2,2012/3/17
阎良区 ,38,33,78,,,,,1,2012/3/16
阎良区 ,41,28,93,,,,,1,2012/3/15
阎良区 ,46,37,99,,,,,1,2012/3/14
阎良区 ,53,50,106,,,,,2,2012/3/13
阎良区 ,36,30,79,,,,,1,2012/3/12
阎良区 ,33,40,67,,,,,1,2012/3/11
阎良区 ,34,60,79,,,,,1,2012/3/10
阎良区 ,36,29,72,,,,,1,2012/3/9
阎良区 ,32,28,69,,,,,1,2012/3/8
阎良区 ,44,26,70,,,,,1,2012/3/7
阎良区 ,28,24,58,,,,,1,2012/3/6
阎良区 ,35,37,72,,,,,1,2012/3/5
阎良区 ,28,35,63,,,,,1,2012/3/4
阎良区 ,28,34,65,,,,,1,2012/3/3
阎良区 ,32,41,96,,,,,1,2012/3/2
阎良区 ,49,53,126,,,,,2,2012/3/1
阎良区 ,52,68,112,,,,,2,2012/2/29
阎良区 ,47,25,95,,,,,1,2012/2/28
阎良区 ,39,33,88,,,,,1,2012/2/27
阎良区 ,49,30,64,,,,,1,2012/2/26
阎良区 ,57,20,75,,,,,1,2012/2/25
阎良区 ,71,75,107,,,,,2,2012/2/24
阎良区 ,90,58,124,,,,,2,2012/2/23
阎良区 ,66,53,123,,,,,2,2012/2/22
阎良区 ,65,35,104,,,,,2,2012/2/21
阎良区 ,62,22,73,,,,,1,2012/2/20
阎良区 ,52,27,59,,,,,1,2012/2/19
阎良区 ,54,24,53,,,,,1,2012/2/18
阎良区 ,39,20,59,,,,,1,2012/2/17
阎良区 ,53,23,106,,,,,2,2012/2/16
阎良区 ,57,34,118,,,,,2,2012/2/15
阎良区 ,54,22,115,,,,,2,2012/2/14
阎良区 ,51,29,85,,,,,1,2012/2/13
阎良区 ,45,25,83,,,,,1,2012/2/12
阎良区 ,53,24,69,,,,,1,2012/2/11
阎良区 ,45,17,57,,,,,1,2012/2/10
阎良区 ,40,24,41,,,,,0,2012/2/9
阎良区 ,25,24,58,,,,,1,2012/2/8
阎良区 ,33,19,54,,,,,1,2012/2/7
阎良区 ,71,40,144,,,,,2,2012/2/6
阎良区 ,65,42,81,,,,,1,2012/2/5
阎良区 ,49,43,73,,,,,1,2012/2/4
阎良区 ,25,23,56,,,,,1,2012/2/3
阎良区 ,31,19,56,,,,,1,2012/2/2
阎良区 ,82,54,138,,,,,2,2012/2/1
阎良区 ,84,52,134,,,,,2,2012/1/31
阎良区 ,85,50,121,,,,,2,2012/1/30
阎良区 ,82,52,111,,,,,2,2012/1/29
阎良区 ,75,25,94,,,,,1,2012/1/28
阎良区 ,75,39,95,,,,,1,2012/1/27
阎良区 ,60,15,74,,,,,1,2012/1/26
阎良区 ,43,12,55,,,,,1,2012/1/25
阎良区 ,44,20,77,,,,,1,2012/1/24
阎良区 ,50,20,80,,,,,1,2012/1/23
阎良区 ,43,29,52,,,,,1,2012/1/22
阎良区 ,57,23,66,,,,,1,2012/1/21
阎良区 ,65,31,99,,,,,1,2012/1/20
阎良区 ,89,44,125,,,,,2,2012/1/19
阎良区 ,76,72,170,,,,,3,2012/1/18
阎良区 ,95,67,121,,,,,2,2012/1/17
阎良区 ,99,79,129,,,,,2,2012/1/16
阎良区 ,93,70,107,,,,,2,2012/1/15
阎良区 ,95,62,113,,,,,2,2012/1/14
阎良区 ,94,69,134,,,,,2,2012/1/13
阎良区 ,94,52,91,,,,,1,2012/1/12
阎良区 ,113,58,115,,,,,2,2012/1/11
阎良区 ,107,79,167,,,,,3,2012/1/10
阎良区 ,81,39,137,,,,,2,2012/1/9
阎良区 ,86,35,128,,,,,2,2012/1/8
阎良区 ,90,16,87,,,,,1,2012/1/7
阎良区 ,57,26,82,,,,,1,2012/1/6
阎良区 ,53,17,58,,,,,1,2012/1/5
阎良区 ,56,14,54,,,,,1,2012/1/4
阎良区 ,51,9,62,,,,,1,2012/1/3
阎良区 ,93,35,167,,,,,3,2012/1/2
阎良区 ,109,62,246,,,,,4,2012/1/1
阎良区 ,77,46,159,,,,,3,2011/12/31
阎良区 ,97,70,181,,,,,3,2011/12/30
阎良区 ,103,47,128,,,,,2,2011/12/29
阎良区 ,77,29,115,,,,,2,2011/12/28
阎良区 ,80,22,106,,,,,2,2011/12/27
阎良区 ,71,21,110,,,,,2,2011/12/26
阎良区 ,58,34,104,,,,,2,2011/12/25
阎良区 ,64,24,63,,,,,1,2011/12/24
阎良区 ,59,24,73,,,,,1,2011/12/23
阎良区 ,63,22,78,,,,,1,2011/12/22
阎良区 ,56,30,107,,,,,2,2011/12/21
阎良区 ,80,30,125,,,,,2,2011/12/20
阎良区 ,74,28,116,,,,,2,2011/12/19
阎良区 ,65,26,106,,,,,2,2011/12/18
阎良区 ,52,25,79,,,,,1,2011/12/17
阎良区 ,54,26,79,,,,,1,2011/12/16
阎良区 ,60,31,102,,,,,2,2011/12/15
阎良区 ,61,30,111,,,,,2,2011/12/14
阎良区 ,59,20,109,,,,,2,2011/12/13
阎良区 ,62,22,94,,,,,1,2011/12/12
阎良区 ,47,21,106,,,,,2,2011/12/11
阎良区 ,59,19,57,,,,,1,2011/12/10
阎良区 ,68,13,73,,,,,1,2011/12/9
阎良区 ,59,23,61,,,,,1,2011/12/8
阎良区 ,66,14,72,,,,,1,2011/12/7
阎良区 ,57,15,66,,,,,1,2011/12/6
阎良区 ,66,17,77,,,,,1,2011/12/5
阎良区 ,61,14,88,,,,,1,2011/12/4
阎良区 ,58,16,106,,,,,2,2011/12/3
阎良区 ,51,17,82,,,,,1,2011/12/3
阎良区 ,49,20,57,,,,,1,2011/12/1
阎良区 ,40,15,47,,,,,0,2011/11/30
阎良区 ,24,23,89,,,,,1,2011/11/29
阎良区 ,24,22,115,,,,,2,2011/11/28
阎良区 ,24,19,115,,,,,2,2011/11/27
阎良区 ,28,17,112,,,,,2,2011/11/26
阎良区 ,30,15,116,,,,,2,2011/11/25
阎良区 ,19,14,72,,,,,1,2011/11/24
阎良区 ,24,19,75,,,,,1,2011/11/23
阎良区 ,10,15,79,,,,,1,2011/11/22
阎良区 ,27,14,83,,,,,1,2011/11/21
阎良区 ,19,17,58,,,,,1,2011/11/20
阎良区 ,11,16,60,,,,,1,2011/11/19
阎良区 ,19,14,70,,,,,1,2011/11/18
阎良区 ,19,14,67,,,,,1,2011/11/17
阎良区 ,16,16,91,,,,,1,2011/11/16
阎良区 ,21,17,99,,,,,1,2011/11/15
阎良区 ,19,17,87,,,,,1,2011/11/14
阎良区 ,12,17,85,,,,,1,2011/11/13
阎良区 ,15,14,97,,,,,1,2011/11/12
阎良区 ,14,15,88,,,,,1,2011/11/11
阎良区 ,12,14,67,,,,,1,2011/11/10
阎良区 ,12,12,66,,,,,1,2011/11/9
阎良区 ,9,9,31,,,,,0,2011/11/8
阎良区 ,19,14,41,,,,,0,2011/11/7
阎良区 ,11,11,79,,,,,1,2011/11/5
阎良区 ,10,9,60,,,,,1,2011/11/5
阎良区 ,12,14,75,,,,,1,2011/11/4
阎良区 ,10,17,95,,,,,1,2011/11/3
阎良区 ,12,15,96,,,,,1,2011/11/2
阎良区 ,18,16,97,,,,,1,2011/11/1
阎良区 ,8,17,104,,,,,2,2011/10/31
阎良区 ,10,16,99,,,,,1,2011/10/30
阎良区 ,14,17,88,,,,,1,2011/10/29
阎良区 ,22,17,95,,,,,1,2011/10/28
阎良区 ,16,15,77,,,,,1,2011/10/27
阎良区 ,13,13,57,,,,,1,2011/10/26
阎良区 ,16,17,51,,,,,1,2011/10/25
阎良区 ,12,14,54,,,,,1,2011/10/24
阎良区 ,13,9,80,,,,,1,2011/10/23
阎良区 ,9,14,90,,,,,1,2011/10/22
阎良区 ,10,23,109,,,,,2,2011/10/21
阎良区 ,19,22,96,,,,,1,2011/10/20
阎良区 ,19,15,92,,,,,1,2011/10/19
阎良区 ,17,18,81,,,,,1,2011/10/18
阎良区 ,13,19,59,,,,,1,2011/10/17
阎良区 ,8,14,59,,,,,1,2011/10/16
阎良区 ,8,13,68,,,,,1,2011/10/15
阎良区 ,9,10,54,,,,,1,2011/10/14
阎良区 ,10,8,42,,,,,0,2011/10/13
阎良区 ,15,12,69,,,,,1,2011/10/12
阎良区 ,13,8,77,,,,,1,2011/10/11
阎良区 ,11,9,77,,,,,1,2011/10/10
阎良区 ,9,17,71,,,,,1,2011/10/9
阎良区 ,11,17,82,,,,,1,2011/10/8
阎良区 ,11,14,65,,,,,1,2011/10/7
阎良区 ,10,14,57,,,,,1,2011/10/6
阎良区 ,8,9,70,,,,,1,2011/10/5
阎良区 ,8,9,70,,,,,1,2011/10/5
阎良区 ,13,9,67,,,,,1,2011/10/4
阎良区 ,10,11,62,,,,,1,2011/10/3
阎良区 ,11,8,87,,,,,1,2011/10/2
阎良区 ,7,10,76,,,,,1,2011/10/1
阎良区 ,17,15,67,,,,,1,2011/9/30
阎良区 ,13,9,59,,,,,1,2011/9/29
阎良区 ,14,13,69,,,,,1,2011/9/28
阎良区 ,7,14,89,,,,,1,2011/9/27
阎良区 ,19,12,89,,,,,1,2011/9/26
阎良区 ,15,12,90,,,,,1,2011/9/25
阎良区 ,13,12,99,,,,,1,2011/9/24
阎良区 ,17,11,83,,,,,1,2011/9/23
阎良区 ,16,17,71,,,,,1,2011/9/22
阎良区 ,15,12,57,,,,,1,2011/9/21
阎良区 ,6,9,49,,,,,0,2011/9/20
阎良区 ,8,7,33,,,,,0,2011/9/19
阎良区 ,6,6,32,,,,,0,2011/9/18
阎良区 ,6,7,41,,,,,0,2011/9/17
阎良区 ,9,9,72,,,,,1,2011/9/16
阎良区 ,16,14,59,,,,,1,2011/9/15
阎良区 ,6,13,48,,,,,0,2011/9/14
阎良区 ,9,15,40,,,,,0,2011/9/13
阎良区 ,15,9,21,,,,,0,2011/9/12
阎良区 ,6,7,56,,,,,1,2011/9/11
阎良区 ,10,8,65,,,,,1,2011/9/10
阎良区 ,11,14,75,,,,,1,2011/9/9
阎良区 ,14,16,55,,,,,1,2011/9/8
阎良区 ,7,12,41,,,,,0,2011/9/7
阎良区 ,5,12,46,,,,,0,2011/9/6
阎良区 ,11,12,49,,,,,0,2011/9/5
阎良区 ,16,9,75,,,,,1,2011/9/4
阎良区 ,18,15,82,,,,,1,2011/9/3
阎良区 ,12,9,98,,,,,1,2011/9/2
阎良区 ,17,22,96,,,,,1,2011/9/1
阎良区 ,30,17,99,,,,,1,2011/8/31
阎良区 ,16,10,84,,,,,1,2011/8/30
阎良区 ,15,9,100,,,,,1,2011/8/29
阎良区 ,8,12,84,,,,,1,2011/8/28
阎良区 ,12,7,75,,,,,1,2011/8/27
阎良区 ,23,24,53,,,,,1,2011/8/26
阎良区 ,13,13,74,,,,,1,2011/8/25
阎良区 ,13,12,69,,,,,1,2011/8/24
阎良区 ,13,13,57,,,,,1,2011/8/23
阎良区 ,14,11,39,,,,,0,2011/8/22
阎良区 ,7,7,30,,,,,0,2011/8/21
阎良区 ,14,14,30,,,,,0,2011/8/20
阎良区 ,14,12,32,,,,,0,2011/8/19
阎良区 ,19,13,56,,,,,1,2011/8/18
阎良区 ,15,17,53,,,,,1,2011/8/17
阎良区 ,17,14,65,,,,,1,2011/8/16
阎良区 ,18,14,65,,,,,1,2011/8/15
阎良区 ,19,13,88,,,,,1,2011/8/14
阎良区 ,10,14,87,,,,,1,2011/8/13
阎良区 ,20,14,85,,,,,1,2011/8/12
阎良区 ,14,17,81,,,,,1,2011/8/11
阎良区 ,11,14,93,,,,,1,2011/8/10
阎良区 ,19,22,85,,,,,1,2011/8/9
阎良区 ,19,24,82,,,,,1,2011/8/8
阎良区 ,12,9,71,,,,,1,2011/8/7
阎良区 ,15,15,54,,,,,1,2011/8/6
阎良区 ,13,14,69,,,,,1,2011/8/6
阎良区 ,15,15,83,,,,,1,2011/8/4
阎良区 ,12,9,76,,,,,1,2011/8/3
阎良区 ,12,8,49,,,,,0,2011/8/2
阎良区 ,14,7,35,,,,,0,2011/8/1
阎良区 ,15,10,36,,,,,0,2011/7/31
阎良区 ,12,7,35,,,,,0,2011/7/30
阎良区 ,10,10,56,,,,,1,2011/7/29
阎良区 ,12,10,58,,,,,1,2011/7/28
阎良区 ,10,14,65,,,,,1,2011/7/27
阎良区 ,11,14,95,,,,,1,2011/7/26
阎良区 ,15,19,61,,,,,1,2011/7/25
阎良区 ,16,15,90,,,,,1,2011/7/24
阎良区 ,15,18,83,,,,,1,2011/7/23
阎良区 ,10,8,60,,,,,1,2011/7/22
阎良区 ,10,9,79,,,,,1,2011/7/21
阎良区 ,11,24,74,,,,,1,2011/7/20
阎良区 ,14,11,85,,,,,1,2011/7/19
阎良区 ,17,18,68,,,,,1,2011/7/18
阎良区 ,13,12,62,,,,,1,2011/7/17
阎良区 ,12,12,62,,,,,1,2011/7/16
阎良区 ,17,13,78,,,,,1,2011/7/15
阎良区 ,16,13,61,,,,,1,2011/7/14
阎良区 ,16,12,92,,,,,1,2011/7/13
阎良区 ,15,10,87,,,,,1,2011/7/12
阎良区 ,13,25,92,,,,,1,2011/7/11
阎良区 ,26,25,91,,,,,1,2011/7/10
阎良区 ,8,13,72,,,,,1,2011/7/9
阎良区 ,12,12,75,,,,,1,2011/7/8
阎良区 ,11,15,41,,,,,0,2011/7/7
阎良区 ,11,10,35,,,,,0,2011/7/6
阎良区 ,4,9,75,,,,,1,2011/7/5
阎良区 ,9,8,31,,,,,0,2011/7/4
阎良区 ,5,7,39,,,,,0,2011/7/3
阎良区 ,7,8,49,,,,,0,2011/7/2
阎良区 ,8,9,53,,,,,1,2011/7/1
阎良区 ,13,18,53,,,,,1,2011/6/30
阎良区 ,8,11,44,,,,,0,2011/6/29
阎良区 ,15,12,43,,,,,0,2011/6/28
阎良区 ,9,12,64,,,,,1,2011/6/27
阎良区 ,15,10,55,,,,,1,2011/6/26
阎良区 ,12,20,60,,,,,1,2011/6/25
阎良区 ,6,19,53,,,,,1,2011/6/24
阎良区 ,12,13,39,,,,,0,2011/6/23
阎良区 ,13,17,65,,,,,1,2011/6/22
阎良区 ,7,14,61,,,,,1,2011/6/21
阎良区 ,11,13,72,,,,,1,2011/6/20
阎良区 ,14,16,65,,,,,1,2011/6/19
阎良区 ,11,15,53,,,,,1,2011/6/18
阎良区 ,9,15,72,,,,,1,2011/6/17
阎良区 ,10,15,72,,,,,1,2011/6/16
阎良区 ,17,16,77,,,,,1,2011/6/15
阎良区 ,7,16,74,,,,,1,2011/6/14
阎良区 ,14,17,82,,,,,1,2011/6/13
阎良区 ,23,16,65,,,,,1,2011/6/12
阎良区 ,13,14,56,,,,,1,2011/6/11
阎良区 ,16,13,53,,,,,1,2011/6/10
阎良区 ,18,20,69,,,,,1,2011/6/9
阎良区 ,17,19,76,,,,,1,2011/6/8
阎良区 ,27,23,72,,,,,1,2011/6/7
阎良区 ,10,9,95,,,,,1,2011/6/7
阎良区 ,17,16,93,,,,,1,2011/6/6
阎良区 ,20,12,78,,,,,1,2011/6/5
阎良区 ,10,15,74,,,,,1,2011/6/4
阎良区 ,15,23,82,,,,,1,2011/6/3
阎良区 ,15,13,85,,,,,1,2011/6/2
阎良区 ,13,17,67,,,,,1,2011/6/1
阎良区 ,13,13,59,,,,,1,2011/5/31
阎良区 ,7,16,84,,,,,1,2011/5/30
阎良区 ,6,10,75,,,,,1,2011/5/29
阎良区 ,11,19,71,,,,,1,2011/5/28
阎良区 ,11,15,60,,,,,1,2011/5/27
阎良区 ,19,10,58,,,,,1,2011/5/26
阎良区 ,13,9,63,,,,,1,2011/5/25
阎良区 ,7,18,53,,,,,1,2011/5/24
阎良区 ,13,19,45,,,,,0,2011/5/23
阎良区 ,6,15,26,,,,,0,2011/5/22
阎良区 ,6,12,37,,,,,0,2011/5/21
阎良区 ,22,13,93,,,,,1,2011/5/20
阎良区 ,27,12,95,,,,,1,2011/5/19
阎良区 ,34,19,95,,,,,1,2011/5/18
阎良区 ,25,22,81,,,,,1,2011/5/17
阎良区 ,21,10,58,,,,,1,2011/5/16
阎良区 ,11,22,51,,,,,1,2011/5/15
阎良区 ,10,12,47,,,,,0,2011/5/14
阎良区 ,9,16,59,,,,,1,2011/5/13
阎良区 ,11,14,57,,,,,1,2011/5/12
阎良区 ,7,17,51,,,,,1,2011/5/11
阎良区 ,15,19,52,,,,,1,2011/5/10
阎良区 ,21,20,69,,,,,1,2011/5/9
阎良区 ,23,25,92,,,,,1,2011/5/8
阎良区 ,26,23,74,,,,,1,2011/5/7
阎良区 ,27,24,80,,,,,1,2011/5/6
阎良区 ,13,17,66,,,,,1,2011/5/5
阎良区 ,22,19,80,,,,,1,2011/5/4
阎良区 ,22,19,55,,,,,1,2011/5/3
阎良区 ,15,15,53,,,,,1,2011/5/2
阎良区 ,20,19,89,,,,,1,2011/5/1
阎良区 ,21,20,150,,,,,2,2011/4/30
阎良区 ,22,47,91,,,,,1,2011/4/29
阎良区 ,21,37,70,,,,,1,2011/4/28
阎良区 ,20,29,85,,,,,1,2011/4/27
阎良区 ,33,40,110,,,,,2,2011/4/26
阎良区 ,42,57,86,,,,,1,2011/4/25
阎良区 ,25,35,65,,,,,1,2011/4/24
阎良区 ,26,41,72,,,,,1,2011/4/23
阎良区 ,21,43,71,,,,,1,2011/4/22
阎良区 ,19,21,94,,,,,1,2011/4/21
阎良区 ,29,21,94,,,,,1,2011/4/20
阎良区 ,33,14,85,,,,,1,2011/4/19
阎良区 ,19,15,80,,,,,1,2011/4/18
阎良区 ,33,21,76,,,,,1,2011/4/17
阎良区 ,19,19,95,,,,,1,2011/4/16
阎良区 ,22,14,86,,,,,1,2011/4/15
阎良区 ,26,5,138,,,,,2,2011/4/14
阎良区 ,25,22,145,,,,,2,2011/4/13
阎良区 ,17,19,145,,,,,2,2011/4/12
阎良区 ,10,11,88,,,,,1,2011/4/11
阎良区 ,23,22,128,,,,,2,2011/4/10
阎良区 ,21,21,98,,,,,1,2011/4/9
阎良区 ,18,15,96,,,,,1,2011/4/8
阎良区 ,12,20,94,,,,,1,2011/4/7
阎良区 ,20,13,96,,,,,1,2011/4/6
阎良区 ,22,14,93,,,,,1,2011/4/5
阎良区 ,20,18,92,,,,,1,2011/4/4
阎良区 ,20,20,83,,,,,1,2011/4/3
阎良区 ,16,25,89,,,,,1,2011/4/2
阎良区 ,37,35,97,,,,,1,2011/4/1
阎良区 ,46,37,97,,,,,1,2011/3/31
阎良区 ,45,32,92,,,,,1,2011/3/30
阎良区 ,25,37,91,,,,,1,2011/3/29
阎良区 ,34,39,92,,,,,1,2011/3/28
阎良区 ,22,39,86,,,,,1,2011/3/27
阎良区 ,22,28,100,,,,,1,2011/3/26
阎良区 ,24,42,97,,,,,1,2011/3/25
阎良区 ,19,42,95,,,,,1,2011/3/24
阎良区 ,19,40,84,,,,,1,2011/3/23
阎良区 ,13,27,65,,,,,1,2011/3/22
阎良区 ,13,30,51,,,,,1,2011/3/21
阎良区 ,16,24,100,,,,,1,2011/3/20
阎良区 ,20,35,173,,,,,3,2011/3/19
阎良区 ,20,63,136,,,,,2,2011/3/18
阎良区 ,19,42,89,,,,,1,2011/3/17
阎良区 ,11,32,81,,,,,1,2011/3/16
阎良区 ,36,29,77,,,,,1,2011/3/15
阎良区 ,42,30,177,,,,,3,2011/3/14
阎良区 ,52,39,97,,,,,1,2011/3/13
阎良区 ,55,32,99,,,,,1,2011/3/12
阎良区 ,51,32,95,,,,,1,2011/3/11
阎良区 ,49,32,89,,,,,1,2011/3/10
阎良区 ,51,30,94,,,,,1,2011/3/9
阎良区 ,54,33,92,,,,,1,2011/3/8
阎良区 ,46,26,97,,,,,1,2011/3/7
阎良区 ,52,32,113,,,,,2,2011/3/6
阎良区 ,59,29,106,,,,,2,2011/3/5
阎良区 ,51,16,59,,,,,1,2011/3/4
阎良区 ,54,27,84,,,,,1,2011/3/3
阎良区 ,16,28,72,,,,,1,2011/3/2
阎良区 ,29,39,64,,,,,1,2011/3/1
阎良区 ,24,26,88,,,,,1,2011/2/28
阎良区 ,27,13,79,,,,,1,2011/2/27
阎良区 ,39,13,108,,,,,2,2011/2/26
阎良区 ,61,63,179,,,,,3,2011/2/25
阎良区 ,72,43,187,,,,,3,2011/2/24
阎良区 ,55,50,178,,,,,3,2011/2/23
阎良区 ,62,22,133,,,,,2,2011/2/22
阎良区 ,70,52,171,,,,,3,2011/2/21
阎良区 ,69,72,194,,,,,3,2011/2/20
阎良区 ,62,54,142,,,,,2,2011/2/19
阎良区 ,71,40,148,,,,,2,2011/2/18
阎良区 ,65,65,163,,,,,3,2011/2/17
阎良区 ,52,34,96,,,,,1,2011/2/16
阎良区 ,49,30,87,,,,,1,2011/2/15
阎良区 ,33,24,43,,,,,0,2011/2/14
阎良区 ,36,28,85,,,,,1,2011/2/13
阎良区 ,45,32,82,,,,,1,2011/2/12
阎良区 ,60,31,95,,,,,1,2011/2/11
阎良区 ,28,30,92,,,,,1,2011/2/10
阎良区 ,90,47,128,,,,,2,2011/2/9
阎良区 ,54,52,97,,,,,1,2011/2/8
阎良区 ,64,34,96,,,,,1,2011/2/7
阎良区 ,48,38,139,,,,,2,2011/2/6
阎良区 ,49,31,99,,,,,1,2011/2/5
阎良区 ,53,39,180,,,,,3,2011/2/4
阎良区 ,102,44,195,,,,,3,2011/2/3
阎良区 ,55,45,138,,,,,2,2011/2/2
阎良区 ,63,35,113,,,,,2,2011/2/1
阎良区 ,27,25,73,,,,,1,2011/1/31
阎良区 ,20,29,79,,,,,1,2011/1/30
阎良区 ,61,14,68,,,,,1,2011/1/29
阎良区 ,74,25,92,,,,,1,2011/1/28
阎良区 ,89,33,118,,,,,2,2011/1/27
阎良区 ,92,37,112,,,,,2,2011/1/26
阎良区 ,86,30,113,,,,,2,2011/1/25
阎良区 ,45,32,92,,,,,1,2011/1/24
阎良区 ,23,29,126,,,,,2,2011/1/23
阎良区 ,80,70,140,,,,,2,2011/1/22
阎良区 ,77,74,122,,,,,2,2011/1/21
阎良区 ,77,15,145,,,,,2,2011/1/20
阎良区 ,83,13,107,,,,,2,2011/1/19
阎良区 ,65,24,94,,,,,1,2011/1/18
阎良区 ,67,19,67,,,,,1,2011/1/17
阎良区 ,60,20,85,,,,,1,2011/1/16
阎良区 ,59,19,91,,,,,1,2011/1/15
阎良区 ,97,19,149,,,,,2,2011/1/14
阎良区 ,85,49,121,,,,,2,2011/1/13
阎良区 ,56,30,78,,,,,1,2011/1/12
阎良区 ,71,10,75,,,,,1,2011/1/11
阎良区 ,53,7,63,,,,,1,2011/1/10
阎良区 ,67,13,100,,,,,1,2011/1/9
阎良区 ,71,20,98,,,,,1,2011/1/8
阎良区 ,50,20,95,,,,,1,2011/1/7
阎良区 ,60,20,92,,,,,1,2011/1/6
阎良区 ,62,13,122,,,,,2,2011/1/5
阎良区 ,71,24,87,,,,,1,2011/1/4
阎良区 ,56,15,76,,,,,1,2011/1/3
阎良区 ,66,40,69,,,,,1,2011/1/2
阎良区 ,51,27,89,,,,,1,2011/1/1
阎良区 ,51,19,51,,,,,1,2010/12/31
阎良区 ,20,28,80,,,,,1,2010/12/30
阎良区 ,54,15,113,,,,,2,2010/12/29
阎良区 ,52,15,74,,,,,1,2010/12/28
阎良区 ,53,22,110,,,,,2,2010/12/27
阎良区 ,31,12,74,,,,,1,2010/12/26
阎良区 ,36,15,62,,,,,1,2010/12/25
阎良区 ,76,19,86,,,,,1,2010/12/24
阎良区 ,61,39,152,,,,,3,2010/12/23
阎良区 ,40,29,107,,,,,2,2010/12/22
阎良区 ,83,30,131,,,,,2,2010/12/21
阎良区 ,74,28,87,,,,,1,2010/12/20
阎良区 ,84,25,100,,,,,1,2010/12/19
阎良区 ,92,38,102,,,,,2,2010/12/18
阎良区 ,82,27,90,,,,,1,2010/12/17
阎良区 ,29,9,57,,,,,1,2010/12/16
阎良区 ,40,9,66,,,,,1,2010/12/15
阎良区 ,75,19,83,,,,,1,2010/12/14
阎良区 ,96,41,167,,,,,3,2010/12/13
阎良区 ,46,17,145,,,,,2,2010/12/12
阎良区 ,63,12,100,,,,,1,2010/12/11
阎良区 ,64,35,132,,,,,2,2010/12/10
阎良区 ,57,16,148,,,,,2,2010/12/10
阎良区 ,63,20,94,,,,,1,2010/12/8
阎良区 ,59,21,91,,,,,1,2010/12/7
阎良区 ,58,15,111,,,,,2,2010/12/6
阎良区 ,76,40,152,,,,,3,2010/12/5
阎良区 ,57,31,141,,,,,2,2010/12/4
阎良区 ,66,25,94,,,,,1,2010/12/3
阎良区 ,72,22,110,,,,,2,2010/12/2
阎良区 ,70,40,111,,,,,2,2010/12/1
阎良区 ,70,22,97,,,,,1,2010/11/30
阎良区 ,67,18,91,,,,,1,2010/11/29
阎良区 ,72,35,104,,,,,2,2010/11/28
阎良区 ,73,35,103,,,,,2,2010/11/27
阎良区 ,79,25,137,,,,,2,2010/11/26
阎良区 ,55,15,141,,,,,2,2010/11/25
阎良区 ,85,32,199,,,,,3,2010/11/24
阎良区 ,73,26,96,,,,,1,2010/11/23
阎良区 ,79,34,97,,,,,1,2010/11/22
阎良区 ,74,35,95,,,,,1,2010/11/21
阎良区 ,67,33,142,,,,,2,2010/11/20
阎良区 ,53,32,82,,,,,1,2010/11/19
阎良区 ,80,70,149,,,,,2,2010/11/18
阎良区 ,65,34,132,,,,,2,2010/11/17
阎良区 ,57,24,108,,,,,2,2010/11/16
阎良区 ,52,26,86,,,,,1,2010/11/15
阎良区 ,52,20,74,,,,,1,2010/11/14
阎良区 ,82,27,108,,,,,2,2010/11/13
阎良区 ,63,21,138,,,,,2,2010/11/12
阎良区 ,41,19,111,,,,,2,2010/11/11
阎良区 ,44,39,96,,,,,1,2010/11/10
阎良区 ,40,38,96,,,,,1,2010/11/10
阎良区 ,31,28,98,,,,,1,2010/11/8
阎良区 ,41,45,95,,,,,1,2010/11/7
阎良区 ,46,41,125,,,,,2,2010/11/6
阎良区 ,42,42,93,,,,,1,2010/11/5
阎良区 ,43,39,97,,,,,1,2010/11/4
阎良区 ,36,31,72,,,,,1,2010/11/3
阎良区 ,31,37,98,,,,,1,2010/11/2
阎良区 ,39,55,146,,,,,2,2010/11/1
阎良区 ,47,46,126,,,,,2,2010/10/31
阎良区 ,37,35,92,,,,,1,2010/10/30
阎良区 ,35,33,91,,,,,1,2010/10/29
阎良区 ,35,31,67,,,,,1,2010/10/28
阎良区 ,12,19,47,,,,,0,2010/10/27
阎良区 ,8,19,28,,,,,0,2010/10/26
阎良区 ,10,15,47,,,,,0,2010/10/25
阎良区 ,29,30,105,,,,,2,2010/10/24
阎良区 ,26,27,93,,,,,1,2010/10/23
阎良区 ,35,44,86,,,,,1,2010/10/22
阎良区 ,47,35,113,,,,,2,2010/10/21
阎良区 ,27,41,150,,,,,2,2010/10/20
阎良区 ,39,50,145,,,,,2,2010/10/19
阎良区 ,22,35,122,,,,,2,2010/10/18
阎良区 ,40,47,121,,,,,2,2010/10/17
阎良区 ,47,40,100,,,,,1,2010/10/16
阎良区 ,30,42,82,,,,,1,2010/10/15
阎良区 ,49,22,82,,,,,1,2010/10/14
阎良区 ,43,19,69,,,,,1,2010/10/13
阎良区 ,48,19,61,,,,,1,2010/10/12
阎良区 ,31,14,46,,,,,0,2010/10/11
阎良区 ,35,18,99,,,,,1,2010/10/10
阎良区 ,48,28,134,,,,,2,2010/10/9
阎良区 ,45,25,95,,,,,1,2010/10/8
阎良区 ,38,28,99,,,,,1,2010/10/7
阎良区 ,48,23,80,,,,,1,2010/10/6
阎良区 ,46,27,96,,,,,1,2010/10/5
阎良区 ,50,14,69,,,,,1,2010/10/4
阎良区 ,24,19,68,,,,,1,2010/10/3
阎良区 ,25,14,75,,,,,1,2010/10/2
阎良区 ,30,14,87,,,,,1,2010/10/1
阎良区 ,37,15,81,,,,,1,2010/9/30
阎良区 ,33,10,89,,,,,1,2010/9/29
阎良区 ,48,30,109,,,,,2,2010/9/28
阎良区 ,35,9,81,,,,,1,2010/9/27
阎良区 ,38,17,64,,,,,1,2010/9/26
阎良区 ,12,12,51,,,,,1,2010/9/25
阎良区 ,45,20,72,,,,,1,2010/9/24
阎良区 ,46,18,55,,,,,1,2010/9/23
阎良区 ,35,14,40,,,,,0,2010/9/22
阎良区 ,33,14,71,,,,,1,2010/9/21
阎良区 ,43,15,74,,,,,1,2010/9/20
阎良区 ,41,15,72,,,,,1,2010/9/19
阎良区 ,39,9,84,,,,,1,2010/9/18
阎良区 ,15,19,83,,,,,1,2010/9/17
阎良区 ,26,19,80,,,,,1,2010/9/16
阎良区 ,18,19,96,,,,,1,2010/9/15
阎良区 ,22,16,85,,,,,1,2010/9/14
阎良区 ,16,15,84,,,,,1,2010/9/13
阎良区 ,38,25,94,,,,,1,2010/9/12
阎良区 ,17,7,90,,,,,1,2010/9/11
阎良区 ,25,17,60,,,,,1,2010/9/10
阎良区 ,27,7,59,,,,,1,2010/9/9
阎良区 ,18,13,90,,,,,1,2010/9/8
阎良区 ,11,10,73,,,,,1,2010/9/7
阎良区 ,14,7,79,,,,,1,2010/9/6
阎良区 ,14,19,70,,,,,1,2010/9/5
阎良区 ,12,13,63,,,,,1,2010/9/4
阎良区 ,14,19,65,,,,,1,2010/9/3
阎良区 ,14,11,68,,,,,1,2010/9/2
阎良区 ,13,12,100,,,,,1,2010/9/1
阎良区 ,16,14,85,,,,,1,2010/8/31
阎良区 ,11,15,97,,,,,1,2010/8/30
阎良区 ,15,17,85,,,,,1,2010/8/29
阎良区 ,17,13,83,,,,,1,2010/8/28
阎良区 ,18,15,63,,,,,1,2010/8/27
阎良区 ,18,18,63,,,,,1,2010/8/26
阎良区 ,15,13,33,,,,,0,2010/8/25
阎良区 ,12,7,19,,,,,0,2010/8/24
阎良区 ,10,15,60,,,,,1,2010/8/23
阎良区 ,7,13,36,,,,,0,2010/8/22
阎良区 ,6,10,58,,,,,1,2010/8/21
阎良区 ,8,13,43,,,,,0,2010/8/20
阎良区 ,14,15,71,,,,,1,2010/8/19
阎良区 ,13,13,79,,,,,1,2010/8/18
阎良区 ,12,12,75,,,,,1,2010/8/17
阎良区 ,14,15,78,,,,,1,2010/8/16
阎良区 ,6,10,69,,,,,1,2010/8/15
阎良区 ,5,12,49,,,,,0,2010/8/14
阎良区 ,5,13,41,,,,,0,2010/8/13
阎良区 ,3,17,73,,,,,1,2010/8/12
阎良区 ,8,8,67,,,,,1,2010/8/11
阎良区 ,6,9,69,,,,,1,2010/8/10
阎良区 ,9,10,82,,,,,1,2010/8/9
阎良区 ,4,9,84,,,,,1,2010/8/8
阎良区 ,5,10,76,,,,,1,2010/8/7
阎良区 ,7,18,70,,,,,1,2010/8/6
阎良区 ,6,18,66,,,,,1,2010/8/5
阎良区 ,16,18,94,,,,,1,2010/8/4
阎良区 ,13,10,71,,,,,1,2010/8/3
阎良区 ,6,6,50,,,,,0,2010/8/2
阎良区 ,10,8,69,,,,,1,2010/8/1
阎良区 ,10,5,77,,,,,1,2010/7/31
阎良区 ,4,8,76,,,,,1,2010/7/30
阎良区 ,9,8,95,,,,,1,2010/7/29
阎良区 ,10,7,69,,,,,1,2010/7/28
阎良区 ,9,8,64,,,,,1,2010/7/27
阎良区 ,8,7,55,,,,,1,2010/7/26
阎良区 ,3,5,40,,,,,0,2010/7/25
阎良区 ,7,9,34,,,,,0,2010/7/24
阎良区 ,5,9,61,,,,,1,2010/7/23
阎良区 ,9,10,71,,,,,1,2010/7/22
阎良区 ,13,11,66,,,,,1,2010/7/21
阎良区 ,13,12,67,,,,,1,2010/7/20
阎良区 ,7,19,80,,,,,1,2010/7/19
阎良区 ,7,17,67,,,,,1,2010/7/18
阎良区 ,6,17,60,,,,,1,2010/7/17
阎良区 ,3,7,43,,,,,0,2010/7/16
阎良区 ,4,7,62,,,,,1,2010/7/15
阎良区 ,6,9,73,,,,,1,2010/7/14
阎良区 ,6,9,83,,,,,1,2010/7/13
阎良区 ,9,9,73,,,,,1,2010/7/12
阎良区 ,15,14,50,,,,,0,2010/7/11
阎良区 ,6,12,30,,,,,0,2010/7/10
阎良区 ,14,7,64,,,,,1,2010/7/9
阎良区 ,18,8,65,,,,,1,2010/7/8
阎良区 ,12,9,76,,,,,1,2010/7/7
阎良区 ,12,12,84,,,,,1,2010/7/6
阎良区 ,9,19,85,,,,,1,2010/7/5
阎良区 ,14,17,76,,,,,1,2010/7/4
阎良区 ,8,12,53,,,,,1,2010/7/3
阎良区 ,8,11,55,,,,,1,2010/7/2
阎良区 ,17,9,50,,,,,0,2010/7/1
阎良区 ,13,12,65,,,,,1,2010/6/30
阎良区 ,18,15,82,,,,,1,2010/6/29
阎良区 ,17,15,78,,,,,1,2010/6/28
阎良区 ,38,21,77,,,,,1,2010/6/27
阎良区 ,38,12,95,,,,,1,2010/6/26
阎良区 ,39,12,85,,,,,1,2010/6/25
阎良区 ,27,10,93,,,,,1,2010/6/24
阎良区 ,36,19,94,,,,,1,2010/6/23
阎良区 ,22,16,77,,,,,1,2010/6/22
阎良区 ,22,20,97,,,,,1,2010/6/21
阎良区 ,33,20,79,,,,,1,2010/6/20
阎良区 ,23,18,104,,,,,2,2010/6/19
阎良区 ,33,29,86,,,,,1,2010/6/18
阎良区 ,15,14,93,,,,,1,2010/6/17
阎良区 ,20,17,97,,,,,1,2010/6/16
阎良区 ,21,19,99,,,,,1,2010/6/15
阎良区 ,18,18,99,,,,,1,2010/6/14
阎良区 ,19,20,94,,,,,1,2010/6/13
阎良区 ,25,24,89,,,,,1,2010/6/12
阎良区 ,19,19,84,,,,,1,2010/6/11
阎良区 ,16,19,66,,,,,1,2010/6/10
阎良区 ,4,9,54,,,,,1,2010/6/9
阎良区 ,18,11,73,,,,,1,2010/6/8
阎良区 ,24,10,93,,,,,1,2010/6/7
阎良区 ,10,15,76,,,,,1,2010/6/6
阎良区 ,18,13,77,,,,,1,2010/6/5
阎良区 ,11,8,64,,,,,1,2010/6/4
阎良区 ,13,21,77,,,,,1,2010/6/3
阎良区 ,16,16,60,,,,,1,2010/6/2
阎良区 ,25,24,55,,,,,1,2010/6/1
阎良区 ,37,26,85,,,,,1,2010/5/31
阎良区 ,30,25,94,,,,,1,2010/5/30
阎良区 ,18,24,87,,,,,1,2010/5/29
阎良区 ,11,10,58,,,,,1,2010/5/28
阎良区 ,14,11,51,,,,,1,2010/5/27
阎良区 ,22,13,91,,,,,1,2010/5/26
阎良区 ,42,20,85,,,,,1,2010/5/25
阎良区 ,39,25,105,,,,,2,2010/5/24
阎良区 ,34,21,92,,,,,1,2010/5/23
阎良区 ,20,19,56,,,,,1,2010/5/22
阎良区 ,15,18,85,,,,,1,2010/5/21
阎良区 ,28,14,99,,,,,1,2010/5/20
阎良区 ,30,25,99,,,,,1,2010/5/19
阎良区 ,11,18,55,,,,,1,2010/5/18
阎良区 ,23,35,82,,,,,1,2010/5/17
阎良区 ,35,23,92,,,,,1,2010/5/16
阎良区 ,20,19,92,,,,,1,2010/5/15
阎良区 ,16,22,65,,,,,1,2010/5/14
阎良区 ,16,5,59,,,,,1,2010/5/13
阎良区 ,22,6,110,,,,,2,2010/5/12
阎良区 ,36,26,106,,,,,2,2010/5/11
阎良区 ,34,10,168,,,,,3,2010/5/10
阎良区 ,27,10,110,,,,,2,2010/5/9
阎良区 ,26,12,98,,,,,1,2010/5/8
阎良区 ,30,13,88,,,,,1,2010/5/7
阎良区 ,16,6,74,,,,,1,2010/5/6
阎良区 ,19,10,92,,,,,1,2010/5/5
阎良区 ,32,11,88,,,,,1,2010/5/4
阎良区 ,52,12,105,,,,,2,2010/5/3
阎良区 ,37,15,91,,,,,1,2010/5/2
阎良区 ,20,11,95,,,,,1,2010/5/1
阎良区 ,20,11,127,,,,,2,2010/4/30
阎良区 ,30,12,155,,,,,3,2010/4/29
阎良区 ,37,10,152,,,,,3,2010/4/28
阎良区 ,31,9,188,,,,,3,2010/4/27
阎良区 ,26,13,500,,,,,6,2010/4/26
阎良区 ,25,13,59,,,,,1,2010/4/25
阎良区 ,42,16,87,,,,,1,2010/4/24
阎良区 ,23,27,73,,,,,1,2010/4/23
阎良区 ,36,25,53,,,,,1,2010/4/22
阎良区 ,11,9,35,,,,,0,2010/4/21
阎良区 ,35,19,54,,,,,1,2010/4/20
阎良区 ,33,18,85,,,,,1,2010/4/19
阎良区 ,22,15,68,,,,,1,2010/4/18
阎良区 ,33,25,102,,,,,2,2010/4/17
阎良区 ,25,28,87,,,,,1,2010/4/16
阎良区 ,30,18,49,,,,,0,2010/4/15
阎良区 ,18,13,54,,,,,1,2010/4/14
阎良区 ,13,19,66,,,,,1,2010/4/13
阎良区 ,24,25,69,,,,,1,2010/4/12
阎良区 ,27,16,65,,,,,1,2010/4/11
阎良区 ,33,15,75,,,,,1,2010/4/10
阎良区 ,30,27,74,,,,,1,2010/4/9
阎良区 ,34,23,96,,,,,1,2010/4/8
阎良区 ,37,13,61,,,,,1,2010/4/7
阎良区 ,38,18,65,,,,,1,2010/4/6
阎良区 ,36,28,58,,,,,1,2010/4/5
阎良区 ,41,28,64,,,,,1,2010/4/4
阎良区 ,37,25,65,,,,,1,2010/4/3
阎良区 ,29,32,94,,,,,1,2010/4/2
阎良区 ,29,30,116,,,,,2,2010/4/1
阎良区 ,42,32,147,,,,,2,2010/3/31
阎良区 ,41,25,96,,,,,1,2010/3/30
阎良区 ,41,14,95,,,,,1,2010/3/29
阎良区 ,39,30,116,,,,,2,2010/3/28
阎良区 ,30,30,109,,,,,2,2010/3/27
阎良区 ,38,27,176,,,,,3,2010/3/26
阎良区 ,13,25,112,,,,,2,2010/3/25
阎良区 ,38,15,95,,,,,1,2010/3/24
阎良区 ,46,15,93,,,,,1,2010/3/23
阎良区 ,38,22,182,,,,,3,2010/3/22
阎良区 ,50,17,188,,,,,3,2010/3/21
阎良区 ,38,25,176,,,,,3,2010/3/20
阎良区 ,47,29,96,,,,,1,2010/3/19
阎良区 ,45,27,150,,,,,2,2010/3/18
阎良区 ,41,26,110,,,,,2,2010/3/17
阎良区 ,38,24,96,,,,,1,2010/3/16
阎良区 ,31,26,83,,,,,1,2010/3/15
阎良区 ,32,23,95,,,,,1,2010/3/14
阎良区 ,44,25,114,,,,,2,2010/3/13
阎良区 ,51,36,99,,,,,1,2010/3/12
阎良区 ,45,35,81,,,,,1,2010/3/11
阎良区 ,38,25,78,,,,,1,2010/3/10
阎良区 ,23,10,41,,,,,0,2010/3/9
阎良区 ,38,47,78,,,,,1,2010/3/8
阎良区 ,54,37,55,,,,,1,2010/3/7
阎良区 ,51,24,59,,,,,1,2010/3/6
阎良区 ,55,27,93,,,,,1,2010/3/5
阎良区 ,57,36,79,,,,,1,2010/3/4
阎良区 ,52,19,98,,,,,1,2010/3/3
阎良区 ,52,27,117,,,,,2,2010/3/2
阎良区 ,29,9,138,,,,,2,2010/3/1
阎良区 ,64,28,109,,,,,2,2010/2/28
阎良区 ,57,28,101,,,,,2,2010/2/27
阎良区 ,63,28,96,,,,,1,2010/2/26
阎良区 ,57,25,89,,,,,1,2010/2/25
阎良区 ,61,32,117,,,,,2,2010/2/24
阎良区 ,71,27,100,,,,,1,2010/2/23
阎良区 ,54,21,58,,,,,1,2010/2/22
阎良区 ,53,19,60,,,,,1,2010/2/21
阎良区 ,40,15,67,,,,,1,2010/2/20
阎良区 ,36,10,55,,,,,1,2010/2/19
阎良区 ,23,7,56,,,,,1,2010/2/18
阎良区 ,23,7,54,,,,,1,2010/2/17
阎良区 ,32,7,48,,,,,0,2010/2/16
阎良区 ,43,7,43,,,,,0,2010/2/15
阎良区 ,58,10,84,,,,,1,2010/2/14
阎良区 ,67,9,54,,,,,1,2010/2/13
阎良区 ,31,9,41,,,,,0,2010/2/12
阎良区 ,48,8,52,,,,,1,2010/2/11
阎良区 ,42,12,75,,,,,1,2010/2/10
阎良区 ,64,17,122,,,,,2,2010/2/9
阎良区 ,74,20,105,,,,,2,2010/2/8
阎良区 ,65,19,107,,,,,2,2010/2/7
阎良区 ,93,30,155,,,,,3,2010/2/6
阎良区 ,73,29,137,,,,,2,2010/2/5
阎良区 ,68,27,135,,,,,2,2010/2/4
阎良区 ,73,33,95,,,,,1,2010/2/3
阎良区 ,63,15,71,,,,,1,2010/2/2
阎良区 ,60,20,75,,,,,1,2010/2/1
阎良区 ,52,22,65,,,,,1,2010/1/31
阎良区 ,68,20,71,,,,,1,2010/1/30
阎良区 ,65,23,81,,,,,1,2010/1/29
阎良区 ,40,21,71,,,,,1,2010/1/28
阎良区 ,53,20,71,,,,,1,2010/1/27
阎良区 ,45,16,95,,,,,1,2010/1/26
阎良区 ,47,25,60,,,,,1,2010/1/25
阎良区 ,66,17,76,,,,,1,2010/1/24
阎良区 ,56,13,90,,,,,1,2010/1/23
阎良区 ,70,14,75,,,,,1,2010/1/22
阎良区 ,43,10,68,,,,,1,2010/1/21
阎良区 ,80,30,76,,,,,1,2010/1/20
阎良区 ,80,40,83,,,,,1,2010/1/19
阎良区 ,85,30,89,,,,,1,2010/1/18
阎良区 ,59,26,59,,,,,1,2010/1/17
阎良区 ,60,25,88,,,,,1,2010/1/16
阎良区 ,66,32,101,,,,,2,2010/1/15
阎良区 ,45,15,75,,,,,1,2010/1/14
阎良区 ,49,21,73,,,,,1,2010/1/13
阎良区 ,32,20,57,,,,,1,2010/1/12
阎良区 ,63,40,78,,,,,1,2010/1/11
阎良区 ,92,37,99,,,,,1,2010/1/10
阎良区 ,57,22,84,,,,,1,2010/1/9
阎良区 ,104,40,108,,,,,2,2010/1/8
阎良区 ,61,24,89,,,,,1,2010/1/7
阎良区 ,60,16,84,,,,,1,2010/1/6
阎良区 ,37,8,67,,,,,1,2010/1/5
阎良区 ,72,22,72,,,,,1,2010/1/4
阎良区 ,84,34,91,,,,,1,2010/1/3
阎良区 ,60,22,76,,,,,1,2010/1/2
阎良区 ,74,25,90,,,,,1,2010/1/1
临潼区 ,67,60,78,,,,,1,2012/12/31
临潼区 ,52,26,70,,,,,1,2012/12/30
临潼区 ,62,39,88,,,,,1,2012/12/29
临潼区 ,65,70,177,,,,,3,2012/12/28
临潼区 ,66,60,99,,,,,1,2012/12/25
临潼区 ,38,20,82,,,,,1,2012/12/24
临潼区 ,30,20,65,,,,,1,2012/12/23
临潼区 ,37,22,76,,,,,1,2012/12/22
临潼区 ,52,22,80,,,,,1,2012/12/21
临潼区 ,56,23,91,,,,,1,2012/12/20
临潼区 ,55,20,92,,,,,1,2012/12/19
临潼区 ,38,20,87,,,,,1,2012/12/18
临潼区 ,54,19,195,,,,,3,2012/12/17
临潼区 ,63,22,269,,,,,5,2012/12/16
临潼区 ,57,22,295,,,,,5,2012/12/15
临潼区 ,56,20,304,,,,,7,2012/12/14
临潼区 ,59,26,307,,,,,7,2012/12/13
临潼区 ,59,33,299,,,,,5,2012/12/12
临潼区 ,62,25,126,,,,,2,2012/12/11
临潼区 ,59,22,113,,,,,2,2012/12/10
临潼区 ,58,14,81,,,,,1,2012/12/9
临潼区 ,58,19,85,,,,,1,2012/12/8
临潼区 ,60,21,86,,,,,1,2012/12/7
临潼区 ,59,15,90,,,,,1,2012/12/6
临潼区 ,61,15,86,,,,,1,2012/12/5
临潼区 ,63,20,100,,,,,1,2012/12/4
临潼区 ,73,17,115,,,,,2,2012/12/3
临潼区 ,62,19,196,,,,,3,2012/12/2
临潼区 ,64,16,193,,,,,3,2012/12/1
临潼区 ,57,17,87,,,,,1,2012/11/30
临潼区 ,38,15,91,,,,,1,2012/11/29
临潼区 ,46,15,85,,,,,1,2012/11/28
临潼区 ,27,15,83,,,,,1,2012/11/27
临潼区 ,40,13,81,,,,,1,2012/11/26
临潼区 ,37,14,80,,,,,1,2012/11/25
临潼区 ,38,16,71,,,,,1,2012/11/24
临潼区 ,27,11,64,,,,,1,2012/11/23
临潼区 ,34,28,157,,,,,3,2012/11/22
临潼区 ,29,24,142,,,,,2,2012/11/21
临潼区 ,52,22,131,,,,,2,2012/11/20
临潼区 ,30,27,96,,,,,1,2012/11/19
临潼区 ,49,26,106,,,,,2,2012/11/18
临潼区 ,46,19,98,,,,,1,2012/11/17
临潼区 ,49,14,73,,,,,1,2012/11/16
临潼区 ,53,24,142,,,,,2,2012/11/15
临潼区 ,28,20,98,,,,,1,2012/11/14
临潼区 ,31,24,96,,,,,1,2012/11/13
临潼区 ,23,19,80,,,,,1,2012/11/12
临潼区 ,18,17,76,,,,,1,2012/11/11
临潼区 ,18,14,95,,,,,1,2012/11/10
临潼区 ,17,27,93,,,,,1,2012/11/9
临潼区 ,20,16,69,,,,,1,2012/11/8
临潼区 ,21,24,89,,,,,1,2012/11/7
临潼区 ,20,16,90,,,,,1,2012/11/6
临潼区 ,19,17,86,,,,,1,2012/11/5
临潼区 ,24,10,68,,,,,1,2012/11/4
临潼区 ,21,13,93,,,,,1,2012/11/3
临潼区 ,31,15,109,,,,,2,2012/11/2
临潼区 ,24,19,91,,,,,1,2012/11/1
临潼区 ,28,14,91,,,,,1,2012/10/31
临潼区 ,21,13,92,,,,,1,2012/10/30
临潼区 ,24,17,95,,,,,1,2012/10/29
临潼区 ,27,29,108,,,,,2,2012/10/28
临潼区 ,20,22,105,,,,,2,2012/10/27
临潼区 ,22,20,117,,,,,2,2012/10/26
临潼区 ,21,27,82,,,,,1,2012/10/25
临潼区 ,24,20,79,,,,,1,2012/10/24
临潼区 ,25,24,86,,,,,1,2012/10/23
临潼区 ,25,19,59,,,,,1,2012/10/22
临潼区 ,29,19,135,,,,,2,2012/10/21
临潼区 ,27,17,104,,,,,2,2012/10/20
临潼区 ,29,17,91,,,,,1,2012/10/19
临潼区 ,28,19,93,,,,,1,2012/10/18
临潼区 ,26,17,73,,,,,1,2012/10/17
临潼区 ,28,19,93,,,,,1,2012/10/16
临潼区 ,24,20,143,,,,,2,2012/10/15
临潼区 ,23,21,97,,,,,1,2012/10/14
临潼区 ,23,18,94,,,,,1,2012/10/13
临潼区 ,21,20,126,,,,,2,2012/10/12
临潼区 ,25,20,134,,,,,2,2012/10/11
临潼区 ,27,17,77,,,,,1,2012/10/10
临潼区 ,22,14,96,,,,,1,2012/10/9
临潼区 ,29,20,139,,,,,2,2012/10/8
临潼区 ,26,14,119,,,,,2,2012/10/7
临潼区 ,20,19,98,,,,,1,2012/10/6
临潼区 ,22,17,85,,,,,1,2012/10/5
临潼区 ,23,19,80,,,,,1,2012/10/4
临潼区 ,22,19,105,,,,,2,2012/10/3
临潼区 ,25,24,106,,,,,2,2012/10/2
临潼区 ,29,25,87,,,,,1,2012/10/1
临潼区 ,27,15,87,,,,,1,2012/9/30
临潼区 ,18,17,70,,,,,1,2012/9/29
临潼区 ,23,21,59,,,,,1,2012/9/28
临潼区 ,22,14,82,,,,,1,2012/9/27
临潼区 ,17,16,63,,,,,1,2012/9/26
临潼区 ,23,14,107,,,,,2,2012/9/25
临潼区 ,24,19,112,,,,,2,2012/9/24
临潼区 ,22,17,124,,,,,2,2012/9/23
临潼区 ,21,12,80,,,,,1,2012/9/22
临潼区 ,21,13,99,,,,,1,2012/9/21
临潼区 ,23,14,80,,,,,1,2012/9/20
临潼区 ,23,17,83,,,,,1,2012/9/19
临潼区 ,24,14,88,,,,,1,2012/9/18
临潼区 ,20,15,88,,,,,1,2012/9/17
临潼区 ,19,15,61,,,,,1,2012/9/16
临潼区 ,20,18,71,,,,,1,2012/9/15
临潼区 ,19,17,61,,,,,1,2012/9/14
临潼区 ,19,16,57,,,,,1,2012/9/13
临潼区 ,17,17,56,,,,,1,2012/9/12
临潼区 ,16,16,61,,,,,1,2012/9/11
临潼区 ,19,17,63,,,,,1,2012/9/10
临潼区 ,16,19,61,,,,,1,2012/9/9
临潼区 ,15,19,70,,,,,1,2012/9/8
临潼区 ,14,16,75,,,,,1,2012/9/7
临潼区 ,15,21,76,,,,,1,2012/9/6
临潼区 ,25,22,65,,,,,1,2012/9/5
临潼区 ,24,23,54,,,,,1,2012/9/4
临潼区 ,24,23,54,,,,,1,2012/9/4
临潼区 ,21,23,36,,,,,0,2012/9/3
临潼区 ,20,12,33,,,,,0,2012/9/2
临潼区 ,16,15,39,,,,,0,2012/9/1
临潼区 ,23,18,65,,,,,1,2012/8/31
临潼区 ,20,22,73,,,,,1,2012/8/30
临潼区 ,25,27,68,,,,,1,2012/8/29
临潼区 ,20,19,84,,,,,1,2012/8/28
临潼区 ,16,22,92,,,,,1,2012/8/27
临潼区 ,18,14,90,,,,,1,2012/8/26
临潼区 ,16,21,78,,,,,1,2012/8/25
临潼区 ,14,21,59,,,,,1,2012/8/24
临潼区 ,14,14,61,,,,,1,2012/8/23
临潼区 ,15,24,58,,,,,1,2012/8/22
临潼区 ,18,17,44,,,,,0,2012/8/21
临潼区 ,15,16,47,,,,,0,2012/8/20
临潼区 ,22,17,44,,,,,0,2012/8/19
临潼区 ,22,15,64,,,,,1,2012/8/18
临潼区 ,23,19,73,,,,,1,2012/8/17
临潼区 ,26,22,86,,,,,1,2012/8/16
临潼区 ,27,24,73,,,,,1,2012/8/15
临潼区 ,25,18,60,,,,,1,2012/8/14
临潼区 ,23,17,76,,,,,1,2012/8/13
临潼区 ,24,19,85,,,,,1,2012/8/12
临潼区 ,19,16,77,,,,,1,2012/8/11
临潼区 ,24,16,73,,,,,1,2012/8/10
临潼区 ,15,14,74,,,,,1,2012/8/9
临潼区 ,16,19,72,,,,,1,2012/8/8
临潼区 ,21,19,67,,,,,1,2012/8/7
临潼区 ,18,16,59,,,,,1,2012/8/6
临潼区 ,11,11,67,,,,,1,2012/8/5
临潼区 ,16,14,71,,,,,1,2012/8/4
临潼区 ,14,12,62,,,,,1,2012/8/3
临潼区 ,20,22,53,,,,,1,2012/8/2
临潼区 ,16,19,47,,,,,0,2012/8/1
临潼区 ,17,13,60,,,,,1,2012/7/31
临潼区 ,25,19,67,,,,,1,2012/7/30
临潼区 ,22,17,67,,,,,1,2012/7/29
临潼区 ,29,18,51,,,,,1,2012/7/28
临潼区 ,26,16,48,,,,,0,2012/7/27
临潼区 ,23,14,83,,,,,1,2012/7/26
临潼区 ,20,17,77,,,,,1,2012/7/25
临潼区 ,19,20,67,,,,,1,2012/7/24
临潼区 ,18,14,54,,,,,1,2012/7/23
临潼区 ,17,15,57,,,,,1,2012/7/22
临潼区 ,20,14,67,,,,,1,2012/7/21
临潼区 ,15,14,91,,,,,1,2012/7/20
临潼区 ,21,15,90,,,,,1,2012/7/19
临潼区 ,23,15,76,,,,,1,2012/7/18
临潼区 ,21,14,77,,,,,1,2012/7/17
临潼区 ,22,12,76,,,,,1,2012/7/16
临潼区 ,22,12,76,,,,,1,2012/7/16
临潼区 ,13,13,70,,,,,1,2012/7/15
临潼区 ,17,14,72,,,,,1,2012/7/14
临潼区 ,27,24,71,,,,,1,2012/7/13
临潼区 ,26,14,68,,,,,1,2012/7/12
临潼区 ,21,14,67,,,,,1,2012/7/11
临潼区 ,15,13,56,,,,,1,2012/7/10
临潼区 ,19,10,58,,,,,1,2012/7/9
临潼区 ,17,16,62,,,,,1,2012/7/8
临潼区 ,21,15,51,,,,,1,2012/7/7
临潼区 ,18,20,58,,,,,1,2012/7/6
临潼区 ,20,20,51,,,,,1,2012/7/5
临潼区 ,18,15,43,,,,,0,2012/7/4
临潼区 ,25,14,52,,,,,1,2012/7/3
临潼区 ,25,22,64,,,,,1,2012/7/2
临潼区 ,23,13,52,,,,,1,2012/7/1
临潼区 ,16,15,53,,,,,1,2012/6/30
临潼区 ,15,12,60,,,,,1,2012/6/29
临潼区 ,22,10,62,,,,,1,2012/6/28
临潼区 ,24,12,71,,,,,1,2012/6/27
临潼区 ,19,14,58,,,,,1,2012/6/26
临潼区 ,29,17,70,,,,,1,2012/6/25
临潼区 ,27,17,62,,,,,1,2012/6/24
临潼区 ,26,14,58,,,,,1,2012/6/23
临潼区 ,29,15,52,,,,,1,2012/6/22
临潼区 ,32,22,68,,,,,1,2012/6/21
临潼区 ,27,18,73,,,,,1,2012/6/20
临潼区 ,30,17,71,,,,,1,2012/6/19
临潼区 ,28,22,64,,,,,1,2012/6/18
临潼区 ,25,21,65,,,,,1,2012/6/17
临潼区 ,25,24,67,,,,,1,2012/6/16
临潼区 ,26,17,70,,,,,1,2012/6/15
临潼区 ,30,16,62,,,,,1,2012/6/14
临潼区 ,24,21,69,,,,,1,2012/6/13
临潼区 ,22,21,68,,,,,1,2012/6/12
临潼区 ,32,15,82,,,,,1,2012/6/11
临潼区 ,32,22,58,,,,,1,2012/6/10
临潼区 ,35,15,55,,,,,1,2012/6/9
临潼区 ,29,19,51,,,,,1,2012/6/8
临潼区 ,25,20,67,,,,,1,2012/6/7
临潼区 ,23,18,65,,,,,1,2012/6/6
临潼区 ,24,15,80,,,,,1,2012/6/5
临潼区 ,31,15,70,,,,,1,2012/6/4
临潼区 ,25,11,54,,,,,1,2012/6/3
临潼区 ,27,16,60,,,,,1,2012/6/2
临潼区 ,29,18,65,,,,,1,2012/6/1
临潼区 ,25,17,54,,,,,1,2012/5/31
临潼区 ,22,16,41,,,,,0,2012/5/30
临潼区 ,24,12,60,,,,,1,2012/5/29
临潼区 ,26,15,56,,,,,1,2012/5/28
临潼区 ,18,14,69,,,,,1,2012/5/27
临潼区 ,13,20,74,,,,,1,2012/5/26
临潼区 ,13,17,90,,,,,1,2012/5/25
临潼区 ,18,11,89,,,,,1,2012/5/24
临潼区 ,12,15,93,,,,,1,2012/5/23
临潼区 ,18,11,59,,,,,1,2012/5/22
临潼区 ,15,19,62,,,,,1,2012/5/21
临潼区 ,20,25,67,,,,,1,2012/5/20
临潼区 ,24,30,90,,,,,1,2012/5/19
临潼区 ,28,34,75,,,,,1,2012/5/18
临潼区 ,20,28,63,,,,,1,2012/5/17
临潼区 ,18,26,68,,,,,1,2012/5/16
临潼区 ,15,25,53,,,,,1,2012/5/15
临潼区 ,16,22,64,,,,,1,2012/5/14
临潼区 ,18,19,76,,,,,1,2012/5/13
临潼区 ,11,13,58,,,,,1,2012/5/12
临潼区 ,19,15,53,,,,,1,2012/5/11
临潼区 ,27,22,79,,,,,1,2012/5/10
临潼区 ,29,20,77,,,,,1,2012/5/9
临潼区 ,23,29,71,,,,,1,2012/5/8
临潼区 ,26,25,72,,,,,1,2012/5/7
临潼区 ,29,35,84,,,,,1,2012/5/6
临潼区 ,30,27,71,,,,,1,2012/5/5
临潼区 ,25,27,84,,,,,1,2012/5/4
临潼区 ,14,24,72,,,,,1,2012/5/3
临潼区 ,13,17,71,,,,,1,2012/5/2
临潼区 ,19,19,82,,,,,1,2012/5/1
临潼区 ,25,15,85,,,,,1,2012/4/30
临潼区 ,31,27,91,,,,,1,2012/4/29
临潼区 ,31,29,91,,,,,1,2012/4/28
临潼区 ,29,29,80,,,,,1,2012/4/27
临潼区 ,30,26,95,,,,,1,2012/4/26
临潼区 ,27,24,87,,,,,1,2012/4/25
临潼区 ,22,17,72,,,,,1,2012/4/24
临潼区 ,30,25,91,,,,,1,2012/4/23
临潼区 ,27,25,85,,,,,1,2012/4/22
临潼区 ,28,25,86,,,,,1,2012/4/21
临潼区 ,32,24,76,,,,,1,2012/4/20
临潼区 ,30,25,66,,,,,1,2012/4/19
临潼区 ,39,23,82,,,,,1,2012/4/18
临潼区 ,53,26,81,,,,,1,2012/4/17
临潼区 ,35,27,62,,,,,1,2012/4/16
临潼区 ,37,30,69,,,,,1,2012/4/15
临潼区 ,23,22,68,,,,,1,2012/4/14
临潼区 ,23,17,43,,,,,0,2012/4/13
临潼区 ,26,15,53,,,,,1,2012/4/12
临潼区 ,31,28,64,,,,,1,2012/4/11
临潼区 ,22,24,55,,,,,1,2012/4/10
临潼区 ,30,16,59,,,,,1,2012/4/9
临潼区 ,30,24,75,,,,,1,2012/4/8
临潼区 ,30,24,84,,,,,1,2012/4/7
临潼区 ,29,24,81,,,,,1,2012/4/6
临潼区 ,21,15,65,,,,,1,2012/4/5
临潼区 ,28,22,84,,,,,1,2012/4/4
临潼区 ,22,22,81,,,,,1,2012/4/3
临潼区 ,28,27,79,,,,,1,2012/4/2
临潼区 ,37,26,74,,,,,1,2012/4/1
临潼区 ,28,12,48,,,,,0,2012/3/31
临潼区 ,45,26,76,,,,,1,2012/3/30
临潼区 ,24,22,93,,,,,1,2012/3/29
临潼区 ,52,32,96,,,,,1,2012/3/28
临潼区 ,42,34,87,,,,,1,2012/3/27
临潼区 ,57,31,91,,,,,1,2012/3/26
临潼区 ,53,30,83,,,,,1,2012/3/25
临潼区 ,37,20,78,,,,,1,2012/3/24
临潼区 ,33,21,71,,,,,1,2012/3/23
临潼区 ,38,22,72,,,,,1,2012/3/22
临潼区 ,43,25,71,,,,,1,2012/3/21
临潼区 ,40,23,62,,,,,1,2012/3/20
临潼区 ,51,25,93,,,,,1,2012/3/19
临潼区 ,63,37,114,,,,,2,2012/3/18
临潼区 ,45,33,88,,,,,1,2012/3/17
临潼区 ,39,32,89,,,,,1,2012/3/16
临潼区 ,38,31,88,,,,,1,2012/3/15
临潼区 ,51,38,97,,,,,1,2012/3/14
临潼区 ,54,53,113,,,,,2,2012/3/13
临潼区 ,45,27,89,,,,,1,2012/3/12
临潼区 ,41,37,66,,,,,1,2012/3/11
临潼区 ,32,53,80,,,,,1,2012/3/10
临潼区 ,30,29,76,,,,,1,2012/3/9
临潼区 ,31,30,70,,,,,1,2012/3/8
临潼区 ,43,28,72,,,,,1,2012/3/7
临潼区 ,31,22,57,,,,,1,2012/3/6
临潼区 ,38,34,81,,,,,1,2012/3/5
临潼区 ,32,30,65,,,,,1,2012/3/4
临潼区 ,34,32,61,,,,,1,2012/3/3
临潼区 ,41,43,115,,,,,2,2012/3/2
临潼区 ,48,46,131,,,,,2,2012/3/1
临潼区 ,51,73,123,,,,,2,2012/2/29
临潼区 ,43,29,112,,,,,2,2012/2/28
临潼区 ,51,29,86,,,,,1,2012/2/27
临潼区 ,66,34,73,,,,,1,2012/2/26
临潼区 ,70,22,71,,,,,1,2012/2/25
临潼区 ,70,45,104,,,,,2,2012/2/24
临潼区 ,73,54,118,,,,,2,2012/2/23
临潼区 ,68,54,115,,,,,2,2012/2/22
临潼区 ,69,39,88,,,,,1,2012/2/21
临潼区 ,65,32,76,,,,,1,2012/2/20
临潼区 ,55,29,58,,,,,1,2012/2/19
临潼区 ,49,23,55,,,,,1,2012/2/18
临潼区 ,49,20,51,,,,,1,2012/2/17
临潼区 ,58,29,97,,,,,1,2012/2/16
临潼区 ,71,29,114,,,,,2,2012/2/15
临潼区 ,55,32,116,,,,,2,2012/2/14
临潼区 ,54,30,83,,,,,1,2012/2/13
临潼区 ,49,29,85,,,,,1,2012/2/12
临潼区 ,38,23,63,,,,,1,2012/2/11
临潼区 ,38,20,41,,,,,0,2012/2/10
临潼区 ,37,19,39,,,,,0,2012/2/9
临潼区 ,35,27,55,,,,,1,2012/2/8
临潼区 ,40,17,47,,,,,0,2012/2/7
临潼区 ,64,48,122,,,,,2,2012/2/6
临潼区 ,63,46,83,,,,,1,2012/2/5
临潼区 ,43,44,72,,,,,1,2012/2/4
临潼区 ,23,27,59,,,,,1,2012/2/3
临潼区 ,38,22,52,,,,,1,2012/2/2
临潼区 ,78,47,122,,,,,2,2012/2/1
临潼区 ,80,62,128,,,,,2,2012/1/31
临潼区 ,91,49,109,,,,,2,2012/1/30
临潼区 ,83,44,106,,,,,2,2012/1/29
临潼区 ,86,40,95,,,,,1,2012/1/28
临潼区 ,60,23,94,,,,,1,2012/1/27
临潼区 ,56,27,84,,,,,1,2012/1/26
临潼区 ,44,23,45,,,,,0,2012/1/25
临潼区 ,43,21,70,,,,,1,2012/1/24
临潼区 ,57,22,76,,,,,1,2012/1/23
临潼区 ,28,25,52,,,,,1,2012/1/22
临潼区 ,47,25,62,,,,,1,2012/1/21
临潼区 ,64,34,100,,,,,1,2012/1/20
临潼区 ,80,41,131,,,,,2,2012/1/19
临潼区 ,74,84,177,,,,,3,2012/1/18
临潼区 ,78,70,132,,,,,2,2012/1/17
临潼区 ,85,99,111,,,,,2,2012/1/16
临潼区 ,79,92,102,,,,,2,2012/1/15
临潼区 ,89,65,130,,,,,2,2012/1/14
临潼区 ,88,46,130,,,,,2,2012/1/13
临潼区 ,76,54,119,,,,,2,2012/1/12
临潼区 ,73,50,131,,,,,2,2012/1/11
临潼区 ,96,72,147,,,,,2,2012/1/10
临潼区 ,102,49,121,,,,,2,2012/1/9
临潼区 ,73,34,121,,,,,2,2012/1/8
临潼区 ,60,27,79,,,,,1,2012/1/7
临潼区 ,53,37,92,,,,,1,2012/1/6
临潼区 ,41,29,62,,,,,1,2012/1/5
临潼区 ,36,20,47,,,,,0,2012/1/4
临潼区 ,40,15,68,,,,,1,2012/1/3
临潼区 ,71,37,146,,,,,2,2012/1/2
临潼区 ,104,94,240,,,,,4,2012/1/1
临潼区 ,74,55,150,,,,,2,2011/12/31
临潼区 ,82,55,184,,,,,3,2011/12/30
临潼区 ,97,48,130,,,,,2,2011/12/29
临潼区 ,59,35,100,,,,,1,2011/12/28
临潼区 ,63,27,98,,,,,1,2011/12/27
临潼区 ,72,24,109,,,,,2,2011/12/26
临潼区 ,61,26,107,,,,,2,2011/12/25
临潼区 ,58,25,53,,,,,1,2011/12/24
临潼区 ,56,27,74,,,,,1,2011/12/23
临潼区 ,71,30,71,,,,,1,2011/12/22
临潼区 ,62,39,103,,,,,2,2011/12/21
临潼区 ,79,40,118,,,,,2,2011/12/20
临潼区 ,66,30,103,,,,,2,2011/12/19
临潼区 ,57,28,109,,,,,2,2011/12/18
临潼区 ,52,29,76,,,,,1,2011/12/17
临潼区 ,55,21,77,,,,,1,2011/12/16
临潼区 ,54,33,106,,,,,2,2011/12/15
临潼区 ,64,37,112,,,,,2,2011/12/14
临潼区 ,66,25,102,,,,,2,2011/12/13
临潼区 ,70,21,63,,,,,1,2011/12/12
临潼区 ,58,22,98,,,,,1,2011/12/11
临潼区 ,88,20,56,,,,,1,2011/12/10
临潼区 ,76,22,67,,,,,1,2011/12/9
临潼区 ,61,21,58,,,,,1,2011/12/8
临潼区 ,67,17,63,,,,,1,2011/12/7
临潼区 ,59,20,67,,,,,1,2011/12/6
临潼区 ,68,21,79,,,,,1,2011/12/5
临潼区 ,60,20,98,,,,,1,2011/12/4
临潼区 ,62,23,109,,,,,2,2011/12/3
临潼区 ,61,20,68,,,,,1,2011/12/2
临潼区 ,55,19,53,,,,,1,2011/12/1
临潼区 ,28,20,38,,,,,0,2011/11/30
临潼区 ,54,28,81,,,,,1,2011/11/29
临潼区 ,35,29,112,,,,,2,2011/11/28
临潼区 ,37,24,107,,,,,2,2011/11/27
临潼区 ,31,24,110,,,,,2,2011/11/26
临潼区 ,23,25,111,,,,,2,2011/11/25
临潼区 ,16,19,56,,,,,1,2011/11/24
临潼区 ,29,24,59,,,,,1,2011/11/23
临潼区 ,19,16,62,,,,,1,2011/11/22
临潼区 ,31,20,70,,,,,1,2011/11/21
临潼区 ,23,14,47,,,,,0,2011/11/20
临潼区 ,18,17,52,,,,,1,2011/11/19
临潼区 ,20,17,69,,,,,1,2011/11/18
临潼区 ,21,17,61,,,,,1,2011/11/17
临潼区 ,19,21,74,,,,,1,2011/11/16
临潼区 ,23,23,89,,,,,1,2011/11/15
临潼区 ,20,19,72,,,,,1,2011/11/14
临潼区 ,15,16,78,,,,,1,2011/11/13
临潼区 ,17,19,85,,,,,1,2011/11/12
临潼区 ,17,19,77,,,,,1,2011/11/11
临潼区 ,19,17,57,,,,,1,2011/11/10
临潼区 ,21,16,54,,,,,1,2011/11/9
临潼区 ,14,12,32,,,,,0,2011/11/8
临潼区 ,14,15,35,,,,,0,2011/11/7
临潼区 ,16,12,64,,,,,1,2011/11/5
临潼区 ,11,11,48,,,,,0,2011/11/5
临潼区 ,11,15,62,,,,,1,2011/11/4
临潼区 ,15,15,74,,,,,1,2011/11/3
临潼区 ,15,15,98,,,,,1,2011/11/2
临潼区 ,14,20,96,,,,,1,2011/11/1
临潼区 ,13,20,100,,,,,1,2011/10/31
临潼区 ,21,15,91,,,,,1,2011/10/30
临潼区 ,34,24,84,,,,,1,2011/10/29
临潼区 ,24,29,83,,,,,1,2011/10/28
临潼区 ,25,21,77,,,,,1,2011/10/27
临潼区 ,14,15,55,,,,,1,2011/10/26
临潼区 ,18,23,53,,,,,1,2011/10/25
临潼区 ,11,14,60,,,,,1,2011/10/24
临潼区 ,12,12,73,,,,,1,2011/10/23
临潼区 ,19,19,90,,,,,1,2011/10/22
临潼区 ,12,21,90,,,,,1,2011/10/21
临潼区 ,10,27,97,,,,,1,2011/10/20
临潼区 ,18,28,89,,,,,1,2011/10/19
临潼区 ,15,25,74,,,,,1,2011/10/18
临潼区 ,14,24,52,,,,,1,2011/10/17
临潼区 ,24,14,40,,,,,0,2011/10/16
临潼区 ,15,16,51,,,,,1,2011/10/15
临潼区 ,7,15,44,,,,,0,2011/10/14
临潼区 ,8,13,45,,,,,0,2011/10/13
临潼区 ,11,14,72,,,,,1,2011/10/12
临潼区 ,10,15,89,,,,,1,2011/10/11
临潼区 ,20,19,74,,,,,1,2011/10/10
临潼区 ,10,16,77,,,,,1,2011/10/9
临潼区 ,18,22,90,,,,,1,2011/10/8
临潼区 ,15,17,76,,,,,1,2011/10/7
临潼区 ,11,15,66,,,,,1,2011/10/6
临潼区 ,7,10,66,,,,,1,2011/10/5
临潼区 ,7,10,66,,,,,1,2011/10/5
临潼区 ,10,12,62,,,,,1,2011/10/4
临潼区 ,11,15,69,,,,,1,2011/10/3
临潼区 ,12,17,85,,,,,1,2011/10/2
临潼区 ,12,20,72,,,,,1,2011/10/1
临潼区 ,20,19,59,,,,,1,2011/9/30
临潼区 ,11,12,45,,,,,0,2011/9/29
临潼区 ,11,14,68,,,,,1,2011/9/28
临潼区 ,9,16,76,,,,,1,2011/9/27
临潼区 ,16,16,82,,,,,1,2011/9/26
临潼区 ,22,17,96,,,,,1,2011/9/25
临潼区 ,22,17,91,,,,,1,2011/9/24
临潼区 ,22,16,68,,,,,1,2011/9/23
临潼区 ,20,14,55,,,,,1,2011/9/22
临潼区 ,16,12,55,,,,,1,2011/9/21
临潼区 ,8,8,36,,,,,0,2011/9/20
临潼区 ,10,10,32,,,,,0,2011/9/19
临潼区 ,9,7,30,,,,,0,2011/9/18
临潼区 ,9,7,49,,,,,0,2011/9/17
临潼区 ,15,10,66,,,,,1,2011/9/16
临潼区 ,11,12,58,,,,,1,2011/9/15
临潼区 ,9,9,57,,,,,1,2011/9/14
临潼区 ,13,12,43,,,,,0,2011/9/13
临潼区 ,7,15,45,,,,,0,2011/9/12
临潼区 ,13,24,52,,,,,1,2011/9/11
临潼区 ,11,10,70,,,,,1,2011/9/10
临潼区 ,13,16,70,,,,,1,2011/9/9
临潼区 ,12,17,40,,,,,0,2011/9/8
临潼区 ,9,10,40,,,,,0,2011/9/7
临潼区 ,5,9,25,,,,,0,2011/9/6
临潼区 ,14,11,33,,,,,0,2011/9/5
临潼区 ,19,15,84,,,,,1,2011/9/4
临潼区 ,20,12,88,,,,,1,2011/9/3
临潼区 ,18,15,99,,,,,1,2011/9/2
临潼区 ,19,20,92,,,,,1,2011/9/1
临潼区 ,24,16,99,,,,,1,2011/8/31
临潼区 ,19,13,81,,,,,1,2011/8/30
临潼区 ,13,22,93,,,,,1,2011/8/29
临潼区 ,11,18,70,,,,,1,2011/8/28
临潼区 ,8,10,68,,,,,1,2011/8/27
临潼区 ,16,19,61,,,,,1,2011/8/26
临潼区 ,16,15,92,,,,,1,2011/8/25
临潼区 ,11,18,80,,,,,1,2011/8/24
临潼区 ,18,18,74,,,,,1,2011/8/23
临潼区 ,13,15,56,,,,,1,2011/8/22
临潼区 ,9,13,40,,,,,0,2011/8/21
临潼区 ,11,12,43,,,,,0,2011/8/20
临潼区 ,13,10,45,,,,,0,2011/8/19
临潼区 ,13,12,63,,,,,1,2011/8/18
临潼区 ,18,18,69,,,,,1,2011/8/17
临潼区 ,14,10,70,,,,,1,2011/8/16
临潼区 ,14,20,74,,,,,1,2011/8/15
临潼区 ,13,16,92,,,,,1,2011/8/14
临潼区 ,14,18,90,,,,,1,2011/8/13
临潼区 ,21,17,97,,,,,1,2011/8/12
临潼区 ,15,23,97,,,,,1,2011/8/11
临潼区 ,17,24,96,,,,,1,2011/8/10
临潼区 ,15,25,110,,,,,2,2011/8/9
临潼区 ,14,29,99,,,,,1,2011/8/8
临潼区 ,10,22,94,,,,,1,2011/8/7
临潼区 ,12,15,62,,,,,1,2011/8/6
临潼区 ,10,16,86,,,,,1,2011/8/6
临潼区 ,11,21,97,,,,,1,2011/8/4
临潼区 ,10,15,96,,,,,1,2011/8/3
临潼区 ,8,16,53,,,,,1,2011/8/2
临潼区 ,10,12,44,,,,,0,2011/8/1
临潼区 ,9,13,55,,,,,1,2011/7/31
临潼区 ,7,12,57,,,,,1,2011/7/30
临潼区 ,12,14,61,,,,,1,2011/7/29
临潼区 ,15,20,89,,,,,1,2011/7/28
临潼区 ,16,19,85,,,,,1,2011/7/27
临潼区 ,28,20,72,,,,,1,2011/7/26
临潼区 ,20,17,68,,,,,1,2011/7/25
临潼区 ,22,17,84,,,,,1,2011/7/24
临潼区 ,17,20,84,,,,,1,2011/7/23
临潼区 ,13,16,71,,,,,1,2011/7/22
临潼区 ,17,17,82,,,,,1,2011/7/21
临潼区 ,26,19,97,,,,,1,2011/7/20
临潼区 ,19,14,95,,,,,1,2011/7/19
临潼区 ,24,19,66,,,,,1,2011/7/18
临潼区 ,21,18,86,,,,,1,2011/7/17
临潼区 ,24,23,81,,,,,1,2011/7/16
临潼区 ,35,24,79,,,,,1,2011/7/15
临潼区 ,25,22,82,,,,,1,2011/7/14
临潼区 ,32,29,91,,,,,1,2011/7/13
临潼区 ,35,27,99,,,,,1,2011/7/12
临潼区 ,27,26,89,,,,,1,2011/7/11
临潼区 ,44,41,104,,,,,2,2011/7/10
临潼区 ,16,19,83,,,,,1,2011/7/9
临潼区 ,20,20,88,,,,,1,2011/7/8
临潼区 ,13,17,35,,,,,0,2011/7/7
临潼区 ,9,14,34,,,,,0,2011/7/7
临潼区 ,8,19,78,,,,,1,2011/7/5
临潼区 ,9,15,52,,,,,1,2011/7/4
临潼区 ,17,24,57,,,,,1,2011/7/3
临潼区 ,21,12,63,,,,,1,2011/7/2
临潼区 ,16,15,64,,,,,1,2011/7/1
临潼区 ,21,16,66,,,,,1,2011/6/30
临潼区 ,12,17,60,,,,,1,2011/6/29
临潼区 ,16,14,69,,,,,1,2011/6/28
临潼区 ,11,17,75,,,,,1,2011/6/27
临潼区 ,32,17,70,,,,,1,2011/6/26
临潼区 ,11,22,81,,,,,1,2011/6/25
临潼区 ,5,19,52,,,,,1,2011/6/24
临潼区 ,13,11,40,,,,,0,2011/6/23
临潼区 ,11,15,62,,,,,1,2011/6/22
临潼区 ,8,18,66,,,,,1,2011/6/21
临潼区 ,9,14,82,,,,,1,2011/6/20
临潼区 ,9,37,72,,,,,1,2011/6/19
临潼区 ,5,24,60,,,,,1,2011/6/18
临潼区 ,12,20,77,,,,,1,2011/6/17
临潼区 ,10,23,95,,,,,1,2011/6/16
临潼区 ,28,21,94,,,,,1,2011/6/15
临潼区 ,10,14,71,,,,,1,2011/6/14
临潼区 ,29,29,88,,,,,1,2011/6/13
临潼区 ,32,25,82,,,,,1,2011/6/12
临潼区 ,26,22,65,,,,,1,2011/6/11
临潼区 ,10,16,56,,,,,1,2011/6/10
临潼区 ,20,20,92,,,,,1,2011/6/9
临潼区 ,22,26,75,,,,,1,2011/6/8
临潼区 ,23,29,83,,,,,1,2011/6/7
临潼区 ,14,27,77,,,,,1,2011/6/7
临潼区 ,26,42,99,,,,,1,2011/6/6
临潼区 ,17,32,89,,,,,1,2011/6/5
临潼区 ,20,24,88,,,,,1,2011/6/4
临潼区 ,33,35,84,,,,,1,2011/6/3
临潼区 ,12,11,90,,,,,1,2011/6/2
临潼区 ,25,15,72,,,,,1,2011/6/1
临潼区 ,15,17,63,,,,,1,2011/5/31
临潼区 ,9,26,87,,,,,1,2011/5/30
临潼区 ,18,24,74,,,,,1,2011/5/29
临潼区 ,27,19,95,,,,,1,2011/5/28
临潼区 ,14,16,76,,,,,1,2011/5/27
临潼区 ,16,20,80,,,,,1,2011/5/26
临潼区 ,23,7,77,,,,,1,2011/5/25
临潼区 ,14,12,63,,,,,1,2011/5/24
临潼区 ,8,7,44,,,,,0,2011/5/23
临潼区 ,8,9,42,,,,,0,2011/5/22
临潼区 ,7,8,49,,,,,0,2011/5/21
临潼区 ,46,15,98,,,,,1,2011/5/20
临潼区 ,35,14,106,,,,,2,2011/5/19
临潼区 ,42,21,97,,,,,1,2011/5/18
临潼区 ,17,31,83,,,,,1,2011/5/17
临潼区 ,30,25,64,,,,,1,2011/5/16
临潼区 ,22,37,74,,,,,1,2011/5/15
临潼区 ,22,23,51,,,,,1,2011/5/14
临潼区 ,25,25,65,,,,,1,2011/5/13
临潼区 ,20,24,76,,,,,1,2011/5/12
临潼区 ,8,20,43,,,,,0,2011/5/11
临潼区 ,14,27,74,,,,,1,2011/5/10
临潼区 ,28,20,119,,,,,2,2011/5/9
临潼区 ,22,17,95,,,,,1,2011/5/9
临潼区 ,25,28,98,,,,,1,2011/5/7
临潼区 ,31,14,93,,,,,1,2011/5/6
临潼区 ,25,28,88,,,,,1,2011/5/5
临潼区 ,12,14,95,,,,,1,2011/5/4
临潼区 ,12,28,67,,,,,1,2011/5/3
临潼区 ,13,18,42,,,,,0,2011/5/2
临潼区 ,30,22,90,,,,,1,2011/5/1
临潼区 ,39,24,70,,,,,1,2011/4/30
临潼区 ,45,42,112,,,,,2,2011/4/29
临潼区 ,31,35,93,,,,,1,2011/4/28
临潼区 ,22,22,100,,,,,1,2011/4/27
临潼区 ,27,25,103,,,,,2,2011/4/26
临潼区 ,45,34,91,,,,,1,2011/4/25
临潼区 ,46,27,86,,,,,1,2011/4/24
临潼区 ,29,30,80,,,,,1,2011/4/23
临潼区 ,36,32,86,,,,,1,2011/4/22
临潼区 ,17,32,97,,,,,1,2011/4/21
临潼区 ,33,22,110,,,,,2,2011/4/20
临潼区 ,31,20,90,,,,,1,2011/4/19
临潼区 ,26,13,74,,,,,1,2011/4/18
临潼区 ,30,14,91,,,,,1,2011/4/17
临潼区 ,26,19,88,,,,,1,2011/4/16
临潼区 ,36,17,94,,,,,1,2011/4/15
临潼区 ,30,37,109,,,,,2,2011/4/14
临潼区 ,55,45,142,,,,,2,2011/4/13
临潼区 ,46,35,134,,,,,2,2011/4/12
临潼区 ,45,24,99,,,,,1,2011/4/11
临潼区 ,53,48,132,,,,,2,2011/4/10
临潼区 ,39,42,100,,,,,1,2011/4/9
临潼区 ,38,29,96,,,,,1,2011/4/8
临潼区 ,30,32,95,,,,,1,2011/4/7
临潼区 ,20,28,93,,,,,1,2011/4/6
临潼区 ,51,36,96,,,,,1,2011/4/5
临潼区 ,21,31,91,,,,,1,2011/4/4
临潼区 ,20,27,73,,,,,1,2011/4/3
临潼区 ,15,27,97,,,,,1,2011/4/2
临潼区 ,64,42,109,,,,,2,2011/4/1
临潼区 ,57,43,94,,,,,1,2011/3/31
临潼区 ,49,40,100,,,,,1,2011/3/30
临潼区 ,39,41,89,,,,,1,2011/3/29
临潼区 ,60,34,96,,,,,1,2011/3/28
临潼区 ,51,44,98,,,,,1,2011/3/27
临潼区 ,50,20,92,,,,,1,2011/3/26
临潼区 ,36,28,93,,,,,1,2011/3/25
临潼区 ,36,22,88,,,,,1,2011/3/24
临潼区 ,26,32,84,,,,,1,2011/3/23
临潼区 ,5,18,63,,,,,1,2011/3/22
临潼区 ,10,27,60,,,,,1,2011/3/21
临潼区 ,14,26,96,,,,,1,2011/3/20
临潼区 ,42,28,170,,,,,3,2011/3/19
临潼区 ,56,35,146,,,,,2,2011/3/18
临潼区 ,40,40,97,,,,,1,2011/3/17
临潼区 ,43,29,100,,,,,1,2011/3/16
临潼区 ,23,20,90,,,,,1,2011/3/15
临潼区 ,52,22,188,,,,,3,2011/3/14
临潼区 ,68,45,97,,,,,1,2011/3/13
临潼区 ,77,62,92,,,,,1,2011/3/12
临潼区 ,62,50,99,,,,,1,2011/3/11
临潼区 ,55,32,91,,,,,1,2011/3/10
临潼区 ,65,29,79,,,,,1,2011/3/9
临潼区 ,75,40,94,,,,,1,2011/3/8
临潼区 ,73,43,84,,,,,1,2011/3/7
临潼区 ,95,43,86,,,,,1,2011/3/6
临潼区 ,86,43,97,,,,,1,2011/3/5
临潼区 ,63,23,63,,,,,1,2011/3/4
临潼区 ,69,40,76,,,,,1,2011/3/3
临潼区 ,50,34,55,,,,,1,2011/3/2
临潼区 ,19,19,29,,,,,0,2011/3/1
临潼区 ,25,42,70,,,,,1,2011/2/28
临潼区 ,33,32,78,,,,,1,2011/2/27
临潼区 ,54,42,113,,,,,2,2011/2/26
临潼区 ,92,75,140,,,,,2,2011/2/25
临潼区 ,97,82,164,,,,,3,2011/2/24
临潼区 ,79,36,165,,,,,3,2011/2/23
临潼区 ,73,25,104,,,,,2,2011/2/22
临潼区 ,75,29,125,,,,,2,2011/2/21
临潼区 ,70,42,135,,,,,2,2011/2/20
临潼区 ,76,37,123,,,,,2,2011/2/19
临潼区 ,80,25,90,,,,,1,2011/2/18
临潼区 ,92,43,168,,,,,3,2011/2/17
临潼区 ,46,24,113,,,,,2,2011/2/16
临潼区 ,78,19,99,,,,,1,2011/2/15
临潼区 ,51,24,57,,,,,1,2011/2/14
临潼区 ,55,32,84,,,,,1,2011/2/13
临潼区 ,34,26,78,,,,,1,2011/2/12
临潼区 ,29,38,118,,,,,2,2011/2/11
临潼区 ,36,34,80,,,,,1,2011/2/10
临潼区 ,103,54,132,,,,,2,2011/2/9
临潼区 ,55,52,97,,,,,1,2011/2/8
临潼区 ,69,53,99,,,,,1,2011/2/7
临潼区 ,107,65,139,,,,,2,2011/2/6
临潼区 ,87,41,105,,,,,2,2011/2/5
临潼区 ,108,63,212,,,,,4,2011/2/4
临潼区 ,113,78,258,,,,,5,2011/2/3
临潼区 ,98,68,143,,,,,2,2011/2/2
临潼区 ,99,48,113,,,,,2,2011/2/1
临潼区 ,62,29,73,,,,,1,2011/1/31
临潼区 ,58,34,75,,,,,1,2011/1/30
临潼区 ,65,29,70,,,,,1,2011/1/29
临潼区 ,66,32,114,,,,,2,2011/1/28
临潼区 ,112,49,154,,,,,3,2011/1/27
临潼区 ,106,35,108,,,,,2,2011/1/26
临潼区 ,105,59,119,,,,,2,2011/1/25
临潼区 ,64,40,86,,,,,1,2011/1/24
临潼区 ,73,87,145,,,,,2,2011/1/23
临潼区 ,104,70,159,,,,,3,2011/1/22
临潼区 ,92,82,175,,,,,3,2011/1/21
临潼区 ,84,75,167,,,,,3,2011/1/20
临潼区 ,69,54,145,,,,,2,2011/1/19
临潼区 ,32,44,98,,,,,1,2011/1/18
临潼区 ,89,39,88,,,,,1,2011/1/17
临潼区 ,74,34,83,,,,,1,2011/1/16
临潼区 ,102,41,95,,,,,2,2011/1/15
临潼区 ,103,77,148,,,,,2,2011/1/14
临潼区 ,117,64,122,,,,,2,2011/1/13
临潼区 ,86,48,109,,,,,2,2011/1/12
临潼区 ,79,43,89,,,,,1,2011/1/11
临潼区 ,46,11,72,,,,,1,2011/1/10
临潼区 ,63,12,83,,,,,1,2011/1/9
临潼区 ,90,22,91,,,,,1,2011/1/8
临潼区 ,46,25,84,,,,,1,2011/1/7
临潼区 ,47,19,78,,,,,1,2011/1/6
临潼区 ,49,27,125,,,,,2,2011/1/5
临潼区 ,48,30,79,,,,,1,2011/1/4
临潼区 ,32,18,62,,,,,1,2011/1/3
临潼区 ,67,24,71,,,,,1,2011/1/2
临潼区 ,40,27,52,,,,,1,2011/1/1
临潼区 ,47,15,52,,,,,1,2010/12/31
临潼区 ,19,19,71,,,,,1,2010/12/30
临潼区 ,69,15,90,,,,,1,2010/12/29
临潼区 ,45,19,72,,,,,1,2010/12/28
临潼区 ,32,42,112,,,,,2,2010/12/27
临潼区 ,20,18,97,,,,,1,2010/12/26
临潼区 ,34,10,65,,,,,1,2010/12/25
临潼区 ,65,17,84,,,,,1,2010/12/24
临潼区 ,58,37,123,,,,,2,2010/12/23
临潼区 ,61,37,120,,,,,2,2010/12/22
临潼区 ,93,30,94,,,,,1,2010/12/21
临潼区 ,78,34,87,,,,,1,2010/12/20
临潼区 ,82,29,78,,,,,1,2010/12/19
临潼区 ,105,52,105,,,,,2,2010/12/18
临潼区 ,98,38,88,,,,,1,2010/12/17
临潼区 ,55,7,52,,,,,1,2010/12/16
临潼区 ,74,8,52,,,,,1,2010/12/15
临潼区 ,76,15,76,,,,,1,2010/12/14
临潼区 ,77,44,152,,,,,3,2010/12/13
临潼区 ,50,40,145,,,,,2,2010/12/12
临潼区 ,43,57,95,,,,,1,2010/12/11
临潼区 ,70,25,123,,,,,2,2010/12/10
临潼区 ,63,24,76,,,,,1,2010/12/9
临潼区 ,51,20,56,,,,,1,2010/12/8
临潼区 ,59,19,62,,,,,1,2010/12/7
临潼区 ,58,14,66,,,,,1,2010/12/6
临潼区 ,95,42,122,,,,,2,2010/12/5
临潼区 ,88,64,105,,,,,2,2010/12/4
临潼区 ,45,28,97,,,,,1,2010/12/3
临潼区 ,73,28,86,,,,,1,2010/12/2
临潼区 ,68,42,105,,,,,2,2010/12/1
临潼区 ,63,36,78,,,,,1,2010/11/30
临潼区 ,53,29,69,,,,,1,2010/11/29
临潼区 ,65,32,85,,,,,1,2010/11/28
临潼区 ,83,34,94,,,,,1,2010/11/27
临潼区 ,84,79,128,,,,,2,2010/11/26
临潼区 ,83,34,109,,,,,2,2010/11/25
临潼区 ,113,79,128,,,,,2,2010/11/24
临潼区 ,88,27,90,,,,,1,2010/11/23
临潼区 ,91,38,100,,,,,1,2010/11/22
临潼区 ,90,36,97,,,,,1,2010/11/21
临潼区 ,79,45,113,,,,,2,2010/11/20
临潼区 ,63,20,68,,,,,1,2010/11/19
临潼区 ,80,88,146,,,,,2,2010/11/18
临潼区 ,59,40,90,,,,,1,2010/11/17
临潼区 ,62,31,90,,,,,1,2010/11/16
临潼区 ,55,18,67,,,,,1,2010/11/15
临潼区 ,57,19,70,,,,,1,2010/11/14
临潼区 ,59,29,89,,,,,1,2010/11/13
临潼区 ,47,24,82,,,,,1,2010/11/12
临潼区 ,39,12,89,,,,,1,2010/11/11
临潼区 ,57,30,98,,,,,1,2010/11/10
临潼区 ,58,26,96,,,,,1,2010/11/10
临潼区 ,53,20,76,,,,,1,2010/11/8
临潼区 ,71,19,96,,,,,1,2010/11/7
临潼区 ,53,43,89,,,,,1,2010/11/6
临潼区 ,50,37,91,,,,,1,2010/11/5
临潼区 ,54,27,67,,,,,1,2010/11/4
临潼区 ,48,22,62,,,,,1,2010/11/3
临潼区 ,28,20,73,,,,,1,2010/11/2
临潼区 ,39,41,100,,,,,1,2010/11/1
临潼区 ,34,41,98,,,,,1,2010/10/31
临潼区 ,29,24,72,,,,,1,2010/10/30
临潼区 ,32,24,70,,,,,1,2010/10/29
临潼区 ,29,23,86,,,,,1,2010/10/28
临潼区 ,10,9,49,,,,,0,2010/10/27
临潼区 ,13,7,25,,,,,0,2010/10/26
临潼区 ,14,10,51,,,,,1,2010/10/25
临潼区 ,35,29,92,,,,,1,2010/10/24
临潼区 ,25,47,88,,,,,1,2010/10/23
临潼区 ,31,39,88,,,,,1,2010/10/22
临潼区 ,42,29,114,,,,,2,2010/10/21
临潼区 ,23,35,136,,,,,2,2010/10/20
临潼区 ,34,54,143,,,,,2,2010/10/19
临潼区 ,31,70,116,,,,,2,2010/10/18
临潼区 ,44,54,116,,,,,2,2010/10/17
临潼区 ,31,73,91,,,,,1,2010/10/16
临潼区 ,26,25,70,,,,,1,2010/10/15
临潼区 ,42,22,71,,,,,1,2010/10/14
临潼区 ,24,17,62,,,,,1,2010/10/13
临潼区 ,28,10,68,,,,,1,2010/10/12
临潼区 ,20,7,51,,,,,1,2010/10/11
临潼区 ,27,14,93,,,,,1,2010/10/10
临潼区 ,42,22,137,,,,,2,2010/10/9
临潼区 ,33,25,92,,,,,1,2010/10/8
临潼区 ,30,35,83,,,,,1,2010/10/7
临潼区 ,27,26,93,,,,,1,2010/10/6
临潼区 ,29,35,95,,,,,1,2010/10/5
临潼区 ,20,19,73,,,,,1,2010/10/4
临潼区 ,30,14,83,,,,,1,2010/10/3
临潼区 ,21,10,79,,,,,1,2010/10/2
临潼区 ,17,22,96,,,,,1,2010/10/1
临潼区 ,20,12,82,,,,,1,2010/9/30
临潼区 ,18,10,83,,,,,1,2010/9/29
临潼区 ,39,35,130,,,,,2,2010/9/28
临潼区 ,11,19,86,,,,,1,2010/9/27
临潼区 ,18,20,70,,,,,1,2010/9/26
临潼区 ,11,13,61,,,,,1,2010/9/25
临潼区 ,32,31,88,,,,,1,2010/9/24
临潼区 ,49,25,60,,,,,1,2010/9/23
临潼区 ,25,15,39,,,,,0,2010/9/22
临潼区 ,27,18,67,,,,,1,2010/9/21
临潼区 ,28,24,72,,,,,1,2010/9/20
临潼区 ,19,22,100,,,,,1,2010/9/19
临潼区 ,18,15,86,,,,,1,2010/9/18
临潼区 ,10,16,73,,,,,1,2010/9/17
临潼区 ,24,22,82,,,,,1,2010/9/16
临潼区 ,15,25,100,,,,,1,2010/9/15
临潼区 ,14,10,78,,,,,1,2010/9/14
临潼区 ,11,19,80,,,,,1,2010/9/13
临潼区 ,11,23,89,,,,,1,2010/9/12
临潼区 ,22,22,75,,,,,1,2010/9/11
临潼区 ,11,22,57,,,,,1,2010/9/11
临潼区 ,12,18,79,,,,,1,2010/9/9
临潼区 ,10,21,59,,,,,1,2010/9/8
临潼区 ,8,18,49,,,,,0,2010/9/7
临潼区 ,10,20,100,,,,,1,2010/9/6
临潼区 ,13,24,66,,,,,1,2010/9/5
临潼区 ,16,17,69,,,,,1,2010/9/4
临潼区 ,21,23,98,,,,,1,2010/9/3
临潼区 ,22,24,83,,,,,1,2010/9/2
临潼区 ,13,21,80,,,,,1,2010/9/1
临潼区 ,14,18,84,,,,,1,2010/8/31
临潼区 ,18,27,91,,,,,1,2010/8/30
临潼区 ,10,27,84,,,,,1,2010/8/29
临潼区 ,12,24,88,,,,,1,2010/8/28
临潼区 ,15,25,89,,,,,1,2010/8/27
临潼区 ,23,17,56,,,,,1,2010/8/26
临潼区 ,12,22,64,,,,,1,2010/8/25
临潼区 ,8,19,26,,,,,0,2010/8/24
临潼区 ,10,19,59,,,,,1,2010/8/23
临潼区 ,8,15,61,,,,,1,2010/8/22
临潼区 ,10,18,73,,,,,1,2010/8/21
临潼区 ,11,15,53,,,,,1,2010/8/20
临潼区 ,18,20,99,,,,,1,2010/8/19
临潼区 ,18,22,100,,,,,1,2010/8/18
临潼区 ,10,25,98,,,,,1,2010/8/17
临潼区 ,18,20,93,,,,,1,2010/8/16
临潼区 ,10,24,72,,,,,1,2010/8/15
临潼区 ,10,20,53,,,,,1,2010/8/14
临潼区 ,13,15,59,,,,,1,2010/8/13
临潼区 ,8,18,91,,,,,1,2010/8/12
临潼区 ,20,17,94,,,,,1,2010/8/11
临潼区 ,18,15,91,,,,,1,2010/8/10
临潼区 ,10,23,96,,,,,1,2010/8/9
临潼区 ,10,19,74,,,,,1,2010/8/8
临潼区 ,13,18,90,,,,,1,2010/8/7
临潼区 ,6,22,78,,,,,1,2010/8/6
临潼区 ,7,10,71,,,,,1,2010/8/5
临潼区 ,11,13,90,,,,,1,2010/8/4
临潼区 ,5,10,98,,,,,1,2010/8/3
临潼区 ,3,4,64,,,,,1,2010/8/2
临潼区 ,11,11,96,,,,,1,2010/8/1
临潼区 ,15,19,97,,,,,1,2010/7/31
临潼区 ,2,9,93,,,,,1,2010/7/30
临潼区 ,10,20,100,,,,,1,2010/7/29
临潼区 ,11,15,99,,,,,1,2010/7/28
临潼区 ,18,22,94,,,,,1,2010/7/27
临潼区 ,10,12,64,,,,,1,2010/7/26
临潼区 ,9,10,48,,,,,0,2010/7/25
临潼区 ,10,13,55,,,,,1,2010/7/24
临潼区 ,6,27,97,,,,,1,2010/7/23
临潼区 ,6,14,60,,,,,1,2010/7/22
临潼区 ,14,17,98,,,,,1,2010/7/21
临潼区 ,15,21,93,,,,,1,2010/7/20
临潼区 ,3,24,92,,,,,1,2010/7/19
临潼区 ,2,20,53,,,,,1,2010/7/18
临潼区 ,4,20,85,,,,,1,2010/7/17
临潼区 ,5,25,82,,,,,1,2010/7/16
临潼区 ,3,20,77,,,,,1,2010/7/15
临潼区 ,8,9,95,,,,,1,2010/7/14
临潼区 ,12,9,96,,,,,1,2010/7/13
临潼区 ,14,17,81,,,,,1,2010/7/12
临潼区 ,13,27,64,,,,,1,2010/7/11
临潼区 ,7,16,39,,,,,0,2010/7/10
临潼区 ,10,18,82,,,,,1,2010/7/9
临潼区 ,22,14,90,,,,,1,2010/7/8
临潼区 ,16,13,90,,,,,1,2010/7/7
临潼区 ,24,20,96,,,,,1,2010/7/6
临潼区 ,19,12,77,,,,,1,2010/7/5
临潼区 ,23,15,74,,,,,1,2010/7/4
临潼区 ,10,13,64,,,,,1,2010/7/3
临潼区 ,21,20,66,,,,,1,2010/7/2
临潼区 ,14,17,52,,,,,1,2010/7/1
临潼区 ,12,14,74,,,,,1,2010/6/30
临潼区 ,23,26,87,,,,,1,2010/6/29
临潼区 ,12,18,81,,,,,1,2010/6/28
临潼区 ,18,22,73,,,,,1,2010/6/27
临潼区 ,14,15,95,,,,,1,2010/6/26
临潼区 ,13,22,92,,,,,1,2010/6/25
临潼区 ,14,21,68,,,,,1,2010/6/24
临潼区 ,26,23,83,,,,,1,2010/6/23
临潼区 ,23,28,78,,,,,1,2010/6/22
临潼区 ,31,30,91,,,,,1,2010/6/21
临潼区 ,33,21,84,,,,,1,2010/6/20
临潼区 ,22,25,97,,,,,1,2010/6/19
临潼区 ,24,34,90,,,,,1,2010/6/18
临潼区 ,16,22,86,,,,,1,2010/6/17
临潼区 ,26,17,93,,,,,1,2010/6/16
临潼区 ,19,17,107,,,,,2,2010/6/15
临潼区 ,18,20,91,,,,,1,2010/6/14
临潼区 ,14,19,83,,,,,1,2010/6/13
临潼区 ,19,14,93,,,,,1,2010/6/12
临潼区 ,29,25,90,,,,,1,2010/6/11
临潼区 ,29,18,79,,,,,1,2010/6/10
临潼区 ,19,19,60,,,,,1,2010/6/9
临潼区 ,39,28,68,,,,,1,2010/6/8
临潼区 ,26,18,83,,,,,1,2010/6/7
临潼区 ,29,18,80,,,,,1,2010/6/6
临潼区 ,19,30,71,,,,,1,2010/6/5
临潼区 ,29,20,85,,,,,1,2010/6/4
临潼区 ,29,23,86,,,,,1,2010/6/3
临潼区 ,39,14,72,,,,,1,2010/6/2
临潼区 ,29,18,73,,,,,1,2010/6/1
临潼区 ,39,23,99,,,,,1,2010/5/31
临潼区 ,29,25,100,,,,,1,2010/5/30
临潼区 ,29,23,98,,,,,1,2010/5/29
临潼区 ,39,24,60,,,,,1,2010/5/28
临潼区 ,29,19,42,,,,,0,2010/5/27
临潼区 ,29,23,91,,,,,1,2010/5/26
临潼区 ,29,22,89,,,,,1,2010/5/25
临潼区 ,29,22,98,,,,,1,2010/5/24
临潼区 ,29,25,86,,,,,1,2010/5/23
临潼区 ,27,35,71,,,,,1,2010/5/22
临潼区 ,29,15,97,,,,,1,2010/5/21
临潼区 ,25,27,96,,,,,1,2010/5/20
临潼区 ,25,20,97,,,,,1,2010/5/19
临潼区 ,39,22,73,,,,,1,2010/5/18
临潼区 ,34,24,91,,,,,1,2010/5/17
临潼区 ,29,22,103,,,,,2,2010/5/16
临潼区 ,29,24,104,,,,,2,2010/5/15
临潼区 ,29,21,72,,,,,1,2010/5/14
临潼区 ,19,19,94,,,,,1,2010/5/13
临潼区 ,19,16,98,,,,,1,2010/5/12
临潼区 ,24,36,95,,,,,1,2010/5/11
临潼区 ,37,23,159,,,,,3,2010/5/10
临潼区 ,11,20,98,,,,,1,2010/5/9
临潼区 ,23,24,100,,,,,1,2010/5/8
临潼区 ,15,27,82,,,,,1,2010/5/7
临潼区 ,14,22,92,,,,,1,2010/5/6
临潼区 ,14,22,121,,,,,2,2010/5/5
临潼区 ,17,22,99,,,,,1,2010/5/4
临潼区 ,29,33,102,,,,,2,2010/5/3
临潼区 ,26,24,103,,,,,2,2010/5/2
临潼区 ,21,27,105,,,,,2,2010/5/1
临潼区 ,21,27,146,,,,,2,2010/4/30
临潼区 ,19,31,167,,,,,3,2010/4/29
临潼区 ,15,20,205,,,,,4,2010/4/28
临潼区 ,17,24,192,,,,,3,2010/4/27
临潼区 ,16,17,500,,,,,6,2010/4/26
临潼区 ,13,27,115,,,,,2,2010/4/25
临潼区 ,21,42,100,,,,,1,2010/4/24
临潼区 ,35,34,93,,,,,1,2010/4/23
临潼区 ,32,29,47,,,,,0,2010/4/22
临潼区 ,28,18,43,,,,,0,2010/4/21
临潼区 ,39,29,80,,,,,1,2010/4/20
临潼区 ,27,43,106,,,,,2,2010/4/19
临潼区 ,37,27,89,,,,,1,2010/4/18
临潼区 ,28,24,123,,,,,2,2010/4/17
临潼区 ,23,22,93,,,,,1,2010/4/16
临潼区 ,15,24,75,,,,,1,2010/4/15
临潼区 ,14,27,61,,,,,1,2010/4/14
临潼区 ,16,24,83,,,,,1,2010/4/14
临潼区 ,26,23,81,,,,,1,2010/4/12
临潼区 ,22,24,94,,,,,1,2010/4/11
临潼区 ,20,35,98,,,,,1,2010/4/10
临潼区 ,25,35,96,,,,,1,2010/4/9
临潼区 ,37,25,91,,,,,1,2010/4/8
临潼区 ,24,28,88,,,,,1,2010/4/7
临潼区 ,29,31,81,,,,,1,2010/4/6
临潼区 ,42,20,69,,,,,1,2010/4/5
临潼区 ,40,28,69,,,,,1,2010/4/4
临潼区 ,46,15,87,,,,,1,2010/4/3
临潼区 ,30,29,89,,,,,1,2010/4/2
临潼区 ,15,29,89,,,,,1,2010/4/1
临潼区 ,37,37,64,,,,,1,2010/3/31
临潼区 ,22,21,86,,,,,1,2010/3/30
临潼区 ,42,24,84,,,,,1,2010/3/29
临潼区 ,42,29,75,,,,,1,2010/3/28
临潼区 ,36,31,93,,,,,1,2010/3/27
临潼区 ,31,33,89,,,,,1,2010/3/26
临潼区 ,19,20,83,,,,,1,2010/3/25
临潼区 ,21,27,87,,,,,1,2010/3/24
临潼区 ,21,23,96,,,,,1,2010/3/23
临潼区 ,38,35,169,,,,,3,2010/3/22
临潼区 ,39,30,139,,,,,2,2010/3/21
临潼区 ,24,22,173,,,,,3,2010/3/20
临潼区 ,42,32,94,,,,,1,2010/3/19
临潼区 ,30,25,132,,,,,2,2010/3/18
临潼区 ,30,29,97,,,,,1,2010/3/17
临潼区 ,31,35,88,,,,,1,2010/3/16
临潼区 ,28,32,76,,,,,1,2010/3/15
临潼区 ,42,32,98,,,,,1,2010/3/14
临潼区 ,47,27,122,,,,,2,2010/3/13
临潼区 ,32,46,82,,,,,1,2010/3/12
临潼区 ,34,25,85,,,,,1,2010/3/11
临潼区 ,41,14,80,,,,,1,2010/3/10
临潼区 ,41,9,54,,,,,1,2010/3/9
临潼区 ,36,14,89,,,,,1,2010/3/8
临潼区 ,58,15,92,,,,,1,2010/3/7
临潼区 ,25,14,66,,,,,1,2010/3/6
临潼区 ,48,15,86,,,,,1,2010/3/5
临潼区 ,51,15,90,,,,,1,2010/3/4
临潼区 ,59,20,100,,,,,1,2010/3/3
临潼区 ,49,17,112,,,,,2,2010/3/2
临潼区 ,43,22,187,,,,,3,2010/3/1
临潼区 ,61,30,105,,,,,2,2010/2/28
临潼区 ,53,33,102,,,,,2,2010/2/27
临潼区 ,54,21,99,,,,,1,2010/2/26
临潼区 ,63,24,95,,,,,1,2010/2/25
临潼区 ,56,39,121,,,,,2,2010/2/24
临潼区 ,66,29,95,,,,,1,2010/2/23
临潼区 ,55,27,97,,,,,1,2010/2/22
临潼区 ,47,25,70,,,,,1,2010/2/21
临潼区 ,49,20,91,,,,,1,2010/2/20
临潼区 ,30,15,70,,,,,1,2010/2/19
临潼区 ,57,14,72,,,,,1,2010/2/18
临潼区 ,55,10,72,,,,,1,2010/2/17
临潼区 ,55,16,74,,,,,1,2010/2/16
临潼区 ,48,12,68,,,,,1,2010/2/15
临潼区 ,80,15,102,,,,,2,2010/2/14
临潼区 ,52,11,100,,,,,1,2010/2/13
临潼区 ,33,13,51,,,,,1,2010/2/12
临潼区 ,50,12,53,,,,,1,2010/2/11
临潼区 ,45,24,75,,,,,1,2010/2/10
临潼区 ,69,35,123,,,,,2,2010/2/9
临潼区 ,66,40,123,,,,,2,2010/2/8
临潼区 ,82,30,131,,,,,2,2010/2/7
临潼区 ,63,29,127,,,,,2,2010/2/6
临潼区 ,67,39,144,,,,,2,2010/2/5
临潼区 ,66,39,131,,,,,2,2010/2/4
临潼区 ,77,44,106,,,,,2,2010/2/3
临潼区 ,34,30,88,,,,,1,2010/2/2
临潼区 ,57,29,73,,,,,1,2010/2/1
临潼区 ,60,40,62,,,,,1,2010/1/31
临潼区 ,75,28,81,,,,,1,2010/1/30
临潼区 ,56,22,80,,,,,1,2010/1/29
临潼区 ,51,32,90,,,,,1,2010/1/28
临潼区 ,37,30,98,,,,,1,2010/1/27
临潼区 ,58,24,61,,,,,1,2010/1/26
临潼区 ,70,23,78,,,,,1,2010/1/25
临潼区 ,65,29,70,,,,,1,2010/1/24
临潼区 ,68,19,69,,,,,1,2010/1/23
临潼区 ,80,22,69,,,,,1,2010/1/22
临潼区 ,64,17,70,,,,,1,2010/1/21
临潼区 ,96,42,71,,,,,1,2010/1/20
临潼区 ,35,32,102,,,,,2,2010/1/19
临潼区 ,36,39,116,,,,,2,2010/1/18
临潼区 ,52,22,121,,,,,2,2010/1/17
临潼区 ,26,19,111,,,,,2,2010/1/16
临潼区 ,52,12,100,,,,,1,2010/1/15
临潼区 ,64,16,51,,,,,1,2010/1/14
临潼区 ,60,16,51,,,,,1,2010/1/13
临潼区 ,76,26,55,,,,,1,2010/1/12
临潼区 ,68,55,91,,,,,1,2010/1/11
临潼区 ,75,40,132,,,,,2,2010/1/10
临潼区 ,92,49,122,,,,,2,2010/1/9
临潼区 ,74,25,74,,,,,1,2010/1/8
临潼区 ,68,34,92,,,,,1,2010/1/7
临潼区 ,65,29,75,,,,,1,2010/1/6
临潼区 ,62,19,66,,,,,1,2010/1/5
临潼区 ,68,24,74,,,,,1,2010/1/4
临潼区 ,94,42,95,,,,,1,2010/1/3
临潼区 ,67,29,67,,,,,1,2010/1/2
临潼区 ,82,45,89,,,,,1,2010/1/1
曲江文化集团 ,39,75,98,,,,,1,2012/12/31
曲江文化集团 ,51,29,87,,,,,1,2012/12/30
曲江文化集团 ,54,30,95,,,,,1,2012/12/29
曲江文化集团 ,81,55,172,,,,,3,2012/12/28
曲江文化集团 ,75,40,95,,,,,1,2012/12/25
曲江文化集团 ,30,22,87,,,,,1,2012/12/24
曲江文化集团 ,40,19,63,,,,,1,2012/12/23
曲江文化集团 ,43,23,70,,,,,1,2012/12/22
曲江文化集团 ,50,26,76,,,,,1,2012/12/21
曲江文化集团 ,52,27,92,,,,,1,2012/12/20
曲江文化集团 ,51,24,84,,,,,1,2012/12/19
曲江文化集团 ,37,22,79,,,,,1,2012/12/18
曲江文化集团 ,48,23,138,,,,,2,2012/12/17
曲江文化集团 ,55,25,300,,,,,5,2012/12/16
曲江文化集团 ,52,31,249,,,,,4,2012/12/15
曲江文化集团 ,54,29,268,,,,,5,2012/12/14
曲江文化集团 ,57,32,246,,,,,4,2012/12/13
曲江文化集团 ,56,30,239,,,,,4,2012/12/12
曲江文化集团 ,55,25,100,,,,,1,2012/12/11
曲江文化集团 ,56,22,112,,,,,2,2012/12/10
曲江文化集团 ,51,17,82,,,,,1,2012/12/9
曲江文化集团 ,50,24,85,,,,,1,2012/12/8
曲江文化集团 ,48,28,83,,,,,1,2012/12/7
曲江文化集团 ,57,18,93,,,,,1,2012/12/6
曲江文化集团 ,54,22,88,,,,,1,2012/12/5
曲江文化集团 ,56,25,118,,,,,2,2012/12/4
曲江文化集团 ,64,28,123,,,,,2,2012/12/3
曲江文化集团 ,59,31,209,,,,,4,2012/12/2
曲江文化集团 ,77,22,203,,,,,4,2012/12/1
曲江文化集团 ,58,25,110,,,,,2,2012/11/30
曲江文化集团 ,27,15,88,,,,,1,2012/11/29
曲江文化集团 ,25,25,83,,,,,1,2012/11/28
曲江文化集团 ,31,27,79,,,,,1,2012/11/27
曲江文化集团 ,41,21,80,,,,,1,2012/11/26
曲江文化集团 ,33,20,81,,,,,1,2012/11/25
曲江文化集团 ,34,17,69,,,,,1,2012/11/24
曲江文化集团 ,29,13,60,,,,,1,2012/11/23
曲江文化集团 ,35,32,170,,,,,3,2012/11/22
曲江文化集团 ,28,25,135,,,,,2,2012/11/21
曲江文化集团 ,44,25,115,,,,,2,2012/11/20
曲江文化集团 ,35,32,85,,,,,1,2012/11/19
曲江文化集团 ,38,29,108,,,,,2,2012/11/18
曲江文化集团 ,41,22,87,,,,,1,2012/11/17
曲江文化集团 ,38,19,71,,,,,1,2012/11/16
曲江文化集团 ,50,34,141,,,,,2,2012/11/15
曲江文化集团 ,24,29,96,,,,,1,2012/11/14
曲江文化集团 ,30,34,93,,,,,1,2012/11/13
曲江文化集团 ,21,25,66,,,,,1,2012/11/12
曲江文化集团 ,17,20,62,,,,,1,2012/11/11
曲江文化集团 ,18,20,74,,,,,1,2012/11/10
曲江文化集团 ,17,22,74,,,,,1,2012/11/9
曲江文化集团 ,16,17,64,,,,,1,2012/11/8
曲江文化集团 ,20,20,74,,,,,1,2012/11/7
曲江文化集团 ,20,23,80,,,,,1,2012/11/6
曲江文化集团 ,19,17,73,,,,,1,2012/11/5
曲江文化集团 ,25,20,69,,,,,1,2012/11/4
曲江文化集团 ,24,15,96,,,,,1,2012/11/3
曲江文化集团 ,27,22,131,,,,,2,2012/11/2
曲江文化集团 ,29,30,89,,,,,1,2012/11/1
曲江文化集团 ,26,17,95,,,,,1,2012/10/31
曲江文化集团 ,20,20,89,,,,,1,2012/10/30
曲江文化集团 ,29,27,88,,,,,1,2012/10/29
曲江文化集团 ,27,29,92,,,,,1,2012/10/28
曲江文化集团 ,25,27,94,,,,,1,2012/10/27
曲江文化集团 ,27,28,112,,,,,2,2012/10/26
曲江文化集团 ,24,28,79,,,,,1,2012/10/25
曲江文化集团 ,22,29,85,,,,,1,2012/10/24
曲江文化集团 ,28,22,82,,,,,1,2012/10/23
曲江文化集团 ,26,23,53,,,,,1,2012/10/22
曲江文化集团 ,30,26,110,,,,,2,2012/10/21
曲江文化集团 ,29,24,96,,,,,1,2012/10/20
曲江文化集团 ,31,22,98,,,,,1,2012/10/19
曲江文化集团 ,29,24,96,,,,,1,2012/10/18
曲江文化集团 ,20,22,74,,,,,1,2012/10/17
曲江文化集团 ,23,25,93,,,,,1,2012/10/16
曲江文化集团 ,28,27,142,,,,,2,2012/10/15
曲江文化集团 ,26,26,92,,,,,1,2012/10/14
曲江文化集团 ,24,23,88,,,,,1,2012/10/13
曲江文化集团 ,27,30,121,,,,,2,2012/10/12
曲江文化集团 ,24,25,120,,,,,2,2012/10/11
曲江文化集团 ,24,21,71,,,,,1,2012/10/10
曲江文化集团 ,23,19,96,,,,,1,2012/10/9
曲江文化集团 ,27,24,138,,,,,2,2012/10/8
曲江文化集团 ,25,24,110,,,,,2,2012/10/7
曲江文化集团 ,18,20,87,,,,,1,2012/10/6
曲江文化集团 ,22,20,82,,,,,1,2012/10/5
曲江文化集团 ,20,21,73,,,,,1,2012/10/4
曲江文化集团 ,21,21,90,,,,,1,2012/10/3
曲江文化集团 ,21,24,102,,,,,2,2012/10/2
曲江文化集团 ,24,21,82,,,,,1,2012/10/1
曲江文化集团 ,26,20,88,,,,,1,2012/9/30
曲江文化集团 ,18,16,64,,,,,1,2012/9/29
曲江文化集团 ,26,21,59,,,,,1,2012/9/28
曲江文化集团 ,19,14,74,,,,,1,2012/9/27
曲江文化集团 ,18,15,54,,,,,1,2012/9/26
曲江文化集团 ,21,16,81,,,,,1,2012/9/25
曲江文化集团 ,29,23,105,,,,,2,2012/9/24
曲江文化集团 ,29,17,97,,,,,1,2012/9/23
曲江文化集团 ,23,22,83,,,,,1,2012/9/22
曲江文化集团 ,20,17,82,,,,,1,2012/9/21
曲江文化集团 ,21,18,70,,,,,1,2012/9/20
曲江文化集团 ,29,15,72,,,,,1,2012/9/19
曲江文化集团 ,27,13,81,,,,,1,2012/9/18
曲江文化集团 ,20,17,77,,,,,1,2012/9/17
曲江文化集团 ,21,13,53,,,,,1,2012/9/16
曲江文化集团 ,30,17,70,,,,,1,2012/9/15
曲江文化集团 ,29,15,59,,,,,1,2012/9/14
曲江文化集团 ,24,17,51,,,,,1,2012/9/13
曲江文化集团 ,19,18,52,,,,,1,2012/9/12
曲江文化集团 ,20,17,55,,,,,1,2012/9/11
曲江文化集团 ,23,20,63,,,,,1,2012/9/10
曲江文化集团 ,21,21,58,,,,,1,2012/9/9
曲江文化集团 ,21,19,69,,,,,1,2012/9/8
曲江文化集团 ,19,19,70,,,,,1,2012/9/7
曲江文化集团 ,19,23,80,,,,,1,2012/9/6
曲江文化集团 ,20,24,65,,,,,1,2012/9/5
曲江文化集团 ,21,23,45,,,,,0,2012/9/4
曲江文化集团 ,21,23,45,,,,,0,2012/9/4
曲江文化集团 ,22,18,32,,,,,0,2012/9/3
曲江文化集团 ,22,17,30,,,,,0,2012/9/2
曲江文化集团 ,18,16,34,,,,,0,2012/9/1
曲江文化集团 ,18,19,68,,,,,1,2012/8/31
曲江文化集团 ,20,25,64,,,,,1,2012/8/30
曲江文化集团 ,18,26,58,,,,,1,2012/8/29
曲江文化集团 ,18,18,77,,,,,1,2012/8/28
曲江文化集团 ,16,22,87,,,,,1,2012/8/27
曲江文化集团 ,17,18,76,,,,,1,2012/8/26
曲江文化集团 ,17,16,61,,,,,1,2012/8/25
曲江文化集团 ,17,24,52,,,,,1,2012/8/24
曲江文化集团 ,17,14,52,,,,,1,2012/8/23
曲江文化集团 ,19,20,57,,,,,1,2012/8/22
曲江文化集团 ,20,17,43,,,,,0,2012/8/21
曲江文化集团 ,19,16,45,,,,,0,2012/8/20
曲江文化集团 ,22,15,46,,,,,0,2012/8/19
曲江文化集团 ,25,17,63,,,,,1,2012/8/18
曲江文化集团 ,23,16,68,,,,,1,2012/8/17
曲江文化集团 ,25,25,88,,,,,1,2012/8/16
曲江文化集团 ,29,23,70,,,,,1,2012/8/15
曲江文化集团 ,27,20,58,,,,,1,2012/8/14
曲江文化集团 ,28,22,79,,,,,1,2012/8/13
曲江文化集团 ,28,19,80,,,,,1,2012/8/12
曲江文化集团 ,20,15,75,,,,,1,2012/8/11
曲江文化集团 ,20,19,77,,,,,1,2012/8/10
曲江文化集团 ,26,15,73,,,,,1,2012/8/9
曲江文化集团 ,19,17,73,,,,,1,2012/8/8
曲江文化集团 ,18,16,61,,,,,1,2012/8/7
曲江文化集团 ,16,14,60,,,,,1,2012/8/6
曲江文化集团 ,13,13,67,,,,,1,2012/8/5
曲江文化集团 ,17,13,69,,,,,1,2012/8/4
曲江文化集团 ,12,14,62,,,,,1,2012/8/3
曲江文化集团 ,19,14,44,,,,,0,2012/8/2
曲江文化集团 ,16,13,40,,,,,0,2012/8/1
曲江文化集团 ,16,13,52,,,,,1,2012/7/31
曲江文化集团 ,12,15,54,,,,,1,2012/7/30
曲江文化集团 ,23,14,58,,,,,1,2012/7/29
曲江文化集团 ,26,15,42,,,,,0,2012/7/28
曲江文化集团 ,25,15,38,,,,,0,2012/7/27
曲江文化集团 ,23,14,75,,,,,1,2012/7/26
曲江文化集团 ,20,13,61,,,,,1,2012/7/25
曲江文化集团 ,18,15,53,,,,,1,2012/7/24
曲江文化集团 ,15,14,51,,,,,1,2012/7/23
曲江文化集团 ,17,12,47,,,,,0,2012/7/22
曲江文化集团 ,19,14,71,,,,,1,2012/7/21
曲江文化集团 ,16,12,81,,,,,1,2012/7/20
曲江文化集团 ,18,11,76,,,,,1,2012/7/19
曲江文化集团 ,19,14,71,,,,,1,2012/7/18
曲江文化集团 ,17,10,68,,,,,1,2012/7/17
曲江文化集团 ,23,16,66,,,,,1,2012/7/16
曲江文化集团 ,23,16,66,,,,,1,2012/7/16
曲江文化集团 ,16,11,64,,,,,1,2012/7/15
曲江文化集团 ,17,12,63,,,,,1,2012/7/14
曲江文化集团 ,23,20,63,,,,,1,2012/7/13
曲江文化集团 ,31,22,56,,,,,1,2012/7/12
曲江文化集团 ,18,12,58,,,,,1,2012/7/11
曲江文化集团 ,17,10,46,,,,,0,2012/7/10
曲江文化集团 ,19,10,44,,,,,0,2012/7/9
曲江文化集团 ,18,13,57,,,,,1,2012/7/8
曲江文化集团 ,20,12,44,,,,,0,2012/7/7
曲江文化集团 ,19,14,51,,,,,1,2012/7/6
曲江文化集团 ,18,14,43,,,,,0,2012/7/5
曲江文化集团 ,15,13,39,,,,,0,2012/7/4
曲江文化集团 ,19,13,48,,,,,0,2012/7/3
曲江文化集团 ,24,21,63,,,,,1,2012/7/2
曲江文化集团 ,20,14,46,,,,,0,2012/7/1
曲江文化集团 ,16,15,42,,,,,0,2012/6/30
曲江文化集团 ,19,9,54,,,,,1,2012/6/29
曲江文化集团 ,19,9,51,,,,,1,2012/6/28
曲江文化集团 ,21,8,57,,,,,1,2012/6/27
曲江文化集团 ,12,9,51,,,,,1,2012/6/26
曲江文化集团 ,27,8,56,,,,,1,2012/6/25
曲江文化集团 ,29,14,59,,,,,1,2012/6/24
曲江文化集团 ,27,15,55,,,,,1,2012/6/23
曲江文化集团 ,36,15,53,,,,,1,2012/6/22
曲江文化集团 ,30,14,57,,,,,1,2012/6/21
曲江文化集团 ,23,19,76,,,,,1,2012/6/20
曲江文化集团 ,35,21,69,,,,,1,2012/6/19
曲江文化集团 ,38,22,66,,,,,1,2012/6/18
曲江文化集团 ,33,27,67,,,,,1,2012/6/17
曲江文化集团 ,24,22,67,,,,,1,2012/6/16
曲江文化集团 ,28,22,66,,,,,1,2012/6/15
曲江文化集团 ,37,22,51,,,,,1,2012/6/14
曲江文化集团 ,24,26,62,,,,,1,2012/6/13
曲江文化集团 ,24,19,63,,,,,1,2012/6/12
曲江文化集团 ,28,24,72,,,,,1,2012/6/11
曲江文化集团 ,31,25,53,,,,,1,2012/6/10
曲江文化集团 ,31,22,53,,,,,1,2012/6/9
曲江文化集团 ,32,23,52,,,,,1,2012/6/8
曲江文化集团 ,31,22,58,,,,,1,2012/6/7
曲江文化集团 ,30,21,67,,,,,1,2012/6/6
曲江文化集团 ,34,22,69,,,,,1,2012/6/5
曲江文化集团 ,37,29,60,,,,,1,2012/6/4
曲江文化集团 ,32,20,58,,,,,1,2012/6/3
曲江文化集团 ,33,24,60,,,,,1,2012/6/2
曲江文化集团 ,28,25,66,,,,,1,2012/6/1
曲江文化集团 ,27,25,54,,,,,1,2012/5/31
曲江文化集团 ,23,20,46,,,,,0,2012/5/30
曲江文化集团 ,27,18,56,,,,,1,2012/5/29
曲江文化集团 ,28,22,56,,,,,1,2012/5/28
曲江文化集团 ,27,21,68,,,,,1,2012/5/27
曲江文化集团 ,17,22,64,,,,,1,2012/5/26
曲江文化集团 ,19,18,64,,,,,1,2012/5/25
曲江文化集团 ,19,18,85,,,,,1,2012/5/24
曲江文化集团 ,16,17,88,,,,,1,2012/5/23
曲江文化集团 ,16,11,56,,,,,1,2012/5/22
曲江文化集团 ,23,23,59,,,,,1,2012/5/21
曲江文化集团 ,27,30,74,,,,,1,2012/5/20
曲江文化集团 ,26,40,79,,,,,1,2012/5/19
曲江文化集团 ,26,49,80,,,,,1,2012/5/18
曲江文化集团 ,25,29,68,,,,,1,2012/5/17
曲江文化集团 ,25,35,66,,,,,1,2012/5/16
曲江文化集团 ,25,27,54,,,,,1,2012/5/15
曲江文化集团 ,25,29,67,,,,,1,2012/5/14
曲江文化集团 ,26,19,80,,,,,1,2012/5/13
曲江文化集团 ,19,18,64,,,,,1,2012/5/12
曲江文化集团 ,25,17,52,,,,,1,2012/5/11
曲江文化集团 ,26,27,77,,,,,1,2012/5/10
曲江文化集团 ,28,31,78,,,,,1,2012/5/9
曲江文化集团 ,26,25,74,,,,,1,2012/5/8
曲江文化集团 ,27,22,86,,,,,1,2012/5/7
曲江文化集团 ,26,41,80,,,,,1,2012/5/6
曲江文化集团 ,27,35,74,,,,,1,2012/5/5
曲江文化集团 ,28,30,73,,,,,1,2012/5/4
曲江文化集团 ,29,34,71,,,,,1,2012/5/3
曲江文化集团 ,27,27,60,,,,,1,2012/5/2
曲江文化集团 ,26,30,82,,,,,1,2012/5/1
曲江文化集团 ,24,20,80,,,,,1,2012/4/30
曲江文化集团 ,26,30,86,,,,,1,2012/4/29
曲江文化集团 ,26,37,87,,,,,1,2012/4/28
曲江文化集团 ,25,34,83,,,,,1,2012/4/27
曲江文化集团 ,29,39,94,,,,,1,2012/4/26
曲江文化集团 ,28,27,85,,,,,1,2012/4/25
曲江文化集团 ,24,24,74,,,,,1,2012/4/24
曲江文化集团 ,26,40,90,,,,,1,2012/4/23
曲江文化集团 ,25,27,80,,,,,1,2012/4/22
曲江文化集团 ,25,30,85,,,,,1,2012/4/21
曲江文化集团 ,25,29,78,,,,,1,2012/4/20
曲江文化集团 ,25,35,63,,,,,1,2012/4/19
曲江文化集团 ,26,35,85,,,,,1,2012/4/18
曲江文化集团 ,27,37,82,,,,,1,2012/4/17
曲江文化集团 ,21,29,65,,,,,1,2012/4/16
曲江文化集团 ,33,35,67,,,,,1,2012/4/15
曲江文化集团 ,22,22,60,,,,,1,2012/4/14
曲江文化集团 ,24,22,54,,,,,1,2012/4/13
曲江文化集团 ,24,20,59,,,,,1,2012/4/12
曲江文化集团 ,22,27,62,,,,,1,2012/4/11
曲江文化集团 ,29,22,52,,,,,1,2012/4/10
曲江文化集团 ,23,28,67,,,,,1,2012/4/9
曲江文化集团 ,21,20,82,,,,,1,2012/4/8
曲江文化集团 ,22,21,76,,,,,1,2012/4/7
曲江文化集团 ,28,20,74,,,,,1,2012/4/6
曲江文化集团 ,21,20,76,,,,,1,2012/4/5
曲江文化集团 ,26,24,78,,,,,1,2012/4/4
曲江文化集团 ,16,20,73,,,,,1,2012/4/3
曲江文化集团 ,29,24,64,,,,,1,2012/4/2
曲江文化集团 ,26,35,73,,,,,1,2012/4/1
曲江文化集团 ,17,26,61,,,,,1,2012/4/1
曲江文化集团 ,46,44,82,,,,,1,2012/3/30
曲江文化集团 ,24,27,94,,,,,1,2012/3/29
曲江文化集团 ,40,48,91,,,,,1,2012/3/28
曲江文化集团 ,38,46,107,,,,,2,2012/3/27
曲江文化集团 ,42,34,96,,,,,1,2012/3/26
曲江文化集团 ,48,34,87,,,,,1,2012/3/25
曲江文化集团 ,35,20,72,,,,,1,2012/3/24
曲江文化集团 ,31,19,63,,,,,1,2012/3/23
曲江文化集团 ,34,22,69,,,,,1,2012/3/22
曲江文化集团 ,36,29,83,,,,,1,2012/3/21
曲江文化集团 ,40,27,82,,,,,1,2012/3/20
曲江文化集团 ,46,20,120,,,,,2,2012/3/19
曲江文化集团 ,55,41,126,,,,,2,2012/3/18
曲江文化集团 ,44,38,97,,,,,1,2012/3/17
曲江文化集团 ,41,32,78,,,,,1,2012/3/16
曲江文化集团 ,40,39,98,,,,,1,2012/3/15
曲江文化集团 ,51,39,97,,,,,1,2012/3/14
曲江文化集团 ,32,45,115,,,,,2,2012/3/13
曲江文化集团 ,32,33,85,,,,,1,2012/3/12
曲江文化集团 ,32,39,81,,,,,1,2012/3/11
曲江文化集团 ,37,40,84,,,,,1,2012/3/10
曲江文化集团 ,27,25,77,,,,,1,2012/3/9
曲江文化集团 ,34,30,68,,,,,1,2012/3/8
曲江文化集团 ,35,33,67,,,,,1,2012/3/7
曲江文化集团 ,24,29,63,,,,,1,2012/3/6
曲江文化集团 ,36,30,80,,,,,1,2012/3/5
曲江文化集团 ,31,27,67,,,,,1,2012/3/4
曲江文化集团 ,32,28,73,,,,,1,2012/3/3
曲江文化集团 ,35,29,94,,,,,1,2012/3/2
曲江文化集团 ,45,37,137,,,,,2,2012/3/1
曲江文化集团 ,45,37,129,,,,,2,2012/2/29
曲江文化集团 ,51,38,110,,,,,2,2012/2/28
曲江文化集团 ,53,37,85,,,,,1,2012/2/27
曲江文化集团 ,58,37,72,,,,,1,2012/2/26
曲江文化集团 ,22,26,83,,,,,1,2012/2/25
曲江文化集团 ,63,55,100,,,,,1,2012/2/24
曲江文化集团 ,57,64,118,,,,,2,2012/2/23
曲江文化集团 ,69,52,115,,,,,2,2012/2/22
曲江文化集团 ,65,40,100,,,,,1,2012/2/21
曲江文化集团 ,53,34,89,,,,,1,2012/2/20
曲江文化集团 ,34,29,59,,,,,1,2012/2/19
曲江文化集团 ,37,24,54,,,,,1,2012/2/18
曲江文化集团 ,23,20,57,,,,,1,2012/2/17
曲江文化集团 ,42,29,97,,,,,1,2012/2/16
曲江文化集团 ,59,34,118,,,,,2,2012/2/15
曲江文化集团 ,49,35,100,,,,,1,2012/2/14
曲江文化集团 ,38,29,86,,,,,1,2012/2/13
曲江文化集团 ,32,28,87,,,,,1,2012/2/12
曲江文化集团 ,19,10,59,,,,,1,2012/2/11
曲江文化集团 ,16,18,26,,,,,0,2012/2/10
曲江文化集团 ,33,18,38,,,,,0,2012/2/9
曲江文化集团 ,20,19,44,,,,,0,2012/2/8
曲江文化集团 ,32,18,59,,,,,1,2012/2/7
曲江文化集团 ,66,54,130,,,,,2,2012/2/6
曲江文化集团 ,63,43,80,,,,,1,2012/2/5
曲江文化集团 ,52,42,70,,,,,1,2012/2/4
曲江文化集团 ,23,18,48,,,,,0,2012/2/3
曲江文化集团 ,24,24,51,,,,,1,2012/2/2
曲江文化集团 ,73,49,134,,,,,2,2012/2/1
曲江文化集团 ,73,49,129,,,,,2,2012/1/31
曲江文化集团 ,70,47,105,,,,,2,2012/1/30
曲江文化集团 ,77,49,103,,,,,2,2012/1/29
曲江文化集团 ,37,18,99,,,,,1,2012/1/28
曲江文化集团 ,61,21,83,,,,,1,2012/1/27
曲江文化集团 ,52,18,85,,,,,1,2012/1/26
曲江文化集团 ,41,18,48,,,,,0,2012/1/25
曲江文化集团 ,32,24,72,,,,,1,2012/1/24
曲江文化集团 ,58,24,72,,,,,1,2012/1/23
曲江文化集团 ,53,42,54,,,,,1,2012/1/22
曲江文化集团 ,51,22,69,,,,,1,2012/1/21
曲江文化集团 ,42,30,91,,,,,1,2012/1/20
曲江文化集团 ,74,62,123,,,,,2,2012/1/19
曲江文化集团 ,81,72,180,,,,,3,2012/1/18
曲江文化集团 ,67,39,120,,,,,2,2012/1/17
曲江文化集团 ,81,95,123,,,,,2,2012/1/16
曲江文化集团 ,71,70,108,,,,,2,2012/1/15
曲江文化集团 ,92,70,105,,,,,2,2012/1/14
曲江文化集团 ,84,47,124,,,,,2,2012/1/13
曲江文化集团 ,69,60,106,,,,,2,2012/1/12
曲江文化集团 ,104,74,168,,,,,3,2012/1/11
曲江文化集团 ,76,78,164,,,,,3,2012/1/10
曲江文化集团 ,70,49,123,,,,,2,2012/1/9
曲江文化集团 ,63,37,116,,,,,2,2012/1/8
曲江文化集团 ,63,37,84,,,,,1,2012/1/7
曲江文化集团 ,54,38,90,,,,,1,2012/1/6
曲江文化集团 ,45,26,62,,,,,1,2012/1/5
曲江文化集团 ,23,18,42,,,,,0,2012/1/4
曲江文化集团 ,16,15,60,,,,,1,2012/1/3
曲江文化集团 ,44,20,124,,,,,2,2012/1/2
曲江文化集团 ,107,69,196,,,,,3,2012/1/1
曲江文化集团 ,88,60,146,,,,,2,2011/12/31
曲江文化集团 ,89,55,181,,,,,3,2011/12/30
曲江文化集团 ,100,50,125,,,,,2,2011/12/29
曲江文化集团 ,64,58,119,,,,,2,2011/12/28
曲江文化集团 ,68,44,112,,,,,2,2011/12/27
曲江文化集团 ,43,20,107,,,,,2,2011/12/26
曲江文化集团 ,26,20,109,,,,,2,2011/12/25
曲江文化集团 ,48,14,63,,,,,1,2011/12/24
曲江文化集团 ,42,32,89,,,,,1,2011/12/23
曲江文化集团 ,58,14,78,,,,,1,2011/12/22
曲江文化集团 ,68,32,96,,,,,1,2011/12/21
曲江文化集团 ,74,33,123,,,,,2,2011/12/20
曲江文化集团 ,62,30,124,,,,,2,2011/12/19
曲江文化集团 ,46,14,103,,,,,2,2011/12/18
曲江文化集团 ,48,23,83,,,,,1,2011/12/17
曲江文化集团 ,55,45,93,,,,,1,2011/12/16
曲江文化集团 ,51,14,104,,,,,2,2011/12/15
曲江文化集团 ,54,14,105,,,,,2,2011/12/14
曲江文化集团 ,56,16,105,,,,,2,2011/12/13
曲江文化集团 ,39,13,71,,,,,1,2011/12/12
曲江文化集团 ,57,20,104,,,,,2,2011/12/11
曲江文化集团 ,60,14,75,,,,,1,2011/12/10
曲江文化集团 ,78,14,68,,,,,1,2011/12/9
曲江文化集团 ,54,20,60,,,,,1,2011/12/8
曲江文化集团 ,51,13,60,,,,,1,2011/12/7
曲江文化集团 ,28,14,70,,,,,1,2011/12/6
曲江文化集团 ,61,17,77,,,,,1,2011/12/5
曲江文化集团 ,60,15,101,,,,,2,2011/12/4
曲江文化集团 ,58,24,105,,,,,2,2011/12/3
曲江文化集团 ,46,24,73,,,,,1,2011/12/2
曲江文化集团 ,45,27,65,,,,,1,2011/12/1
曲江文化集团 ,38,13,36,,,,,0,2011/11/30
曲江文化集团 ,42,20,93,,,,,1,2011/11/29
曲江文化集团 ,38,14,117,,,,,2,2011/11/28
曲江文化集团 ,33,14,102,,,,,2,2011/11/27
曲江文化集团 ,25,13,103,,,,,2,2011/11/26
曲江文化集团 ,26,22,115,,,,,2,2011/11/25
曲江文化集团 ,40,19,73,,,,,1,2011/11/24
曲江文化集团 ,27,22,71,,,,,1,2011/11/23
曲江文化集团 ,20,22,76,,,,,1,2011/11/22
曲江文化集团 ,28,15,75,,,,,1,2011/11/21
曲江文化集团 ,28,20,54,,,,,1,2011/11/20
曲江文化集团 ,24,15,51,,,,,1,2011/11/19
曲江文化集团 ,21,17,62,,,,,1,2011/11/18
曲江文化集团 ,34,24,60,,,,,1,2011/11/17
曲江文化集团 ,23,14,83,,,,,1,2011/11/16
曲江文化集团 ,31,20,72,,,,,1,2011/11/15
曲江文化集团 ,19,14,78,,,,,1,2011/11/14
曲江文化集团 ,22,14,67,,,,,1,2011/11/13
曲江文化集团 ,30,14,77,,,,,1,2011/11/12
曲江文化集团 ,24,14,76,,,,,1,2011/11/11
广运潭 ,49,45,55,,,,,1,2012/12/31
广运潭 ,44,34,90,,,,,1,2012/12/30
广运潭 ,62,25,85,,,,,1,2012/12/29
广运潭 ,76,40,131,,,,,2,2012/12/28
广运潭 ,77,27,93,,,,,1,2012/12/25
广运潭 ,36,14,81,,,,,1,2012/12/24
广运潭 ,29,14,52,,,,,1,2012/12/23
广运潭 ,31,20,63,,,,,1,2012/12/22
广运潭 ,43,25,72,,,,,1,2012/12/21
广运潭 ,47,24,89,,,,,1,2012/12/20
广运潭 ,43,22,79,,,,,1,2012/12/19
广运潭 ,35,20,75,,,,,1,2012/12/18
广运潭 ,43,20,151,,,,,3,2012/12/17
广运潭 ,57,31,322,,,,,7,2012/12/16
广运潭 ,51,28,196,,,,,3,2012/12/15
广运潭 ,52,25,213,,,,,4,2012/12/14
广运潭 ,56,27,202,,,,,4,2012/12/13
广运潭 ,58,27,191,,,,,3,2012/12/12
广运潭 ,57,24,97,,,,,1,2012/12/11
广运潭 ,55,20,107,,,,,2,2012/12/10
广运潭 ,55,19,88,,,,,1,2012/12/9
广运潭 ,57,27,89,,,,,1,2012/12/8
广运潭 ,52,30,87,,,,,1,2012/12/7
广运潭 ,59,20,90,,,,,1,2012/12/6
广运潭 ,55,19,94,,,,,1,2012/12/5
广运潭 ,54,24,114,,,,,2,2012/12/4
广运潭 ,68,25,112,,,,,2,2012/12/3
广运潭 ,63,27,177,,,,,3,2012/12/2
广运潭 ,73,19,176,,,,,3,2012/12/1
广运潭 ,52,29,106,,,,,2,2012/11/30
广运潭 ,23,19,89,,,,,1,2012/11/29
广运潭 ,25,19,86,,,,,1,2012/11/28
广运潭 ,31,23,85,,,,,1,2012/11/27
广运潭 ,38,17,72,,,,,1,2012/11/26
广运潭 ,38,22,83,,,,,1,2012/11/25
广运潭 ,37,15,72,,,,,1,2012/11/24
广运潭 ,27,12,63,,,,,1,2012/11/23
广运潭 ,33,27,167,,,,,3,2012/11/22
广运潭 ,30,24,137,,,,,2,2012/11/21
广运潭 ,39,20,113,,,,,2,2012/11/20
广运潭 ,37,31,81,,,,,1,2012/11/19
广运潭 ,32,25,105,,,,,2,2012/11/18
广运潭 ,29,20,86,,,,,1,2012/11/17
广运潭 ,24,16,60,,,,,1,2012/11/16
广运潭 ,43,42,138,,,,,2,2012/11/15
广运潭 ,21,24,87,,,,,1,2012/11/14
广运潭 ,27,27,77,,,,,1,2012/11/13
广运潭 ,20,20,61,,,,,1,2012/11/12
广运潭 ,16,16,58,,,,,1,2012/11/11
广运潭 ,15,16,85,,,,,1,2012/11/10
广运潭 ,15,16,68,,,,,1,2012/11/9
广运潭 ,20,22,59,,,,,1,2012/11/8
广运潭 ,24,16,80,,,,,1,2012/11/7
广运潭 ,23,16,79,,,,,1,2012/11/6
广运潭 ,16,16,61,,,,,1,2012/11/5
广运潭 ,15,16,55,,,,,1,2012/11/4
广运潭 ,19,16,84,,,,,1,2012/11/3
广运潭 ,25,16,121,,,,,2,2012/11/2
广运潭 ,19,16,75,,,,,1,2012/11/1
广运潭 ,17,16,76,,,,,1,2012/10/31
广运潭 ,23,16,74,,,,,1,2012/10/30
广运潭 ,23,16,93,,,,,1,2012/10/29
广运潭 ,24,27,94,,,,,1,2012/10/28
广运潭 ,22,25,91,,,,,1,2012/10/27
广运潭 ,25,29,113,,,,,2,2012/10/26
广运潭 ,22,24,77,,,,,1,2012/10/25
广运潭 ,18,24,79,,,,,1,2012/10/24
广运潭 ,25,22,79,,,,,1,2012/10/23
广运潭 ,21,19,57,,,,,1,2012/10/22
广运潭 ,27,19,111,,,,,2,2012/10/21
广运潭 ,25,16,92,,,,,1,2012/10/20
广运潭 ,27,17,89,,,,,1,2012/10/19
广运潭 ,24,20,82,,,,,1,2012/10/18
广运潭 ,17,16,73,,,,,1,2012/10/17
广运潭 ,20,17,94,,,,,1,2012/10/16
广运潭 ,19,19,140,,,,,2,2012/10/15
广运潭 ,19,16,84,,,,,1,2012/10/14
广运潭 ,25,20,91,,,,,1,2012/10/13
广运潭 ,25,25,123,,,,,2,2012/10/12
广运潭 ,22,24,119,,,,,2,2012/10/11
广运潭 ,16,16,64,,,,,1,2012/10/10
广运潭 ,22,15,97,,,,,1,2012/10/9
广运潭 ,23,15,116,,,,,2,2012/10/8
广运潭 ,23,15,104,,,,,2,2012/10/7
广运潭 ,23,22,83,,,,,1,2012/10/6
广运潭 ,23,15,79,,,,,1,2012/10/5
广运潭 ,23,15,72,,,,,1,2012/10/4
广运潭 ,23,15,92,,,,,1,2012/10/3
广运潭 ,23,23,107,,,,,2,2012/10/2
广运潭 ,23,22,83,,,,,1,2012/10/1
广运潭 ,23,15,79,,,,,1,2012/9/30
广运潭 ,23,15,65,,,,,1,2012/9/29
广运潭 ,23,15,54,,,,,1,2012/9/28
广运潭 ,20,15,57,,,,,1,2012/9/27
广运潭 ,20,15,57,,,,,1,2012/9/26
广运潭 ,22,15,86,,,,,1,2012/9/25
广运潭 ,22,18,108,,,,,2,2012/9/24
广运潭 ,22,15,83,,,,,1,2012/9/23
广运潭 ,21,15,79,,,,,1,2012/9/22
广运潭 ,22,15,75,,,,,1,2012/9/21
广运潭 ,21,15,60,,,,,1,2012/9/20
广运潭 ,21,15,70,,,,,1,2012/9/19
广运潭 ,22,15,73,,,,,1,2012/9/18
广运潭 ,22,15,76,,,,,1,2012/9/17
广运潭 ,20,15,54,,,,,1,2012/9/16
广运潭 ,24,16,63,,,,,1,2012/9/15
广运潭 ,22,15,52,,,,,1,2012/9/14
广运潭 ,19,12,48,,,,,0,2012/9/13
广运潭 ,17,14,44,,,,,0,2012/9/12
广运潭 ,15,12,57,,,,,1,2012/9/11
广运潭 ,19,12,60,,,,,1,2012/9/10
广运潭 ,17,12,55,,,,,1,2012/9/9
广运潭 ,17,12,61,,,,,1,2012/9/8
广运潭 ,17,12,67,,,,,1,2012/9/7
广运潭 ,17,12,76,,,,,1,2012/9/6
广运潭 ,16,12,62,,,,,1,2012/9/5
广运潭 ,15,12,42,,,,,0,2012/9/4
广运潭 ,15,12,42,,,,,0,2012/9/4
广运潭 ,28,19,38,,,,,0,2012/9/3
广运潭 ,19,12,35,,,,,0,2012/9/2
广运潭 ,19,12,32,,,,,0,2012/9/1
广运潭 ,21,15,66,,,,,1,2012/8/31
广运潭 ,18,18,62,,,,,1,2012/8/30
广运潭 ,26,22,59,,,,,1,2012/8/29
广运潭 ,19,15,73,,,,,1,2012/8/28
广运潭 ,17,19,83,,,,,1,2012/8/27
广运潭 ,18,15,82,,,,,1,2012/8/26
广运潭 ,18,12,63,,,,,1,2012/8/25
广运潭 ,18,14,54,,,,,1,2012/8/24
广运潭 ,18,14,54,,,,,1,2012/8/23
广运潭 ,18,19,56,,,,,1,2012/8/22
广运潭 ,19,14,47,,,,,0,2012/8/21
广运潭 ,17,14,39,,,,,0,2012/8/20
广运潭 ,27,14,42,,,,,0,2012/8/19
广运潭 ,30,13,61,,,,,1,2012/8/18
广运潭 ,26,14,66,,,,,1,2012/8/17
广运潭 ,30,27,83,,,,,1,2012/8/16
广运潭 ,34,25,65,,,,,1,2012/8/15
广运潭 ,31,22,54,,,,,1,2012/8/14
广运潭 ,22,19,72,,,,,1,2012/8/13
广运潭 ,19,17,78,,,,,1,2012/8/12
广运潭 ,18,14,74,,,,,1,2012/8/11
广运潭 ,19,17,74,,,,,1,2012/8/10
广运潭 ,17,18,70,,,,,1,2012/8/9
广运潭 ,16,17,68,,,,,1,2012/8/8
广运潭 ,19,20,60,,,,,1,2012/8/7
广运潭 ,13,15,58,,,,,1,2012/8/6
广运潭 ,13,14,65,,,,,1,2012/8/5
广运潭 ,12,12,76,,,,,1,2012/8/4
广运潭 ,13,15,63,,,,,1,2012/8/3
广运潭 ,17,24,47,,,,,0,2012/8/2
广运潭 ,18,18,53,,,,,1,2012/8/1
广运潭 ,15,10,46,,,,,0,2012/7/31
广运潭 ,11,14,54,,,,,1,2012/7/30
广运潭 ,20,17,60,,,,,1,2012/7/29
广运潭 ,24,18,41,,,,,0,2012/7/28
广运潭 ,28,17,37,,,,,0,2012/7/27
广运潭 ,25,15,81,,,,,1,2012/7/26
广运潭 ,23,14,73,,,,,1,2012/7/25
广运潭 ,20,19,54,,,,,1,2012/7/24
广运潭 ,17,18,56,,,,,1,2012/7/23
广运潭 ,15,14,57,,,,,1,2012/7/22
广运潭 ,17,12,68,,,,,1,2012/7/21
广运潭 ,18,14,90,,,,,1,2012/7/20
广运潭 ,19,15,88,,,,,1,2012/7/19
广运潭 ,23,17,74,,,,,1,2012/7/18
广运潭 ,16,14,74,,,,,1,2012/7/17
广运潭 ,27,10,65,,,,,1,2012/7/16
广运潭 ,27,10,65,,,,,1,2012/7/16
广运潭 ,13,14,62,,,,,1,2012/7/15
广运潭 ,12,10,56,,,,,1,2012/7/14
广运潭 ,23,20,59,,,,,1,2012/7/13
广运潭 ,34,15,56,,,,,1,2012/7/12
广运潭 ,21,19,59,,,,,1,2012/7/11
广运潭 ,26,17,42,,,,,0,2012/7/10
广运潭 ,23,13,54,,,,,1,2012/7/9
广运潭 ,23,12,56,,,,,1,2012/7/8
广运潭 ,26,12,46,,,,,0,2012/7/7
广运潭 ,24,12,52,,,,,1,2012/7/6
广运潭 ,16,22,47,,,,,0,2012/7/5
广运潭 ,21,17,34,,,,,0,2012/7/4
广运潭 ,16,16,42,,,,,0,2012/7/3
广运潭 ,21,17,61,,,,,1,2012/7/2
广运潭 ,30,20,37,,,,,0,2012/7/1
广运潭 ,17,18,47,,,,,0,2012/6/30
广运潭 ,16,14,59,,,,,1,2012/6/29
广运潭 ,15,11,57,,,,,1,2012/6/28
广运潭 ,31,17,59,,,,,1,2012/6/27
广运潭 ,16,12,51,,,,,1,2012/6/26
广运潭 ,29,10,59,,,,,1,2012/6/25
广运潭 ,31,15,62,,,,,1,2012/6/24
广运潭 ,38,14,57,,,,,1,2012/6/23
广运潭 ,33,13,56,,,,,1,2012/6/22
广运潭 ,33,22,58,,,,,1,2012/6/21
广运潭 ,31,21,65,,,,,1,2012/6/20
广运潭 ,32,18,67,,,,,1,2012/6/19
广运潭 ,34,19,66,,,,,1,2012/6/18
广运潭 ,27,28,70,,,,,1,2012/6/17
广运潭 ,26,20,70,,,,,1,2012/6/16
广运潭 ,22,19,65,,,,,1,2012/6/15
广运潭 ,28,18,51,,,,,1,2012/6/14
广运潭 ,22,28,66,,,,,1,2012/6/13
广运潭 ,29,17,68,,,,,1,2012/6/12
广运潭 ,29,22,71,,,,,1,2012/6/11
广运潭 ,30,25,52,,,,,1,2012/6/10
广运潭 ,36,22,54,,,,,1,2012/6/9
广运潭 ,29,24,53,,,,,1,2012/6/8
广运潭 ,23,24,64,,,,,1,2012/6/7
广运潭 ,34,19,70,,,,,1,2012/6/6
广运潭 ,26,18,78,,,,,1,2012/6/5
广运潭 ,30,22,73,,,,,1,2012/6/4
广运潭 ,34,22,56,,,,,1,2012/6/3
广运潭 ,36,22,61,,,,,1,2012/6/2
广运潭 ,33,22,65,,,,,1,2012/6/1
广运潭 ,33,15,55,,,,,1,2012/5/31
广运潭 ,21,18,41,,,,,0,2012/5/30
广运潭 ,20,16,59,,,,,1,2012/5/29
广运潭 ,30,22,58,,,,,1,2012/5/28
广运潭 ,31,24,62,,,,,1,2012/5/27
广运潭 ,23,20,63,,,,,1,2012/5/26
广运潭 ,13,19,68,,,,,1,2012/5/25
广运潭 ,15,20,82,,,,,1,2012/5/24
广运潭 ,13,22,79,,,,,1,2012/5/23
广运潭 ,18,17,54,,,,,1,2012/5/22
广运潭 ,13,11,58,,,,,1,2012/5/21
广运潭 ,22,26,73,,,,,1,2012/5/20
广运潭 ,28,34,80,,,,,1,2012/5/19
广运潭 ,28,35,72,,,,,1,2012/5/18
广运潭 ,19,31,66,,,,,1,2012/5/17
广运潭 ,19,39,68,,,,,1,2012/5/16
广运潭 ,19,34,56,,,,,1,2012/5/15
广运潭 ,28,27,63,,,,,1,2012/5/14
广运潭 ,19,18,71,,,,,1,2012/5/13
广运潭 ,17,15,66,,,,,1,2012/5/12
广运潭 ,17,16,54,,,,,1,2012/5/11
广运潭 ,21,24,76,,,,,1,2012/5/10
广运潭 ,26,29,76,,,,,1,2012/5/9
广运潭 ,29,22,76,,,,,1,2012/5/8
广运潭 ,26,20,75,,,,,1,2012/5/7
广运潭 ,28,35,76,,,,,1,2012/5/6
广运潭 ,21,36,71,,,,,1,2012/5/5
广运潭 ,22,26,72,,,,,1,2012/5/4
广运潭 ,22,30,67,,,,,1,2012/5/3
广运潭 ,22,30,56,,,,,1,2012/5/2
广运潭 ,23,24,81,,,,,1,2012/5/1
广运潭 ,23,17,76,,,,,1,2012/4/30
广运潭 ,22,29,89,,,,,1,2012/4/29
广运潭 ,24,39,90,,,,,1,2012/4/28
广运潭 ,23,30,82,,,,,1,2012/4/27
广运潭 ,27,32,93,,,,,1,2012/4/26
广运潭 ,25,24,82,,,,,1,2012/4/25
广运潭 ,22,22,70,,,,,1,2012/4/24
广运潭 ,22,30,93,,,,,1,2012/4/23
广运潭 ,22,26,77,,,,,1,2012/4/22
广运潭 ,23,29,79,,,,,1,2012/4/21
广运潭 ,24,29,67,,,,,1,2012/4/20
广运潭 ,23,30,59,,,,,1,2012/4/19
广运潭 ,25,35,71,,,,,1,2012/4/18
广运潭 ,27,27,67,,,,,1,2012/4/17
广运潭 ,25,30,59,,,,,1,2012/4/16
广运潭 ,26,28,67,,,,,1,2012/4/15
广运潭 ,25,34,56,,,,,1,2012/4/14
广运潭 ,29,24,47,,,,,0,2012/4/13
广运潭 ,39,23,54,,,,,1,2012/4/12
广运潭 ,24,24,66,,,,,1,2012/4/11
广运潭 ,30,30,56,,,,,1,2012/4/10
广运潭 ,30,27,61,,,,,1,2012/4/9
广运潭 ,28,22,77,,,,,1,2012/4/8
广运潭 ,21,20,74,,,,,1,2012/4/7
广运潭 ,22,24,77,,,,,1,2012/4/6
广运潭 ,22,22,67,,,,,1,2012/4/5
广运潭 ,22,22,67,,,,,1,2012/4/4
广运潭 ,20,23,82,,,,,1,2012/4/3
广运潭 ,23,25,61,,,,,1,2012/4/2
广运潭 ,29,25,66,,,,,1,2012/4/1
广运潭 ,21,24,47,,,,,0,2012/3/31
广运潭 ,45,39,72,,,,,1,2012/3/30
广运潭 ,24,32,85,,,,,1,2012/3/29
广运潭 ,39,40,78,,,,,1,2012/3/28
广运潭 ,32,39,98,,,,,1,2012/3/27
广运潭 ,48,31,87,,,,,1,2012/3/26
广运潭 ,52,39,77,,,,,1,2012/3/25
广运潭 ,49,29,74,,,,,1,2012/3/24
广运潭 ,33,24,66,,,,,1,2012/3/23
广运潭 ,32,31,59,,,,,1,2012/3/22
广运潭 ,39,24,72,,,,,1,2012/3/21
广运潭 ,45,27,88,,,,,1,2012/3/19
广运潭 ,58,43,120,,,,,2,2012/3/18
广运潭 ,43,37,98,,,,,1,2012/3/17
广运潭 ,49,35,66,,,,,1,2012/3/16
广运潭 ,43,42,78,,,,,1,2012/3/15
广运潭 ,54,42,92,,,,,1,2012/3/14
广运潭 ,60,49,116,,,,,2,2012/3/13
广运潭 ,50,44,78,,,,,1,2012/3/12
广运潭 ,43,43,74,,,,,1,2012/3/11
广运潭 ,40,45,77,,,,,1,2012/3/10
广运潭 ,36,40,79,,,,,1,2012/3/9
广运潭 ,40,40,68,,,,,1,2012/3/8
广运潭 ,48,36,74,,,,,1,2012/3/7
广运潭 ,34,26,59,,,,,1,2012/3/6
广运潭 ,41,30,79,,,,,1,2012/3/5
广运潭 ,29,34,68,,,,,1,2012/3/4
广运潭 ,25,37,68,,,,,1,2012/3/3
广运潭 ,38,33,93,,,,,1,2012/3/2
广运潭 ,49,34,114,,,,,2,2012/3/1
广运潭 ,55,32,131,,,,,2,2012/2/29
广运潭 ,42,37,111,,,,,2,2012/2/28
广运潭 ,45,35,89,,,,,1,2012/2/27
广运潭 ,51,42,62,,,,,1,2012/2/26
广运潭 ,57,41,85,,,,,1,2012/2/25
广运潭 ,49,42,106,,,,,2,2012/2/24
广运潭 ,74,68,128,,,,,2,2012/2/23
广运潭 ,61,77,111,,,,,2,2012/2/22
广运潭 ,63,41,102,,,,,2,2012/2/21
广运潭 ,49,32,77,,,,,1,2012/2/20
广运潭 ,41,40,60,,,,,1,2012/2/19
广运潭 ,34,23,54,,,,,1,2012/2/18
广运潭 ,40,28,56,,,,,1,2012/2/17
广运潭 ,52,28,96,,,,,1,2012/2/16
广运潭 ,56,40,111,,,,,2,2012/2/15
广运潭 ,56,38,105,,,,,2,2012/2/14
广运潭 ,43,36,83,,,,,1,2012/2/13
广运潭 ,54,32,83,,,,,1,2012/2/12
广运潭 ,44,39,66,,,,,1,2012/2/11
广运潭 ,40,35,50,,,,,0,2012/2/10
广运潭 ,26,22,40,,,,,0,2012/2/9
广运潭 ,43,34,57,,,,,1,2012/2/8
广运潭 ,28,17,64,,,,,1,2012/2/7
广运潭 ,64,50,123,,,,,2,2012/2/6
广运潭 ,56,44,82,,,,,1,2012/2/5
广运潭 ,49,43,67,,,,,1,2012/2/4
广运潭 ,32,26,54,,,,,1,2012/2/3
广运潭 ,29,28,53,,,,,1,2012/2/2
广运潭 ,67,64,141,,,,,2,2012/2/1
广运潭 ,66,64,122,,,,,2,2012/1/31
广运潭 ,68,62,115,,,,,2,2012/1/30
广运潭 ,67,39,111,,,,,2,2012/1/29
广运潭 ,77,70,98,,,,,1,2012/1/28
广运潭 ,63,19,80,,,,,1,2012/1/27
广运潭 ,51,27,74,,,,,1,2012/1/26
广运潭 ,35,19,44,,,,,0,2012/1/25
广运潭 ,30,16,69,,,,,1,2012/1/24
广运潭 ,36,18,71,,,,,1,2012/1/23
广运潭 ,40,27,52,,,,,1,2012/1/22
广运潭 ,40,17,63,,,,,1,2012/1/21
广运潭 ,55,35,87,,,,,1,2012/1/20
广运潭 ,68,75,117,,,,,2,2012/1/19
广运潭 ,59,92,173,,,,,3,2012/1/18
广运潭 ,69,45,125,,,,,2,2012/1/17
广运潭 ,95,99,127,,,,,2,2012/1/16
广运潭 ,64,100,104,,,,,2,2012/1/15
广运潭 ,83,93,115,,,,,2,2012/1/14
广运潭 ,80,40,128,,,,,2,2012/1/13
广运潭 ,66,65,108,,,,,2,2012/1/12
广运潭 ,92,59,169,,,,,3,2012/1/11
广运潭 ,78,74,152,,,,,3,2012/1/10
广运潭 ,72,60,132,,,,,2,2012/1/9
广运潭 ,63,58,128,,,,,2,2012/1/8
广运潭 ,67,59,98,,,,,1,2012/1/7
广运潭 ,52,40,92,,,,,1,2012/1/6
广运潭 ,42,29,51,,,,,1,2012/1/5
广运潭 ,37,32,52,,,,,1,2012/1/4
广运潭 ,44,30,52,,,,,1,2012/1/3
广运潭 ,70,69,103,,,,,2,2012/1/2
广运潭 ,104,77,185,,,,,3,2012/1/1
广运潭 ,73,62,143,,,,,2,2011/12/31
广运潭 ,89,79,162,,,,,3,2011/12/30
广运潭 ,94,53,130,,,,,2,2011/12/29
广运潭 ,62,48,122,,,,,2,2011/12/28
广运潭 ,61,47,118,,,,,2,2011/12/27
广运潭 ,52,35,110,,,,,2,2011/12/26
广运潭 ,49,30,103,,,,,2,2011/12/25
广运潭 ,42,37,59,,,,,1,2011/12/24
广运潭 ,49,39,75,,,,,1,2011/12/23
广运潭 ,50,33,83,,,,,1,2011/12/22
广运潭 ,57,26,93,,,,,1,2011/12/21
广运潭 ,78,32,118,,,,,2,2011/12/20
广运潭 ,60,24,120,,,,,2,2011/12/19
广运潭 ,52,22,106,,,,,2,2011/12/18
广运潭 ,52,22,75,,,,,1,2011/12/17
广运潭 ,53,50,94,,,,,1,2011/12/16
广运潭 ,42,33,107,,,,,2,2011/12/15
广运潭 ,51,22,108,,,,,2,2011/12/14
广运潭 ,46,31,104,,,,,2,2011/12/13
广运潭 ,49,37,67,,,,,1,2011/12/12
广运潭 ,54,33,101,,,,,2,2011/12/11
广运潭 ,53,32,69,,,,,1,2011/12/10
广运潭 ,60,23,74,,,,,1,2011/12/9
广运潭 ,55,27,57,,,,,1,2011/12/8
广运潭 ,59,14,65,,,,,1,2011/12/7
广运潭 ,22,42,67,,,,,1,2011/12/6
广运潭 ,48,27,80,,,,,1,2011/12/5
广运潭 ,37,40,88,,,,,1,2011/12/4
广运潭 ,53,24,104,,,,,2,2011/12/3
广运潭 ,41,23,70,,,,,1,2011/12/2
广运潭 ,48,28,54,,,,,1,2011/12/1
广运潭 ,13,15,34,,,,,0,2011/11/30
广运潭 ,37,22,99,,,,,1,2011/11/29
广运潭 ,20,18,129,,,,,2,2011/11/28
广运潭 ,26,14,104,,,,,2,2011/11/27
广运潭 ,24,16,104,,,,,2,2011/11/26
广运潭 ,20,20,96,,,,,1,2011/11/25
广运潭 ,23,16,69,,,,,1,2011/11/24
广运潭 ,24,25,70,,,,,1,2011/11/23
广运潭 ,25,17,66,,,,,1,2011/11/22
广运潭 ,25,19,74,,,,,1,2011/11/21
广运潭 ,24,26,57,,,,,1,2011/11/20
广运潭 ,21,20,59,,,,,1,2011/11/19
广运潭 ,19,18,65,,,,,1,2011/11/18
广运潭 ,21,19,60,,,,,1,2011/11/17
广运潭 ,26,18,71,,,,,1,2011/11/16
广运潭 ,27,25,85,,,,,1,2011/11/15
广运潭 ,20,17,67,,,,,1,2011/11/14
广运潭 ,19,24,71,,,,,1,2011/11/13
广运潭 ,21,15,74,,,,,1,2011/11/12
广运潭 ,26,15,68,,,,,1,2011/11/11
世园会广运潭 ,17,16,71,,,,,1,2011/11/10
世园会广运潭 ,14,22,57,,,,,1,2011/11/9
世园会广运潭 ,13,23,33,,,,,0,2011/11/8
世园会广运潭 ,20,17,37,,,,,0,2011/11/7
世园会广运潭 ,31,14,58,,,,,1,2011/11/5
世园会广运潭 ,13,34,56,,,,,1,2011/11/5
世园会广运潭 ,14,12,70,,,,,1,2011/11/4
世园会广运潭 ,14,23,83,,,,,1,2011/11/3
世园会广运潭 ,13,20,75,,,,,1,2011/11/2
世园会广运潭 ,31,19,108,,,,,2,2011/11/1
广运潭 ,21,20,105,,,,,2,2011/10/31
世园会广运潭 ,13,20,112,,,,,2,2011/10/30
广运潭 ,14,29,73,,,,,1,2011/10/29
广运潭 ,26,22,86,,,,,1,2011/10/28
广运潭 ,14,19,77,,,,,1,2011/10/27
世园会广运潭 ,14,12,51,,,,,1,2011/10/26
世园会广运潭 ,13,11,40,,,,,0,2011/10/25
世园会广运潭 ,12,20,59,,,,,1,2011/10/24
世园会广运潭 ,12,14,89,,,,,1,2011/10/23
世园会广运潭 ,13,23,89,,,,,1,2011/10/22
世园会广运潭 ,12,23,96,,,,,1,2011/10/21
世园会广运潭 ,12,23,92,,,,,1,2011/10/20
世园会广运潭 ,12,18,82,,,,,1,2011/10/19
世园会广运潭 ,11,21,80,,,,,1,2011/10/18
世园会广运潭 ,12,22,55,,,,,1,2011/10/17
世园会广运潭 ,12,15,49,,,,,0,2011/10/16
世园会广运潭 ,14,15,57,,,,,1,2011/10/15
世园会广运潭 ,11,15,41,,,,,0,2011/10/14
世园会广运潭 ,10,12,36,,,,,0,2011/10/13
世园会广运潭 ,11,13,55,,,,,1,2011/10/12
世园会广运潭 ,10,15,73,,,,,1,2011/10/11
世园会广运潭 ,10,14,72,,,,,1,2011/10/10
世园会广运潭 ,12,22,80,,,,,1,2011/10/9
世园会广运潭 ,15,23,90,,,,,1,2011/10/8
世园会广运潭 ,11,21,75,,,,,1,2011/10/7
世园会广运潭 ,13,20,54,,,,,1,2011/10/6
世园会广运潭 ,9,19,62,,,,,1,2011/10/5
世园会广运潭 ,9,19,62,,,,,1,2011/10/5
世园会广运潭 ,10,19,66,,,,,1,2011/10/4
世园会广运潭 ,14,15,65,,,,,1,2011/10/3
世园会广运潭 ,9,19,74,,,,,1,2011/10/2
世园会广运潭 ,14,10,69,,,,,1,2011/10/1
世园会广运潭 ,17,17,60,,,,,1,2011/9/30
世园会广运潭 ,8,14,30,,,,,0,2011/9/29
世园会广运潭 ,10,14,60,,,,,1,2011/9/28
世园会广运潭 ,9,22,70,,,,,1,2011/9/27
世园会广运潭 ,16,17,89,,,,,1,2011/9/26
世园会广运潭 ,18,17,88,,,,,1,2011/9/25
世园会广运潭 ,23,19,77,,,,,1,2011/9/24
世园会广运潭 ,17,15,66,,,,,1,2011/9/23
世园会广运潭 ,14,17,53,,,,,1,2011/9/22
世园会广运潭 ,13,12,52,,,,,1,2011/9/21
世园会广运潭 ,9,10,37,,,,,0,2011/9/20
世园会广运潭 ,6,9,29,,,,,0,2011/9/19
世园会广运潭 ,4,10,28,,,,,0,2011/9/18
世园会广运潭 ,9,11,39,,,,,0,2011/9/17
世园会广运潭 ,9,12,64,,,,,1,2011/9/16
世园会广运潭 ,10,15,53,,,,,1,2011/9/15
世园会广运潭 ,7,13,42,,,,,0,2011/9/14
世园会广运潭 ,11,15,35,,,,,0,2011/9/13
世园会广运潭 ,11,13,30,,,,,0,2011/9/12
世园会广运潭 ,10,14,46,,,,,0,2011/9/11
世园会广运潭 ,10,13,60,,,,,1,2011/9/10
世园会广运潭 ,14,15,60,,,,,1,2011/9/9
世园会广运潭 ,11,19,44,,,,,0,2011/9/8
世园会广运潭 ,10,13,34,,,,,0,2011/9/7
世园会广运潭 ,5,10,29,,,,,0,2011/9/6
世园会广运潭 ,8,14,36,,,,,0,2011/9/5
世园会广运潭 ,17,17,61,,,,,1,2011/9/4
世园会广运潭 ,10,17,70,,,,,1,2011/9/3
世园会广运潭 ,16,22,88,,,,,1,2011/9/2
世园会广运潭 ,18,21,86,,,,,1,2011/9/1
世园会广运潭 ,17,24,85,,,,,1,2011/8/31
世园会广运潭 ,15,20,79,,,,,1,2011/8/30
世园会广运潭 ,13,19,73,,,,,1,2011/8/29
世园会广运潭 ,11,19,69,,,,,1,2011/8/28
世园会广运潭 ,9,15,60,,,,,1,2011/8/27
世园会广运潭 ,16,14,53,,,,,1,2011/8/26
世园会广运潭 ,12,18,79,,,,,1,2011/8/25
世园会广运潭 ,14,15,66,,,,,1,2011/8/24
世园会广运潭 ,13,14,64,,,,,1,2011/8/23
世园会广运潭 ,9,12,44,,,,,0,2011/8/22
世园会广运潭 ,9,10,43,,,,,0,2011/8/21
世园会广运潭 ,8,10,37,,,,,0,2011/8/20
世园会广运潭 ,11,8,37,,,,,0,2011/8/19
世园会广运潭 ,8,11,52,,,,,1,2011/8/18
世园会广运潭 ,14,15,51,,,,,1,2011/8/17
世园会广运潭 ,13,13,59,,,,,1,2011/8/16
世园会广运潭 ,13,15,84,,,,,1,2011/8/15
世园会广运潭 ,13,22,88,,,,,1,2011/8/14
世园会广运潭 ,13,14,72,,,,,1,2011/8/13
世园会广运潭 ,15,17,72,,,,,1,2011/8/12
世园会广运潭 ,15,17,71,,,,,1,2011/8/11
世园会广运潭 ,17,19,81,,,,,1,2011/8/10
世园会广运潭 ,13,19,85,,,,,1,2011/8/9
世园会广运潭 ,17,18,89,,,,,1,2011/8/8
世园会广运潭 ,17,14,75,,,,,1,2011/8/7
世园会广运潭 ,10,10,50,,,,,0,2011/8/6
世园会广运潭 ,7,10,62,,,,,1,2011/8/5
世园会广运潭 ,10,13,81,,,,,1,2011/8/4
世园会广运潭 ,9,10,60,,,,,1,2011/8/3
世园会广运潭 ,8,10,41,,,,,0,2011/8/2
世园会广运潭 ,9,8,39,,,,,0,2011/8/1
世园会广运潭 ,8,14,36,,,,,0,2011/7/31
世园会广运潭 ,9,9,34,,,,,0,2011/7/30
世园会广运潭 ,11,9,51,,,,,1,2011/7/29
世园会广运潭 ,12,14,62,,,,,1,2011/7/28
世园会广运潭 ,16,15,66,,,,,1,2011/7/27
世园会广运潭 ,19,13,63,,,,,1,2011/7/26
世园会广运潭 ,14,18,55,,,,,1,2011/7/25
世园会广运潭 ,12,13,63,,,,,1,2011/7/24
世园会广运潭 ,8,16,71,,,,,1,2011/7/23
世园会广运潭 ,7,14,55,,,,,1,2011/7/22
世园会广运潭 ,13,14,62,,,,,1,2011/7/21
世园会广运潭 ,15,17,76,,,,,1,2011/7/20
世园会广运潭 ,14,12,69,,,,,1,2011/7/19
世园会广运潭 ,17,15,59,,,,,1,2011/7/18
世园会广运潭 ,13,15,61,,,,,1,2011/7/17
世园会广运潭 ,15,15,73,,,,,1,2011/7/16
世园会广运潭 ,21,17,67,,,,,1,2011/7/15
世园会广运潭 ,20,19,58,,,,,1,2011/7/14
世园会广运潭 ,17,24,67,,,,,1,2011/7/13
世园会广运潭 ,21,21,84,,,,,1,2011/7/12
世园会广运潭 ,19,21,83,,,,,1,2011/7/11
世园会广运潭 ,27,26,87,,,,,1,2011/7/10
世园会广运潭 ,18,19,66,,,,,1,2011/7/9
世园会广运潭 ,16,14,71,,,,,1,2011/7/8
世园会广运潭 ,9,19,35,,,,,0,2011/7/7
世园会广运潭 ,10,12,30,,,,,0,2011/7/7
世园会广运潭 ,11,12,67,,,,,1,2011/7/5
世园会广运潭 ,9,9,36,,,,,0,2011/7/4
世园会广运潭 ,10,8,42,,,,,0,2011/7/3
世园会广运潭 ,10,7,34,,,,,0,2011/7/2
世园会广运潭 ,15,12,51,,,,,1,2011/7/1
世园会广运潭 ,16,14,50,,,,,0,2011/6/30
世园会广运潭 ,12,12,45,,,,,0,2011/6/29
世园会广运潭 ,16,13,51,,,,,1,2011/6/28
世园会广运潭 ,12,10,54,,,,,1,2011/6/27
世园会广运潭 ,24,14,58,,,,,1,2011/6/26
世园会广运潭 ,17,18,56,,,,,1,2011/6/25
世园会广运潭 ,10,13,44,,,,,0,2011/6/24
世园会广运潭 ,10,13,39,,,,,0,2011/6/23
世园会广运潭 ,8,17,55,,,,,1,2011/6/22
世园会广运潭 ,8,11,49,,,,,0,2011/6/21
世园会广运潭 ,10,11,67,,,,,1,2011/6/20
世园会广运潭 ,14,17,65,,,,,1,2011/6/19
世园会广运潭 ,7,19,41,,,,,0,2011/6/18
世园会广运潭 ,11,19,65,,,,,1,2011/6/17
世园会广运潭 ,12,20,67,,,,,1,2011/6/16
世园会广运潭 ,19,18,56,,,,,1,2011/6/15
世园会广运潭 ,9,12,54,,,,,1,2011/6/14
世园会广运潭 ,36,14,73,,,,,1,2011/6/13
世园会广运潭 ,26,20,67,,,,,1,2011/6/12
世园会广运潭 ,17,17,49,,,,,0,2011/6/11
世园会广运潭 ,11,9,37,,,,,0,2011/6/10
世园会广运潭 ,21,19,76,,,,,1,2011/6/9
世园会广运潭 ,21,17,62,,,,,1,2011/6/8
世园会广运潭 ,28,26,72,,,,,1,2011/6/7
世园会广运潭 ,34,27,71,,,,,1,2011/6/7
世园会广运潭 ,25,29,87,,,,,1,2011/6/6
世园会广运潭 ,12,19,69,,,,,1,2011/6/5
世园会广运潭 ,13,19,73,,,,,1,2011/6/4
世园会广运潭 ,21,27,66,,,,,1,2011/6/3
世园会广运潭 ,15,12,72,,,,,1,2011/6/2
世园会广运潭 ,13,11,59,,,,,1,2011/6/1
世园会广运潭 ,10,12,51,,,,,1,2011/5/31
世园会广运潭 ,6,22,66,,,,,1,2011/5/30
世园会广运潭 ,9,15,63,,,,,1,2011/5/29
世园会广运潭 ,13,14,63,,,,,1,2011/5/28
世园会广运潭 ,11,17,70,,,,,1,2011/5/27
世园会广运潭 ,14,17,55,,,,,1,2011/5/26
世园会广运潭 ,14,14,61,,,,,1,2011/5/25
世园会广运潭 ,12,11,49,,,,,0,2011/5/24
世园会广运潭 ,11,9,27,,,,,0,2011/5/23
世园会广运潭 ,7,13,28,,,,,0,2011/5/22
世园会广运潭 ,4,9,27,,,,,0,2011/5/21
世园会广运潭 ,32,19,85,,,,,1,2011/5/20
世园会广运潭 ,29,27,96,,,,,1,2011/5/19
世园会广运潭 ,25,25,89,,,,,1,2011/5/18
世园会广运潭 ,24,31,66,,,,,1,2011/5/17
世园会广运潭 ,28,24,57,,,,,1,2011/5/16
世园会广运潭 ,17,22,56,,,,,1,2011/5/15
世园会广运潭 ,20,18,41,,,,,0,2011/5/14
世园会广运潭 ,17,19,53,,,,,1,2011/5/13
世园会广运潭 ,18,19,63,,,,,1,2011/5/12
世园会广运潭 ,8,21,44,,,,,0,2011/5/11
世园会广运潭 ,10,14,58,,,,,1,2011/5/10
世园会广运潭 ,20,17,82,,,,,1,2011/5/9
世园会广运潭 ,16,15,86,,,,,1,2011/5/8
世园会广运潭 ,25,17,84,,,,,1,2011/5/7
世园会广运潭 ,21,17,89,,,,,1,2011/5/6
世园会广运潭 ,12,17,72,,,,,1,2011/5/5
世园会广运潭 ,18,19,74,,,,,1,2011/5/4
世园会广运潭 ,17,18,47,,,,,0,2011/5/3
世园会广运潭 ,9,15,42,,,,,0,2011/5/2
世园会广运潭 ,22,26,82,,,,,1,2011/5/1
世园会广运潭 ,55,29,164,,,,,3,2011/4/30
世园会广运潭 ,44,44,93,,,,,1,2011/4/29
世园会广运潭 ,28,39,69,,,,,1,2011/4/28
世园会广运潭 ,37,12,91,,,,,1,2011/4/27
世园会广运潭 ,36,39,98,,,,,1,2011/4/26
草滩 ,64,37,82,,,,,1,2012/12/31
草滩 ,50,24,71,,,,,1,2012/12/30
草滩 ,53,31,86,,,,,1,2012/12/29
草滩 ,69,42,170,,,,,3,2012/12/28
草滩 ,73,25,178,,,,,3,2012/12/2
草滩 ,82,29,185,,,,,3,2012/12/1
草滩 ,59,21,90,,,,,1,2012/11/30
草滩 ,36,11,89,,,,,1,2012/11/29
草滩 ,22,27,79,,,,,1,2012/11/28
草滩 ,34,22,80,,,,,1,2012/11/27
草滩 ,32,12,80,,,,,1,2012/11/26
草滩 ,28,18,79,,,,,1,2012/11/25
草滩 ,32,18,73,,,,,1,2012/11/25
草滩 ,34,14,67,,,,,1,2012/11/23
草滩 ,32,25,164,,,,,3,2012/11/22
草滩 ,27,23,139,,,,,2,2012/11/21
草滩 ,54,30,118,,,,,2,2012/11/20
草滩 ,36,26,92,,,,,1,2012/11/19
草滩 ,37,30,96,,,,,1,2012/11/18
草滩 ,32,24,90,,,,,1,2012/11/17
草滩 ,31,17,61,,,,,1,2012/11/16
草滩 ,47,29,124,,,,,2,2012/11/15
草滩 ,23,25,90,,,,,1,2012/11/14
草滩 ,34,30,82,,,,,1,2012/11/13
草滩 ,21,22,73,,,,,1,2012/11/12
草滩 ,19,18,83,,,,,1,2012/11/11
草滩 ,21,17,89,,,,,1,2012/11/10
草滩 ,20,25,83,,,,,1,2012/11/9
草滩 ,19,14,80,,,,,1,2012/11/8
草滩 ,27,25,94,,,,,1,2012/11/7
草滩 ,21,20,96,,,,,1,2012/11/6
草滩 ,20,22,84,,,,,1,2012/11/5
草滩 ,25,13,63,,,,,1,2012/11/4
草滩 ,20,18,94,,,,,1,2012/11/3
草滩 ,36,24,193,,,,,3,2012/11/2
草滩 ,22,25,86,,,,,1,2012/11/1
草滩 ,24,25,85,,,,,1,2012/10/31
草滩 ,26,15,99,,,,,1,2012/10/30
草滩 ,27,30,90,,,,,1,2012/10/29
草滩 ,23,30,99,,,,,1,2012/10/28
草滩 ,26,25,96,,,,,1,2012/10/27
草滩 ,29,27,113,,,,,2,2012/10/26
草滩 ,18,24,87,,,,,1,2012/10/25
草滩 ,21,23,86,,,,,1,2012/10/24
草滩 ,20,24,87,,,,,1,2012/10/23
草滩 ,17,22,53,,,,,1,2012/10/22
草滩 ,27,27,112,,,,,2,2012/10/21
草滩 ,26,25,106,,,,,2,2012/10/20
草滩 ,28,20,104,,,,,2,2012/10/19
草滩 ,25,22,92,,,,,1,2012/10/18
草滩 ,22,19,70,,,,,1,2012/10/17
草滩 ,21,20,90,,,,,1,2012/10/16
草滩 ,20,29,141,,,,,2,2012/10/15
草滩 ,19,30,95,,,,,1,2012/10/14
草滩 ,17,30,93,,,,,1,2012/10/13
草滩 ,16,35,129,,,,,2,2012/10/12
草滩 ,19,27,152,,,,,3,2012/10/11
草滩 ,15,28,89,,,,,1,2012/10/10
草滩 ,17,24,99,,,,,1,2012/10/9
草滩 ,18,30,143,,,,,2,2012/10/8
草滩 ,21,32,131,,,,,2,2012/10/7
草滩 ,16,22,87,,,,,1,2012/10/6
草滩 ,20,20,80,,,,,1,2012/10/5
草滩 ,18,22,79,,,,,1,2012/10/4
草滩 ,17,14,107,,,,,2,2012/10/3
草滩 ,22,26,108,,,,,2,2012/10/2
草滩 ,23,25,84,,,,,1,2012/10/1
草滩 ,16,18,76,,,,,1,2012/9/30
草滩 ,14,21,78,,,,,1,2012/9/29
草滩 ,15,25,68,,,,,1,2012/9/28
草滩 ,17,23,71,,,,,1,2012/9/27
草滩 ,16,19,34,,,,,0,2012/9/26
草滩 ,18,18,84,,,,,1,2012/9/25
草滩 ,20,25,104,,,,,2,2012/9/24
草滩 ,21,16,88,,,,,1,2012/9/23
草滩 ,17,21,83,,,,,1,2012/9/22
草滩 ,17,24,84,,,,,1,2012/9/21
草滩 ,21,20,66,,,,,1,2012/9/20
草滩 ,21,16,71,,,,,1,2012/9/19
草滩 ,22,13,82,,,,,1,2012/9/18
草滩 ,16,13,73,,,,,1,2012/9/17
草滩 ,18,13,53,,,,,1,2012/9/16
草滩 ,21,17,66,,,,,1,2012/9/15
草滩 ,18,15,59,,,,,1,2012/9/14
草滩 ,20,14,52,,,,,1,2012/9/13
草滩 ,19,14,52,,,,,1,2012/9/12
草滩 ,17,13,61,,,,,1,2012/9/11
草滩 ,23,15,65,,,,,1,2012/9/10
草滩 ,21,16,60,,,,,1,2012/9/9
草滩 ,21,17,71,,,,,1,2012/9/8
草滩 ,24,17,67,,,,,1,2012/9/7
草滩 ,21,22,81,,,,,1,2012/9/6
草滩 ,21,13,67,,,,,1,2012/9/5
草滩 ,16,17,53,,,,,1,2012/9/4
草滩 ,16,17,53,,,,,1,2012/9/4
草滩 ,16,21,53,,,,,1,2012/9/3
草滩 ,17,14,35,,,,,0,2012/9/2
草滩 ,20,11,36,,,,,0,2012/9/1
草滩 ,20,21,76,,,,,1,2012/8/31
草滩 ,17,19,72,,,,,1,2012/8/30
草滩 ,20,24,65,,,,,1,2012/8/29
草滩 ,18,16,76,,,,,1,2012/8/28
草滩 ,19,17,84,,,,,1,2012/8/28
草滩 ,19,12,70,,,,,1,2012/8/26
草滩 ,19,13,73,,,,,1,2012/8/25
草滩 ,19,13,61,,,,,1,2012/8/24
草滩 ,12,13,62,,,,,1,2012/8/23
草滩 ,16,18,54,,,,,1,2012/8/22
草滩 ,20,18,49,,,,,0,2012/8/21
草滩 ,18,17,42,,,,,0,2012/8/20
草滩 ,21,15,49,,,,,0,2012/8/19
草滩 ,26,17,58,,,,,1,2012/8/18
草滩 ,21,15,65,,,,,1,2012/8/17
草滩 ,28,22,82,,,,,1,2012/8/16
草滩 ,30,17,61,,,,,1,2012/8/15
草滩 ,28,15,54,,,,,1,2012/8/14
草滩 ,24,15,66,,,,,1,2012/8/13
草滩 ,20,16,79,,,,,1,2012/8/12
草滩 ,18,13,73,,,,,1,2012/8/11
草滩 ,14,15,71,,,,,1,2012/8/10
草滩 ,13,14,65,,,,,1,2012/8/9
草滩 ,15,14,67,,,,,1,2012/8/8
草滩 ,19,18,57,,,,,1,2012/8/7
草滩 ,17,17,64,,,,,1,2012/8/6
草滩 ,16,10,65,,,,,1,2012/8/5
草滩 ,17,11,70,,,,,1,2012/8/4
草滩 ,12,14,70,,,,,1,2012/8/3
草滩 ,21,29,59,,,,,1,2012/8/2
草滩 ,19,21,50,,,,,0,2012/8/1
草滩 ,15,17,42,,,,,0,2012/7/31
草滩 ,22,14,55,,,,,1,2012/7/30
草滩 ,21,18,64,,,,,1,2012/7/29
草滩 ,26,15,52,,,,,1,2012/7/28
草滩 ,24,18,41,,,,,0,2012/7/27
草滩 ,25,19,74,,,,,1,2012/7/26
草滩 ,24,15,66,,,,,1,2012/7/25
草滩 ,21,19,61,,,,,1,2012/7/24
草滩 ,17,17,51,,,,,1,2012/7/23
草滩 ,16,14,50,,,,,0,2012/7/22
草滩 ,17,13,65,,,,,1,2012/7/21
草滩 ,20,11,81,,,,,1,2012/7/20
草滩 ,20,12,78,,,,,1,2012/7/19
草滩 ,19,13,73,,,,,1,2012/7/18
草滩 ,17,12,73,,,,,1,2012/7/17
草滩 ,21,13,72,,,,,1,2012/7/16
草滩 ,21,13,72,,,,,1,2012/7/16
草滩 ,11,12,63,,,,,1,2012/7/15
草滩 ,11,12,60,,,,,1,2012/7/14
草滩 ,26,35,61,,,,,1,2012/7/13
草滩 ,22,14,63,,,,,1,2012/7/12
草滩 ,22,14,66,,,,,1,2012/7/11
草滩 ,14,25,56,,,,,1,2012/7/10
草滩 ,13,12,47,,,,,0,2012/7/9
草滩 ,19,15,63,,,,,1,2012/7/8
草滩 ,20,14,55,,,,,1,2012/7/7
草滩 ,27,16,60,,,,,1,2012/7/6
草滩 ,16,19,54,,,,,1,2012/7/5
草滩 ,21,13,54,,,,,1,2012/7/4
草滩 ,18,19,49,,,,,0,2012/7/3
草滩 ,17,24,69,,,,,1,2012/7/2
草滩 ,27,21,52,,,,,1,2012/7/1
草滩 ,11,19,52,,,,,1,2012/6/30
草滩 ,9,11,53,,,,,1,2012/6/29
草滩 ,12,10,59,,,,,1,2012/6/28
草滩 ,18,8,77,,,,,1,2012/6/27
草滩 ,12,14,53,,,,,1,2012/6/26
草滩 ,18,11,71,,,,,1,2012/6/25
草滩 ,26,14,63,,,,,1,2012/6/24
草滩 ,25,12,60,,,,,1,2012/6/23
草滩 ,25,13,68,,,,,1,2012/6/22
草滩 ,25,24,76,,,,,1,2012/6/21
草滩 ,25,19,68,,,,,1,2012/6/20
草滩 ,23,18,69,,,,,1,2012/6/19
草滩 ,30,17,66,,,,,1,2012/6/18
草滩 ,24,22,78,,,,,1,2012/6/17
草滩 ,21,22,79,,,,,1,2012/6/16
草滩 ,30,22,74,,,,,1,2012/6/15
草滩 ,30,15,69,,,,,1,2012/6/14
草滩 ,21,24,78,,,,,1,2012/6/13
草滩 ,21,20,94,,,,,1,2012/6/12
草滩 ,21,22,90,,,,,1,2012/6/11
草滩 ,39,32,65,,,,,1,2012/6/10
草滩 ,39,19,72,,,,,1,2012/6/9
草滩 ,34,20,67,,,,,1,2012/6/8
草滩 ,29,17,77,,,,,1,2012/6/7
草滩 ,29,22,88,,,,,1,2012/6/6
草滩 ,24,20,90,,,,,1,2012/6/5
草滩 ,29,21,79,,,,,1,2012/6/4
草滩 ,27,12,65,,,,,1,2012/6/3
草滩 ,24,15,69,,,,,1,2012/6/2
草滩 ,27,17,84,,,,,1,2012/6/1
草滩 ,24,15,53,,,,,1,2012/5/31
草滩 ,20,17,42,,,,,0,2012/5/30
草滩 ,22,13,51,,,,,1,2012/5/29
草滩 ,23,13,59,,,,,1,2012/5/28
草滩 ,21,11,73,,,,,1,2012/5/27
草滩 ,16,19,86,,,,,1,2012/5/26
草滩 ,14,16,88,,,,,1,2012/5/25
草滩 ,23,14,95,,,,,1,2012/5/24
草滩 ,10,20,93,,,,,1,2012/5/23
草滩 ,15,13,53,,,,,1,2012/5/22
草滩 ,14,11,80,,,,,1,2012/5/21
草滩 ,24,22,73,,,,,1,2012/5/20
草滩 ,21,31,87,,,,,1,2012/5/19
草滩 ,25,32,76,,,,,1,2012/5/18
草滩 ,21,27,67,,,,,1,2012/5/17
草滩 ,23,22,61,,,,,1,2012/5/16
草滩 ,20,22,62,,,,,1,2012/5/15
草滩 ,15,21,62,,,,,1,2012/5/14
草滩 ,15,17,86,,,,,1,2012/5/13
草滩 ,12,15,66,,,,,1,2012/5/12
草滩 ,21,12,57,,,,,1,2012/5/11
草滩 ,22,11,75,,,,,1,2012/5/10
草滩 ,24,14,85,,,,,1,2012/5/9
草滩 ,27,24,94,,,,,1,2012/5/8
草滩 ,25,24,112,,,,,2,2012/5/7
草滩 ,35,24,80,,,,,1,2012/5/6
草滩 ,40,30,80,,,,,1,2012/5/5
草滩 ,38,29,72,,,,,1,2012/5/4
草滩 ,22,30,76,,,,,1,2012/5/3
草滩 ,10,20,67,,,,,1,2012/5/2
草滩 ,16,17,91,,,,,1,2012/5/1
草滩 ,29,16,90,,,,,1,2012/4/30
草滩 ,27,22,79,,,,,1,2012/4/29
草滩 ,37,34,102,,,,,2,2012/4/28
草滩 ,30,27,107,,,,,2,2012/4/27
草滩 ,28,30,90,,,,,1,2012/4/26
草滩 ,23,26,84,,,,,1,2012/4/25
草滩 ,29,19,76,,,,,1,2012/4/24
草滩 ,38,22,94,,,,,1,2012/4/23
草滩 ,35,30,92,,,,,1,2012/4/22
草滩 ,35,32,93,,,,,1,2012/4/21
草滩 ,35,30,92,,,,,1,2012/4/20
草滩 ,40,35,70,,,,,1,2012/4/19
草滩 ,48,35,92,,,,,1,2012/4/18
草滩 ,49,25,96,,,,,1,2012/4/17
草滩 ,46,30,73,,,,,1,2012/4/16
草滩 ,31,29,68,,,,,1,2012/4/15
草滩 ,21,25,65,,,,,1,2012/4/14
草滩 ,22,19,41,,,,,0,2012/4/13
草滩 ,30,17,49,,,,,0,2012/4/12
草滩 ,27,21,67,,,,,1,2012/4/11
草滩 ,25,22,52,,,,,1,2012/4/10
草滩 ,27,17,60,,,,,1,2012/4/9
草滩 ,27,24,76,,,,,1,2012/4/8
草滩 ,25,20,83,,,,,1,2012/4/7
草滩 ,25,20,76,,,,,1,2012/4/6
草滩 ,20,22,83,,,,,1,2012/4/5
草滩 ,21,19,81,,,,,1,2012/4/4
草滩 ,18,20,74,,,,,1,2012/4/3
草滩 ,24,26,70,,,,,1,2012/4/2
草滩 ,30,27,80,,,,,1,2012/4/1
草滩 ,30,20,63,,,,,1,2012/3/31
草滩 ,47,27,70,,,,,1,2012/3/30
草滩 ,17,31,95,,,,,1,2012/3/29
草滩 ,46,37,94,,,,,1,2012/3/28
草滩 ,52,32,113,,,,,2,2012/3/27
草滩 ,53,35,88,,,,,1,2012/3/26
草滩 ,52,33,77,,,,,1,2012/3/25
草滩 ,34,23,74,,,,,1,2012/3/24
草滩 ,31,20,72,,,,,1,2012/3/23
草滩 ,36,29,66,,,,,1,2012/3/22
草滩 ,40,29,74,,,,,1,2012/3/21
草滩 ,37,25,71,,,,,1,2012/3/20
草滩 ,51,24,124,,,,,2,2012/3/19
草滩 ,64,40,126,,,,,2,2012/3/18
草滩 ,41,37,106,,,,,2,2012/3/17
草滩 ,36,30,82,,,,,1,2012/3/16
草滩 ,37,30,97,,,,,1,2012/3/15
草滩 ,43,37,99,,,,,1,2012/3/14
草滩 ,62,52,119,,,,,2,2012/3/13
草滩 ,50,28,97,,,,,1,2012/3/12
草滩 ,38,34,69,,,,,1,2012/3/11
草滩 ,33,45,74,,,,,1,2012/3/10
草滩 ,43,29,73,,,,,1,2012/3/9
草滩 ,34,32,65,,,,,1,2012/3/8
草滩 ,32,27,68,,,,,1,2012/3/7
草滩 ,37,24,60,,,,,1,2012/3/6
草滩 ,34,33,77,,,,,1,2012/3/5
草滩 ,28,24,51,,,,,1,2012/3/4
草滩 ,24,20,55,,,,,1,2012/3/3
草滩 ,24,39,85,,,,,1,2012/3/2
草滩 ,51,44,114,,,,,2,2012/3/1
草滩 ,53,50,123,,,,,2,2012/2/29
草滩 ,31,36,108,,,,,2,2012/2/28
草滩 ,36,27,77,,,,,1,2012/2/27
草滩 ,47,29,74,,,,,1,2012/2/26
草滩 ,61,25,93,,,,,1,2012/2/25
草滩 ,59,28,103,,,,,2,2012/2/24
草滩 ,75,60,118,,,,,2,2012/2/23
草滩 ,64,42,108,,,,,2,2012/2/22
草滩 ,75,34,115,,,,,2,2012/2/21
草滩 ,56,33,85,,,,,1,2012/2/20
草滩 ,42,25,53,,,,,1,2012/2/19
草滩 ,32,22,51,,,,,1,2012/2/18
草滩 ,40,24,58,,,,,1,2012/2/17
草滩 ,47,26,104,,,,,2,2012/2/16
草滩 ,55,40,112,,,,,2,2012/2/15
草滩 ,56,38,124,,,,,2,2012/2/14
草滩 ,49,25,87,,,,,1,2012/2/13
草滩 ,61,30,97,,,,,1,2012/2/12
草滩 ,61,29,77,,,,,1,2012/2/11
草滩 ,42,22,72,,,,,1,2012/2/10
草滩 ,29,16,53,,,,,1,2012/2/9
草滩 ,47,17,55,,,,,1,2012/2/8
草滩 ,46,7,64,,,,,1,2012/2/7
草滩 ,68,47,143,,,,,2,2012/2/6
草滩 ,60,44,78,,,,,1,2012/2/5
草滩 ,47,42,65,,,,,1,2012/2/4
草滩 ,28,27,51,,,,,1,2012/2/3
草滩 ,27,20,34,,,,,0,2012/2/2
草滩 ,67,48,118,,,,,2,2012/2/1
草滩 ,76,49,115,,,,,2,2012/1/31
草滩 ,74,52,107,,,,,2,2012/1/30
草滩 ,73,54,106,,,,,2,2012/1/29
草滩 ,59,41,86,,,,,1,2012/1/28
草滩 ,52,16,94,,,,,1,2012/1/27
草滩 ,50,28,78,,,,,1,2012/1/26
草滩 ,39,14,53,,,,,1,2012/1/25
草滩 ,39,19,84,,,,,1,2012/1/24
草滩 ,32,20,80,,,,,1,2012/1/23
草滩 ,34,27,51,,,,,1,2012/1/22
草滩 ,44,24,63,,,,,1,2012/1/21
草滩 ,56,32,86,,,,,1,2012/1/20
草滩 ,69,42,121,,,,,2,2012/1/19
草滩 ,64,58,143,,,,,2,2012/1/18
草滩 ,65,55,122,,,,,2,2012/1/17
草滩 ,86,59,113,,,,,2,2012/1/16
草滩 ,73,73,93,,,,,1,2012/1/15
草滩 ,73,94,104,,,,,2,2012/1/14
草滩 ,99,65,106,,,,,2,2012/1/13
草滩 ,66,58,98,,,,,1,2012/1/12
草滩 ,75,54,122,,,,,2,2012/1/11
草滩 ,76,62,110,,,,,2,2012/1/10
草滩 ,64,42,127,,,,,2,2012/1/9
草滩 ,58,39,122,,,,,2,2012/1/8
草滩 ,53,22,78,,,,,1,2012/1/7
草滩 ,51,23,94,,,,,1,2012/1/6
草滩 ,29,17,57,,,,,1,2012/1/5
草滩 ,33,21,62,,,,,1,2012/1/4
草滩 ,41,17,61,,,,,1,2012/1/3
草滩 ,61,37,146,,,,,2,2012/1/2
草滩 ,102,70,196,,,,,3,2012/1/1
草滩 ,63,75,142,,,,,2,2011/12/31
草滩 ,89,73,184,,,,,3,2011/12/30
草滩 ,101,54,132,,,,,2,2011/12/29
草滩 ,56,43,113,,,,,2,2011/12/28
草滩 ,56,40,103,,,,,2,2011/12/27
草滩 ,35,33,111,,,,,2,2011/12/26
草滩 ,64,40,109,,,,,2,2011/12/25
草滩 ,51,20,64,,,,,1,2011/12/24
草滩 ,54,32,75,,,,,1,2011/12/23
草滩 ,52,29,83,,,,,1,2011/12/22
草滩 ,64,35,91,,,,,1,2011/12/21
草滩 ,77,45,125,,,,,2,2011/12/20
草滩 ,52,50,123,,,,,2,2011/12/19
草滩 ,55,29,101,,,,,2,2011/12/18
草滩 ,41,28,86,,,,,1,2011/12/17
草滩 ,51,25,93,,,,,1,2011/12/16
草滩 ,54,49,107,,,,,2,2011/12/15
草滩 ,69,25,117,,,,,2,2011/12/14
草滩 ,53,19,116,,,,,2,2011/12/13
草滩 ,54,15,96,,,,,1,2011/12/12
草滩 ,53,29,100,,,,,1,2011/12/11
草滩 ,72,25,60,,,,,1,2011/12/10
草滩 ,58,19,82,,,,,1,2011/12/9
草滩 ,55,19,61,,,,,1,2011/12/8
草滩 ,61,14,66,,,,,1,2011/12/7
草滩 ,55,19,58,,,,,1,2011/12/6
草滩 ,64,22,72,,,,,1,2011/12/5
草滩 ,60,15,95,,,,,1,2011/12/4
草滩 ,52,25,97,,,,,1,2011/12/3
草滩 ,51,16,73,,,,,1,2011/12/2
草滩 ,41,19,55,,,,,1,2011/12/1
草滩 ,26,19,23,,,,,0,2011/11/30
草滩 ,45,30,82,,,,,1,2011/11/29
草滩 ,27,31,111,,,,,2,2011/11/28
草滩 ,21,22,118,,,,,2,2011/11/27
草滩 ,27,24,92,,,,,1,2011/11/26
草滩 ,24,24,108,,,,,2,2011/11/25
草滩 ,27,30,81,,,,,1,2011/11/24
草滩 ,32,30,64,,,,,1,2011/11/23
草滩 ,17,20,65,,,,,1,2011/11/22
草滩 ,35,29,81,,,,,1,2011/11/21
草滩 ,31,22,52,,,,,1,2011/11/20
草滩 ,14,23,49,,,,,1,2011/11/19
草滩 ,23,20,58,,,,,1,2011/11/18
草滩 ,32,19,63,,,,,1,2011/11/17
草滩 ,21,20,71,,,,,1,2011/11/16
草滩 ,27,24,78,,,,,1,2011/11/15
草滩 ,22,20,74,,,,,1,2011/11/14
草滩 ,17,19,82,,,,,1,2011/11/13
草滩 ,24,14,89,,,,,1,2011/11/12
草滩 ,21,19,73,,,,,1,2011/11/11
草滩 ,15,19,56,,,,,1,2011/11/10
草滩 ,17,17,56,,,,,1,2011/11/9
草滩 ,13,15,36,,,,,0,2011/11/8
草滩 ,15,15,45,,,,,0,2011/11/7
草滩 ,12,10,68,,,,,1,2011/11/5
草滩 ,10,12,55,,,,,1,2011/11/5
草滩 ,16,17,65,,,,,1,2011/11/4
草滩 ,19,14,85,,,,,1,2011/11/3
草滩 ,17,22,95,,,,,1,2011/11/2
草滩 ,18,23,95,,,,,1,2011/11/1
草滩 ,20,25,93,,,,,1,2011/10/31
草滩 ,25,24,91,,,,,1,2011/10/30
草滩 ,22,21,77,,,,,1,2011/10/29
草滩 ,28,26,101,,,,,2,2011/10/28
草滩 ,20,23,74,,,,,1,2011/10/27
草滩 ,16,23,57,,,,,1,2011/10/26
草滩 ,14,13,43,,,,,0,2011/10/25
草滩 ,13,24,56,,,,,1,2011/10/24
草滩 ,11,22,67,,,,,1,2011/10/23
草滩 ,16,17,96,,,,,1,2011/10/22
草滩 ,18,36,95,,,,,1,2011/10/21
草滩 ,13,28,91,,,,,1,2011/10/20
草滩 ,18,22,86,,,,,1,2011/10/19
草滩 ,22,27,90,,,,,1,2011/10/18
草滩 ,18,19,71,,,,,1,2011/10/17
草滩 ,18,14,64,,,,,1,2011/10/16
草滩 ,19,17,67,,,,,1,2011/10/15
草滩 ,14,15,62,,,,,1,2011/10/14
草滩 ,13,20,43,,,,,0,2011/10/13
草滩 ,10,17,63,,,,,1,2011/10/12
草滩 ,13,20,84,,,,,1,2011/10/11
草滩 ,14,20,87,,,,,1,2011/10/10
草滩 ,13,26,91,,,,,1,2011/10/9
草滩 ,11,32,95,,,,,1,2011/10/8
草滩 ,17,34,85,,,,,1,2011/10/7
草滩 ,17,32,79,,,,,1,2011/10/6
草滩 ,11,20,84,,,,,1,2011/10/5
草滩 ,11,20,84,,,,,1,2011/10/5
草滩 ,13,28,81,,,,,1,2011/10/4
草滩 ,12,24,76,,,,,1,2011/10/3
草滩 ,11,27,93,,,,,1,2011/10/2
草滩 ,13,22,90,,,,,1,2011/10/1
草滩 ,15,27,65,,,,,1,2011/9/30
草滩 ,13,30,56,,,,,1,2011/9/29
草滩 ,17,24,67,,,,,1,2011/9/28
草滩 ,10,23,97,,,,,1,2011/9/27
草滩 ,18,20,99,,,,,1,2011/9/26
草滩 ,11,14,94,,,,,1,2011/9/25
草滩 ,14,19,95,,,,,1,2011/9/24
草滩 ,15,13,81,,,,,1,2011/9/23
草滩 ,17,17,73,,,,,1,2011/9/22
草滩 ,14,20,62,,,,,1,2011/9/21
草滩 ,12,15,49,,,,,0,2011/9/20
草滩 ,8,13,33,,,,,0,2011/9/19
草滩 ,8,13,29,,,,,0,2011/9/18
草滩 ,11,18,52,,,,,1,2011/9/17
草滩 ,14,21,73,,,,,1,2011/9/16
草滩 ,13,14,60,,,,,1,2011/9/15
草滩 ,15,15,47,,,,,0,2011/9/14
草滩 ,10,14,46,,,,,0,2011/9/13
草滩 ,6,8,47,,,,,0,2011/9/12
草滩 ,11,13,54,,,,,1,2011/9/11
草滩 ,7,7,57,,,,,1,2011/9/10
草滩 ,14,19,69,,,,,1,2011/9/9
草滩 ,13,17,56,,,,,1,2011/9/8
草滩 ,11,11,39,,,,,0,2011/9/7
草滩 ,7,8,24,,,,,0,2011/9/6
草滩 ,12,15,47,,,,,0,2011/9/5
草滩 ,15,14,76,,,,,1,2011/9/4
草滩 ,14,14,81,,,,,1,2011/9/3
草滩 ,10,15,97,,,,,1,2011/9/2
草滩 ,20,17,103,,,,,2,2011/9/1
草滩 ,26,19,112,,,,,2,2011/8/31
草滩 ,20,19,98,,,,,1,2011/8/30
草滩 ,13,19,100,,,,,1,2011/8/29
草滩 ,12,19,97,,,,,1,2011/8/28
草滩 ,10,13,70,,,,,1,2011/8/27
草滩 ,24,23,55,,,,,1,2011/8/26
草滩 ,25,21,86,,,,,1,2011/8/25
草滩 ,23,13,77,,,,,1,2011/8/24
草滩 ,19,15,68,,,,,1,2011/8/23
草滩 ,19,14,47,,,,,0,2011/8/22
草滩 ,11,14,32,,,,,0,2011/8/21
草滩 ,18,14,26,,,,,0,2011/8/20
草滩 ,10,14,42,,,,,0,2011/8/19
草滩 ,20,15,58,,,,,1,2011/8/18
草滩 ,21,22,65,,,,,1,2011/8/17
草滩 ,21,14,69,,,,,1,2011/8/16
草滩 ,24,24,93,,,,,1,2011/8/15
草滩 ,21,20,117,,,,,2,2011/8/14
草滩 ,21,19,96,,,,,1,2011/8/13
草滩 ,20,19,95,,,,,1,2011/8/12
草滩 ,22,18,95,,,,,1,2011/8/11
草滩 ,25,25,96,,,,,1,2011/8/10
草滩 ,14,30,109,,,,,2,2011/8/9
草滩 ,18,27,98,,,,,1,2011/8/8
草滩 ,20,22,91,,,,,1,2011/8/7
草滩 ,18,22,67,,,,,1,2011/8/6
草滩 ,16,23,63,,,,,1,2011/8/5
草滩 ,15,24,90,,,,,1,2011/8/4
草滩 ,13,10,65,,,,,1,2011/8/3
草滩 ,13,9,61,,,,,1,2011/8/2
草滩 ,10,9,36,,,,,0,2011/8/1
草滩 ,11,19,71,,,,,1,2011/7/31
草滩 ,12,11,42,,,,,0,2011/7/30
草滩 ,13,15,60,,,,,1,2011/7/29
草滩 ,12,16,89,,,,,1,2011/7/28
草滩 ,19,14,81,,,,,1,2011/7/27
草滩 ,22,10,93,,,,,1,2011/7/26
草滩 ,10,11,57,,,,,1,2011/7/25
草滩 ,9,11,92,,,,,1,2011/7/24
草滩 ,6,17,93,,,,,1,2011/7/23
草滩 ,5,20,67,,,,,1,2011/7/22
草滩 ,28,14,87,,,,,1,2011/7/21
草滩 ,18,13,93,,,,,1,2011/7/20
草滩 ,10,7,95,,,,,1,2011/7/19
草滩 ,12,18,81,,,,,1,2011/7/18
草滩 ,11,12,88,,,,,1,2011/7/17
草滩 ,15,15,93,,,,,1,2011/7/16
草滩 ,21,22,89,,,,,1,2011/7/15
草滩 ,12,22,92,,,,,1,2011/7/14
草滩 ,10,28,97,,,,,1,2011/7/13
草滩 ,19,30,93,,,,,1,2011/7/12
草滩 ,16,32,95,,,,,1,2011/7/11
草滩 ,21,34,111,,,,,2,2011/7/10
草滩 ,13,29,78,,,,,1,2011/7/9
草滩 ,16,25,85,,,,,1,2011/7/8
草滩 ,13,22,50,,,,,0,2011/7/7
草滩 ,13,17,34,,,,,0,2011/7/6
草滩 ,4,11,73,,,,,1,2011/7/5
草滩 ,11,13,30,,,,,0,2011/7/4
草滩 ,9,17,69,,,,,1,2011/7/3
草滩 ,14,21,57,,,,,1,2011/7/2
草滩 ,17,15,75,,,,,1,2011/7/1
草滩 ,24,19,67,,,,,1,2011/6/30
草滩 ,11,15,77,,,,,1,2011/6/29
草滩 ,19,14,58,,,,,1,2011/6/28
草滩 ,10,19,63,,,,,1,2011/6/27
草滩 ,18,12,65,,,,,1,2011/6/26
草滩 ,24,22,91,,,,,1,2011/6/25
草滩 ,11,32,43,,,,,0,2011/6/24
草滩 ,14,20,45,,,,,0,2011/6/23
草滩 ,14,13,59,,,,,1,2011/6/22
草滩 ,13,7,69,,,,,1,2011/6/21
草滩 ,10,7,85,,,,,1,2011/6/20
草滩 ,15,13,77,,,,,1,2011/6/19
草滩 ,5,7,66,,,,,1,2011/6/18
草滩 ,15,7,78,,,,,1,2011/6/17
草滩 ,13,13,97,,,,,1,2011/6/16
草滩 ,12,11,91,,,,,1,2011/6/15
草滩 ,9,11,68,,,,,1,2011/6/14
草滩 ,18,15,93,,,,,1,2011/6/13
草滩 ,18,13,91,,,,,1,2011/6/12
草滩 ,12,7,60,,,,,1,2011/6/11
草滩 ,17,9,55,,,,,1,2011/6/10
草滩 ,18,13,92,,,,,1,2011/6/9
草滩 ,25,20,71,,,,,1,2011/6/8
草滩 ,22,25,80,,,,,1,2011/6/7
草滩 ,19,5,76,,,,,1,2011/6/7
草滩 ,17,18,98,,,,,1,2011/6/6
草滩 ,16,17,80,,,,,1,2011/6/5
草滩 ,10,11,79,,,,,1,2011/6/4
草滩 ,10,17,82,,,,,1,2011/6/3
草滩 ,10,5,88,,,,,1,2011/6/2
草滩 ,14,11,62,,,,,1,2011/6/1
草滩 ,9,19,67,,,,,1,2011/5/31
草滩 ,6,18,83,,,,,1,2011/5/30
草滩 ,7,11,78,,,,,1,2011/5/29
草滩 ,12,24,85,,,,,1,2011/5/28
草滩 ,12,9,77,,,,,1,2011/5/27
草滩 ,17,12,94,,,,,1,2011/5/26
草滩 ,13,12,80,,,,,1,2011/5/25
草滩 ,10,18,79,,,,,1,2011/5/24
草滩 ,10,9,61,,,,,1,2011/5/23
草滩 ,2,7,32,,,,,0,2011/5/22
草滩 ,5,8,32,,,,,0,2011/5/21
草滩 ,26,11,96,,,,,1,2011/5/20
草滩 ,32,10,121,,,,,2,2011/5/19
草滩 ,39,14,99,,,,,1,2011/5/18
草滩 ,32,13,88,,,,,1,2011/5/17
草滩 ,31,25,64,,,,,1,2011/5/16
草滩 ,17,15,71,,,,,1,2011/5/15
草滩 ,10,12,55,,,,,1,2011/5/14
草滩 ,13,13,72,,,,,1,2011/5/13
草滩 ,10,12,72,,,,,1,2011/5/12
草滩 ,7,10,62,,,,,1,2011/5/11
草滩 ,9,7,52,,,,,1,2011/5/10
草滩 ,23,10,96,,,,,1,2011/5/9
草滩 ,13,15,99,,,,,1,2011/5/8
草滩 ,21,25,95,,,,,1,2011/5/7
草滩 ,24,24,95,,,,,1,2011/5/6
草滩 ,20,19,83,,,,,1,2011/5/5
草滩 ,21,14,90,,,,,1,2011/5/4
草滩 ,13,19,75,,,,,1,2011/5/3
草滩 ,16,13,57,,,,,1,2011/5/2
草滩 ,24,22,96,,,,,1,2011/5/1
草滩 ,54,26,179,,,,,3,2011/4/30
草滩 ,40,28,116,,,,,2,2011/4/29
草滩 ,22,20,87,,,,,1,2011/4/28
草滩 ,28,11,110,,,,,2,2011/4/27
草滩 ,42,25,122,,,,,2,2011/4/26
草滩 ,54,29,128,,,,,2,2011/4/25
草滩 ,33,22,92,,,,,1,2011/4/24
草滩 ,30,24,87,,,,,1,2011/4/23
草滩 ,36,27,95,,,,,1,2011/4/22
草滩 ,18,24,96,,,,,1,2011/4/21
草滩 ,30,20,99,,,,,1,2011/4/20
草滩 ,13,19,85,,,,,1,2011/4/19
草滩 ,19,22,72,,,,,1,2011/4/18
草滩 ,21,12,97,,,,,1,2011/4/17
草滩 ,36,12,90,,,,,1,2011/4/16
草滩 ,39,19,76,,,,,1,2011/4/15
草滩 ,45,35,115,,,,,2,2011/4/14
草滩 ,30,20,133,,,,,2,2011/4/13
草滩 ,35,20,116,,,,,2,2011/4/12
草滩 ,21,21,92,,,,,1,2011/4/11
草滩 ,43,32,124,,,,,2,2011/4/10
草滩 ,52,27,100,,,,,1,2011/4/9
草滩 ,26,21,90,,,,,1,2011/4/8
草滩 ,15,20,97,,,,,1,2011/4/7
草滩 ,10,19,86,,,,,1,2011/4/6
草滩 ,19,21,90,,,,,1,2011/4/5
草滩 ,12,29,87,,,,,1,2011/4/4
草滩 ,21,20,78,,,,,1,2011/4/3
草滩 ,22,22,78,,,,,1,2011/4/2
草滩 ,72,44,98,,,,,1,2011/4/1
草滩 ,61,30,98,,,,,1,2011/3/31
草滩 ,60,34,110,,,,,2,2011/3/30
草滩 ,50,30,99,,,,,1,2011/3/29
草滩 ,51,29,99,,,,,1,2011/3/28
草滩 ,50,30,88,,,,,1,2011/3/27
草滩 ,33,26,88,,,,,1,2011/3/26
草滩 ,33,26,93,,,,,1,2011/3/25
草滩 ,21,24,97,,,,,1,2011/3/24
草滩 ,16,23,93,,,,,1,2011/3/23
草滩 ,13,17,74,,,,,1,2011/3/22
草滩 ,4,14,51,,,,,1,2011/3/21
草滩 ,9,17,89,,,,,1,2011/3/20
草滩 ,38,17,157,,,,,3,2011/3/19
草滩 ,63,34,140,,,,,2,2011/3/18
草滩 ,43,14,96,,,,,1,2011/3/17
草滩 ,28,13,96,,,,,1,2011/3/16
草滩 ,21,19,87,,,,,1,2011/3/15
草滩 ,45,24,183,,,,,3,2011/3/14
草滩 ,51,25,103,,,,,2,2011/3/13
草滩 ,42,30,96,,,,,1,2011/3/12
草滩 ,45,28,95,,,,,1,2011/3/11
草滩 ,32,27,94,,,,,1,2011/3/10
草滩 ,49,21,94,,,,,1,2011/3/9
草滩 ,55,25,98,,,,,1,2011/3/8
草滩 ,41,20,106,,,,,2,2011/3/7
草滩 ,57,26,118,,,,,2,2011/3/6
草滩 ,62,23,108,,,,,2,2011/3/5
草滩 ,35,14,62,,,,,1,2011/3/4
草滩 ,58,29,94,,,,,1,2011/3/3
草滩 ,18,12,89,,,,,1,2011/3/2
草滩 ,25,10,32,,,,,0,2011/3/1
草滩 ,31,18,69,,,,,1,2011/2/28
草滩 ,20,14,66,,,,,1,2011/2/27
草滩 ,21,14,128,,,,,2,2011/2/26
草滩 ,79,50,154,,,,,3,2011/2/25
草滩 ,70,36,185,,,,,3,2011/2/24
草滩 ,72,49,171,,,,,3,2011/2/23
草滩 ,61,29,121,,,,,2,2011/2/22
草滩 ,69,33,193,,,,,3,2011/2/21
草滩 ,56,42,186,,,,,3,2011/2/20
草滩 ,60,36,147,,,,,2,2011/2/19
草滩 ,62,26,129,,,,,2,2011/2/18
草滩 ,56,33,167,,,,,3,2011/2/17
草滩 ,46,21,88,,,,,1,2011/2/16
草滩 ,32,18,84,,,,,1,2011/2/15
草滩 ,24,14,46,,,,,0,2011/2/14
草滩 ,10,24,94,,,,,1,2011/2/13
草滩 ,41,23,74,,,,,1,2011/2/12
草滩 ,36,24,93,,,,,1,2011/2/11
草滩 ,46,20,73,,,,,1,2011/2/10
草滩 ,80,35,134,,,,,2,2011/2/9
草滩 ,56,37,95,,,,,1,2011/2/8
草滩 ,57,30,99,,,,,1,2011/2/7
草滩 ,49,31,124,,,,,2,2011/2/6
草滩 ,57,25,90,,,,,1,2011/2/5
草滩 ,61,32,173,,,,,3,2011/2/4
草滩 ,101,58,226,,,,,4,2011/2/3
草滩 ,48,34,118,,,,,2,2011/2/2
草滩 ,62,47,126,,,,,2,2011/2/1
草滩 ,26,14,68,,,,,1,2011/1/31
草滩 ,28,19,74,,,,,1,2011/1/30
草滩 ,23,17,61,,,,,1,2011/1/29
草滩 ,59,34,82,,,,,1,2011/1/28
草滩 ,76,42,142,,,,,2,2011/1/27
草滩 ,73,32,113,,,,,2,2011/1/26
草滩 ,72,44,146,,,,,2,2011/1/25
草滩 ,50,33,99,,,,,1,2011/1/24
草滩 ,39,47,105,,,,,2,2011/1/23
草滩 ,53,58,148,,,,,2,2011/1/22
草滩 ,57,49,171,,,,,3,2011/1/21
草滩 ,63,49,155,,,,,3,2011/1/20
草滩 ,65,38,116,,,,,2,2011/1/19
草滩 ,30,36,96,,,,,1,2011/1/18
草滩 ,69,30,97,,,,,1,2011/1/17
草滩 ,69,29,98,,,,,1,2011/1/16
草滩 ,79,42,115,,,,,2,2011/1/15
草滩 ,86,83,171,,,,,3,2011/1/14
草滩 ,81,50,133,,,,,2,2011/1/13
草滩 ,39,39,96,,,,,1,2011/1/12
草滩 ,39,36,97,,,,,1,2011/1/11
草滩 ,25,27,74,,,,,1,2011/1/10
草滩 ,42,32,144,,,,,2,2011/1/9
草滩 ,57,38,123,,,,,2,2011/1/8
草滩 ,44,24,122,,,,,2,2011/1/7
草滩 ,42,25,77,,,,,1,2011/1/6
草滩 ,34,32,112,,,,,2,2011/1/5
草滩 ,50,25,85,,,,,1,2011/1/4
草滩 ,30,22,66,,,,,1,2011/1/3
草滩 ,62,22,91,,,,,1,2011/1/2
草滩 ,40,19,73,,,,,1,2011/1/1
草滩 ,62,22,78,,,,,1,2010/12/31
草滩 ,14,10,59,,,,,1,2010/12/30
草滩 ,34,18,141,,,,,2,2010/12/29
草滩 ,32,19,85,,,,,1,2010/12/28
草滩 ,45,24,131,,,,,2,2010/12/27
草滩 ,28,19,88,,,,,1,2010/12/26
草滩 ,22,23,79,,,,,1,2010/12/25
草滩 ,43,27,98,,,,,1,2010/12/24
草滩 ,64,22,126,,,,,2,2010/12/23
草滩 ,53,21,119,,,,,2,2010/12/22
草滩 ,68,25,121,,,,,2,2010/12/21
草滩 ,44,19,109,,,,,2,2010/12/20
草滩 ,60,23,98,,,,,1,2010/12/19
草滩 ,66,40,132,,,,,2,2010/12/18
草滩 ,63,19,124,,,,,2,2010/12/17
草滩 ,26,4,58,,,,,1,2010/12/16
草滩 ,49,9,53,,,,,1,2010/12/15
草滩 ,46,10,99,,,,,1,2010/12/14
草滩 ,81,34,163,,,,,3,2010/12/13
草滩 ,60,15,137,,,,,2,2010/12/12
草滩 ,32,16,93,,,,,1,2010/12/11
草滩 ,65,35,126,,,,,2,2010/12/10
草滩 ,44,10,125,,,,,2,2010/12/9
草滩 ,71,9,95,,,,,1,2010/12/8
草滩 ,48,19,106,,,,,2,2010/12/7
草滩 ,45,16,122,,,,,2,2010/12/6
草滩 ,70,27,132,,,,,2,2010/12/5
草滩 ,55,25,137,,,,,2,2010/12/4
草滩 ,37,14,100,,,,,1,2010/12/3
草滩 ,31,12,95,,,,,1,2010/12/2
草滩 ,67,39,104,,,,,2,2010/12/1
草滩 ,21,10,90,,,,,1,2010/11/30
草滩 ,35,21,97,,,,,1,2010/11/29
草滩 ,57,29,95,,,,,1,2010/11/28
草滩 ,51,27,107,,,,,2,2010/11/27
草滩 ,43,22,191,,,,,3,2010/11/26
草滩 ,40,26,178,,,,,3,2010/11/25
草滩 ,56,22,164,,,,,3,2010/11/24
草滩 ,71,14,80,,,,,1,2010/11/23
草滩 ,69,24,83,,,,,1,2010/11/22
草滩 ,77,12,98,,,,,1,2010/11/21
草滩 ,62,18,117,,,,,2,2010/11/20
草滩 ,56,15,94,,,,,1,2010/11/19
草滩 ,70,44,159,,,,,3,2010/11/18
草滩 ,64,23,128,,,,,2,2010/11/17
草滩 ,45,19,121,,,,,2,2010/11/16
草滩 ,36,14,87,,,,,1,2010/11/15
草滩 ,33,19,83,,,,,1,2010/11/14
草滩 ,71,20,108,,,,,2,2010/11/13
草滩 ,52,18,123,,,,,2,2010/11/12
草滩 ,63,17,96,,,,,1,2010/11/11
草滩 ,51,22,93,,,,,1,2010/11/10
草滩 ,56,33,96,,,,,1,2010/11/9
草滩 ,50,17,96,,,,,1,2010/11/8
草滩 ,46,23,99,,,,,1,2010/11/7
草滩 ,47,32,120,,,,,2,2010/11/6
草滩 ,46,27,92,,,,,1,2010/11/5
草滩 ,46,26,92,,,,,1,2010/11/4
草滩 ,38,20,119,,,,,2,2010/11/3
草滩 ,26,21,80,,,,,1,2010/11/2
草滩 ,37,35,129,,,,,2,2010/11/1
草滩 ,39,32,144,,,,,2,2010/10/31
草滩 ,37,17,126,,,,,2,2010/10/30
草滩 ,38,25,98,,,,,1,2010/10/29
草滩 ,26,18,91,,,,,1,2010/10/28
草滩 ,21,17,85,,,,,1,2010/10/27
草滩 ,6,19,58,,,,,1,2010/10/26
草滩 ,15,15,57,,,,,1,2010/10/25
草滩 ,33,33,123,,,,,2,2010/10/24
草滩 ,32,21,115,,,,,2,2010/10/23
草滩 ,29,28,102,,,,,2,2010/10/22
草滩 ,37,22,112,,,,,2,2010/10/21
草滩 ,22,27,119,,,,,2,2010/10/20
草滩 ,31,70,159,,,,,3,2010/10/19
草滩 ,26,24,108,,,,,2,2010/10/18
草滩 ,34,39,130,,,,,2,2010/10/17
草滩 ,29,34,97,,,,,1,2010/10/16
草滩 ,24,23,67,,,,,1,2010/10/15
草滩 ,30,24,66,,,,,1,2010/10/14
草滩 ,32,17,73,,,,,1,2010/10/13
草滩 ,30,26,89,,,,,1,2010/10/12
草滩 ,23,10,62,,,,,1,2010/10/11
草滩 ,21,13,81,,,,,1,2010/10/10
草滩 ,30,30,145,,,,,2,2010/10/9
草滩 ,41,21,89,,,,,1,2010/10/8
草滩 ,32,32,77,,,,,1,2010/10/7
草滩 ,20,27,93,,,,,1,2010/10/6
草滩 ,24,24,100,,,,,1,2010/10/5
草滩 ,22,14,85,,,,,1,2010/10/4
草滩 ,19,9,90,,,,,1,2010/10/3
草滩 ,14,9,81,,,,,1,2010/10/2
草滩 ,22,14,94,,,,,1,2010/10/1
草滩 ,30,12,100,,,,,1,2010/9/30
草滩 ,17,11,80,,,,,1,2010/9/29
草滩 ,26,30,119,,,,,2,2010/9/28
草滩 ,23,9,91,,,,,1,2010/9/27
草滩 ,20,17,85,,,,,1,2010/9/26
草滩 ,15,12,52,,,,,1,2010/9/25
草滩 ,27,20,96,,,,,1,2010/9/24
草滩 ,26,12,71,,,,,1,2010/9/23
草滩 ,20,12,60,,,,,1,2010/9/22
草滩 ,25,33,97,,,,,1,2010/9/21
草滩 ,26,37,68,,,,,1,2010/9/20
草滩 ,13,22,89,,,,,1,2010/9/19
草滩 ,11,25,85,,,,,1,2010/9/18
草滩 ,11,20,93,,,,,1,2010/9/17
草滩 ,21,29,96,,,,,1,2010/9/16
草滩 ,21,24,90,,,,,1,2010/9/15
草滩 ,21,32,80,,,,,1,2010/9/14
草滩 ,15,21,93,,,,,1,2010/9/13
草滩 ,6,18,88,,,,,1,2010/9/12
草滩 ,7,19,71,,,,,1,2010/9/11
草滩 ,16,28,69,,,,,1,2010/9/10
草滩 ,6,17,74,,,,,1,2010/9/9
草滩 ,8,22,72,,,,,1,2010/9/8
草滩 ,8,19,51,,,,,1,2010/9/7
草滩 ,7,21,98,,,,,1,2010/9/6
草滩 ,16,30,89,,,,,1,2010/9/5
草滩 ,9,21,77,,,,,1,2010/9/4
草滩 ,17,30,74,,,,,1,2010/9/3
草滩 ,16,25,92,,,,,1,2010/9/2
草滩 ,15,20,97,,,,,1,2010/9/1
草滩 ,12,20,98,,,,,1,2010/8/31
草滩 ,13,27,97,,,,,1,2010/8/30
草滩 ,10,23,97,,,,,1,2010/8/29
草滩 ,10,22,95,,,,,1,2010/8/28
草滩 ,18,26,73,,,,,1,2010/8/27
草滩 ,16,25,55,,,,,1,2010/8/26
草滩 ,8,30,49,,,,,0,2010/8/25
草滩 ,5,24,37,,,,,0,2010/8/24
草滩 ,10,19,61,,,,,1,2010/8/23
草滩 ,8,20,67,,,,,1,2010/8/22
草滩 ,7,19,88,,,,,1,2010/8/21
草滩 ,5,19,64,,,,,1,2010/8/20
草滩 ,15,21,100,,,,,1,2010/8/19
草滩 ,8,26,98,,,,,1,2010/8/18
草滩 ,17,24,95,,,,,1,2010/8/17
草滩 ,8,14,90,,,,,1,2010/8/16
草滩 ,7,9,90,,,,,1,2010/8/15
草滩 ,5,9,52,,,,,1,2010/8/14
草滩 ,4,13,51,,,,,1,2010/8/13
草滩 ,6,19,94,,,,,1,2010/8/12
草滩 ,9,17,94,,,,,1,2010/8/11
草滩 ,8,10,89,,,,,1,2010/8/10
草滩 ,9,13,94,,,,,1,2010/8/9
草滩 ,7,17,89,,,,,1,2010/8/8
草滩 ,8,20,97,,,,,1,2010/8/7
草滩 ,6,37,78,,,,,1,2010/8/6
草滩 ,5,30,69,,,,,1,2010/8/5
草滩 ,10,17,83,,,,,1,2010/8/4
草滩 ,13,22,89,,,,,1,2010/8/3
草滩 ,9,24,76,,,,,1,2010/8/2
草滩 ,14,17,88,,,,,1,2010/8/1
草滩 ,9,13,91,,,,,1,2010/7/31
草滩 ,7,10,85,,,,,1,2010/7/30
草滩 ,9,18,91,,,,,1,2010/7/29
草滩 ,6,15,79,,,,,1,2010/7/28
草滩 ,8,9,79,,,,,1,2010/7/27
草滩 ,4,14,63,,,,,1,2010/7/26
草滩 ,5,9,48,,,,,0,2010/7/25
草滩 ,4,19,52,,,,,1,2010/7/24
草滩 ,15,26,95,,,,,1,2010/7/23
草滩 ,7,17,79,,,,,1,2010/7/22
草滩 ,7,22,89,,,,,1,2010/7/21
草滩 ,7,22,85,,,,,1,2010/7/20
草滩 ,8,24,80,,,,,1,2010/7/19
草滩 ,6,30,69,,,,,1,2010/7/18
草滩 ,5,26,79,,,,,1,2010/7/17
草滩 ,4,22,56,,,,,1,2010/7/16
草滩 ,4,20,72,,,,,1,2010/7/15
草滩 ,5,22,95,,,,,1,2010/7/14
草滩 ,7,24,90,,,,,1,2010/7/13
草滩 ,17,28,87,,,,,1,2010/7/12
草滩 ,10,15,70,,,,,1,2010/7/11
草滩 ,6,11,47,,,,,0,2010/7/10
草滩 ,15,19,74,,,,,1,2010/7/9
草滩 ,11,19,91,,,,,1,2010/7/8
草滩 ,24,22,91,,,,,1,2010/7/7
草滩 ,19,24,95,,,,,1,2010/7/6
草滩 ,21,24,82,,,,,1,2010/7/5
草滩 ,14,22,70,,,,,1,2010/7/4
草滩 ,7,22,63,,,,,1,2010/7/3
草滩 ,15,16,73,,,,,1,2010/7/2
草滩 ,11,9,57,,,,,1,2010/7/1
草滩 ,19,9,73,,,,,1,2010/6/30
草滩 ,12,17,96,,,,,1,2010/6/29
草滩 ,19,9,95,,,,,1,2010/6/28
草滩 ,9,8,74,,,,,1,2010/6/27
草滩 ,12,17,95,,,,,1,2010/6/26
草滩 ,14,10,90,,,,,1,2010/6/25
草滩 ,12,10,98,,,,,1,2010/6/24
草滩 ,17,15,86,,,,,1,2010/6/23
草滩 ,16,25,99,,,,,1,2010/6/22
草滩 ,26,24,95,,,,,1,2010/6/21
草滩 ,22,24,95,,,,,1,2010/6/20
草滩 ,18,25,108,,,,,2,2010/6/19
草滩 ,21,19,103,,,,,2,2010/6/18
草滩 ,21,21,97,,,,,1,2010/6/17
草滩 ,21,21,91,,,,,1,2010/6/16
草滩 ,14,20,100,,,,,1,2010/6/15
草滩 ,11,20,99,,,,,1,2010/6/14
草滩 ,14,13,97,,,,,1,2010/6/13
草滩 ,11,23,93,,,,,1,2010/6/12
草滩 ,21,20,89,,,,,1,2010/6/11
草滩 ,22,17,72,,,,,1,2010/6/10
草滩 ,12,10,57,,,,,1,2010/6/9
草滩 ,22,17,90,,,,,1,2010/6/8
草滩 ,22,17,90,,,,,1,2010/6/7
草滩 ,22,26,88,,,,,1,2010/6/6
草滩 ,22,20,78,,,,,1,2010/6/5
草滩 ,22,19,73,,,,,1,2010/6/4
草滩 ,20,27,86,,,,,1,2010/6/3
草滩 ,22,29,77,,,,,1,2010/6/2
草滩 ,22,22,70,,,,,1,2010/6/1
草滩 ,22,19,99,,,,,1,2010/5/31
草滩 ,22,25,98,,,,,1,2010/5/30
草滩 ,22,20,99,,,,,1,2010/5/29
草滩 ,22,17,57,,,,,1,2010/5/28
草滩 ,22,16,58,,,,,1,2010/5/27
草滩 ,22,19,91,,,,,1,2010/5/26
草滩 ,22,22,90,,,,,1,2010/5/25
草滩 ,22,20,96,,,,,1,2010/5/24
草滩 ,22,20,84,,,,,1,2010/5/23
草滩 ,18,22,67,,,,,1,2010/5/22
草滩 ,20,19,98,,,,,1,2010/5/21
草滩 ,20,15,100,,,,,1,2010/5/20
草滩 ,22,29,91,,,,,1,2010/5/19
草滩 ,22,24,58,,,,,1,2010/5/18
草滩 ,22,27,96,,,,,1,2010/5/17
草滩 ,22,21,92,,,,,1,2010/5/16
草滩 ,22,16,89,,,,,1,2010/5/15
草滩 ,22,17,66,,,,,1,2010/5/14
草滩 ,12,17,66,,,,,1,2010/5/13
草滩 ,12,11,92,,,,,1,2010/5/12
草滩 ,20,23,99,,,,,1,2010/5/11
草滩 ,20,19,139,,,,,2,2010/5/10
草滩 ,22,21,93,,,,,1,2010/5/9
草滩 ,22,20,87,,,,,1,2010/5/8
草滩 ,25,19,91,,,,,1,2010/5/7
草滩 ,9,12,77,,,,,1,2010/5/6
草滩 ,16,20,91,,,,,1,2010/5/5
草滩 ,10,17,89,,,,,1,2010/5/4
草滩 ,19,28,98,,,,,1,2010/5/3
草滩 ,19,14,98,,,,,1,2010/5/2
草滩 ,16,22,121,,,,,2,2010/5/1
草滩 ,16,22,174,,,,,3,2010/4/30
草滩 ,14,25,174,,,,,3,2010/4/29
草滩 ,11,22,206,,,,,4,2010/4/28
草滩 ,15,17,202,,,,,4,2010/4/27
草滩 ,17,14,500,,,,,6,2010/4/26
草滩 ,13,18,138,,,,,2,2010/4/25
草滩 ,17,25,94,,,,,1,2010/4/24
草滩 ,23,24,93,,,,,1,2010/4/23
草滩 ,17,18,56,,,,,1,2010/4/22
草滩 ,14,20,52,,,,,1,2010/4/21
草滩 ,36,40,76,,,,,1,2010/4/20
草滩 ,42,41,108,,,,,2,2010/4/19
草滩 ,27,42,87,,,,,1,2010/4/18
草滩 ,47,15,141,,,,,2,2010/4/17
草滩 ,21,19,83,,,,,1,2010/4/16
草滩 ,21,20,71,,,,,1,2010/4/15
草滩 ,10,21,53,,,,,1,2010/4/14
草滩 ,15,30,63,,,,,1,2010/4/13
草滩 ,18,20,61,,,,,1,2010/4/12
草滩 ,27,20,95,,,,,1,2010/4/11
草滩 ,31,38,89,,,,,1,2010/4/10
草滩 ,27,31,97,,,,,1,2010/4/9
草滩 ,28,20,93,,,,,1,2010/4/8
草滩 ,28,20,90,,,,,1,2010/4/7
草滩 ,20,21,95,,,,,1,2010/4/6
草滩 ,40,22,97,,,,,1,2010/4/5
草滩 ,37,19,91,,,,,1,2010/4/4
草滩 ,18,32,90,,,,,1,2010/4/3
草滩 ,22,31,94,,,,,1,2010/4/2
草滩 ,6,20,91,,,,,1,2010/4/1
草滩 ,14,34,109,,,,,2,2010/3/31
草滩 ,14,29,76,,,,,1,2010/3/30
草滩 ,37,27,97,,,,,1,2010/3/29
草滩 ,37,24,100,,,,,1,2010/3/28
草滩 ,35,27,113,,,,,2,2010/3/27
草滩 ,26,32,167,,,,,3,2010/3/26
草滩 ,16,20,115,,,,,2,2010/3/25
草滩 ,23,25,95,,,,,1,2010/3/24
草滩 ,25,27,91,,,,,1,2010/3/23
草滩 ,35,38,148,,,,,2,2010/3/22
草滩 ,22,17,123,,,,,2,2010/3/21
草滩 ,12,16,167,,,,,3,2010/3/20
草滩 ,44,29,98,,,,,1,2010/3/19
草滩 ,49,22,116,,,,,2,2010/3/18
草滩 ,40,24,103,,,,,2,2010/3/17
草滩 ,43,29,86,,,,,1,2010/3/16
草滩 ,29,25,54,,,,,1,2010/3/15
草滩 ,32,34,82,,,,,1,2010/3/14
草滩 ,39,28,87,,,,,1,2010/3/13
草滩 ,34,43,95,,,,,1,2010/3/12
草滩 ,45,33,98,,,,,1,2010/3/11
草滩 ,36,29,61,,,,,1,2010/3/10
草滩 ,22,8,37,,,,,0,2010/3/9
草滩 ,33,22,58,,,,,1,2010/3/8
草滩 ,22,20,59,,,,,1,2010/3/7
草滩 ,20,23,51,,,,,1,2010/3/6
草滩 ,42,32,61,,,,,1,2010/3/5
草滩 ,60,22,74,,,,,1,2010/3/4
草滩 ,54,26,70,,,,,1,2010/3/3
草滩 ,51,22,73,,,,,1,2010/3/2
草滩 ,36,20,97,,,,,1,2010/3/1
草滩 ,58,20,70,,,,,1,2010/2/28
草滩 ,48,31,93,,,,,1,2010/2/27
草滩 ,59,18,94,,,,,1,2010/2/26
草滩 ,57,27,56,,,,,1,2010/2/25
草滩 ,59,32,90,,,,,1,2010/2/24
草滩 ,45,35,68,,,,,1,2010/2/23
草滩 ,34,26,59,,,,,1,2010/2/22
草滩 ,46,27,60,,,,,1,2010/2/21
草滩 ,36,20,56,,,,,1,2010/2/20
草滩 ,21,9,58,,,,,1,2010/2/19
草滩 ,12,12,42,,,,,0,2010/2/18
草滩 ,16,5,45,,,,,0,2010/2/17
草滩 ,11,10,41,,,,,0,2010/2/16
草滩 ,15,15,39,,,,,0,2010/2/15
草滩 ,30,5,57,,,,,1,2010/2/14
草滩 ,56,10,56,,,,,1,2010/2/13
草滩 ,24,5,38,,,,,0,2010/2/12
草滩 ,22,5,27,,,,,0,2010/2/11
草滩 ,32,17,58,,,,,1,2010/2/10
草滩 ,62,25,121,,,,,2,2010/2/9
草滩 ,48,16,123,,,,,2,2010/2/8
草滩 ,58,24,126,,,,,2,2010/2/7
草滩 ,59,32,142,,,,,2,2010/2/6
草滩 ,58,30,130,,,,,2,2010/2/5
草滩 ,55,26,128,,,,,2,2010/2/4
草滩 ,56,26,98,,,,,1,2010/2/3
草滩 ,48,24,100,,,,,1,2010/2/2
草滩 ,35,24,91,,,,,1,2010/2/1
草滩 ,62,37,66,,,,,1,2010/1/31
草滩 ,29,22,83,,,,,1,2010/1/30
草滩 ,35,25,88,,,,,1,2010/1/29
草滩 ,51,29,87,,,,,1,2010/1/28
草滩 ,54,28,92,,,,,1,2010/1/27
草滩 ,19,17,67,,,,,1,2010/1/26
草滩 ,29,28,88,,,,,1,2010/1/25
草滩 ,21,21,104,,,,,2,2010/1/24
草滩 ,18,19,64,,,,,1,2010/1/23
草滩 ,13,14,65,,,,,1,2010/1/22
草滩 ,10,15,81,,,,,1,2010/1/21
草滩 ,61,36,129,,,,,2,2010/1/20
草滩 ,91,49,170,,,,,3,2010/1/19
草滩 ,62,50,121,,,,,2,2010/1/18
草滩 ,51,37,119,,,,,2,2010/1/17
草滩 ,40,32,93,,,,,1,2010/1/16
草滩 ,64,45,116,,,,,2,2010/1/15
草滩 ,20,17,62,,,,,1,2010/1/14
草滩 ,40,17,62,,,,,1,2010/1/13
草滩 ,32,27,77,,,,,1,2010/1/12
草滩 ,61,45,116,,,,,2,2010/1/11
草滩 ,88,21,177,,,,,3,2010/1/10
草滩 ,78,17,171,,,,,3,2010/1/9
草滩 ,103,16,123,,,,,2,2010/1/8
草滩 ,80,16,117,,,,,2,2010/1/7
草滩 ,65,14,93,,,,,1,2010/1/6
草滩 ,45,11,65,,,,,1,2010/1/5
草滩 ,61,21,70,,,,,1,2010/1/4
草滩 ,56,20,80,,,,,1,2010/1/3
草滩 ,43,16,62,,,,,1,2010/1/2
草滩 ,87,23,111,,,,,2,2010/1/1
